INSERT INTO Edificio(IdEdificio,Pais,Estado,Ciudad,Calle,Numero,CP) VALUES (1,'Mexico','CDMX','CDMX','Calle Madero',03239,31540);
INSERT INTO Edificio(IdEdificio,Pais,Estado,Ciudad,Calle,Numero,CP) VALUES (2,'Mexico','CDMX','CDMX','Paseo de la Reforma',997,40070);

INSERT INTO Piso(IdEdificio,IdPiso,Estatus) VALUES (1,1,'Disponible');
INSERT INTO Piso(IdEdificio,IdPiso,Estatus) VALUES (2,2,'Disponible');
INSERT INTO Piso(IdEdificio,IdPiso,Estatus) VALUES (1,3,'Ocupado');
INSERT INTO Piso(IdEdificio,IdPiso,Estatus) VALUES (2,4,'Ocupado');
INSERT INTO Piso(IdEdificio,IdPiso,Estatus) VALUES (1,5,'Disponible');
INSERT INTO Piso(IdEdificio,IdPiso,Estatus) VALUES (2,6,'Disponible');
INSERT INTO Piso(IdEdificio,IdPiso,Estatus) VALUES (1,7,'Ocupado');
INSERT INTO Piso(IdEdificio,IdPiso,Estatus) VALUES (2,8,'Disponible');
INSERT INTO Piso(IdEdificio,IdPiso,Estatus) VALUES (1,9,'Disponible');
INSERT INTO Piso(IdEdificio,IdPiso,Estatus) VALUES (2,10,'Ocupado');
INSERT INTO Piso(IdEdificio,IdPiso,Estatus) VALUES (1,11,'Disponible');
INSERT INTO Piso(IdEdificio,IdPiso,Estatus) VALUES (2,12,'Disponible');
INSERT INTO Piso(IdEdificio,IdPiso,Estatus) VALUES (1,13,'Ocupado');
INSERT INTO Piso(IdEdificio,IdPiso,Estatus) VALUES (2,14,'Disponible');
INSERT INTO Piso(IdEdificio,IdPiso,Estatus) VALUES (1,15,'Disponible');
INSERT INTO Piso(IdEdificio,IdPiso,Estatus) VALUES (2,16,'Disponible');
INSERT INTO Piso(IdEdificio,IdPiso,Estatus) VALUES (1,17,'Ocupado');
INSERT INTO Piso(IdEdificio,IdPiso,Estatus) VALUES (2,18,'Ocupado');

INSERT INTO Sala(IdSala,IdPiso,IdEdificio,Costo,Tipo) VALUES (1,1,1,5000,'Operaciones');
INSERT INTO Sala(IdSala,IdPiso,IdEdificio,Costo,Tipo) VALUES (2,3,1,5000,'Operaciones');
INSERT INTO Sala(IdSala,IdPiso,IdEdificio,Costo,Tipo) VALUES (3,5,1,5000,'Operaciones');
INSERT INTO Sala(IdSala,IdPiso,IdEdificio,Costo,Tipo) VALUES (4,7,1,5000,'Operaciones');
INSERT INTO Sala(IdSala,IdPiso,IdEdificio,Costo,Tipo) VALUES (5,9,1,5000,'Entrenamiento');
INSERT INTO Sala(IdSala,IdPiso,IdEdificio,Costo,Tipo) VALUES (6,11,1,5000,'Entrenamiento');
INSERT INTO Sala(IdSala,IdPiso,IdEdificio,Costo,Tipo) VALUES (7,13,1,5000,'Entrenamiento');
INSERT INTO Sala(IdSala,IdPiso,IdEdificio,Costo,Tipo) VALUES (8,15,1,5000,'Entrenamiento');
INSERT INTO Sala(IdSala,IdPiso,IdEdificio,Costo,Tipo) VALUES (9,17,1,5000,'Entrenamiento');
INSERT INTO Sala(IdSala,IdPiso,IdEdificio,Costo,Tipo) VALUES (10,2,2,5000,'Operaciones');
INSERT INTO Sala(IdSala,IdPiso,IdEdificio,Costo,Tipo) VALUES (11,4,2,5000,'Operaciones');
INSERT INTO Sala(IdSala,IdPiso,IdEdificio,Costo,Tipo) VALUES (12,6,2,5000,'Operaciones');
INSERT INTO Sala(IdSala,IdPiso,IdEdificio,Costo,Tipo) VALUES (13,8,2,5000,'Operaciones');
INSERT INTO Sala(IdSala,IdPiso,IdEdificio,Costo,Tipo) VALUES (14,10,2,5000,'Entrenamiento');
INSERT INTO Sala(IdSala,IdPiso,IdEdificio,Costo,Tipo) VALUES (15,12,2,5000,'Entrenamiento');
INSERT INTO Sala(IdSala,IdPiso,IdEdificio,Costo,Tipo) VALUES (16,14,2,5000,'Entrenamiento');
INSERT INTO Sala(IdSala,IdPiso,IdEdificio,Costo,Tipo) VALUES (17,16,2,5000,'Entrenamiento');
INSERT INTO Sala(IdSala,IdPiso,IdEdificio,Costo,Tipo) VALUES (18,18,2,5000,'Entrenamiento');
INSERT INTO Sala(IdSala,IdPiso,IdEdificio,Costo,Tipo) VALUES (19,1,1,5000,'Operaciones');
INSERT INTO Sala(IdSala,IdPiso,IdEdificio,Costo,Tipo) VALUES (20,3,1,5000,'Operaciones');
INSERT INTO Sala(IdSala,IdPiso,IdEdificio,Costo,Tipo) VALUES (21,5,1,5000,'Operaciones');
INSERT INTO Sala(IdSala,IdPiso,IdEdificio,Costo,Tipo) VALUES (22,7,1,5000,'Operaciones');
INSERT INTO Sala(IdSala,IdPiso,IdEdificio,Costo,Tipo) VALUES (23,9,1,5000,'Entrenamiento');
INSERT INTO Sala(IdSala,IdPiso,IdEdificio,Costo,Tipo) VALUES (24,11,1,5000,'Entrenamiento');
INSERT INTO Sala(IdSala,IdPiso,IdEdificio,Costo,Tipo) VALUES (25,13,1,5000,'Entrenamiento');
INSERT INTO Sala(IdSala,IdPiso,IdEdificio,Costo,Tipo) VALUES (26,15,1,5000,'Entrenamiento');
INSERT INTO Sala(IdSala,IdPiso,IdEdificio,Costo,Tipo) VALUES (27,17,1,5000,'Entrenamiento');
INSERT INTO Sala(IdSala,IdPiso,IdEdificio,Costo,Tipo) VALUES (28,2,2,5000,'Operaciones');
INSERT INTO Sala(IdSala,IdPiso,IdEdificio,Costo,Tipo) VALUES (29,4,2,5000,'Operaciones');
INSERT INTO Sala(IdSala,IdPiso,IdEdificio,Costo,Tipo) VALUES (30,6,2,5000,'Operaciones');
INSERT INTO Sala(IdSala,IdPiso,IdEdificio,Costo,Tipo) VALUES (31,8,2,5000,'Operaciones');
INSERT INTO Sala(IdSala,IdPiso,IdEdificio,Costo,Tipo) VALUES (32,10,2,5000,'Entrenamiento');
INSERT INTO Sala(IdSala,IdPiso,IdEdificio,Costo,Tipo) VALUES (33,12,2,5000,'Entrenamiento');
INSERT INTO Sala(IdSala,IdPiso,IdEdificio,Costo,Tipo) VALUES (34,14,2,5000,'Entrenamiento');
INSERT INTO Sala(IdSala,IdPiso,IdEdificio,Costo,Tipo) VALUES (35,16,2,5000,'Entrenamiento');
INSERT INTO Sala(IdSala,IdPiso,IdEdificio,Costo,Tipo) VALUES (36,18,2,5000,'Entrenamiento');
INSERT INTO Sala(IdSala,IdPiso,IdEdificio,Costo,Tipo) VALUES (37,1,1,5000,'Operaciones');
INSERT INTO Sala(IdSala,IdPiso,IdEdificio,Costo,Tipo) VALUES (38,3,1,5000,'Operaciones');
INSERT INTO Sala(IdSala,IdPiso,IdEdificio,Costo,Tipo) VALUES (39,5,1,5000,'Operaciones');
INSERT INTO Sala(IdSala,IdPiso,IdEdificio,Costo,Tipo) VALUES (40,7,1,5000,'Operaciones');
INSERT INTO Sala(IdSala,IdPiso,IdEdificio,Costo,Tipo) VALUES (41,9,1,5000,'Entrenamiento');
INSERT INTO Sala(IdSala,IdPiso,IdEdificio,Costo,Tipo) VALUES (42,11,1,5000,'Entrenamiento');
INSERT INTO Sala(IdSala,IdPiso,IdEdificio,Costo,Tipo) VALUES (43,13,1,5000,'Entrenamiento');
INSERT INTO Sala(IdSala,IdPiso,IdEdificio,Costo,Tipo) VALUES (44,15,1,5000,'Entrenamiento');
INSERT INTO Sala(IdSala,IdPiso,IdEdificio,Costo,Tipo) VALUES (45,17,1,5000,'Entrenamiento');
INSERT INTO Sala(IdSala,IdPiso,IdEdificio,Costo,Tipo) VALUES (46,2,2,5000,'Operaciones');
INSERT INTO Sala(IdSala,IdPiso,IdEdificio,Costo,Tipo) VALUES (47,4,2,5000,'Operaciones');
INSERT INTO Sala(IdSala,IdPiso,IdEdificio,Costo,Tipo) VALUES (48,6,2,5000,'Operaciones');
INSERT INTO Sala(IdSala,IdPiso,IdEdificio,Costo,Tipo) VALUES (49,8,2,5000,'Operaciones');
INSERT INTO Sala(IdSala,IdPiso,IdEdificio,Costo,Tipo) VALUES (50,10,2,5000,'Entrenamiento');
INSERT INTO Sala(IdSala,IdPiso,IdEdificio,Costo,Tipo) VALUES (51,12,2,5000,'Entrenamiento');
INSERT INTO Sala(IdSala,IdPiso,IdEdificio,Costo,Tipo) VALUES (52,14,2,5000,'Entrenamiento');
INSERT INTO Sala(IdSala,IdPiso,IdEdificio,Costo,Tipo) VALUES (53,16,2,5000,'Entrenamiento');
INSERT INTO Sala(IdSala,IdPiso,IdEdificio,Costo,Tipo) VALUES (54,18,2,5000,'Entrenamiento');
INSERT INTO Sala(IdSala,IdPiso,IdEdificio,Costo,Tipo) VALUES (55,1,1,5000,'Operaciones');
INSERT INTO Sala(IdSala,IdPiso,IdEdificio,Costo,Tipo) VALUES (56,3,1,5000,'Operaciones');
INSERT INTO Sala(IdSala,IdPiso,IdEdificio,Costo,Tipo) VALUES (57,5,1,5000,'Operaciones');
INSERT INTO Sala(IdSala,IdPiso,IdEdificio,Costo,Tipo) VALUES (58,7,1,5000,'Operaciones');
INSERT INTO Sala(IdSala,IdPiso,IdEdificio,Costo,Tipo) VALUES (59,9,1,5000,'Entrenamiento');
INSERT INTO Sala(IdSala,IdPiso,IdEdificio,Costo,Tipo) VALUES (60,11,1,5000,'Entrenamiento');
INSERT INTO Sala(IdSala,IdPiso,IdEdificio,Costo,Tipo) VALUES (61,13,1,5000,'Entrenamiento');
INSERT INTO Sala(IdSala,IdPiso,IdEdificio,Costo,Tipo) VALUES (62,15,1,5000,'Entrenamiento');
INSERT INTO Sala(IdSala,IdPiso,IdEdificio,Costo,Tipo) VALUES (63,17,1,5000,'Entrenamiento');
INSERT INTO Sala(IdSala,IdPiso,IdEdificio,Costo,Tipo) VALUES (64,2,2,5000,'Operaciones');
INSERT INTO Sala(IdSala,IdPiso,IdEdificio,Costo,Tipo) VALUES (65,4,2,5000,'Operaciones');
INSERT INTO Sala(IdSala,IdPiso,IdEdificio,Costo,Tipo) VALUES (66,6,2,5000,'Operaciones');
INSERT INTO Sala(IdSala,IdPiso,IdEdificio,Costo,Tipo) VALUES (67,8,2,5000,'Operaciones');
INSERT INTO Sala(IdSala,IdPiso,IdEdificio,Costo,Tipo) VALUES (68,10,2,5000,'Entrenamiento');
INSERT INTO Sala(IdSala,IdPiso,IdEdificio,Costo,Tipo) VALUES (69,12,2,5000,'Entrenamiento');
INSERT INTO Sala(IdSala,IdPiso,IdEdificio,Costo,Tipo) VALUES (70,14,2,5000,'Entrenamiento');
INSERT INTO Sala(IdSala,IdPiso,IdEdificio,Costo,Tipo) VALUES (71,16,2,5000,'Entrenamiento');
INSERT INTO Sala(IdSala,IdPiso,IdEdificio,Costo,Tipo) VALUES (72,18,2,5000,'Entrenamiento');
INSERT INTO Sala(IdSala,IdPiso,IdEdificio,Costo,Tipo) VALUES (73,1,1,5000,'Entrenamiento');
INSERT INTO Sala(IdSala,IdPiso,IdEdificio,Costo,Tipo) VALUES (74,3,1,5000,'Entrenamiento');
INSERT INTO Sala(IdSala,IdPiso,IdEdificio,Costo,Tipo) VALUES (75,5,1,5000,'Entrenamiento');
INSERT INTO Sala(IdSala,IdPiso,IdEdificio,Costo,Tipo) VALUES (76,7,1,5000,'Entrenamiento');
INSERT INTO Sala(IdSala,IdPiso,IdEdificio,Costo,Tipo) VALUES (77,9,1,5000,'Entrenamiento');
INSERT INTO Sala(IdSala,IdPiso,IdEdificio,Costo,Tipo) VALUES (78,11,1,5000,'Entrenamiento');
INSERT INTO Sala(IdSala,IdPiso,IdEdificio,Costo,Tipo) VALUES (79,13,1,5000,'Entrenamiento');
INSERT INTO Sala(IdSala,IdPiso,IdEdificio,Costo,Tipo) VALUES (80,15,1,5000,'Entrenamiento');
INSERT INTO Sala(IdSala,IdPiso,IdEdificio,Costo,Tipo) VALUES (81,17,1,5000,'Entrenamiento');
INSERT INTO Sala(IdSala,IdPiso,IdEdificio,Costo,Tipo) VALUES (82,2,2,5000,'Entrenamiento');
INSERT INTO Sala(IdSala,IdPiso,IdEdificio,Costo,Tipo) VALUES (83,4,2,5000,'Entrenamiento');
INSERT INTO Sala(IdSala,IdPiso,IdEdificio,Costo,Tipo) VALUES (84,6,2,5000,'Entrenamiento');
INSERT INTO Sala(IdSala,IdPiso,IdEdificio,Costo,Tipo) VALUES (85,8,2,5000,'Entrenamiento');
INSERT INTO Sala(IdSala,IdPiso,IdEdificio,Costo,Tipo) VALUES (86,10,2,5000,'Entrenamiento');
INSERT INTO Sala(IdSala,IdPiso,IdEdificio,Costo,Tipo) VALUES (87,12,2,5000,'Entrenamiento');
INSERT INTO Sala(IdSala,IdPiso,IdEdificio,Costo,Tipo) VALUES (88,14,2,5000,'Entrenamiento');
INSERT INTO Sala(IdSala,IdPiso,IdEdificio,Costo,Tipo) VALUES (89,16,2,5000,'Entrenamiento');
INSERT INTO Sala(IdSala,IdPiso,IdEdificio,Costo,Tipo) VALUES (90,18,2,5000,'Entrenamiento');
INSERT INTO Sala(IdSala,IdPiso,IdEdificio,Costo,Tipo) VALUES (91,1,1,5000,'Entrenamiento');
INSERT INTO Sala(IdSala,IdPiso,IdEdificio,Costo,Tipo) VALUES (92,3,1,5000,'Entrenamiento');
INSERT INTO Sala(IdSala,IdPiso,IdEdificio,Costo,Tipo) VALUES (93,5,1,5000,'Entrenamiento');
INSERT INTO Sala(IdSala,IdPiso,IdEdificio,Costo,Tipo) VALUES (94,7,1,5000,'Entrenamiento');
INSERT INTO Sala(IdSala,IdPiso,IdEdificio,Costo,Tipo) VALUES (95,9,1,5000,'Entrenamiento');
INSERT INTO Sala(IdSala,IdPiso,IdEdificio,Costo,Tipo) VALUES (96,11,1,5000,'Entrenamiento');
INSERT INTO Sala(IdSala,IdPiso,IdEdificio,Costo,Tipo) VALUES (97,13,1,5000,'Entrenamiento');
INSERT INTO Sala(IdSala,IdPiso,IdEdificio,Costo,Tipo) VALUES (98,15,1,5000,'Entrenamiento');
INSERT INTO Sala(IdSala,IdPiso,IdEdificio,Costo,Tipo) VALUES (99,17,1,5000,'Entrenamiento');
INSERT INTO Sala(IdSala,IdPiso,IdEdificio,Costo,Tipo) VALUES (100,2,2,5000,'Entrenamiento');
INSERT INTO Sala(IdSala,IdPiso,IdEdificio,Costo,Tipo) VALUES (101,4,2,5000,'Entrenamiento');
INSERT INTO Sala(IdSala,IdPiso,IdEdificio,Costo,Tipo) VALUES (102,6,2,5000,'Entrenamiento');
INSERT INTO Sala(IdSala,IdPiso,IdEdificio,Costo,Tipo) VALUES (103,8,2,5000,'Entrenamiento');
INSERT INTO Sala(IdSala,IdPiso,IdEdificio,Costo,Tipo) VALUES (104,10,2,5000,'Entrenamiento');
INSERT INTO Sala(IdSala,IdPiso,IdEdificio,Costo,Tipo) VALUES (105,12,2,5000,'Entrenamiento');
INSERT INTO Sala(IdSala,IdPiso,IdEdificio,Costo,Tipo) VALUES (106,14,2,5000,'Entrenamiento');
INSERT INTO Sala(IdSala,IdPiso,IdEdificio,Costo,Tipo) VALUES (107,16,2,5000,'Entrenamiento');
INSERT INTO Sala(IdSala,IdPiso,IdEdificio,Costo,Tipo) VALUES (108,18,2,5000,'Entrenamiento');
INSERT INTO Sala(IdSala,IdPiso,IdEdificio,Costo,Tipo) VALUES (109,1,1,5000,'Entrenamiento');
INSERT INTO Sala(IdSala,IdPiso,IdEdificio,Costo,Tipo) VALUES (110,3,1,5000,'Entrenamiento');
INSERT INTO Sala(IdSala,IdPiso,IdEdificio,Costo,Tipo) VALUES (111,5,1,5000,'Entrenamiento');
INSERT INTO Sala(IdSala,IdPiso,IdEdificio,Costo,Tipo) VALUES (112,7,1,5000,'Entrenamiento');
INSERT INTO Sala(IdSala,IdPiso,IdEdificio,Costo,Tipo) VALUES (113,9,1,5000,'Entrenamiento');
INSERT INTO Sala(IdSala,IdPiso,IdEdificio,Costo,Tipo) VALUES (114,11,1,5000,'Entrenamiento');
INSERT INTO Sala(IdSala,IdPiso,IdEdificio,Costo,Tipo) VALUES (115,13,1,5000,'Entrenamiento');
INSERT INTO Sala(IdSala,IdPiso,IdEdificio,Costo,Tipo) VALUES (116,15,1,5000,'Entrenamiento');
INSERT INTO Sala(IdSala,IdPiso,IdEdificio,Costo,Tipo) VALUES (117,17,1,5000,'Entrenamiento');
INSERT INTO Sala(IdSala,IdPiso,IdEdificio,Costo,Tipo) VALUES (118,2,2,5000,'Entrenamiento');
INSERT INTO Sala(IdSala,IdPiso,IdEdificio,Costo,Tipo) VALUES (119,4,2,5000,'Entrenamiento');
INSERT INTO Sala(IdSala,IdPiso,IdEdificio,Costo,Tipo) VALUES (120,6,2,5000,'Entrenamiento');
INSERT INTO Sala(IdSala,IdPiso,IdEdificio,Costo,Tipo) VALUES (121,8,2,5000,'Entrenamiento');
INSERT INTO Sala(IdSala,IdPiso,IdEdificio,Costo,Tipo) VALUES (122,10,2,5000,'Entrenamiento');
INSERT INTO Sala(IdSala,IdPiso,IdEdificio,Costo,Tipo) VALUES (123,12,2,5000,'Entrenamiento');
INSERT INTO Sala(IdSala,IdPiso,IdEdificio,Costo,Tipo) VALUES (124,14,2,5000,'Entrenamiento');
INSERT INTO Sala(IdSala,IdPiso,IdEdificio,Costo,Tipo) VALUES (125,16,2,5000,'Entrenamiento');
INSERT INTO Sala(IdSala,IdPiso,IdEdificio,Costo,Tipo) VALUES (126,18,2,5000,'Entrenamiento');
INSERT INTO Sala(IdSala,IdPiso,IdEdificio,Costo,Tipo) VALUES (127,1,1,5000,'Entrenamiento');
INSERT INTO Sala(IdSala,IdPiso,IdEdificio,Costo,Tipo) VALUES (128,3,1,5000,'Entrenamiento');
INSERT INTO Sala(IdSala,IdPiso,IdEdificio,Costo,Tipo) VALUES (129,5,1,5000,'Entrenamiento');
INSERT INTO Sala(IdSala,IdPiso,IdEdificio,Costo,Tipo) VALUES (130,7,1,5000,'Entrenamiento');
INSERT INTO Sala(IdSala,IdPiso,IdEdificio,Costo,Tipo) VALUES (131,9,1,5000,'Entrenamiento');
INSERT INTO Sala(IdSala,IdPiso,IdEdificio,Costo,Tipo) VALUES (132,11,1,5000,'Entrenamiento');
INSERT INTO Sala(IdSala,IdPiso,IdEdificio,Costo,Tipo) VALUES (133,13,1,5000,'Entrenamiento');
INSERT INTO Sala(IdSala,IdPiso,IdEdificio,Costo,Tipo) VALUES (134,15,1,5000,'Entrenamiento');
INSERT INTO Sala(IdSala,IdPiso,IdEdificio,Costo,Tipo) VALUES (135,17,1,5000,'Entrenamiento');
INSERT INTO Sala(IdSala,IdPiso,IdEdificio,Costo,Tipo) VALUES (136,2,2,5000,'Entrenamiento');
INSERT INTO Sala(IdSala,IdPiso,IdEdificio,Costo,Tipo) VALUES (137,4,2,5000,'Entrenamiento');
INSERT INTO Sala(IdSala,IdPiso,IdEdificio,Costo,Tipo) VALUES (138,6,2,5000,'Entrenamiento');
INSERT INTO Sala(IdSala,IdPiso,IdEdificio,Costo,Tipo) VALUES (139,8,2,5000,'Entrenamiento');
INSERT INTO Sala(IdSala,IdPiso,IdEdificio,Costo,Tipo) VALUES (140,10,2,5000,'Entrenamiento');
INSERT INTO Sala(IdSala,IdPiso,IdEdificio,Costo,Tipo) VALUES (141,12,2,5000,'Entrenamiento');
INSERT INTO Sala(IdSala,IdPiso,IdEdificio,Costo,Tipo) VALUES (142,14,2,5000,'Entrenamiento');
INSERT INTO Sala(IdSala,IdPiso,IdEdificio,Costo,Tipo) VALUES (143,16,2,5000,'Entrenamiento');
INSERT INTO Sala(IdSala,IdPiso,IdEdificio,Costo,Tipo) VALUES (144,18,2,5000,'Entrenamiento');


INSERT INTO Cliente(RFC,AliasCliente,RazonSocial) VALUES ('AVH966179VU3','Rodriguez Inc','Moral');
INSERT INTO Cliente(RFC,AliasCliente,RazonSocial) VALUES ('NQX396228SR8','Beatty and Sons','Moral');
INSERT INTO Cliente(RFC,AliasCliente,RazonSocial) VALUES ('SQQ248665GM8','Muller Inc','Moral');
INSERT INTO Cliente(RFC,AliasCliente,RazonSocial) VALUES ('AOW198194KU1','Feil-Wisoky','Moral');
INSERT INTO Cliente(RFC,AliasCliente,RazonSocial) VALUES ('HCE678692PS6','Hamill-Yost','Moral');
INSERT INTO Cliente(RFC,AliasCliente,RazonSocial) VALUES ('WWN937733OA5','Konopelski Group','Moral');
INSERT INTO Cliente(RFC,AliasCliente,RazonSocial) VALUES ('HXJ526211YH1','Toy LLC','Moral');
INSERT INTO Cliente(RFC,AliasCliente,RazonSocial) VALUES ('MIO164172DV0','Cormier-Huel','Moral');
INSERT INTO Cliente(RFC,AliasCliente,RazonSocial) VALUES ('CTC550898QF6','Klein-Satterfield','Moral');
INSERT INTO Cliente(RFC,AliasCliente,RazonSocial) VALUES ('FZG219355AR0','Daniel, Heathcote and McLaughlin','Moral');
INSERT INTO Cliente(RFC,AliasCliente,RazonSocial) VALUES ('JDQ968514YW6','Walsh and Sons','Moral');
INSERT INTO Cliente(RFC,AliasCliente,RazonSocial) VALUES ('AAD282786GE0','Herman-Schuppe','Moral');
INSERT INTO Cliente(RFC,AliasCliente,RazonSocial) VALUES ('OXK139385WS8','Luettgen Inc','Moral');
INSERT INTO Cliente(RFC,AliasCliente,RazonSocial) VALUES ('MIO403599ZD1','Stark, Gislason and Schmitt','Moral');
INSERT INTO Cliente(RFC,AliasCliente,RazonSocial) VALUES ('VEU123014UC8','Yundt LLC','Moral');
INSERT INTO Cliente(RFC,AliasCliente,RazonSocial) VALUES ('WLL744199TL7','Wintheiser Group','Moral');
INSERT INTO Cliente(RFC,AliasCliente,RazonSocial) VALUES ('SMG420620IM0','Rowe-Stamm','Moral');
INSERT INTO Cliente(RFC,AliasCliente,RazonSocial) VALUES ('SVP239927CS3','Green, Reynolds and Parisian','Moral');
INSERT INTO Cliente(RFC,AliasCliente,RazonSocial) VALUES ('YEI079256PP6','Howell Group','Moral');
INSERT INTO Cliente(RFC,AliasCliente,RazonSocial) VALUES ('LHN030582QC7','Ondricka-Hodkiewicz','Moral');
INSERT INTO Cliente(RFC,AliasCliente,RazonSocial) VALUES ('IXC842486NW0','Nolan-Beer','Moral');
INSERT INTO Cliente(RFC,AliasCliente,RazonSocial) VALUES ('WRE571305RL8','Bahringer-Jast','Moral');
INSERT INTO Cliente(RFC,AliasCliente,RazonSocial) VALUES ('PCZ980857RT4','Quitzon, Murray and Goldner','Moral');
INSERT INTO Cliente(RFC,AliasCliente,RazonSocial) VALUES ('ZNC957506UX5','Lemke-Watsica','Moral');
INSERT INTO Cliente(RFC,AliasCliente,RazonSocial) VALUES ('QMX123970GV4','Schamberger Group','Moral');
INSERT INTO Cliente(RFC,AliasCliente,RazonSocial) VALUES ('AYV586349VT4','Mann-Bruen','Moral');
INSERT INTO Cliente(RFC,AliasCliente,RazonSocial) VALUES ('EPE900470OW0','Dicki Group','Moral');
INSERT INTO Cliente(RFC,AliasCliente,RazonSocial) VALUES ('HWJ748136QR1','Bernhard LLC','Moral');
INSERT INTO Cliente(RFC,AliasCliente,RazonSocial) VALUES ('DCG003607TG4','Hyatt-Connelly','Moral');
INSERT INTO Cliente(RFC,AliasCliente,RazonSocial) VALUES ('LWZ806839RO9','Dach Inc','Moral');
INSERT INTO Cliente(RFC,AliasCliente,RazonSocial) VALUES ('APW322997ZP5','Zulauf, McClure and Howe','Moral');
INSERT INTO Cliente(RFC,AliasCliente,RazonSocial) VALUES ('EIO210693FV2','Streich, Mann and Kilback','Moral');
INSERT INTO Cliente(RFC,AliasCliente,RazonSocial) VALUES ('JCA866433UU6','Kris LLC','Moral');
INSERT INTO Cliente(RFC,AliasCliente,RazonSocial) VALUES ('FLJ697396FL4','Greenholt, Labadie and Satterfield','Moral');
INSERT INTO Cliente(RFC,AliasCliente,RazonSocial) VALUES ('MVW329070HA8','Wilderman, Koepp and Buckridge','Moral');
INSERT INTO Cliente(RFC,AliasCliente,RazonSocial) VALUES ('ZMJ244195NN2','Schaden Group','Moral');
INSERT INTO Cliente(RFC,AliasCliente,RazonSocial) VALUES ('NBT933444FV3','Streich, Sawayn and Shields','Moral');
INSERT INTO Cliente(RFC,AliasCliente,RazonSocial) VALUES ('FNI560713UZ9','O''Hara and Sons','Moral');
INSERT INTO Cliente(RFC,AliasCliente,RazonSocial) VALUES ('JKP394099AG3','Schulist, Gutmann and Beer','Moral');
INSERT INTO Cliente(RFC,AliasCliente,RazonSocial) VALUES ('WHE037717RU4','Wisozk LLC','Moral');
INSERT INTO Cliente(RFC,AliasCliente,RazonSocial) VALUES ('BAP039629UR8','Wilderman, Crona and Yost','Moral');
INSERT INTO Cliente(RFC,AliasCliente,RazonSocial) VALUES ('RZEF895741EH9','Maxine Jacquemy','Fisica');
INSERT INTO Cliente(RFC,AliasCliente,RazonSocial) VALUES ('GKTC275685XG9','Nichol Delacour','Fisica');
INSERT INTO Cliente(RFC,AliasCliente,RazonSocial) VALUES ('YYIV886222CI7','Yvor Dewfall','Fisica');
INSERT INTO Cliente(RFC,AliasCliente,RazonSocial) VALUES ('MJAI693914ZP0','Enrichetta Vasiltsov','Fisica');
INSERT INTO Cliente(RFC,AliasCliente,RazonSocial) VALUES ('JUMW741966IA2','Anabelle McIan','Fisica');
INSERT INTO Cliente(RFC,AliasCliente,RazonSocial) VALUES ('BQNV154049LX8','Muhammad Lewisham','Fisica');
INSERT INTO Cliente(RFC,AliasCliente,RazonSocial) VALUES ('ZVEQ607855WO6','Victoria Shorbrook','Fisica');
INSERT INTO Cliente(RFC,AliasCliente,RazonSocial) VALUES ('GSMK107276KA6','Arron Campbell-Dunlop','Fisica');
INSERT INTO Cliente(RFC,AliasCliente,RazonSocial) VALUES ('NITJ102243RJ0','Florencia Bourgaize','Fisica');
INSERT INTO Cliente(RFC,AliasCliente,RazonSocial) VALUES ('NNMA569580AB2','Foster Espadate','Fisica');



INSERT INTO Entrenador(CURPEntrenador,IdPiso,IdEdificio,NombreC,FechaNac,FechaIngreso,NumeroSeguroSoc,Fotografia,CP,Ciudad,Estado,Numero,Calle,Pais) VALUES ('VJQ037276TPCXX98',13,1,'Brigham Mingame','1994-01-24','2021-11-29','LYHTSVIG','http://dummyimage.com/227x100.png/dddddd/000000','88930','Mexico','CDMX','CDMX','Avenida Álvaro Obregón','Mexico');
INSERT INTO Entrenador(CURPEntrenador,IdPiso,IdEdificio,NombreC,FechaNac,FechaIngreso,NumeroSeguroSoc,Fotografia,CP,Ciudad,Estado,Numero,Calle,Pais) VALUES ('ZQT637913WDFHB36',8,2,'Erick Ivushkin','1985-03-28','2022-01-03','EMLJTJBL','http://dummyimage.com/107x100.png/cc0000/ffffff','62576','Mexico','CDMX','CDMX','Calle Génova','Mexico');
INSERT INTO Entrenador(CURPEntrenador,IdPiso,IdEdificio,NombreC,FechaNac,FechaIngreso,NumeroSeguroSoc,Fotografia,CP,Ciudad,Estado,Numero,Calle,Pais) VALUES ('KQJ109191WTWRZ35',10,2,'Ronda Enders','1986-03-20','2021-07-16','ZMVHVRHR','http://dummyimage.com/148x100.png/cc0000/ffffff','79783','Mexico','CDMX','CDMX','Avenida Presidente Masaryk','Mexico');
INSERT INTO Entrenador(CURPEntrenador,IdPiso,IdEdificio,NombreC,FechaNac,FechaIngreso,NumeroSeguroSoc,Fotografia,CP,Ciudad,Estado,Numero,Calle,Pais) VALUES ('CPI302573GVVDN91',6,2,'Margo Spraggs','2002-09-02','2021-08-16','PPCKCFQS','http://dummyimage.com/210x100.png/5fa2dd/ffffff','48966','Mexico','CDMX','CDMX','Calle Madero','Mexico');
INSERT INTO Entrenador(CURPEntrenador,IdPiso,IdEdificio,NombreC,FechaNac,FechaIngreso,NumeroSeguroSoc,Fotografia,CP,Ciudad,Estado,Numero,Calle,Pais) VALUES ('EJW320090LUIRX20',15,1,'Leroi Massot','1993-12-16','2020-09-21','ZQPHQPOQ','http://dummyimage.com/155x100.png/cc0000/ffffff','41821','Mexico','CDMX','CDMX','Avenida Juárez','Mexico');
INSERT INTO Entrenador(CURPEntrenador,IdPiso,IdEdificio,NombreC,FechaNac,FechaIngreso,NumeroSeguroSoc,Fotografia,CP,Ciudad,Estado,Numero,Calle,Pais) VALUES ('XWW423231UQVSD52',14,2,'Hogan Carnow','1994-12-13','2022-01-31','WERZYHTM','http://dummyimage.com/183x100.png/ff4444/ffffff','64103','Mexico','CDMX','CDMX','Calle Regina','Mexico');
INSERT INTO Entrenador(CURPEntrenador,IdPiso,IdEdificio,NombreC,FechaNac,FechaIngreso,NumeroSeguroSoc,Fotografia,CP,Ciudad,Estado,Numero,Calle,Pais) VALUES ('WSS911198MSYKR95',1,1,'Ivy Teffrey','1982-11-05','2021-03-03','SBFLNNNI','http://dummyimage.com/208x100.png/ff4444/ffffff','83450','Mexico','CDMX','CDMX','Calle Génova','Mexico');
INSERT INTO Entrenador(CURPEntrenador,IdPiso,IdEdificio,NombreC,FechaNac,FechaIngreso,NumeroSeguroSoc,Fotografia,CP,Ciudad,Estado,Numero,Calle,Pais) VALUES ('FIR195136JFNOM04',6,2,'Cal Garlee','1984-02-29','2020-05-26','CJSEGDBM','http://dummyimage.com/172x100.png/5fa2dd/ffffff','39030','Mexico','CDMX','CDMX','Avenida Álvaro Obregón','Mexico');
INSERT INTO Entrenador(CURPEntrenador,IdPiso,IdEdificio,NombreC,FechaNac,FechaIngreso,NumeroSeguroSoc,Fotografia,CP,Ciudad,Estado,Numero,Calle,Pais) VALUES ('AGF262218JSYAS52',16,2,'Doyle Bleackley','1987-07-03','2021-04-16','FZKERRLQ','http://dummyimage.com/140x100.png/cc0000/ffffff','32883','Mexico','CDMX','CDMX','Avenida Juárez','Mexico');
INSERT INTO Entrenador(CURPEntrenador,IdPiso,IdEdificio,NombreC,FechaNac,FechaIngreso,NumeroSeguroSoc,Fotografia,CP,Ciudad,Estado,Numero,Calle,Pais) VALUES ('VKC396851PZUSS78',8,2,'Grace Pennaman','1993-02-04','2021-12-13','BQYYKYKS','http://dummyimage.com/192x100.png/cc0000/ffffff','52107','Mexico','CDMX','CDMX','Avenida Juárez','Mexico');
INSERT INTO Entrenador(CURPEntrenador,IdPiso,IdEdificio,NombreC,FechaNac,FechaIngreso,NumeroSeguroSoc,Fotografia,CP,Ciudad,Estado,Numero,Calle,Pais) VALUES ('GWV175274ENWLD85',17,1,'Jania Gooding','1987-04-22','2022-08-15','EGGJSFIC','http://dummyimage.com/156x100.png/5fa2dd/ffffff','93429','Mexico','CDMX','CDMX','Avenida Álvaro Obregón','Mexico');
INSERT INTO Entrenador(CURPEntrenador,IdPiso,IdEdificio,NombreC,FechaNac,FechaIngreso,NumeroSeguroSoc,Fotografia,CP,Ciudad,Estado,Numero,Calle,Pais) VALUES ('TCH244832HAXDF25',16,2,'Elna Grenville','2000-01-09','2020-12-01','CFPZXUHO','http://dummyimage.com/133x100.png/cc0000/ffffff','36350','Mexico','CDMX','CDMX','Paseo de la Reforma','Mexico');
INSERT INTO Entrenador(CURPEntrenador,IdPiso,IdEdificio,NombreC,FechaNac,FechaIngreso,NumeroSeguroSoc,Fotografia,CP,Ciudad,Estado,Numero,Calle,Pais) VALUES ('QEN814644OYPHL55',9,1,'Dalston Blazi','2001-04-01','2021-04-19','THDCYEUF','http://dummyimage.com/209x100.png/cc0000/ffffff','37900','Mexico','CDMX','CDMX','Avenida Ámsterdam','Mexico');
INSERT INTO Entrenador(CURPEntrenador,IdPiso,IdEdificio,NombreC,FechaNac,FechaIngreso,NumeroSeguroSoc,Fotografia,CP,Ciudad,Estado,Numero,Calle,Pais) VALUES ('TAQ428086GZPKS54',1,1,'Karolina Burchard','1989-06-10','2020-08-19','TGXLGTEB','http://dummyimage.com/188x100.png/dddddd/000000','39266','Mexico','CDMX','CDMX','Calle Génova','Mexico');
INSERT INTO Entrenador(CURPEntrenador,IdPiso,IdEdificio,NombreC,FechaNac,FechaIngreso,NumeroSeguroSoc,Fotografia,CP,Ciudad,Estado,Numero,Calle,Pais) VALUES ('CAT677486DUZAV68',17,1,'Shermie Barg','1982-05-02','2020-11-08','KDEOTBIH','http://dummyimage.com/105x100.png/ff4444/ffffff','61607','Mexico','CDMX','CDMX','Avenida Juárez','Mexico');
INSERT INTO Entrenador(CURPEntrenador,IdPiso,IdEdificio,NombreC,FechaNac,FechaIngreso,NumeroSeguroSoc,Fotografia,CP,Ciudad,Estado,Numero,Calle,Pais) VALUES ('ZUE040057TRDHY06',8,2,'Deck Hazelby','1987-07-30','2022-07-25','SFGBNOBC','http://dummyimage.com/123x100.png/dddddd/000000','69200','Mexico','CDMX','CDMX','Calle Regina','Mexico');
INSERT INTO Entrenador(CURPEntrenador,IdPiso,IdEdificio,NombreC,FechaNac,FechaIngreso,NumeroSeguroSoc,Fotografia,CP,Ciudad,Estado,Numero,Calle,Pais) VALUES ('EAW400648SMAPI82',2,2,'Ashien Haythorne','1990-01-11','2021-10-25','NTWAUFRQ','http://dummyimage.com/183x100.png/5fa2dd/ffffff','92933','Mexico','CDMX','CDMX','Calle Génova','Mexico');
INSERT INTO Entrenador(CURPEntrenador,IdPiso,IdEdificio,NombreC,FechaNac,FechaIngreso,NumeroSeguroSoc,Fotografia,CP,Ciudad,Estado,Numero,Calle,Pais) VALUES ('RHH127823KFNNS45',18,2,'Janeczka Castiglione','1987-04-14','2020-08-15','HQXMHKZK','http://dummyimage.com/213x100.png/ff4444/ffffff','58880','Mexico','CDMX','CDMX','Avenida Presidente Masaryk','Mexico');
INSERT INTO Entrenador(CURPEntrenador,IdPiso,IdEdificio,NombreC,FechaNac,FechaIngreso,NumeroSeguroSoc,Fotografia,CP,Ciudad,Estado,Numero,Calle,Pais) VALUES ('REU470442TSFUU39',9,1,'Jolene Edleston','1993-05-15','2020-10-03','ONKHIMVN','http://dummyimage.com/204x100.png/ff4444/ffffff','96556','Mexico','CDMX','CDMX','Avenida Álvaro Obregón','Mexico');
INSERT INTO Entrenador(CURPEntrenador,IdPiso,IdEdificio,NombreC,FechaNac,FechaIngreso,NumeroSeguroSoc,Fotografia,CP,Ciudad,Estado,Numero,Calle,Pais) VALUES ('ORQ365372JLRYR52',16,2,'Bond Crownshaw','2001-03-19','2022-02-22','LGCZAIOM','http://dummyimage.com/129x100.png/ff4444/ffffff','40230','Mexico','CDMX','CDMX','Calle Génova','Mexico');
INSERT INTO Entrenador(CURPEntrenador,IdPiso,IdEdificio,NombreC,FechaNac,FechaIngreso,NumeroSeguroSoc,Fotografia,CP,Ciudad,Estado,Numero,Calle,Pais) VALUES ('WWY573679SBXKZ31',9,1,'Allis Hampshire','1991-03-09','2021-12-01','IYVJLLBQ','http://dummyimage.com/126x100.png/5fa2dd/ffffff','41963','Mexico','CDMX','CDMX','Avenida Álvaro Obregón','Mexico');
INSERT INTO Entrenador(CURPEntrenador,IdPiso,IdEdificio,NombreC,FechaNac,FechaIngreso,NumeroSeguroSoc,Fotografia,CP,Ciudad,Estado,Numero,Calle,Pais) VALUES ('YCJ704875KAGQT54',9,1,'Patrick Gaffney','1993-09-18','2022-03-18','NTIVTBNP','http://dummyimage.com/192x100.png/ff4444/ffffff','64103','Mexico','CDMX','CDMX','Calle Madero','Mexico');
INSERT INTO Entrenador(CURPEntrenador,IdPiso,IdEdificio,NombreC,FechaNac,FechaIngreso,NumeroSeguroSoc,Fotografia,CP,Ciudad,Estado,Numero,Calle,Pais) VALUES ('NJS917038YLRDL30',8,2,'Markos Bendig','1992-11-23','2022-11-03','YMTBOSYI','http://dummyimage.com/201x100.png/dddddd/000000','40977','Mexico','CDMX','CDMX','Avenida Álvaro Obregón','Mexico');
INSERT INTO Entrenador(CURPEntrenador,IdPiso,IdEdificio,NombreC,FechaNac,FechaIngreso,NumeroSeguroSoc,Fotografia,CP,Ciudad,Estado,Numero,Calle,Pais) VALUES ('QQN334567YKQZO53',9,1,'Reamonn Adshede','2002-05-27','2020-05-05','YYIOIBRO','http://dummyimage.com/202x100.png/5fa2dd/ffffff','87395','Mexico','CDMX','CDMX','Avenida Presidente Masaryk','Mexico');
INSERT INTO Entrenador(CURPEntrenador,IdPiso,IdEdificio,NombreC,FechaNac,FechaIngreso,NumeroSeguroSoc,Fotografia,CP,Ciudad,Estado,Numero,Calle,Pais) VALUES ('HEA594437TYEIU56',1,1,'Augusto McFaul','1990-02-21','2021-05-22','WNLNTJZE','http://dummyimage.com/135x100.png/ff4444/ffffff','95422','Mexico','CDMX','CDMX','Calle Regina','Mexico');
INSERT INTO Entrenador(CURPEntrenador,IdPiso,IdEdificio,NombreC,FechaNac,FechaIngreso,NumeroSeguroSoc,Fotografia,CP,Ciudad,Estado,Numero,Calle,Pais) VALUES ('LQG261342SCJPV30',11,1,'Appolonia Lorriman','2002-01-16','2022-07-15','RIDSDYAZ','http://dummyimage.com/208x100.png/cc0000/ffffff','71605','Mexico','CDMX','CDMX','Avenida Ámsterdam','Mexico');
INSERT INTO Entrenador(CURPEntrenador,IdPiso,IdEdificio,NombreC,FechaNac,FechaIngreso,NumeroSeguroSoc,Fotografia,CP,Ciudad,Estado,Numero,Calle,Pais) VALUES ('JGY037041RBHBK19',16,2,'Trisha Kelwick','1981-03-07','2022-06-17','SGRAEPQB','http://dummyimage.com/129x100.png/ff4444/ffffff','25050','Mexico','CDMX','CDMX','Avenida Presidente Masaryk','Mexico');
INSERT INTO Entrenador(CURPEntrenador,IdPiso,IdEdificio,NombreC,FechaNac,FechaIngreso,NumeroSeguroSoc,Fotografia,CP,Ciudad,Estado,Numero,Calle,Pais) VALUES ('HEC989232PDZSP98',5,1,'Grantley Cunde','1989-11-21','2022-06-26','GPNLJQOL','http://dummyimage.com/137x100.png/cc0000/ffffff','87024','Mexico','CDMX','CDMX','Calle Regina','Mexico');
INSERT INTO Entrenador(CURPEntrenador,IdPiso,IdEdificio,NombreC,FechaNac,FechaIngreso,NumeroSeguroSoc,Fotografia,CP,Ciudad,Estado,Numero,Calle,Pais) VALUES ('NJY045686YYWTR53',10,2,'Dallis Padly','1991-05-03','2021-11-18','BWIWCMCF','http://dummyimage.com/136x100.png/ff4444/ffffff','51016','Mexico','CDMX','CDMX','Calle Génova','Mexico');
INSERT INTO Entrenador(CURPEntrenador,IdPiso,IdEdificio,NombreC,FechaNac,FechaIngreso,NumeroSeguroSoc,Fotografia,CP,Ciudad,Estado,Numero,Calle,Pais) VALUES ('WIH406037RDOQA98',10,2,'Krissy Couche','1992-01-03','2020-11-12','WYVGZRQH','http://dummyimage.com/221x100.png/cc0000/ffffff','62576','Mexico','CDMX','CDMX','Paseo de la Reforma','Mexico');
INSERT INTO Entrenador(CURPEntrenador,IdPiso,IdEdificio,NombreC,FechaNac,FechaIngreso,NumeroSeguroSoc,Fotografia,CP,Ciudad,Estado,Numero,Calle,Pais) VALUES ('WOO150950WQAXD49',18,2,'Lionello Vearncombe','1986-06-16','2021-05-06','ZLIJWNIH','http://dummyimage.com/135x100.png/5fa2dd/ffffff','48324','Mexico','CDMX','CDMX','Avenida Álvaro Obregón','Mexico');
INSERT INTO Entrenador(CURPEntrenador,IdPiso,IdEdificio,NombreC,FechaNac,FechaIngreso,NumeroSeguroSoc,Fotografia,CP,Ciudad,Estado,Numero,Calle,Pais) VALUES ('AWT850703RMQGD26',5,1,'Mordecai Digan','1998-04-27','2022-08-30','ZOVXZFDB','http://dummyimage.com/202x100.png/ff4444/ffffff','48966','Mexico','CDMX','CDMX','Avenida Álvaro Obregón','Mexico');
INSERT INTO Entrenador(CURPEntrenador,IdPiso,IdEdificio,NombreC,FechaNac,FechaIngreso,NumeroSeguroSoc,Fotografia,CP,Ciudad,Estado,Numero,Calle,Pais) VALUES ('RRG962204QHTBP55',4,2,'Franny Dietz','2001-10-15','2021-11-20','VBJMZYTF','http://dummyimage.com/123x100.png/dddddd/000000','89888','Mexico','CDMX','CDMX','Avenida Presidente Masaryk','Mexico');
INSERT INTO Entrenador(CURPEntrenador,IdPiso,IdEdificio,NombreC,FechaNac,FechaIngreso,NumeroSeguroSoc,Fotografia,CP,Ciudad,Estado,Numero,Calle,Pais) VALUES ('PRE118948AFDLX14',17,1,'Lila McGilleghole','1982-05-17','2021-03-02','XSBLGHKC','http://dummyimage.com/155x100.png/dddddd/000000','82190','Mexico','CDMX','CDMX','Paseo de la Reforma','Mexico');
INSERT INTO Entrenador(CURPEntrenador,IdPiso,IdEdificio,NombreC,FechaNac,FechaIngreso,NumeroSeguroSoc,Fotografia,CP,Ciudad,Estado,Numero,Calle,Pais) VALUES ('XBJ078612ZWORL26',9,1,'Lesley Wolfinger','1990-09-18','2022-08-07','CPSDZCVO','http://dummyimage.com/231x100.png/cc0000/ffffff','96720','Mexico','CDMX','CDMX','Paseo de la Reforma','Mexico');
INSERT INTO Entrenador(CURPEntrenador,IdPiso,IdEdificio,NombreC,FechaNac,FechaIngreso,NumeroSeguroSoc,Fotografia,CP,Ciudad,Estado,Numero,Calle,Pais) VALUES ('MPD878895GZTZE00',18,2,'Mable Cleere','1999-09-18','2021-12-20','YOQCHLHK','http://dummyimage.com/152x100.png/5fa2dd/ffffff','61570','Mexico','CDMX','CDMX','Avenida Ámsterdam','Mexico');
INSERT INTO Entrenador(CURPEntrenador,IdPiso,IdEdificio,NombreC,FechaNac,FechaIngreso,NumeroSeguroSoc,Fotografia,CP,Ciudad,Estado,Numero,Calle,Pais) VALUES ('RYW270591TFCGR63',15,1,'Ashien Battie','1986-10-24','2021-06-23','SZTOSOPO','http://dummyimage.com/151x100.png/5fa2dd/ffffff','59762','Mexico','CDMX','CDMX','Avenida Ámsterdam','Mexico');
INSERT INTO Entrenador(CURPEntrenador,IdPiso,IdEdificio,NombreC,FechaNac,FechaIngreso,NumeroSeguroSoc,Fotografia,CP,Ciudad,Estado,Numero,Calle,Pais) VALUES ('WBV909927JHAJU50',12,2,'Rey Sturgis','1997-11-17','2022-04-19','CSTITXGY','http://dummyimage.com/147x100.png/ff4444/ffffff','41963','Mexico','CDMX','CDMX','Calle Regina','Mexico');
INSERT INTO Entrenador(CURPEntrenador,IdPiso,IdEdificio,NombreC,FechaNac,FechaIngreso,NumeroSeguroSoc,Fotografia,CP,Ciudad,Estado,Numero,Calle,Pais) VALUES ('BAW272063KOCRC34',12,2,'Nickie Sugar','1987-03-31','2021-07-22','EOCKOTLG','http://dummyimage.com/226x100.png/ff4444/ffffff','62984','Mexico','CDMX','CDMX','Calle Regina','Mexico');
INSERT INTO Entrenador(CURPEntrenador,IdPiso,IdEdificio,NombreC,FechaNac,FechaIngreso,NumeroSeguroSoc,Fotografia,CP,Ciudad,Estado,Numero,Calle,Pais) VALUES ('VFJ352385HEKFT60',2,2,'Pate Staveley','1997-04-14','2022-04-11','URMVSKNM','http://dummyimage.com/250x100.png/dddddd/000000','41640','Mexico','CDMX','CDMX','Calle Regina','Mexico');
INSERT INTO Entrenador(CURPEntrenador,IdPiso,IdEdificio,NombreC,FechaNac,FechaIngreso,NumeroSeguroSoc,Fotografia,CP,Ciudad,Estado,Numero,Calle,Pais) VALUES ('UCS239022YMPHQ82',4,2,'Roxana Wolfinger','1990-07-19','2021-03-31','DIIVHDRN','http://dummyimage.com/138x100.png/5fa2dd/ffffff','85936','Mexico','CDMX','CDMX','Avenida Presidente Masaryk','Mexico');
INSERT INTO Entrenador(CURPEntrenador,IdPiso,IdEdificio,NombreC,FechaNac,FechaIngreso,NumeroSeguroSoc,Fotografia,CP,Ciudad,Estado,Numero,Calle,Pais) VALUES ('HWB924504ZWTGN01',6,2,'Mac Gilbee','1990-06-14','2021-03-29','XTHCNCWJ','http://dummyimage.com/163x100.png/dddddd/000000','81426','Mexico','CDMX','CDMX','Avenida Ámsterdam','Mexico');
INSERT INTO Entrenador(CURPEntrenador,IdPiso,IdEdificio,NombreC,FechaNac,FechaIngreso,NumeroSeguroSoc,Fotografia,CP,Ciudad,Estado,Numero,Calle,Pais) VALUES ('ITA335533NYRPO76',12,2,'Padget de Cullip','1982-10-17','2022-05-16','TVXOKSPB','http://dummyimage.com/172x100.png/5fa2dd/ffffff','31210','Mexico','CDMX','CDMX','Avenida Álvaro Obregón','Mexico');
INSERT INTO Entrenador(CURPEntrenador,IdPiso,IdEdificio,NombreC,FechaNac,FechaIngreso,NumeroSeguroSoc,Fotografia,CP,Ciudad,Estado,Numero,Calle,Pais) VALUES ('PVE448692VZUEB83',1,1,'Kalila Climance','1998-02-28','2021-01-19','FUJXVZXS','http://dummyimage.com/109x100.png/ff4444/ffffff','67710','Mexico','CDMX','CDMX','Avenida Álvaro Obregón','Mexico');
INSERT INTO Entrenador(CURPEntrenador,IdPiso,IdEdificio,NombreC,FechaNac,FechaIngreso,NumeroSeguroSoc,Fotografia,CP,Ciudad,Estado,Numero,Calle,Pais) VALUES ('TIL958384FGLTJ20',8,2,'Riordan Burns','2001-07-15','2020-06-09','QYBAALEN','http://dummyimage.com/196x100.png/dddddd/000000','96980','Mexico','CDMX','CDMX','Paseo de la Reforma','Mexico');
INSERT INTO Entrenador(CURPEntrenador,IdPiso,IdEdificio,NombreC,FechaNac,FechaIngreso,NumeroSeguroSoc,Fotografia,CP,Ciudad,Estado,Numero,Calle,Pais) VALUES ('EYI050753SDJXR73',9,1,'Natalie Beernt','1990-04-10','2021-04-12','BPDDDHTF','http://dummyimage.com/223x100.png/cc0000/ffffff','96818','Mexico','CDMX','CDMX','Avenida Álvaro Obregón','Mexico');
INSERT INTO Entrenador(CURPEntrenador,IdPiso,IdEdificio,NombreC,FechaNac,FechaIngreso,NumeroSeguroSoc,Fotografia,CP,Ciudad,Estado,Numero,Calle,Pais) VALUES ('BQA218318FCEUN89',13,1,'Arnold Fricke','1981-07-11','2021-05-07','GTOWYZBP','http://dummyimage.com/100x100.png/ff4444/ffffff','60284','Mexico','CDMX','CDMX','Avenida Álvaro Obregón','Mexico');
INSERT INTO Entrenador(CURPEntrenador,IdPiso,IdEdificio,NombreC,FechaNac,FechaIngreso,NumeroSeguroSoc,Fotografia,CP,Ciudad,Estado,Numero,Calle,Pais) VALUES ('BIH318724DFZHF88',1,1,'Demetre Wanjek','1994-01-14','2021-02-13','VNFDCFBP','http://dummyimage.com/138x100.png/ff4444/ffffff','93350','Mexico','CDMX','CDMX','Avenida Álvaro Obregón','Mexico');
INSERT INTO Entrenador(CURPEntrenador,IdPiso,IdEdificio,NombreC,FechaNac,FechaIngreso,NumeroSeguroSoc,Fotografia,CP,Ciudad,Estado,Numero,Calle,Pais) VALUES ('FHY232712HQQFR54',4,2,'Rabi Southerden','1999-10-11','2022-07-02','YAIFQXUV','http://dummyimage.com/218x100.png/dddddd/000000','93380','Mexico','CDMX','CDMX','Avenida Juárez','Mexico');
INSERT INTO Entrenador(CURPEntrenador,IdPiso,IdEdificio,NombreC,FechaNac,FechaIngreso,NumeroSeguroSoc,Fotografia,CP,Ciudad,Estado,Numero,Calle,Pais) VALUES ('WIN256809IKFEZ67',2,2,'Clarette Brims','1985-09-25','2020-06-22','ORKOCHXL','http://dummyimage.com/164x100.png/cc0000/ffffff','93350','Mexico','CDMX','CDMX','Calle Génova','Mexico');



INSERT INTO TelefonoCelEntrenador(CURPEntrenador,TelefonoCel) VALUES ('VJQ037276TPCXX98','1368950044');
INSERT INTO TelefonoCelEntrenador(CURPEntrenador,TelefonoCel) VALUES ('NJY045686YYWTR53','2008197930');
INSERT INTO TelefonoCelEntrenador(CURPEntrenador,TelefonoCel) VALUES ('AWT850703RMQGD26','6182331803');
INSERT INTO TelefonoCelEntrenador(CURPEntrenador,TelefonoCel) VALUES ('BQA218318FCEUN89','8522626200');
INSERT INTO TelefonoCelEntrenador(CURPEntrenador,TelefonoCel) VALUES ('BQA218318FCEUN89','7747667492');
INSERT INTO TelefonoCelEntrenador(CURPEntrenador,TelefonoCel) VALUES ('HWB924504ZWTGN01','8976475616');
INSERT INTO TelefonoCelEntrenador(CURPEntrenador,TelefonoCel) VALUES ('CAT677486DUZAV68','6272511781');
INSERT INTO TelefonoCelEntrenador(CURPEntrenador,TelefonoCel) VALUES ('WIN256809IKFEZ67','5085894364');
INSERT INTO TelefonoCelEntrenador(CURPEntrenador,TelefonoCel) VALUES ('WIH406037RDOQA98','7213895594');
INSERT INTO TelefonoCelEntrenador(CURPEntrenador,TelefonoCel) VALUES ('MPD878895GZTZE00','3622297912');
INSERT INTO TelefonoCelEntrenador(CURPEntrenador,TelefonoCel) VALUES ('AGF262218JSYAS52','5612073275');
INSERT INTO TelefonoCelEntrenador(CURPEntrenador,TelefonoCel) VALUES ('TAQ428086GZPKS54','5015603921');
INSERT INTO TelefonoCelEntrenador(CURPEntrenador,TelefonoCel) VALUES ('MPD878895GZTZE00','3264649517');
INSERT INTO TelefonoCelEntrenador(CURPEntrenador,TelefonoCel) VALUES ('EAW400648SMAPI82','8538024492');
INSERT INTO TelefonoCelEntrenador(CURPEntrenador,TelefonoCel) VALUES ('VKC396851PZUSS78','2529068241');
INSERT INTO TelefonoCelEntrenador(CURPEntrenador,TelefonoCel) VALUES ('EAW400648SMAPI82','8936859346');
INSERT INTO TelefonoCelEntrenador(CURPEntrenador,TelefonoCel) VALUES ('CPI302573GVVDN91','7568500328');
INSERT INTO TelefonoCelEntrenador(CURPEntrenador,TelefonoCel) VALUES ('NJS917038YLRDL30','9482901951');
INSERT INTO TelefonoCelEntrenador(CURPEntrenador,TelefonoCel) VALUES ('HWB924504ZWTGN01','9588454188');
INSERT INTO TelefonoCelEntrenador(CURPEntrenador,TelefonoCel) VALUES ('VJQ037276TPCXX98','9694581233');
INSERT INTO TelefonoCelEntrenador(CURPEntrenador,TelefonoCel) VALUES ('QQN334567YKQZO53','2597949315');
INSERT INTO TelefonoCelEntrenador(CURPEntrenador,TelefonoCel) VALUES ('PVE448692VZUEB83','1686406306');
INSERT INTO TelefonoCelEntrenador(CURPEntrenador,TelefonoCel) VALUES ('MPD878895GZTZE00','3526556031');
INSERT INTO TelefonoCelEntrenador(CURPEntrenador,TelefonoCel) VALUES ('HWB924504ZWTGN01','7233532297');
INSERT INTO TelefonoCelEntrenador(CURPEntrenador,TelefonoCel) VALUES ('CPI302573GVVDN91','8105632032');
INSERT INTO TelefonoCelEntrenador(CURPEntrenador,TelefonoCel) VALUES ('KQJ109191WTWRZ35','1346349408');
INSERT INTO TelefonoCelEntrenador(CURPEntrenador,TelefonoCel) VALUES ('WIN256809IKFEZ67','8735560502');
INSERT INTO TelefonoCelEntrenador(CURPEntrenador,TelefonoCel) VALUES ('KQJ109191WTWRZ35','4429086860');
INSERT INTO TelefonoCelEntrenador(CURPEntrenador,TelefonoCel) VALUES ('WBV909927JHAJU50','4114363305');
INSERT INTO TelefonoCelEntrenador(CURPEntrenador,TelefonoCel) VALUES ('TIL958384FGLTJ20','7305948658');
INSERT INTO TelefonoCelEntrenador(CURPEntrenador,TelefonoCel) VALUES ('PRE118948AFDLX14','3774051891');
INSERT INTO TelefonoCelEntrenador(CURPEntrenador,TelefonoCel) VALUES ('VJQ037276TPCXX98','2225564477');
INSERT INTO TelefonoCelEntrenador(CURPEntrenador,TelefonoCel) VALUES ('HEA594437TYEIU56','6258400371');
INSERT INTO TelefonoCelEntrenador(CURPEntrenador,TelefonoCel) VALUES ('NJS917038YLRDL30','6426083661');
INSERT INTO TelefonoCelEntrenador(CURPEntrenador,TelefonoCel) VALUES ('YCJ704875KAGQT54','5371023180');
INSERT INTO TelefonoCelEntrenador(CURPEntrenador,TelefonoCel) VALUES ('TAQ428086GZPKS54','8864832691');
INSERT INTO TelefonoCelEntrenador(CURPEntrenador,TelefonoCel) VALUES ('BAW272063KOCRC34','2252535589');
INSERT INTO TelefonoCelEntrenador(CURPEntrenador,TelefonoCel) VALUES ('VFJ352385HEKFT60','8655780413');
INSERT INTO TelefonoCelEntrenador(CURPEntrenador,TelefonoCel) VALUES ('LQG261342SCJPV30','5216803133');
INSERT INTO TelefonoCelEntrenador(CURPEntrenador,TelefonoCel) VALUES ('KQJ109191WTWRZ35','7508358058');
INSERT INTO TelefonoCelEntrenador(CURPEntrenador,TelefonoCel) VALUES ('XBJ078612ZWORL26','7836963287');
INSERT INTO TelefonoCelEntrenador(CURPEntrenador,TelefonoCel) VALUES ('TIL958384FGLTJ20','5767473209');
INSERT INTO TelefonoCelEntrenador(CURPEntrenador,TelefonoCel) VALUES ('PRE118948AFDLX14','7386918848');
INSERT INTO TelefonoCelEntrenador(CURPEntrenador,TelefonoCel) VALUES ('HEA594437TYEIU56','8041983387');
INSERT INTO TelefonoCelEntrenador(CURPEntrenador,TelefonoCel) VALUES ('NJS917038YLRDL30','4722418871');
INSERT INTO TelefonoCelEntrenador(CURPEntrenador,TelefonoCel) VALUES ('WBV909927JHAJU50','8748754845');
INSERT INTO TelefonoCelEntrenador(CURPEntrenador,TelefonoCel) VALUES ('FHY232712HQQFR54','3503608695');
INSERT INTO TelefonoCelEntrenador(CURPEntrenador,TelefonoCel) VALUES ('HEC989232PDZSP98','1113060548');
INSERT INTO TelefonoCelEntrenador(CURPEntrenador,TelefonoCel) VALUES ('QQN334567YKQZO53','7802056858');
INSERT INTO TelefonoCelEntrenador(CURPEntrenador,TelefonoCel) VALUES ('REU470442TSFUU39','6629090120');
INSERT INTO TelefonoCelEntrenador(CURPEntrenador,TelefonoCel) VALUES ('TIL958384FGLTJ20','4333635897');
INSERT INTO TelefonoCelEntrenador(CURPEntrenador,TelefonoCel) VALUES ('UCS239022YMPHQ82','3799353277');
INSERT INTO TelefonoCelEntrenador(CURPEntrenador,TelefonoCel) VALUES ('JGY037041RBHBK19','6891120934');
INSERT INTO TelefonoCelEntrenador(CURPEntrenador,TelefonoCel) VALUES ('LQG261342SCJPV30','3229044494');
INSERT INTO TelefonoCelEntrenador(CURPEntrenador,TelefonoCel) VALUES ('FIR195136JFNOM04','3687001049');
INSERT INTO TelefonoCelEntrenador(CURPEntrenador,TelefonoCel) VALUES ('ZUE040057TRDHY06','1302568021');
INSERT INTO TelefonoCelEntrenador(CURPEntrenador,TelefonoCel) VALUES ('RHH127823KFNNS45','8069403075');
INSERT INTO TelefonoCelEntrenador(CURPEntrenador,TelefonoCel) VALUES ('CAT677486DUZAV68','9313779052');
INSERT INTO TelefonoCelEntrenador(CURPEntrenador,TelefonoCel) VALUES ('RHH127823KFNNS45','1519758591');
INSERT INTO TelefonoCelEntrenador(CURPEntrenador,TelefonoCel) VALUES ('WIH406037RDOQA98','8558329004');
INSERT INTO TelefonoCelEntrenador(CURPEntrenador,TelefonoCel) VALUES ('EYI050753SDJXR73','3875967546');
INSERT INTO TelefonoCelEntrenador(CURPEntrenador,TelefonoCel) VALUES ('JGY037041RBHBK19','2115035770');
INSERT INTO TelefonoCelEntrenador(CURPEntrenador,TelefonoCel) VALUES ('PRE118948AFDLX14','7221466023');
INSERT INTO TelefonoCelEntrenador(CURPEntrenador,TelefonoCel) VALUES ('HEA594437TYEIU56','2674451483');
INSERT INTO TelefonoCelEntrenador(CURPEntrenador,TelefonoCel) VALUES ('BQA218318FCEUN89','8409341751');
INSERT INTO TelefonoCelEntrenador(CURPEntrenador,TelefonoCel) VALUES ('QEN814644OYPHL55','2218613728');
INSERT INTO TelefonoCelEntrenador(CURPEntrenador,TelefonoCel) VALUES ('ITA335533NYRPO76','8047672771');
INSERT INTO TelefonoCelEntrenador(CURPEntrenador,TelefonoCel) VALUES ('BIH318724DFZHF88','8842003068');
INSERT INTO TelefonoCelEntrenador(CURPEntrenador,TelefonoCel) VALUES ('NJS917038YLRDL30','7283271197');
INSERT INTO TelefonoCelEntrenador(CURPEntrenador,TelefonoCel) VALUES ('PVE448692VZUEB83','8725624530');
INSERT INTO TelefonoCelEntrenador(CURPEntrenador,TelefonoCel) VALUES ('BQA218318FCEUN89','8541468904');
INSERT INTO TelefonoCelEntrenador(CURPEntrenador,TelefonoCel) VALUES ('WIN256809IKFEZ67','4127306348');
INSERT INTO TelefonoCelEntrenador(CURPEntrenador,TelefonoCel) VALUES ('VFJ352385HEKFT60','5058617533');
INSERT INTO TelefonoCelEntrenador(CURPEntrenador,TelefonoCel) VALUES ('ZUE040057TRDHY06','4341412603');
INSERT INTO TelefonoCelEntrenador(CURPEntrenador,TelefonoCel) VALUES ('PRE118948AFDLX14','8638849629');
INSERT INTO TelefonoCelEntrenador(CURPEntrenador,TelefonoCel) VALUES ('EYI050753SDJXR73','8977543052');
INSERT INTO TelefonoCelEntrenador(CURPEntrenador,TelefonoCel) VALUES ('ORQ365372JLRYR52','2728668925');
INSERT INTO TelefonoCelEntrenador(CURPEntrenador,TelefonoCel) VALUES ('WIH406037RDOQA98','7088503741');
INSERT INTO TelefonoCelEntrenador(CURPEntrenador,TelefonoCel) VALUES ('KQJ109191WTWRZ35','1386244246');
INSERT INTO TelefonoCelEntrenador(CURPEntrenador,TelefonoCel) VALUES ('PRE118948AFDLX14','4937921947');
INSERT INTO TelefonoCelEntrenador(CURPEntrenador,TelefonoCel) VALUES ('VFJ352385HEKFT60','7644326001');
INSERT INTO TelefonoCelEntrenador(CURPEntrenador,TelefonoCel) VALUES ('HEA594437TYEIU56','2687683006');
INSERT INTO TelefonoCelEntrenador(CURPEntrenador,TelefonoCel) VALUES ('RHH127823KFNNS45','1308159176');
INSERT INTO TelefonoCelEntrenador(CURPEntrenador,TelefonoCel) VALUES ('EJW320090LUIRX20','2232761676');
INSERT INTO TelefonoCelEntrenador(CURPEntrenador,TelefonoCel) VALUES ('ORQ365372JLRYR52','5648450229');
INSERT INTO TelefonoCelEntrenador(CURPEntrenador,TelefonoCel) VALUES ('WSS911198MSYKR95','3858604162');
INSERT INTO TelefonoCelEntrenador(CURPEntrenador,TelefonoCel) VALUES ('XWW423231UQVSD52','6178723875');
INSERT INTO TelefonoCelEntrenador(CURPEntrenador,TelefonoCel) VALUES ('ZUE040057TRDHY06','1576084179');
INSERT INTO TelefonoCelEntrenador(CURPEntrenador,TelefonoCel) VALUES ('VFJ352385HEKFT60','5806483687');
INSERT INTO TelefonoCelEntrenador(CURPEntrenador,TelefonoCel) VALUES ('ZUE040057TRDHY06','4675733754');
INSERT INTO TelefonoCelEntrenador(CURPEntrenador,TelefonoCel) VALUES ('UCS239022YMPHQ82','1574010495');
INSERT INTO TelefonoCelEntrenador(CURPEntrenador,TelefonoCel) VALUES ('UCS239022YMPHQ82','2326099333');
INSERT INTO TelefonoCelEntrenador(CURPEntrenador,TelefonoCel) VALUES ('WBV909927JHAJU50','5092822700');
INSERT INTO TelefonoCelEntrenador(CURPEntrenador,TelefonoCel) VALUES ('UCS239022YMPHQ82','3344686376');
INSERT INTO TelefonoCelEntrenador(CURPEntrenador,TelefonoCel) VALUES ('TAQ428086GZPKS54','5118809928');
INSERT INTO TelefonoCelEntrenador(CURPEntrenador,TelefonoCel) VALUES ('ZQT637913WDFHB36','1147025584');
INSERT INTO TelefonoCelEntrenador(CURPEntrenador,TelefonoCel) VALUES ('WIH406037RDOQA98','3401118321');
INSERT INTO TelefonoCelEntrenador(CURPEntrenador,TelefonoCel) VALUES ('WBV909927JHAJU50','4884604475');
INSERT INTO TelefonoCelEntrenador(CURPEntrenador,TelefonoCel) VALUES ('VKC396851PZUSS78','3867720804');
INSERT INTO TelefonoCelEntrenador(CURPEntrenador,TelefonoCel) VALUES ('ZQT637913WDFHB36','3037251132');


INSERT INTO CorreoElectronicoEntrenador(CURPEntrenador,CorreoElectronico) VALUES ('RHH127823KFNNS45','leyton0@hc360.com');
INSERT INTO CorreoElectronicoEntrenador(CURPEntrenador,CorreoElectronico) VALUES ('ZQT637913WDFHB36','flotte1@ifeng.com');
INSERT INTO CorreoElectronicoEntrenador(CURPEntrenador,CorreoElectronico) VALUES ('HWB924504ZWTGN01','bgrocott2@1und1.de');
INSERT INTO CorreoElectronicoEntrenador(CURPEntrenador,CorreoElectronico) VALUES ('RHH127823KFNNS45','ahussy3@army.mil');
INSERT INTO CorreoElectronicoEntrenador(CURPEntrenador,CorreoElectronico) VALUES ('CAT677486DUZAV68','mdemars4@blog.com');
INSERT INTO CorreoElectronicoEntrenador(CURPEntrenador,CorreoElectronico) VALUES ('PVE448692VZUEB83','jlessmare5@skype.com');
INSERT INTO CorreoElectronicoEntrenador(CURPEntrenador,CorreoElectronico) VALUES ('QEN814644OYPHL55','acobbold6@dyndns.org');
INSERT INTO CorreoElectronicoEntrenador(CURPEntrenador,CorreoElectronico) VALUES ('TCH244832HAXDF25','mhoff7@creativecommons.org');
INSERT INTO CorreoElectronicoEntrenador(CURPEntrenador,CorreoElectronico) VALUES ('HEA594437TYEIU56','rrudiger8@unicef.org');
INSERT INTO CorreoElectronicoEntrenador(CURPEntrenador,CorreoElectronico) VALUES ('AGF262218JSYAS52','mrosewell9@netvibes.com');
INSERT INTO CorreoElectronicoEntrenador(CURPEntrenador,CorreoElectronico) VALUES ('GWV175274ENWLD85','tdavidovitza@seesaa.net');
INSERT INTO CorreoElectronicoEntrenador(CURPEntrenador,CorreoElectronico) VALUES ('TCH244832HAXDF25','acuncarrb@statcounter.com');
INSERT INTO CorreoElectronicoEntrenador(CURPEntrenador,CorreoElectronico) VALUES ('CPI302573GVVDN91','jcasperric@zdnet.com');
INSERT INTO CorreoElectronicoEntrenador(CURPEntrenador,CorreoElectronico) VALUES ('WBV909927JHAJU50','jnorsisterd@cloudflare.com');
INSERT INTO CorreoElectronicoEntrenador(CURPEntrenador,CorreoElectronico) VALUES ('NJS917038YLRDL30','ljacobsene@merriam-webster.com');
INSERT INTO CorreoElectronicoEntrenador(CURPEntrenador,CorreoElectronico) VALUES ('BQA218318FCEUN89','gbahikef@google.pl');
INSERT INTO CorreoElectronicoEntrenador(CURPEntrenador,CorreoElectronico) VALUES ('WIH406037RDOQA98','cleserg@dmoz.org');
INSERT INTO CorreoElectronicoEntrenador(CURPEntrenador,CorreoElectronico) VALUES ('JGY037041RBHBK19','fmaineh@epa.gov');
INSERT INTO CorreoElectronicoEntrenador(CURPEntrenador,CorreoElectronico) VALUES ('WSS911198MSYKR95','csidaryi@geocities.com');
INSERT INTO CorreoElectronicoEntrenador(CURPEntrenador,CorreoElectronico) VALUES ('ZUE040057TRDHY06','rlenoirj@bravesites.com');
INSERT INTO CorreoElectronicoEntrenador(CURPEntrenador,CorreoElectronico) VALUES ('BAW272063KOCRC34','tvistek@si.edu');
INSERT INTO CorreoElectronicoEntrenador(CURPEntrenador,CorreoElectronico) VALUES ('WIH406037RDOQA98','smatussovl@360.cn');
INSERT INTO CorreoElectronicoEntrenador(CURPEntrenador,CorreoElectronico) VALUES ('TCH244832HAXDF25','kgillionsm@typepad.com');
INSERT INTO CorreoElectronicoEntrenador(CURPEntrenador,CorreoElectronico) VALUES ('YCJ704875KAGQT54','vpinckardn@nytimes.com');
INSERT INTO CorreoElectronicoEntrenador(CURPEntrenador,CorreoElectronico) VALUES ('JGY037041RBHBK19','awadeo@amazon.de');
INSERT INTO CorreoElectronicoEntrenador(CURPEntrenador,CorreoElectronico) VALUES ('EAW400648SMAPI82','bbillingsp@cbsnews.com');
INSERT INTO CorreoElectronicoEntrenador(CURPEntrenador,CorreoElectronico) VALUES ('EJW320090LUIRX20','hgellyq@wikia.com');
INSERT INTO CorreoElectronicoEntrenador(CURPEntrenador,CorreoElectronico) VALUES ('WOO150950WQAXD49','efurmstonr@kickstarter.com');
INSERT INTO CorreoElectronicoEntrenador(CURPEntrenador,CorreoElectronico) VALUES ('LQG261342SCJPV30','jmccaughrans@amazon.com');
INSERT INTO CorreoElectronicoEntrenador(CURPEntrenador,CorreoElectronico) VALUES ('RRG962204QHTBP55','rcornesst@salon.com');
INSERT INTO CorreoElectronicoEntrenador(CURPEntrenador,CorreoElectronico) VALUES ('ZUE040057TRDHY06','rduddanu@ucoz.com');
INSERT INTO CorreoElectronicoEntrenador(CURPEntrenador,CorreoElectronico) VALUES ('TAQ428086GZPKS54','horryv@networkadvertising.org');
INSERT INTO CorreoElectronicoEntrenador(CURPEntrenador,CorreoElectronico) VALUES ('EAW400648SMAPI82','rbartolommeow@a8.net');
INSERT INTO CorreoElectronicoEntrenador(CURPEntrenador,CorreoElectronico) VALUES ('HEC989232PDZSP98','kcauldwellx@mashable.com');
INSERT INTO CorreoElectronicoEntrenador(CURPEntrenador,CorreoElectronico) VALUES ('REU470442TSFUU39','pgreenhoughy@wix.com');
INSERT INTO CorreoElectronicoEntrenador(CURPEntrenador,CorreoElectronico) VALUES ('NJS917038YLRDL30','agambrellz@harvard.edu');
INSERT INTO CorreoElectronicoEntrenador(CURPEntrenador,CorreoElectronico) VALUES ('KQJ109191WTWRZ35','nvischi10@qq.com');
INSERT INTO CorreoElectronicoEntrenador(CURPEntrenador,CorreoElectronico) VALUES ('NJY045686YYWTR53','hvalde11@symantec.com');
INSERT INTO CorreoElectronicoEntrenador(CURPEntrenador,CorreoElectronico) VALUES ('REU470442TSFUU39','fstaintonskinn12@apple.com');
INSERT INTO CorreoElectronicoEntrenador(CURPEntrenador,CorreoElectronico) VALUES ('QQN334567YKQZO53','pcolchett13@nps.gov');
INSERT INTO CorreoElectronicoEntrenador(CURPEntrenador,CorreoElectronico) VALUES ('KQJ109191WTWRZ35','swiper14@usgs.gov');
INSERT INTO CorreoElectronicoEntrenador(CURPEntrenador,CorreoElectronico) VALUES ('EAW400648SMAPI82','ngennings15@wunderground.com');
INSERT INTO CorreoElectronicoEntrenador(CURPEntrenador,CorreoElectronico) VALUES ('HEA594437TYEIU56','dhaddock16@earthlink.net');
INSERT INTO CorreoElectronicoEntrenador(CURPEntrenador,CorreoElectronico) VALUES ('KQJ109191WTWRZ35','pspurge17@altervista.org');
INSERT INTO CorreoElectronicoEntrenador(CURPEntrenador,CorreoElectronico) VALUES ('TCH244832HAXDF25','glorant18@webs.com');
INSERT INTO CorreoElectronicoEntrenador(CURPEntrenador,CorreoElectronico) VALUES ('TIL958384FGLTJ20','hmannion19@ning.com');
INSERT INTO CorreoElectronicoEntrenador(CURPEntrenador,CorreoElectronico) VALUES ('ORQ365372JLRYR52','mbolles1a@hibu.com');
INSERT INTO CorreoElectronicoEntrenador(CURPEntrenador,CorreoElectronico) VALUES ('TCH244832HAXDF25','wmoan1b@studiopress.com');
INSERT INTO CorreoElectronicoEntrenador(CURPEntrenador,CorreoElectronico) VALUES ('CAT677486DUZAV68','psolman1c@cocolog-nifty.com');
INSERT INTO CorreoElectronicoEntrenador(CURPEntrenador,CorreoElectronico) VALUES ('QEN814644OYPHL55','lskillitt1d@engadget.com');
INSERT INTO CorreoElectronicoEntrenador(CURPEntrenador,CorreoElectronico) VALUES ('UCS239022YMPHQ82','estairmond1e@rediff.com');
INSERT INTO CorreoElectronicoEntrenador(CURPEntrenador,CorreoElectronico) VALUES ('VKC396851PZUSS78','ejackes1f@skyrock.com');
INSERT INTO CorreoElectronicoEntrenador(CURPEntrenador,CorreoElectronico) VALUES ('WSS911198MSYKR95','wwildber1g@blogs.com');
INSERT INTO CorreoElectronicoEntrenador(CURPEntrenador,CorreoElectronico) VALUES ('QEN814644OYPHL55','splaistowe1h@dmoz.org');
INSERT INTO CorreoElectronicoEntrenador(CURPEntrenador,CorreoElectronico) VALUES ('VKC396851PZUSS78','mfollan1i@squarespace.com');
INSERT INTO CorreoElectronicoEntrenador(CURPEntrenador,CorreoElectronico) VALUES ('WBV909927JHAJU50','mcurrm1j@hubpages.com');
INSERT INTO CorreoElectronicoEntrenador(CURPEntrenador,CorreoElectronico) VALUES ('BAW272063KOCRC34','lbraemer1k@last.fm');
INSERT INTO CorreoElectronicoEntrenador(CURPEntrenador,CorreoElectronico) VALUES ('TIL958384FGLTJ20','srivers1l@netscape.com');
INSERT INTO CorreoElectronicoEntrenador(CURPEntrenador,CorreoElectronico) VALUES ('FHY232712HQQFR54','kwaistell1m@macromedia.com');
INSERT INTO CorreoElectronicoEntrenador(CURPEntrenador,CorreoElectronico) VALUES ('EJW320090LUIRX20','twoodruff1n@jugem.jp');
INSERT INTO CorreoElectronicoEntrenador(CURPEntrenador,CorreoElectronico) VALUES ('VKC396851PZUSS78','efarryann1o@state.tx.us');
INSERT INTO CorreoElectronicoEntrenador(CURPEntrenador,CorreoElectronico) VALUES ('TCH244832HAXDF25','acaney1p@delicious.com');
INSERT INTO CorreoElectronicoEntrenador(CURPEntrenador,CorreoElectronico) VALUES ('GWV175274ENWLD85','cserraillier1q@webs.com');
INSERT INTO CorreoElectronicoEntrenador(CURPEntrenador,CorreoElectronico) VALUES ('ZUE040057TRDHY06','rcotterill1r@alexa.com');
INSERT INTO CorreoElectronicoEntrenador(CURPEntrenador,CorreoElectronico) VALUES ('WIH406037RDOQA98','pbockh1s@xinhuanet.com');
INSERT INTO CorreoElectronicoEntrenador(CURPEntrenador,CorreoElectronico) VALUES ('QEN814644OYPHL55','hcecely1t@smugmug.com');
INSERT INTO CorreoElectronicoEntrenador(CURPEntrenador,CorreoElectronico) VALUES ('ZUE040057TRDHY06','khartburn1u@nba.com');
INSERT INTO CorreoElectronicoEntrenador(CURPEntrenador,CorreoElectronico) VALUES ('BQA218318FCEUN89','nedgson1v@cornell.edu');
INSERT INTO CorreoElectronicoEntrenador(CURPEntrenador,CorreoElectronico) VALUES ('QEN814644OYPHL55','lladon1w@xing.com');
INSERT INTO CorreoElectronicoEntrenador(CURPEntrenador,CorreoElectronico) VALUES ('MPD878895GZTZE00','mhance1x@zimbio.com');
INSERT INTO CorreoElectronicoEntrenador(CURPEntrenador,CorreoElectronico) VALUES ('WIN256809IKFEZ67','cpittaway1y@chronoengine.com');
INSERT INTO CorreoElectronicoEntrenador(CURPEntrenador,CorreoElectronico) VALUES ('RYW270591TFCGR63','csallings1z@quantcast.com');
INSERT INTO CorreoElectronicoEntrenador(CURPEntrenador,CorreoElectronico) VALUES ('WWY573679SBXKZ31','ltadgell20@geocities.com');
INSERT INTO CorreoElectronicoEntrenador(CURPEntrenador,CorreoElectronico) VALUES ('TIL958384FGLTJ20','jmcmenamin21@seesaa.net');
INSERT INTO CorreoElectronicoEntrenador(CURPEntrenador,CorreoElectronico) VALUES ('CAT677486DUZAV68','bstanman22@eventbrite.com');
INSERT INTO CorreoElectronicoEntrenador(CURPEntrenador,CorreoElectronico) VALUES ('TCH244832HAXDF25','cgurge23@typepad.com');
INSERT INTO CorreoElectronicoEntrenador(CURPEntrenador,CorreoElectronico) VALUES ('WIH406037RDOQA98','fsansome24@vkontakte.ru');
INSERT INTO CorreoElectronicoEntrenador(CURPEntrenador,CorreoElectronico) VALUES ('ZQT637913WDFHB36','alevey25@photobucket.com');
INSERT INTO CorreoElectronicoEntrenador(CURPEntrenador,CorreoElectronico) VALUES ('EJW320090LUIRX20','mhindhaugh26@webnode.com');
INSERT INTO CorreoElectronicoEntrenador(CURPEntrenador,CorreoElectronico) VALUES ('TAQ428086GZPKS54','thernik27@sohu.com');
INSERT INTO CorreoElectronicoEntrenador(CURPEntrenador,CorreoElectronico) VALUES ('FIR195136JFNOM04','egabby28@sciencedaily.com');
INSERT INTO CorreoElectronicoEntrenador(CURPEntrenador,CorreoElectronico) VALUES ('ITA335533NYRPO76','cslay29@cloudflare.com');
INSERT INTO CorreoElectronicoEntrenador(CURPEntrenador,CorreoElectronico) VALUES ('YCJ704875KAGQT54','cketcher2a@latimes.com');
INSERT INTO CorreoElectronicoEntrenador(CURPEntrenador,CorreoElectronico) VALUES ('WBV909927JHAJU50','atheurer2b@house.gov');
INSERT INTO CorreoElectronicoEntrenador(CURPEntrenador,CorreoElectronico) VALUES ('EJW320090LUIRX20','scrann2c@examiner.com');
INSERT INTO CorreoElectronicoEntrenador(CURPEntrenador,CorreoElectronico) VALUES ('VFJ352385HEKFT60','lubsdale2d@arizona.edu');
INSERT INTO CorreoElectronicoEntrenador(CURPEntrenador,CorreoElectronico) VALUES ('BQA218318FCEUN89','mbailles2e@time.com');
INSERT INTO CorreoElectronicoEntrenador(CURPEntrenador,CorreoElectronico) VALUES ('UCS239022YMPHQ82','ranstead2f@wordpress.com');
INSERT INTO CorreoElectronicoEntrenador(CURPEntrenador,CorreoElectronico) VALUES ('RYW270591TFCGR63','lodonohue2g@macromedia.com');
INSERT INTO CorreoElectronicoEntrenador(CURPEntrenador,CorreoElectronico) VALUES ('NJS917038YLRDL30','dhyman2h@deliciousdays.com');
INSERT INTO CorreoElectronicoEntrenador(CURPEntrenador,CorreoElectronico) VALUES ('HEC989232PDZSP98','dmaingot2i@mail.ru');
INSERT INTO CorreoElectronicoEntrenador(CURPEntrenador,CorreoElectronico) VALUES ('RYW270591TFCGR63','sdecourtney2j@miibeian.gov.cn');
INSERT INTO CorreoElectronicoEntrenador(CURPEntrenador,CorreoElectronico) VALUES ('AGF262218JSYAS52','jbalf2k@free.fr');
INSERT INTO CorreoElectronicoEntrenador(CURPEntrenador,CorreoElectronico) VALUES ('CPI302573GVVDN91','coleszkiewicz2l@washingtonpost.com');
INSERT INTO CorreoElectronicoEntrenador(CURPEntrenador,CorreoElectronico) VALUES ('WWY573679SBXKZ31','bbigglestone2m@friendfeed.com');
INSERT INTO CorreoElectronicoEntrenador(CURPEntrenador,CorreoElectronico) VALUES ('ZQT637913WDFHB36','sbelli2n@ovh.net');
INSERT INTO CorreoElectronicoEntrenador(CURPEntrenador,CorreoElectronico) VALUES ('WWY573679SBXKZ31','dkiernan2o@studiopress.com');
INSERT INTO CorreoElectronicoEntrenador(CURPEntrenador,CorreoElectronico) VALUES ('PRE118948AFDLX14','bfarragher2p@google.ru');
INSERT INTO CorreoElectronicoEntrenador(CURPEntrenador,CorreoElectronico) VALUES ('ZQT637913WDFHB36','otroy2q@geocities.jp');
INSERT INTO CorreoElectronicoEntrenador(CURPEntrenador,CorreoElectronico) VALUES ('BAW272063KOCRC34','ivaggs2r@storify.com');


INSERT INTO Curso(IdCurso,RFCCliente,Idsala,IdPiso,IdEdificio,CURPEntrenador,Nombre,Modalidad,HorasDeEntrenamiento,PagoEntrenador) VALUES (1,'HCE678692PS6',62,15,1,'VJQ037276TPCXX98','Programa de capacitacion Hamill-Yost','en linea',42,70);
INSERT INTO Curso(IdCurso,RFCCliente,Idsala,IdPiso,IdEdificio,CURPEntrenador,Nombre,Modalidad,HorasDeEntrenamiento,PagoEntrenador) VALUES (2,'BQNV154049LX8',124,14,2,'ZQT637913WDFHB36','Programa de capacitacion Muhammad Lewisham','presencial',42,70);
INSERT INTO Curso(IdCurso,RFCCliente,Idsala,IdPiso,IdEdificio,CURPEntrenador,Nombre,Modalidad,HorasDeEntrenamiento,PagoEntrenador) VALUES (3,'BAP039629UR8',41,9,1,'KQJ109191WTWRZ35','Programa de capacitacion "Wilderman Crona and Yost"','presencial',42,70);
INSERT INTO Curso(IdCurso,RFCCliente,Idsala,IdPiso,IdEdificio,CURPEntrenador,Nombre,Modalidad,HorasDeEntrenamiento,PagoEntrenador) VALUES (4,'YEI079256PP6',118,2,2,'CPI302573GVVDN91','Programa de capacitacion Howell Group','presencial',42,70);
INSERT INTO Curso(IdCurso,RFCCliente,Idsala,IdPiso,IdEdificio,CURPEntrenador,Nombre,Modalidad,HorasDeEntrenamiento,PagoEntrenador) VALUES (5,'AAD282786GE0',38,3,1,'EJW320090LUIRX20','Programa de capacitacion Herman-Schuppe','en linea',42,70);


INSERT INTO AgenteTele(CURPAgente,IdPiso,IdCurso,RFCCliente,IdSala,CURPEntrenador,IdEdificio,NombreC,FechaNac,Horario,CP,Ciudad,Estado,Numero,Calle,Pais,Fotografia,PagoAgente,Evaluacion) VALUES ('AWT902812HIFRE96',15,1,'HCE678692PS6',62,'VJQ037276TPCXX98',1,'Billi Kingsworth','1984-12-31','Matutino',48892,'CDMX','CDMX',835,'Calle Génova','Mexico','http://dummyimage.com/189x100.png/cc0000/ffffff',40,9);
INSERT INTO AgenteTele(CURPAgente,IdPiso,IdCurso,RFCCliente,IdSala,CURPEntrenador,IdEdificio,NombreC,FechaNac,Horario,CP,Ciudad,Estado,Numero,Calle,Pais,Fotografia,PagoAgente,Evaluacion) VALUES ('DCN935610QCQSN81',9,3,'BAP039629UR8',41,'KQJ109191WTWRZ35',1,'Haley Reightley','1989-01-24','Vespertino',30890,'CDMX','CDMX',956,'Calle Regina','Mexico','http://dummyimage.com/112x100.png/cc0000/ffffff',40,5);
INSERT INTO AgenteTele(CURPAgente,IdPiso,IdCurso,RFCCliente,IdSala,CURPEntrenador,IdEdificio,NombreC,FechaNac,Horario,CP,Ciudad,Estado,Numero,Calle,Pais,Fotografia,PagoAgente,Evaluacion) VALUES ('OLL278741LFBNK78',9,3,'BAP039629UR8',41,'KQJ109191WTWRZ35',1,'Bambi Rubinfeld','1992-05-11','Vespertino',79960,'CDMX','CDMX',498,'Avenida Juárez','Mexico','http://dummyimage.com/137x100.png/dddddd/000000',40,0);
INSERT INTO AgenteTele(CURPAgente,IdPiso,IdCurso,RFCCliente,IdSala,CURPEntrenador,IdEdificio,NombreC,FechaNac,Horario,CP,Ciudad,Estado,Numero,Calle,Pais,Fotografia,PagoAgente,Evaluacion) VALUES ('IML125538AGBXV99',9,3,'BAP039629UR8',41,'KQJ109191WTWRZ35',1,'Ag Vasovic','2002-08-12','Vespertino',85936,'CDMX','CDMX',4979,'Calle Madero','Mexico','http://dummyimage.com/248x100.png/cc0000/ffffff',40,3);
INSERT INTO AgenteTele(CURPAgente,IdPiso,IdCurso,RFCCliente,IdSala,CURPEntrenador,IdEdificio,NombreC,FechaNac,Horario,CP,Ciudad,Estado,Numero,Calle,Pais,Fotografia,PagoAgente,Evaluacion) VALUES ('FJA318424ILUIT82',9,3,'BAP039629UR8',41,'KQJ109191WTWRZ35',1,'Gloriana Loton','1985-10-30','Vespertino',94475,'CDMX','CDMX',98,'Calle Madero','Mexico','http://dummyimage.com/157x100.png/cc0000/ffffff',40,5);
INSERT INTO AgenteTele(CURPAgente,IdPiso,IdCurso,RFCCliente,IdSala,CURPEntrenador,IdEdificio,NombreC,FechaNac,Horario,CP,Ciudad,Estado,Numero,Calle,Pais,Fotografia,PagoAgente,Evaluacion) VALUES ('YCY453383ZFARN52',3,5,'AAD282786GE0',38,'EJW320090LUIRX20',1,'Caresa Dingivan','2000-12-22','Vespertino',27944,'CDMX','CDMX',8525,'Calle Regina','Mexico','http://dummyimage.com/114x100.png/5fa2dd/ffffff',40,0);
INSERT INTO AgenteTele(CURPAgente,IdPiso,IdCurso,RFCCliente,IdSala,CURPEntrenador,IdEdificio,NombreC,FechaNac,Horario,CP,Ciudad,Estado,Numero,Calle,Pais,Fotografia,PagoAgente,Evaluacion) VALUES ('IGU003788CGJUB79',15,1,'HCE678692PS6',62,'VJQ037276TPCXX98',1,'Eyde Frantzen','1982-01-07','Matutino',94463,'CDMX','CDMX',8888,'Calle Madero','Mexico','http://dummyimage.com/177x100.png/ff4444/ffffff',40,8);
INSERT INTO AgenteTele(CURPAgente,IdPiso,IdCurso,RFCCliente,IdSala,CURPEntrenador,IdEdificio,NombreC,FechaNac,Horario,CP,Ciudad,Estado,Numero,Calle,Pais,Fotografia,PagoAgente,Evaluacion) VALUES ('DRT834312VOHXU67',2,4,'YEI079256PP6',118,'CPI302573GVVDN91',2,'Ellen Solleme','1996-02-24','Vespertino',66053,'CDMX','CDMX',62,'Paseo de la Reforma','Mexico','http://dummyimage.com/237x100.png/ff4444/ffffff',40,7);
INSERT INTO AgenteTele(CURPAgente,IdPiso,IdCurso,RFCCliente,IdSala,CURPEntrenador,IdEdificio,NombreC,FechaNac,Horario,CP,Ciudad,Estado,Numero,Calle,Pais,Fotografia,PagoAgente,Evaluacion) VALUES ('CGU302283XPUFK97',9,3,'BAP039629UR8',41,'KQJ109191WTWRZ35',1,'Angela Ierland','1991-11-22','Vespertino',54932,'CDMX','CDMX',4747,'Avenida Álvaro Obregón','Mexico','http://dummyimage.com/129x100.png/dddddd/000000',40,10);
INSERT INTO AgenteTele(CURPAgente,IdPiso,IdCurso,RFCCliente,IdSala,CURPEntrenador,IdEdificio,NombreC,FechaNac,Horario,CP,Ciudad,Estado,Numero,Calle,Pais,Fotografia,PagoAgente,Evaluacion) VALUES ('OEI903702NITNJ23',3,5,'AAD282786GE0',38,'EJW320090LUIRX20',1,'Syd Flatte','1996-08-09','Vespertino',40896,'CDMX','CDMX',60001,'Avenida Presidente Masaryk','Mexico','http://dummyimage.com/246x100.png/dddddd/000000',40,3);
INSERT INTO AgenteTele(CURPAgente,IdPiso,IdCurso,RFCCliente,IdSala,CURPEntrenador,IdEdificio,NombreC,FechaNac,Horario,CP,Ciudad,Estado,Numero,Calle,Pais,Fotografia,PagoAgente,Evaluacion) VALUES ('BUZ383525MJTQM94',14,2,'BQNV154049LX8',124,'ZQT637913WDFHB36',2,'Lurette Julian','1986-11-15','Matutino',31210,'CDMX','CDMX',9436,'Paseo de la Reforma','Mexico','http://dummyimage.com/224x100.png/cc0000/ffffff',40,0);
INSERT INTO AgenteTele(CURPAgente,IdPiso,IdCurso,RFCCliente,IdSala,CURPEntrenador,IdEdificio,NombreC,FechaNac,Horario,CP,Ciudad,Estado,Numero,Calle,Pais,Fotografia,PagoAgente,Evaluacion) VALUES ('NYN129609FTIYZ96',14,2,'BQNV154049LX8',124,'ZQT637913WDFHB36',2,'Alessandro Riddich','1983-09-11','Vespertino',61650,'CDMX','CDMX',6000,'Avenida Juárez','Mexico','http://dummyimage.com/141x100.png/5fa2dd/ffffff',40,6);
INSERT INTO AgenteTele(CURPAgente,IdPiso,IdCurso,RFCCliente,IdSala,CURPEntrenador,IdEdificio,NombreC,FechaNac,Horario,CP,Ciudad,Estado,Numero,Calle,Pais,Fotografia,PagoAgente,Evaluacion) VALUES ('ZDS335551UZLQZ38',9,3,'BAP039629UR8',41,'KQJ109191WTWRZ35',1,'Raoul Dartan','1995-02-17','Matutino',68451,'CDMX','CDMX',8,'Avenida Ámsterdam','Mexico','http://dummyimage.com/201x100.png/5fa2dd/ffffff',40,7);
INSERT INTO AgenteTele(CURPAgente,IdPiso,IdCurso,RFCCliente,IdSala,CURPEntrenador,IdEdificio,NombreC,FechaNac,Horario,CP,Ciudad,Estado,Numero,Calle,Pais,Fotografia,PagoAgente,Evaluacion) VALUES ('ORA414287QQAJD79',3,5,'AAD282786GE0',38,'EJW320090LUIRX20',1,'Stanislaus Ferriby','1998-04-25','Vespertino',64103,'CDMX','CDMX',59,'Avenida Ámsterdam','Mexico','http://dummyimage.com/194x100.png/cc0000/ffffff',40,9);
INSERT INTO AgenteTele(CURPAgente,IdPiso,IdCurso,RFCCliente,IdSala,CURPEntrenador,IdEdificio,NombreC,FechaNac,Horario,CP,Ciudad,Estado,Numero,Calle,Pais,Fotografia,PagoAgente,Evaluacion) VALUES ('MPS691833FWCEB71',15,1,'HCE678692PS6',62,'VJQ037276TPCXX98',1,'Tedda Hansley','1999-08-24','Vespertino',93650,'CDMX','CDMX',56272,'Avenida Ámsterdam','Mexico','http://dummyimage.com/228x100.png/cc0000/ffffff',40,4);
INSERT INTO AgenteTele(CURPAgente,IdPiso,IdCurso,RFCCliente,IdSala,CURPEntrenador,IdEdificio,NombreC,FechaNac,Horario,CP,Ciudad,Estado,Numero,Calle,Pais,Fotografia,PagoAgente,Evaluacion) VALUES ('NLP603731YFBNS52',3,5,'AAD282786GE0',38,'EJW320090LUIRX20',1,'Geraldine Doby','1987-01-19','Matutino',87395,'CDMX','CDMX',397,'Calle Regina','Mexico','http://dummyimage.com/243x100.png/cc0000/ffffff',40,7);
INSERT INTO AgenteTele(CURPAgente,IdPiso,IdCurso,RFCCliente,IdSala,CURPEntrenador,IdEdificio,NombreC,FechaNac,Horario,CP,Ciudad,Estado,Numero,Calle,Pais,Fotografia,PagoAgente,Evaluacion) VALUES ('HGL199031TFSWT52',9,3,'BAP039629UR8',41,'KQJ109191WTWRZ35',1,'Dalton Hunt','1998-01-19','Vespertino',86690,'CDMX','CDMX',3,'Avenida Ámsterdam','Mexico','http://dummyimage.com/175x100.png/ff4444/ffffff',40,2);
INSERT INTO AgenteTele(CURPAgente,IdPiso,IdCurso,RFCCliente,IdSala,CURPEntrenador,IdEdificio,NombreC,FechaNac,Horario,CP,Ciudad,Estado,Numero,Calle,Pais,Fotografia,PagoAgente,Evaluacion) VALUES ('QTS105478OXHCL20',2,4,'YEI079256PP6',118,'CPI302573GVVDN91',2,'Basilius Spoure','1992-08-31','Vespertino',57000,'CDMX','CDMX',96,'Calle Madero','Mexico','http://dummyimage.com/248x100.png/ff4444/ffffff',40,7);
INSERT INTO AgenteTele(CURPAgente,IdPiso,IdCurso,RFCCliente,IdSala,CURPEntrenador,IdEdificio,NombreC,FechaNac,Horario,CP,Ciudad,Estado,Numero,Calle,Pais,Fotografia,PagoAgente,Evaluacion) VALUES ('DXG253433WWGTR38',9,3,'BAP039629UR8',41,'KQJ109191WTWRZ35',1,'Gabriell Feak','1983-02-11','Vespertino',97714,'CDMX','CDMX',26427,'Calle Madero','Mexico','http://dummyimage.com/232x100.png/ff4444/ffffff',40,1);
INSERT INTO AgenteTele(CURPAgente,IdPiso,IdCurso,RFCCliente,IdSala,CURPEntrenador,IdEdificio,NombreC,FechaNac,Horario,CP,Ciudad,Estado,Numero,Calle,Pais,Fotografia,PagoAgente,Evaluacion) VALUES ('UFS284225XDKUR13',9,3,'BAP039629UR8',41,'KQJ109191WTWRZ35',1,'Natale Streather','1988-02-26','Matutino',72089,'CDMX','CDMX',9,'Avenida Presidente Masaryk','Mexico','http://dummyimage.com/178x100.png/cc0000/ffffff',40,1);
INSERT INTO AgenteTele(CURPAgente,IdPiso,IdCurso,RFCCliente,IdSala,CURPEntrenador,IdEdificio,NombreC,FechaNac,Horario,CP,Ciudad,Estado,Numero,Calle,Pais,Fotografia,PagoAgente,Evaluacion) VALUES ('PAD732458DLYNM08',14,2,'BQNV154049LX8',124,'ZQT637913WDFHB36',2,'Janna Lanceley','1988-07-17','Matutino',37861,'CDMX','CDMX',11175,'Paseo de la Reforma','Mexico','http://dummyimage.com/222x100.png/5fa2dd/ffffff',40,3);
INSERT INTO AgenteTele(CURPAgente,IdPiso,IdCurso,RFCCliente,IdSala,CURPEntrenador,IdEdificio,NombreC,FechaNac,Horario,CP,Ciudad,Estado,Numero,Calle,Pais,Fotografia,PagoAgente,Evaluacion) VALUES ('XUL371177HGQIX32',14,2,'BQNV154049LX8',124,'ZQT637913WDFHB36',2,'Rosa Turmel','1984-06-18','Matutino',51016,'CDMX','CDMX',3904,'Calle Génova','Mexico','http://dummyimage.com/111x100.png/5fa2dd/ffffff',40,1);
INSERT INTO AgenteTele(CURPAgente,IdPiso,IdCurso,RFCCliente,IdSala,CURPEntrenador,IdEdificio,NombreC,FechaNac,Horario,CP,Ciudad,Estado,Numero,Calle,Pais,Fotografia,PagoAgente,Evaluacion) VALUES ('UUG515651SUHOH93',9,3,'BAP039629UR8',41,'KQJ109191WTWRZ35',1,'Camellia Whapham','1996-07-30','Vespertino',87426,'CDMX','CDMX',24,'Calle Madero','Mexico','http://dummyimage.com/226x100.png/5fa2dd/ffffff',40,7);
INSERT INTO AgenteTele(CURPAgente,IdPiso,IdCurso,RFCCliente,IdSala,CURPEntrenador,IdEdificio,NombreC,FechaNac,Horario,CP,Ciudad,Estado,Numero,Calle,Pais,Fotografia,PagoAgente,Evaluacion) VALUES ('JWQ926542NXHWQ53',9,3,'BAP039629UR8',41,'KQJ109191WTWRZ35',1,'Kile Roke','2001-11-12','Vespertino',41240,'CDMX','CDMX',462,'Avenida Álvaro Obregón','Mexico','http://dummyimage.com/130x100.png/ff4444/ffffff',40,0);
INSERT INTO AgenteTele(CURPAgente,IdPiso,IdCurso,RFCCliente,IdSala,CURPEntrenador,IdEdificio,NombreC,FechaNac,Horario,CP,Ciudad,Estado,Numero,Calle,Pais,Fotografia,PagoAgente,Evaluacion) VALUES ('CGF044994CTAEY79',14,2,'BQNV154049LX8',124,'ZQT637913WDFHB36',2,'Ezri Padrick','2000-04-14','Vespertino',95098,'CDMX','CDMX',5,'Avenida Álvaro Obregón','Mexico','http://dummyimage.com/215x100.png/cc0000/ffffff',40,10);
INSERT INTO AgenteTele(CURPAgente,IdPiso,IdCurso,RFCCliente,IdSala,CURPEntrenador,IdEdificio,NombreC,FechaNac,Horario,CP,Ciudad,Estado,Numero,Calle,Pais,Fotografia,PagoAgente,Evaluacion) VALUES ('DRE494254SQQFR92',9,3,'BAP039629UR8',41,'KQJ109191WTWRZ35',1,'Aurea Ferrieres','1996-10-13','Vespertino',26030,'CDMX','CDMX',6,'Calle Regina','Mexico','http://dummyimage.com/207x100.png/5fa2dd/ffffff',40,7);
INSERT INTO AgenteTele(CURPAgente,IdPiso,IdCurso,RFCCliente,IdSala,CURPEntrenador,IdEdificio,NombreC,FechaNac,Horario,CP,Ciudad,Estado,Numero,Calle,Pais,Fotografia,PagoAgente,Evaluacion) VALUES ('RVA407320RBXQL75',14,2,'BQNV154049LX8',124,'ZQT637913WDFHB36',2,'Jeanelle Apted','1997-07-04','Vespertino',70805,'CDMX','CDMX',865,'Calle Madero','Mexico','http://dummyimage.com/204x100.png/dddddd/000000',40,6);
INSERT INTO AgenteTele(CURPAgente,IdPiso,IdCurso,RFCCliente,IdSala,CURPEntrenador,IdEdificio,NombreC,FechaNac,Horario,CP,Ciudad,Estado,Numero,Calle,Pais,Fotografia,PagoAgente,Evaluacion) VALUES ('LOQ010207SFNTW02',2,4,'YEI079256PP6',118,'CPI302573GVVDN91',2,'Stanley Eshmade','1983-08-26','Matutino',40160,'CDMX','CDMX',5,'Avenida Álvaro Obregón','Mexico','http://dummyimage.com/135x100.png/dddddd/000000',40,3);
INSERT INTO AgenteTele(CURPAgente,IdPiso,IdCurso,RFCCliente,IdSala,CURPEntrenador,IdEdificio,NombreC,FechaNac,Horario,CP,Ciudad,Estado,Numero,Calle,Pais,Fotografia,PagoAgente,Evaluacion) VALUES ('OBD495035EXSXD46',3,5,'AAD282786GE0',38,'EJW320090LUIRX20',1,'Pauli Diament','1999-11-09','Matutino',22510,'CDMX','CDMX',34,'Avenida Presidente Masaryk','Mexico','http://dummyimage.com/207x100.png/cc0000/ffffff',40,3);
INSERT INTO AgenteTele(CURPAgente,IdPiso,IdCurso,RFCCliente,IdSala,CURPEntrenador,IdEdificio,NombreC,FechaNac,Horario,CP,Ciudad,Estado,Numero,Calle,Pais,Fotografia,PagoAgente,Evaluacion) VALUES ('DRV108706GCNNQ13',9,3,'BAP039629UR8',41,'KQJ109191WTWRZ35',1,'Johnathon Jostan','1990-01-05','Matutino',97714,'CDMX','CDMX',157,'Avenida Juárez','Mexico','http://dummyimage.com/211x100.png/5fa2dd/ffffff',40,3);
INSERT INTO AgenteTele(CURPAgente,IdPiso,IdCurso,RFCCliente,IdSala,CURPEntrenador,IdEdificio,NombreC,FechaNac,Horario,CP,Ciudad,Estado,Numero,Calle,Pais,Fotografia,PagoAgente,Evaluacion) VALUES ('CTA377842UXQXZ34',3,5,'AAD282786GE0',38,'EJW320090LUIRX20',1,'Magdalen Very','1997-07-21','Vespertino',96980,'CDMX','CDMX',233,'Calle Regina','Mexico','http://dummyimage.com/217x100.png/dddddd/000000',40,1);
INSERT INTO AgenteTele(CURPAgente,IdPiso,IdCurso,RFCCliente,IdSala,CURPEntrenador,IdEdificio,NombreC,FechaNac,Horario,CP,Ciudad,Estado,Numero,Calle,Pais,Fotografia,PagoAgente,Evaluacion) VALUES ('GSD335987XRSIK75',2,4,'YEI079256PP6',118,'CPI302573GVVDN91',2,'Muhammad Goldbourn','1984-03-17','Vespertino',93608,'CDMX','CDMX',16,'Avenida Álvaro Obregón','Mexico','http://dummyimage.com/239x100.png/ff4444/ffffff',40,3);
INSERT INTO AgenteTele(CURPAgente,IdPiso,IdCurso,RFCCliente,IdSala,CURPEntrenador,IdEdificio,NombreC,FechaNac,Horario,CP,Ciudad,Estado,Numero,Calle,Pais,Fotografia,PagoAgente,Evaluacion) VALUES ('LGD784683IXAYG98',14,2,'BQNV154049LX8',124,'ZQT637913WDFHB36',2,'Teddy Mycock','2000-04-29','Matutino',93650,'CDMX','CDMX',76,'Calle Madero','Mexico','http://dummyimage.com/249x100.png/5fa2dd/ffffff',40,5);
INSERT INTO AgenteTele(CURPAgente,IdPiso,IdCurso,RFCCliente,IdSala,CURPEntrenador,IdEdificio,NombreC,FechaNac,Horario,CP,Ciudad,Estado,Numero,Calle,Pais,Fotografia,PagoAgente,Evaluacion) VALUES ('ZBE452918KZRHG23',2,4,'YEI079256PP6',118,'CPI302573GVVDN91',2,'Lana Galiford','1994-12-07','Matutino',61609,'CDMX','CDMX',054,'Avenida Ámsterdam','Mexico','http://dummyimage.com/211x100.png/dddddd/000000',40,4);
INSERT INTO AgenteTele(CURPAgente,IdPiso,IdCurso,RFCCliente,IdSala,CURPEntrenador,IdEdificio,NombreC,FechaNac,Horario,CP,Ciudad,Estado,Numero,Calle,Pais,Fotografia,PagoAgente,Evaluacion) VALUES ('YVH704698EHIZX06',15,1,'HCE678692PS6',62,'VJQ037276TPCXX98',1,'Dniren Caines','1995-04-09','Vespertino',30540,'CDMX','CDMX',8929,'Paseo de la Reforma','Mexico','http://dummyimage.com/211x100.png/cc0000/ffffff',40,8);
INSERT INTO AgenteTele(CURPAgente,IdPiso,IdCurso,RFCCliente,IdSala,CURPEntrenador,IdEdificio,NombreC,FechaNac,Horario,CP,Ciudad,Estado,Numero,Calle,Pais,Fotografia,PagoAgente,Evaluacion) VALUES ('RZM680317IUQOI91',9,3,'BAP039629UR8',41,'KQJ109191WTWRZ35',1,'Harriott Gregorin','1999-02-24','Vespertino',83553,'CDMX','CDMX',4,'Calle Génova','Mexico','http://dummyimage.com/210x100.png/cc0000/ffffff',40,6);
INSERT INTO AgenteTele(CURPAgente,IdPiso,IdCurso,RFCCliente,IdSala,CURPEntrenador,IdEdificio,NombreC,FechaNac,Horario,CP,Ciudad,Estado,Numero,Calle,Pais,Fotografia,PagoAgente,Evaluacion) VALUES ('WLY504922LLLCQ76',2,4,'YEI079256PP6',118,'CPI302573GVVDN91',2,'Britni Marchiso','1982-10-28','Matutino',70317,'CDMX','CDMX',5,'Paseo de la Reforma','Mexico','http://dummyimage.com/205x100.png/cc0000/ffffff',40,8);
INSERT INTO AgenteTele(CURPAgente,IdPiso,IdCurso,RFCCliente,IdSala,CURPEntrenador,IdEdificio,NombreC,FechaNac,Horario,CP,Ciudad,Estado,Numero,Calle,Pais,Fotografia,PagoAgente,Evaluacion) VALUES ('PCG815329MWXCL33',3,5,'AAD282786GE0',38,'EJW320090LUIRX20',1,'Lilla Kensit','1996-08-22','Matutino',31210,'CDMX','CDMX',9396,'Calle Madero','Mexico','http://dummyimage.com/236x100.png/5fa2dd/ffffff',40,5);
INSERT INTO AgenteTele(CURPAgente,IdPiso,IdCurso,RFCCliente,IdSala,CURPEntrenador,IdEdificio,NombreC,FechaNac,Horario,CP,Ciudad,Estado,Numero,Calle,Pais,Fotografia,PagoAgente,Evaluacion) VALUES ('QTN612376PKLIN27',15,1,'HCE678692PS6',62,'VJQ037276TPCXX98',1,'Hyacinth Poundsford','2001-02-06','Matutino',79960,'CDMX','CDMX',4,'Avenida Juárez','Mexico','http://dummyimage.com/124x100.png/cc0000/ffffff',40,8);
INSERT INTO AgenteTele(CURPAgente,IdPiso,IdCurso,RFCCliente,IdSala,CURPEntrenador,IdEdificio,NombreC,FechaNac,Horario,CP,Ciudad,Estado,Numero,Calle,Pais,Fotografia,PagoAgente,Evaluacion) VALUES ('OBU992073HWNTG25',2,4,'YEI079256PP6',118,'CPI302573GVVDN91',2,'Bernadette Rivelin','1997-10-02','Matutino',95096,'CDMX','CDMX',6639,'Avenida Álvaro Obregón','Mexico','http://dummyimage.com/245x100.png/5fa2dd/ffffff',40,10);
INSERT INTO AgenteTele(CURPAgente,IdPiso,IdCurso,RFCCliente,IdSala,CURPEntrenador,IdEdificio,NombreC,FechaNac,Horario,CP,Ciudad,Estado,Numero,Calle,Pais,Fotografia,PagoAgente,Evaluacion) VALUES ('JFQ888764OWFKM52',3,5,'AAD282786GE0',38,'EJW320090LUIRX20',1,'Helge Kryszka','1997-11-08','Vespertino',88925,'CDMX','CDMX',33,'Avenida Ámsterdam','Mexico','http://dummyimage.com/103x100.png/cc0000/ffffff',40,6);
INSERT INTO AgenteTele(CURPAgente,IdPiso,IdCurso,RFCCliente,IdSala,CURPEntrenador,IdEdificio,NombreC,FechaNac,Horario,CP,Ciudad,Estado,Numero,Calle,Pais,Fotografia,PagoAgente,Evaluacion) VALUES ('CSL452181XIYWF11',14,2,'BQNV154049LX8',124,'ZQT637913WDFHB36',2,'Oralia MacConnal','1982-12-31','Matutino',51462,'CDMX','CDMX',74678,'Avenida Ámsterdam','Mexico','http://dummyimage.com/129x100.png/cc0000/ffffff',40,9);
INSERT INTO AgenteTele(CURPAgente,IdPiso,IdCurso,RFCCliente,IdSala,CURPEntrenador,IdEdificio,NombreC,FechaNac,Horario,CP,Ciudad,Estado,Numero,Calle,Pais,Fotografia,PagoAgente,Evaluacion) VALUES ('JUP508002XCNQL58',15,1,'HCE678692PS6',62,'VJQ037276TPCXX98',1,'Normy Sikora','1991-12-09','Vespertino',86216,'CDMX','CDMX',47244,'Avenida Presidente Masaryk','Mexico','http://dummyimage.com/159x100.png/dddddd/000000',40,10);
INSERT INTO AgenteTele(CURPAgente,IdPiso,IdCurso,RFCCliente,IdSala,CURPEntrenador,IdEdificio,NombreC,FechaNac,Horario,CP,Ciudad,Estado,Numero,Calle,Pais,Fotografia,PagoAgente,Evaluacion) VALUES ('DWY025072YWCLB74',3,5,'AAD282786GE0',38,'EJW320090LUIRX20',1,'Zed Feldfisher','1992-06-02','Vespertino',94970,'CDMX','CDMX',0,'Calle Madero','Mexico','http://dummyimage.com/159x100.png/cc0000/ffffff',40,7);
INSERT INTO AgenteTele(CURPAgente,IdPiso,IdCurso,RFCCliente,IdSala,CURPEntrenador,IdEdificio,NombreC,FechaNac,Horario,CP,Ciudad,Estado,Numero,Calle,Pais,Fotografia,PagoAgente,Evaluacion) VALUES ('PNO292698JVWEW14',9,3,'BAP039629UR8',41,'KQJ109191WTWRZ35',1,'Melanie Dever','2001-07-17','Matutino',81426,'CDMX','CDMX',8940,'Calle Regina','Mexico','http://dummyimage.com/125x100.png/ff4444/ffffff',40,3);
INSERT INTO AgenteTele(CURPAgente,IdPiso,IdCurso,RFCCliente,IdSala,CURPEntrenador,IdEdificio,NombreC,FechaNac,Horario,CP,Ciudad,Estado,Numero,Calle,Pais,Fotografia,PagoAgente,Evaluacion) VALUES ('DMP218440HEPSF41',9,3,'BAP039629UR8',41,'KQJ109191WTWRZ35',1,'Carmita Grantham','1985-07-23','Matutino',56190,'CDMX','CDMX',340,'Avenida Presidente Masaryk','Mexico','http://dummyimage.com/140x100.png/dddddd/000000',40,7);
INSERT INTO AgenteTele(CURPAgente,IdPiso,IdCurso,RFCCliente,IdSala,CURPEntrenador,IdEdificio,NombreC,FechaNac,Horario,CP,Ciudad,Estado,Numero,Calle,Pais,Fotografia,PagoAgente,Evaluacion) VALUES ('WLT767843NYVCC69',2,4,'YEI079256PP6',118,'CPI302573GVVDN91',2,'Philomena Ewen','1983-03-12','Matutino',38900,'CDMX','CDMX',56,'Calle Génova','Mexico','http://dummyimage.com/161x100.png/dddddd/000000',40,7);
INSERT INTO AgenteTele(CURPAgente,IdPiso,IdCurso,RFCCliente,IdSala,CURPEntrenador,IdEdificio,NombreC,FechaNac,Horario,CP,Ciudad,Estado,Numero,Calle,Pais,Fotografia,PagoAgente,Evaluacion) VALUES ('CTC040122ALHKF52',2,4,'YEI079256PP6',118,'CPI302573GVVDN91',2,'Barbie Hinkley','2000-02-21','Vespertino',65600,'CDMX','CDMX',28,'Calle Madero','Mexico','http://dummyimage.com/250x100.png/ff4444/ffffff',40,7);
INSERT INTO AgenteTele(CURPAgente,IdPiso,IdCurso,RFCCliente,IdSala,CURPEntrenador,IdEdificio,NombreC,FechaNac,Horario,CP,Ciudad,Estado,Numero,Calle,Pais,Fotografia,PagoAgente,Evaluacion) VALUES ('XUS864344JANHF31',9,3,'BAP039629UR8',41,'KQJ109191WTWRZ35',1,'Caldwell Doyley','1984-05-26','Vespertino',87076,'CDMX','CDMX',0675,'Calle Génova','Mexico','http://dummyimage.com/140x100.png/cc0000/ffffff',40,4);
INSERT INTO AgenteTele(CURPAgente,IdPiso,IdCurso,RFCCliente,IdSala,CURPEntrenador,IdEdificio,NombreC,FechaNac,Horario,CP,Ciudad,Estado,Numero,Calle,Pais,Fotografia,PagoAgente,Evaluacion) VALUES ('OXV275093SBUKL93',2,4,'YEI079256PP6',118,'CPI302573GVVDN91',2,'Lynett Oxtarby','1990-12-31','Matutino',87330,'CDMX','CDMX',008,'Avenida Ámsterdam','Mexico','http://dummyimage.com/243x100.png/5fa2dd/ffffff',40,9);
INSERT INTO AgenteTele(CURPAgente,IdPiso,IdCurso,RFCCliente,IdSala,CURPEntrenador,IdEdificio,NombreC,FechaNac,Horario,CP,Ciudad,Estado,Numero,Calle,Pais,Fotografia,PagoAgente,Evaluacion) VALUES ('EOR696891DKKHD67',2,4,'YEI079256PP6',118,'CPI302573GVVDN91',2,'Jennie Coste','1987-05-15','Vespertino',88290,'CDMX','CDMX',41953,'Avenida Álvaro Obregón','Mexico','http://dummyimage.com/196x100.png/dddddd/000000',40,10);
INSERT INTO AgenteTele(CURPAgente,IdPiso,IdCurso,RFCCliente,IdSala,CURPEntrenador,IdEdificio,NombreC,FechaNac,Horario,CP,Ciudad,Estado,Numero,Calle,Pais,Fotografia,PagoAgente,Evaluacion) VALUES ('LXY599411EJYLA07',15,1,'HCE678692PS6',62,'VJQ037276TPCXX98',1,'Celesta Gonsalvo','1995-12-02','Matutino',52600,'CDMX','CDMX',6555,'Avenida Ámsterdam','Mexico','http://dummyimage.com/154x100.png/5fa2dd/ffffff',40,9);
INSERT INTO AgenteTele(CURPAgente,IdPiso,IdCurso,RFCCliente,IdSala,CURPEntrenador,IdEdificio,NombreC,FechaNac,Horario,CP,Ciudad,Estado,Numero,Calle,Pais,Fotografia,PagoAgente,Evaluacion) VALUES ('VWY891661RWUNE21',9,3,'BAP039629UR8',41,'KQJ109191WTWRZ35',1,'Jena Gelletly','2001-07-27','Vespertino',93826,'CDMX','CDMX',049,'Avenida Juárez','Mexico','http://dummyimage.com/191x100.png/dddddd/000000',40,8);
INSERT INTO AgenteTele(CURPAgente,IdPiso,IdCurso,RFCCliente,IdSala,CURPEntrenador,IdEdificio,NombreC,FechaNac,Horario,CP,Ciudad,Estado,Numero,Calle,Pais,Fotografia,PagoAgente,Evaluacion) VALUES ('IHI886614WBDZM63',9,3,'BAP039629UR8',41,'KQJ109191WTWRZ35',1,'Amaleta Burnyeat','1999-05-26','Vespertino',40068,'CDMX','CDMX',7409,'Calle Regina','Mexico','http://dummyimage.com/130x100.png/5fa2dd/ffffff',40,10);
INSERT INTO AgenteTele(CURPAgente,IdPiso,IdCurso,RFCCliente,IdSala,CURPEntrenador,IdEdificio,NombreC,FechaNac,Horario,CP,Ciudad,Estado,Numero,Calle,Pais,Fotografia,PagoAgente,Evaluacion) VALUES ('BFR781252CQWZQ02',9,3,'BAP039629UR8',41,'KQJ109191WTWRZ35',1,'Donia Heigl','2000-09-18','Matutino',40417,'CDMX','CDMX',33,'Calle Génova','Mexico','http://dummyimage.com/194x100.png/5fa2dd/ffffff',40,8);
INSERT INTO AgenteTele(CURPAgente,IdPiso,IdCurso,RFCCliente,IdSala,CURPEntrenador,IdEdificio,NombreC,FechaNac,Horario,CP,Ciudad,Estado,Numero,Calle,Pais,Fotografia,PagoAgente,Evaluacion) VALUES ('VQJ097493AQEYL88',15,1,'HCE678692PS6',62,'VJQ037276TPCXX98',1,'Perrine Vickerman','1991-08-03','Matutino',29480,'CDMX','CDMX',8415,'Avenida Presidente Masaryk','Mexico','http://dummyimage.com/205x100.png/dddddd/000000',40,10);
INSERT INTO AgenteTele(CURPAgente,IdPiso,IdCurso,RFCCliente,IdSala,CURPEntrenador,IdEdificio,NombreC,FechaNac,Horario,CP,Ciudad,Estado,Numero,Calle,Pais,Fotografia,PagoAgente,Evaluacion) VALUES ('AVZ590726EALHT78',9,3,'BAP039629UR8',41,'KQJ109191WTWRZ35',1,'Evonne Buffery','1986-01-27','Matutino',68448,'CDMX','CDMX',82821,'Calle Génova','Mexico','http://dummyimage.com/181x100.png/dddddd/000000',40,7);
INSERT INTO AgenteTele(CURPAgente,IdPiso,IdCurso,RFCCliente,IdSala,CURPEntrenador,IdEdificio,NombreC,FechaNac,Horario,CP,Ciudad,Estado,Numero,Calle,Pais,Fotografia,PagoAgente,Evaluacion) VALUES ('EVT388989FKEGI97',14,2,'BQNV154049LX8',124,'ZQT637913WDFHB36',2,'Lorelle Birchner','1984-04-19','Vespertino',38542,'CDMX','CDMX',4793,'Paseo de la Reforma','Mexico','http://dummyimage.com/121x100.png/ff4444/ffffff',40,5);
INSERT INTO AgenteTele(CURPAgente,IdPiso,IdCurso,RFCCliente,IdSala,CURPEntrenador,IdEdificio,NombreC,FechaNac,Horario,CP,Ciudad,Estado,Numero,Calle,Pais,Fotografia,PagoAgente,Evaluacion) VALUES ('OSG630507ZCPUL36',15,1,'HCE678692PS6',62,'VJQ037276TPCXX98',1,'Sayres Fockes','1992-01-12','Matutino',94475,'CDMX','CDMX',6068,'Calle Madero','Mexico','http://dummyimage.com/125x100.png/dddddd/000000',40,4);
INSERT INTO AgenteTele(CURPAgente,IdPiso,IdCurso,RFCCliente,IdSala,CURPEntrenador,IdEdificio,NombreC,FechaNac,Horario,CP,Ciudad,Estado,Numero,Calle,Pais,Fotografia,PagoAgente,Evaluacion) VALUES ('ZEF860439JJHOE64',9,3,'BAP039629UR8',41,'KQJ109191WTWRZ35',1,'Keely Geerling','1999-04-30','Matutino',29952,'CDMX','CDMX',8,'Avenida Ámsterdam','Mexico','http://dummyimage.com/142x100.png/cc0000/ffffff',40,10);
INSERT INTO AgenteTele(CURPAgente,IdPiso,IdCurso,RFCCliente,IdSala,CURPEntrenador,IdEdificio,NombreC,FechaNac,Horario,CP,Ciudad,Estado,Numero,Calle,Pais,Fotografia,PagoAgente,Evaluacion) VALUES ('VTA219151PMMEG22',14,2,'BQNV154049LX8',124,'ZQT637913WDFHB36',2,'Gray Gautrey','1995-06-15','Matutino',88680,'CDMX','CDMX',0032,'Calle Regina','Mexico','http://dummyimage.com/194x100.png/5fa2dd/ffffff',40,4);
INSERT INTO AgenteTele(CURPAgente,IdPiso,IdCurso,RFCCliente,IdSala,CURPEntrenador,IdEdificio,NombreC,FechaNac,Horario,CP,Ciudad,Estado,Numero,Calle,Pais,Fotografia,PagoAgente,Evaluacion) VALUES ('TSO214831QPFML32',2,4,'YEI079256PP6',118,'CPI302573GVVDN91',2,'Cornie Avrahamy','1999-05-14','Vespertino',40914,'CDMX','CDMX',14,'Calle Madero','Mexico','http://dummyimage.com/202x100.png/ff4444/ffffff',40,3);
INSERT INTO AgenteTele(CURPAgente,IdPiso,IdCurso,RFCCliente,IdSala,CURPEntrenador,IdEdificio,NombreC,FechaNac,Horario,CP,Ciudad,Estado,Numero,Calle,Pais,Fotografia,PagoAgente,Evaluacion) VALUES ('IVE308369MNFVN55',2,4,'YEI079256PP6',118,'CPI302573GVVDN91',2,'Sherie Skeemer','2002-03-06','Matutino',29480,'CDMX','CDMX',8,'Avenida Ámsterdam','Mexico','http://dummyimage.com/130x100.png/cc0000/ffffff',40,9);
INSERT INTO AgenteTele(CURPAgente,IdPiso,IdCurso,RFCCliente,IdSala,CURPEntrenador,IdEdificio,NombreC,FechaNac,Horario,CP,Ciudad,Estado,Numero,Calle,Pais,Fotografia,PagoAgente,Evaluacion) VALUES ('TMY191674DLVHD02',3,5,'AAD282786GE0',38,'EJW320090LUIRX20',1,'Vikky Harken','1988-04-15','Vespertino',89888,'CDMX','CDMX',30710,'Calle Regina','Mexico','http://dummyimage.com/168x100.png/5fa2dd/ffffff',40,10);
INSERT INTO AgenteTele(CURPAgente,IdPiso,IdCurso,RFCCliente,IdSala,CURPEntrenador,IdEdificio,NombreC,FechaNac,Horario,CP,Ciudad,Estado,Numero,Calle,Pais,Fotografia,PagoAgente,Evaluacion) VALUES ('EDQ308723AETVE79',3,5,'AAD282786GE0',38,'EJW320090LUIRX20',1,'Jule Grebbin','1982-05-10','Matutino',36408,'CDMX','CDMX',3,'Avenida Ámsterdam','Mexico','http://dummyimage.com/121x100.png/5fa2dd/ffffff',40,7);
INSERT INTO AgenteTele(CURPAgente,IdPiso,IdCurso,RFCCliente,IdSala,CURPEntrenador,IdEdificio,NombreC,FechaNac,Horario,CP,Ciudad,Estado,Numero,Calle,Pais,Fotografia,PagoAgente,Evaluacion) VALUES ('WZR512185RBWIU34',14,2,'BQNV154049LX8',124,'ZQT637913WDFHB36',2,'Vinnie Boldison','1987-07-15','Vespertino',72124,'CDMX','CDMX',4835,'Avenida Ámsterdam','Mexico','http://dummyimage.com/169x100.png/cc0000/ffffff',40,8);
INSERT INTO AgenteTele(CURPAgente,IdPiso,IdCurso,RFCCliente,IdSala,CURPEntrenador,IdEdificio,NombreC,FechaNac,Horario,CP,Ciudad,Estado,Numero,Calle,Pais,Fotografia,PagoAgente,Evaluacion) VALUES ('XOB400838YACET66',14,2,'BQNV154049LX8',124,'ZQT637913WDFHB36',2,'Zenia Gething','1996-05-05','Vespertino',93393,'CDMX','CDMX',63495,'Avenida Presidente Masaryk','Mexico','http://dummyimage.com/173x100.png/5fa2dd/ffffff',40,4);
INSERT INTO AgenteTele(CURPAgente,IdPiso,IdCurso,RFCCliente,IdSala,CURPEntrenador,IdEdificio,NombreC,FechaNac,Horario,CP,Ciudad,Estado,Numero,Calle,Pais,Fotografia,PagoAgente,Evaluacion) VALUES ('QYW626492VHTTJ44',3,5,'AAD282786GE0',38,'EJW320090LUIRX20',1,'Pamelina Dicker','2002-03-17','Matutino',54927,'CDMX','CDMX',27492,'Avenida Presidente Masaryk','Mexico','http://dummyimage.com/197x100.png/5fa2dd/ffffff',40,4);
INSERT INTO AgenteTele(CURPAgente,IdPiso,IdCurso,RFCCliente,IdSala,CURPEntrenador,IdEdificio,NombreC,FechaNac,Horario,CP,Ciudad,Estado,Numero,Calle,Pais,Fotografia,PagoAgente,Evaluacion) VALUES ('XOU764871JGIMD53',9,3,'BAP039629UR8',41,'KQJ109191WTWRZ35',1,'Bobine Watting','1989-12-02','Vespertino',30479,'CDMX','CDMX',42,'Paseo de la Reforma','Mexico','http://dummyimage.com/151x100.png/ff4444/ffffff',40,4);
INSERT INTO AgenteTele(CURPAgente,IdPiso,IdCurso,RFCCliente,IdSala,CURPEntrenador,IdEdificio,NombreC,FechaNac,Horario,CP,Ciudad,Estado,Numero,Calle,Pais,Fotografia,PagoAgente,Evaluacion) VALUES ('VXH165592ZUQEZ07',2,4,'YEI079256PP6',118,'CPI302573GVVDN91',2,'Lynnett Jest','1981-07-15','Vespertino',60070,'CDMX','CDMX',68605,'Calle Regina','Mexico','http://dummyimage.com/144x100.png/ff4444/ffffff',40,8);
INSERT INTO AgenteTele(CURPAgente,IdPiso,IdCurso,RFCCliente,IdSala,CURPEntrenador,IdEdificio,NombreC,FechaNac,Horario,CP,Ciudad,Estado,Numero,Calle,Pais,Fotografia,PagoAgente,Evaluacion) VALUES ('RTC443654YSZGC43',14,2,'BQNV154049LX8',124,'ZQT637913WDFHB36',2,'Zachery Hinz','1988-07-30','Vespertino',40678,'CDMX','CDMX',44020,'Calle Regina','Mexico','http://dummyimage.com/129x100.png/cc0000/ffffff',40,8);
INSERT INTO AgenteTele(CURPAgente,IdPiso,IdCurso,RFCCliente,IdSala,CURPEntrenador,IdEdificio,NombreC,FechaNac,Horario,CP,Ciudad,Estado,Numero,Calle,Pais,Fotografia,PagoAgente,Evaluacion) VALUES ('AZS735697MIAUJ08',2,4,'YEI079256PP6',118,'CPI302573GVVDN91',2,'Nicolas Curedell','2002-01-14','Matutino',70317,'CDMX','CDMX',06339,'Calle Madero','Mexico','http://dummyimage.com/158x100.png/ff4444/ffffff',40,7);
INSERT INTO AgenteTele(CURPAgente,IdPiso,IdCurso,RFCCliente,IdSala,CURPEntrenador,IdEdificio,NombreC,FechaNac,Horario,CP,Ciudad,Estado,Numero,Calle,Pais,Fotografia,PagoAgente,Evaluacion) VALUES ('OIP403792IPQPE66',15,1,'HCE678692PS6',62,'VJQ037276TPCXX98',1,'Perle Peaseman','1981-03-07','Matutino',41640,'CDMX','CDMX',8,'Paseo de la Reforma','Mexico','http://dummyimage.com/148x100.png/cc0000/ffffff',40,5);
INSERT INTO AgenteTele(CURPAgente,IdPiso,IdCurso,RFCCliente,IdSala,CURPEntrenador,IdEdificio,NombreC,FechaNac,Horario,CP,Ciudad,Estado,Numero,Calle,Pais,Fotografia,PagoAgente,Evaluacion) VALUES ('IZJ075876GCBEV92',3,5,'AAD282786GE0',38,'EJW320090LUIRX20',1,'Vitia Merman','1998-05-06','Vespertino',95643,'CDMX','CDMX',745,'Avenida Álvaro Obregón','Mexico','http://dummyimage.com/241x100.png/cc0000/ffffff',40,4);
INSERT INTO AgenteTele(CURPAgente,IdPiso,IdCurso,RFCCliente,IdSala,CURPEntrenador,IdEdificio,NombreC,FechaNac,Horario,CP,Ciudad,Estado,Numero,Calle,Pais,Fotografia,PagoAgente,Evaluacion) VALUES ('QFI629702FWCQK39',15,1,'HCE678692PS6',62,'VJQ037276TPCXX98',1,'Libby Sheepy','1997-10-07','Vespertino',60433,'CDMX','CDMX',195,'Avenida Presidente Masaryk','Mexico','http://dummyimage.com/224x100.png/dddddd/000000',40,2);
INSERT INTO AgenteTele(CURPAgente,IdPiso,IdCurso,RFCCliente,IdSala,CURPEntrenador,IdEdificio,NombreC,FechaNac,Horario,CP,Ciudad,Estado,Numero,Calle,Pais,Fotografia,PagoAgente,Evaluacion) VALUES ('DCG842926ACADM12',9,3,'BAP039629UR8',41,'KQJ109191WTWRZ35',1,'Bridget Spratt','1989-06-22','Matutino',92015,'CDMX','CDMX',66288,'Calle Madero','Mexico','http://dummyimage.com/173x100.png/ff4444/ffffff',40,4);
INSERT INTO AgenteTele(CURPAgente,IdPiso,IdCurso,RFCCliente,IdSala,CURPEntrenador,IdEdificio,NombreC,FechaNac,Horario,CP,Ciudad,Estado,Numero,Calle,Pais,Fotografia,PagoAgente,Evaluacion) VALUES ('OPP925651CLUSR18',15,1,'HCE678692PS6',62,'VJQ037276TPCXX98',1,'Zachary Scutchings','1994-03-31','Vespertino',92880,'CDMX','CDMX',7244,'Avenida Juárez','Mexico','http://dummyimage.com/139x100.png/cc0000/ffffff',40,1);
INSERT INTO AgenteTele(CURPAgente,IdPiso,IdCurso,RFCCliente,IdSala,CURPEntrenador,IdEdificio,NombreC,FechaNac,Horario,CP,Ciudad,Estado,Numero,Calle,Pais,Fotografia,PagoAgente,Evaluacion) VALUES ('MOZ572863ZCZLT42',9,3,'BAP039629UR8',41,'KQJ109191WTWRZ35',1,'Roxanne Ollet','1989-12-04','Vespertino',87024,'CDMX','CDMX',96,'Avenida Álvaro Obregón','Mexico','http://dummyimage.com/117x100.png/5fa2dd/ffffff',40,9);
INSERT INTO AgenteTele(CURPAgente,IdPiso,IdCurso,RFCCliente,IdSala,CURPEntrenador,IdEdificio,NombreC,FechaNac,Horario,CP,Ciudad,Estado,Numero,Calle,Pais,Fotografia,PagoAgente,Evaluacion) VALUES ('OHM227005QOPEZ13',2,4,'YEI079256PP6',118,'CPI302573GVVDN91',2,'Antoni Romaines','1982-03-21','Vespertino',30815,'CDMX','CDMX',86956,'Paseo de la Reforma','Mexico','http://dummyimage.com/110x100.png/dddddd/000000',40,10);
INSERT INTO AgenteTele(CURPAgente,IdPiso,IdCurso,RFCCliente,IdSala,CURPEntrenador,IdEdificio,NombreC,FechaNac,Horario,CP,Ciudad,Estado,Numero,Calle,Pais,Fotografia,PagoAgente,Evaluacion) VALUES ('NLQ668850IAXLM76',14,2,'BQNV154049LX8',124,'ZQT637913WDFHB36',2,'Rouvin McGuiney','1991-10-03','Matutino',65600,'CDMX','CDMX',7651,'Paseo de la Reforma','Mexico','http://dummyimage.com/140x100.png/5fa2dd/ffffff',40,1);
INSERT INTO AgenteTele(CURPAgente,IdPiso,IdCurso,RFCCliente,IdSala,CURPEntrenador,IdEdificio,NombreC,FechaNac,Horario,CP,Ciudad,Estado,Numero,Calle,Pais,Fotografia,PagoAgente,Evaluacion) VALUES ('YDE357105ULASF58',9,3,'BAP039629UR8',41,'KQJ109191WTWRZ35',1,'Benjy Prime','1987-05-19','Matutino',71730,'CDMX','CDMX',73113,'Calle Génova','Mexico','http://dummyimage.com/189x100.png/dddddd/000000',40,8);
INSERT INTO AgenteTele(CURPAgente,IdPiso,IdCurso,RFCCliente,IdSala,CURPEntrenador,IdEdificio,NombreC,FechaNac,Horario,CP,Ciudad,Estado,Numero,Calle,Pais,Fotografia,PagoAgente,Evaluacion) VALUES ('LOH824075NATPR65',15,1,'HCE678692PS6',62,'VJQ037276TPCXX98',1,'Emory Lishman','1982-03-24','Matutino',62577,'CDMX','CDMX',4,'Avenida Ámsterdam','Mexico','http://dummyimage.com/172x100.png/ff4444/ffffff',40,7);
INSERT INTO AgenteTele(CURPAgente,IdPiso,IdCurso,RFCCliente,IdSala,CURPEntrenador,IdEdificio,NombreC,FechaNac,Horario,CP,Ciudad,Estado,Numero,Calle,Pais,Fotografia,PagoAgente,Evaluacion) VALUES ('TCE395788FBOBH38',15,1,'HCE678692PS6',62,'VJQ037276TPCXX98',1,'Laurens Tettley','1982-07-05','Vespertino',38260,'CDMX','CDMX',7895,'Paseo de la Reforma','Mexico','http://dummyimage.com/153x100.png/cc0000/ffffff',40,4);
INSERT INTO AgenteTele(CURPAgente,IdPiso,IdCurso,RFCCliente,IdSala,CURPEntrenador,IdEdificio,NombreC,FechaNac,Horario,CP,Ciudad,Estado,Numero,Calle,Pais,Fotografia,PagoAgente,Evaluacion) VALUES ('CGK424976WXHRW76',9,3,'BAP039629UR8',41,'KQJ109191WTWRZ35',1,'Cleopatra Kaesmans','1996-10-19','Vespertino',38260,'CDMX','CDMX',0494,'Calle Génova','Mexico','http://dummyimage.com/230x100.png/dddddd/000000',40,0);
INSERT INTO AgenteTele(CURPAgente,IdPiso,IdCurso,RFCCliente,IdSala,CURPEntrenador,IdEdificio,NombreC,FechaNac,Horario,CP,Ciudad,Estado,Numero,Calle,Pais,Fotografia,PagoAgente,Evaluacion) VALUES ('RFX276754JBFRD28',15,1,'HCE678692PS6',62,'VJQ037276TPCXX98',1,'Darrell Scholard','2002-02-25','Vespertino',39250,'CDMX','CDMX',611,'Paseo de la Reforma','Mexico','http://dummyimage.com/197x100.png/dddddd/000000',40,2);
INSERT INTO AgenteTele(CURPAgente,IdPiso,IdCurso,RFCCliente,IdSala,CURPEntrenador,IdEdificio,NombreC,FechaNac,Horario,CP,Ciudad,Estado,Numero,Calle,Pais,Fotografia,PagoAgente,Evaluacion) VALUES ('AKX785454WLDTQ22',15,1,'HCE678692PS6',62,'VJQ037276TPCXX98',1,'D''arcy de Bullion','1998-11-10','Matutino',47203,'CDMX','CDMX',7,'Calle Regina','Mexico','http://dummyimage.com/141x100.png/ff4444/ffffff',40,1);
INSERT INTO AgenteTele(CURPAgente,IdPiso,IdCurso,RFCCliente,IdSala,CURPEntrenador,IdEdificio,NombreC,FechaNac,Horario,CP,Ciudad,Estado,Numero,Calle,Pais,Fotografia,PagoAgente,Evaluacion) VALUES ('LVY046256QXJDN01',15,1,'HCE678692PS6',62,'VJQ037276TPCXX98',1,'Anneliese Durek','1994-01-09','Vespertino',29557,'CDMX','CDMX',145,'Calle Regina','Mexico','http://dummyimage.com/196x100.png/ff4444/ffffff',40,0);
INSERT INTO AgenteTele(CURPAgente,IdPiso,IdCurso,RFCCliente,IdSala,CURPEntrenador,IdEdificio,NombreC,FechaNac,Horario,CP,Ciudad,Estado,Numero,Calle,Pais,Fotografia,PagoAgente,Evaluacion) VALUES ('QXQ636579ZIIRM52',9,3,'BAP039629UR8',41,'KQJ109191WTWRZ35',1,'Jarrid Kinkaid','2001-08-16','Vespertino',94324,'CDMX','CDMX',39,'Calle Génova','Mexico','http://dummyimage.com/244x100.png/dddddd/000000',40,10);
INSERT INTO AgenteTele(CURPAgente,IdPiso,IdCurso,RFCCliente,IdSala,CURPEntrenador,IdEdificio,NombreC,FechaNac,Horario,CP,Ciudad,Estado,Numero,Calle,Pais,Fotografia,PagoAgente,Evaluacion) VALUES ('PAD083239MDAAK08',3,5,'AAD282786GE0',38,'EJW320090LUIRX20',1,'Sara-ann Perico','1999-11-01','Matutino',33980,'CDMX','CDMX',97,'Avenida Presidente Masaryk','Mexico','http://dummyimage.com/185x100.png/ff4444/ffffff',40,4);
INSERT INTO AgenteTele(CURPAgente,IdPiso,IdCurso,RFCCliente,IdSala,CURPEntrenador,IdEdificio,NombreC,FechaNac,Horario,CP,Ciudad,Estado,Numero,Calle,Pais,Fotografia,PagoAgente,Evaluacion) VALUES ('SFC502226PVOYW22',15,1,'HCE678692PS6',62,'VJQ037276TPCXX98',1,'Jehu Studd','2001-04-20','Vespertino',39230,'CDMX','CDMX',41858,'Avenida Ámsterdam','Mexico','http://dummyimage.com/224x100.png/ff4444/ffffff',40,7);
INSERT INTO AgenteTele(CURPAgente,IdPiso,IdCurso,RFCCliente,IdSala,CURPEntrenador,IdEdificio,NombreC,FechaNac,Horario,CP,Ciudad,Estado,Numero,Calle,Pais,Fotografia,PagoAgente,Evaluacion) VALUES ('RNZ151443NADGN17',2,4,'YEI079256PP6',118,'CPI302573GVVDN91',2,'Tandi Pendred','1986-10-12','Matutino',36352,'CDMX','CDMX',5,'Calle Regina','Mexico','http://dummyimage.com/219x100.png/cc0000/ffffff',40,9);
INSERT INTO AgenteTele(CURPAgente,IdPiso,IdCurso,RFCCliente,IdSala,CURPEntrenador,IdEdificio,NombreC,FechaNac,Horario,CP,Ciudad,Estado,Numero,Calle,Pais,Fotografia,PagoAgente,Evaluacion) VALUES ('KEJ515126ZJPTH20',14,2,'BQNV154049LX8',124,'ZQT637913WDFHB36',2,'Felicia Eddicott','1981-05-18','Matutino',93439,'CDMX','CDMX',47,'Avenida Presidente Masaryk','Mexico','http://dummyimage.com/143x100.png/dddddd/000000',40,6);
INSERT INTO AgenteTele(CURPAgente,IdPiso,IdCurso,RFCCliente,IdSala,CURPEntrenador,IdEdificio,NombreC,FechaNac,Horario,CP,Ciudad,Estado,Numero,Calle,Pais,Fotografia,PagoAgente,Evaluacion) VALUES ('CSU438640YZZNK79',3,5,'AAD282786GE0',38,'EJW320090LUIRX20',1,'Stace Bidder','1997-07-14','Vespertino',72089,'CDMX','CDMX',2513,'Avenida Juárez','Mexico','http://dummyimage.com/138x100.png/ff4444/ffffff',40,0);
INSERT INTO AgenteTele(CURPAgente,IdPiso,IdCurso,RFCCliente,IdSala,CURPEntrenador,IdEdificio,NombreC,FechaNac,Horario,CP,Ciudad,Estado,Numero,Calle,Pais,Fotografia,PagoAgente,Evaluacion) VALUES ('PSA367043ZURLI77',2,4,'YEI079256PP6',118,'CPI302573GVVDN91',2,'Tanner Abberley','1990-05-24','Vespertino',33980,'CDMX','CDMX',4039,'Avenida Presidente Masaryk','Mexico','http://dummyimage.com/225x100.png/dddddd/000000',40,6);
INSERT INTO AgenteTele(CURPAgente,IdPiso,IdCurso,RFCCliente,IdSala,CURPEntrenador,IdEdificio,NombreC,FechaNac,Horario,CP,Ciudad,Estado,Numero,Calle,Pais,Fotografia,PagoAgente,Evaluacion) VALUES ('DIT592580KPFDT66',15,1,'HCE678692PS6',62,'VJQ037276TPCXX98',1,'Elizabet Halleday','1985-01-29','Vespertino',83450,'CDMX','CDMX',98103,'Paseo de la Reforma','Mexico','http://dummyimage.com/125x100.png/ff4444/ffffff',40,8);
INSERT INTO AgenteTele(CURPAgente,IdPiso,IdCurso,RFCCliente,IdSala,CURPEntrenador,IdEdificio,NombreC,FechaNac,Horario,CP,Ciudad,Estado,Numero,Calle,Pais,Fotografia,PagoAgente,Evaluacion) VALUES ('PES814498YNZVJ68',9,3,'BAP039629UR8',41,'KQJ109191WTWRZ35',1,'Fanechka Bridie','1993-04-25','Matutino',56617,'CDMX','CDMX',86974,'Avenida Juárez','Mexico','http://dummyimage.com/198x100.png/dddddd/000000',40,1);
INSERT INTO AgenteTele(CURPAgente,IdPiso,IdCurso,RFCCliente,IdSala,CURPEntrenador,IdEdificio,NombreC,FechaNac,Horario,CP,Ciudad,Estado,Numero,Calle,Pais,Fotografia,PagoAgente,Evaluacion) VALUES ('ASQ565820PISXW15',15,1,'HCE678692PS6',62,'VJQ037276TPCXX98',1,'Benjie Rogez','2001-09-28','Vespertino',27040,'CDMX','CDMX',924,'Avenida Álvaro Obregón','Mexico','http://dummyimage.com/129x100.png/cc0000/ffffff',40,2);
INSERT INTO AgenteTele(CURPAgente,IdPiso,IdCurso,RFCCliente,IdSala,CURPEntrenador,IdEdificio,NombreC,FechaNac,Horario,CP,Ciudad,Estado,Numero,Calle,Pais,Fotografia,PagoAgente,Evaluacion) VALUES ('CJB569360RZPWG00',15,1,'HCE678692PS6',62,'VJQ037276TPCXX98',1,'Dolorita Pantecost','1988-04-30','Vespertino',83553,'CDMX','CDMX',720,'Paseo de la Reforma','Mexico','http://dummyimage.com/149x100.png/5fa2dd/ffffff',40,0);
INSERT INTO AgenteTele(CURPAgente,IdPiso,IdCurso,RFCCliente,IdSala,CURPEntrenador,IdEdificio,NombreC,FechaNac,Horario,CP,Ciudad,Estado,Numero,Calle,Pais,Fotografia,PagoAgente,Evaluacion) VALUES ('NKS351612VMEXV31',15,1,'HCE678692PS6',62,'VJQ037276TPCXX98',1,'Brunhilde Chattock','2002-04-16','Vespertino',29952,'CDMX','CDMX',86976,'Calle Madero','Mexico','http://dummyimage.com/232x100.png/dddddd/000000',40,7);
INSERT INTO AgenteTele(CURPAgente,IdPiso,IdCurso,RFCCliente,IdSala,CURPEntrenador,IdEdificio,NombreC,FechaNac,Horario,CP,Ciudad,Estado,Numero,Calle,Pais,Fotografia,PagoAgente,Evaluacion) VALUES ('HYU976378BOEJZ74',2,4,'YEI079256PP6',118,'CPI302573GVVDN91',2,'Vernor Hegerty','1996-09-12','Vespertino',88736,'CDMX','CDMX',36,'Avenida Juárez','Mexico','http://dummyimage.com/145x100.png/dddddd/000000',40,2);

