INSERT INTO Edificio(IdEdificio,Pais,Estado,Ciudad,Calle,Numero,CP) VALUES (1,'Mexico','CDMX','CDMX','Calle Madero',03239,31540);
INSERT INTO Edificio(IdEdificio,Pais,Estado,Ciudad,Calle,Numero,CP) VALUES (2,'Mexico','CDMX','CDMX','Paseo de la Reforma',997,40070);

INSERT INTO Piso(IdEdificio,IdPiso,Estatus) VALUES (1,1,'Disponible');
INSERT INTO Piso(IdEdificio,IdPiso,Estatus) VALUES (2,2,'Disponible');
INSERT INTO Piso(IdEdificio,IdPiso,Estatus) VALUES (1,3,'Ocupado');
INSERT INTO Piso(IdEdificio,IdPiso,Estatus) VALUES (2,4,'Ocupado');
INSERT INTO Piso(IdEdificio,IdPiso,Estatus) VALUES (1,5,'Disponible');
INSERT INTO Piso(IdEdificio,IdPiso,Estatus) VALUES (2,6,'Disponible');
INSERT INTO Piso(IdEdificio,IdPiso,Estatus) VALUES (1,7,'Ocupado');
INSERT INTO Piso(IdEdificio,IdPiso,Estatus) VALUES (2,8,'Disponible');
INSERT INTO Piso(IdEdificio,IdPiso,Estatus) VALUES (1,9,'Disponible');
INSERT INTO Piso(IdEdificio,IdPiso,Estatus) VALUES (2,10,'Ocupado');
INSERT INTO Piso(IdEdificio,IdPiso,Estatus) VALUES (1,11,'Disponible');
INSERT INTO Piso(IdEdificio,IdPiso,Estatus) VALUES (2,12,'Disponible');
INSERT INTO Piso(IdEdificio,IdPiso,Estatus) VALUES (1,13,'Ocupado');
INSERT INTO Piso(IdEdificio,IdPiso,Estatus) VALUES (2,14,'Disponible');
INSERT INTO Piso(IdEdificio,IdPiso,Estatus) VALUES (1,15,'Disponible');
INSERT INTO Piso(IdEdificio,IdPiso,Estatus) VALUES (2,16,'Disponible');
INSERT INTO Piso(IdEdificio,IdPiso,Estatus) VALUES (1,17,'Ocupado');
INSERT INTO Piso(IdEdificio,IdPiso,Estatus) VALUES (2,18,'Ocupado');

INSERT INTO Sala(IdSala,IdPiso,IdEdificio,Costo,Tipo) VALUES (1,1,1,5000,'Operaciones');
INSERT INTO Sala(IdSala,IdPiso,IdEdificio,Costo,Tipo) VALUES (2,3,1,5000,'Operaciones');
INSERT INTO Sala(IdSala,IdPiso,IdEdificio,Costo,Tipo) VALUES (3,5,1,5000,'Operaciones');
INSERT INTO Sala(IdSala,IdPiso,IdEdificio,Costo,Tipo) VALUES (4,7,1,5000,'Operaciones');
INSERT INTO Sala(IdSala,IdPiso,IdEdificio,Costo,Tipo) VALUES (5,9,1,5000,'Entrenamiento');
INSERT INTO Sala(IdSala,IdPiso,IdEdificio,Costo,Tipo) VALUES (6,11,1,5000,'Entrenamiento');
INSERT INTO Sala(IdSala,IdPiso,IdEdificio,Costo,Tipo) VALUES (7,13,1,5000,'Entrenamiento');
INSERT INTO Sala(IdSala,IdPiso,IdEdificio,Costo,Tipo) VALUES (8,15,1,5000,'Entrenamiento');
INSERT INTO Sala(IdSala,IdPiso,IdEdificio,Costo,Tipo) VALUES (9,17,1,5000,'Entrenamiento');
INSERT INTO Sala(IdSala,IdPiso,IdEdificio,Costo,Tipo) VALUES (10,2,2,5000,'Operaciones');
INSERT INTO Sala(IdSala,IdPiso,IdEdificio,Costo,Tipo) VALUES (11,4,2,5000,'Operaciones');
INSERT INTO Sala(IdSala,IdPiso,IdEdificio,Costo,Tipo) VALUES (12,6,2,5000,'Operaciones');
INSERT INTO Sala(IdSala,IdPiso,IdEdificio,Costo,Tipo) VALUES (13,8,2,5000,'Operaciones');
INSERT INTO Sala(IdSala,IdPiso,IdEdificio,Costo,Tipo) VALUES (14,10,2,5000,'Entrenamiento');
INSERT INTO Sala(IdSala,IdPiso,IdEdificio,Costo,Tipo) VALUES (15,12,2,5000,'Entrenamiento');
INSERT INTO Sala(IdSala,IdPiso,IdEdificio,Costo,Tipo) VALUES (16,14,2,5000,'Entrenamiento');
INSERT INTO Sala(IdSala,IdPiso,IdEdificio,Costo,Tipo) VALUES (17,16,2,5000,'Entrenamiento');
INSERT INTO Sala(IdSala,IdPiso,IdEdificio,Costo,Tipo) VALUES (18,18,2,5000,'Entrenamiento');
INSERT INTO Sala(IdSala,IdPiso,IdEdificio,Costo,Tipo) VALUES (19,1,1,5000,'Operaciones');
INSERT INTO Sala(IdSala,IdPiso,IdEdificio,Costo,Tipo) VALUES (20,3,1,5000,'Operaciones');
INSERT INTO Sala(IdSala,IdPiso,IdEdificio,Costo,Tipo) VALUES (21,5,1,5000,'Operaciones');
INSERT INTO Sala(IdSala,IdPiso,IdEdificio,Costo,Tipo) VALUES (22,7,1,5000,'Operaciones');
INSERT INTO Sala(IdSala,IdPiso,IdEdificio,Costo,Tipo) VALUES (23,9,1,5000,'Entrenamiento');
INSERT INTO Sala(IdSala,IdPiso,IdEdificio,Costo,Tipo) VALUES (24,11,1,5000,'Entrenamiento');
INSERT INTO Sala(IdSala,IdPiso,IdEdificio,Costo,Tipo) VALUES (25,13,1,5000,'Entrenamiento');
INSERT INTO Sala(IdSala,IdPiso,IdEdificio,Costo,Tipo) VALUES (26,15,1,5000,'Entrenamiento');
INSERT INTO Sala(IdSala,IdPiso,IdEdificio,Costo,Tipo) VALUES (27,17,1,5000,'Entrenamiento');
INSERT INTO Sala(IdSala,IdPiso,IdEdificio,Costo,Tipo) VALUES (28,2,2,5000,'Operaciones');
INSERT INTO Sala(IdSala,IdPiso,IdEdificio,Costo,Tipo) VALUES (29,4,2,5000,'Operaciones');
INSERT INTO Sala(IdSala,IdPiso,IdEdificio,Costo,Tipo) VALUES (30,6,2,5000,'Operaciones');
INSERT INTO Sala(IdSala,IdPiso,IdEdificio,Costo,Tipo) VALUES (31,8,2,5000,'Operaciones');
INSERT INTO Sala(IdSala,IdPiso,IdEdificio,Costo,Tipo) VALUES (32,10,2,5000,'Entrenamiento');
INSERT INTO Sala(IdSala,IdPiso,IdEdificio,Costo,Tipo) VALUES (33,12,2,5000,'Entrenamiento');
INSERT INTO Sala(IdSala,IdPiso,IdEdificio,Costo,Tipo) VALUES (34,14,2,5000,'Entrenamiento');
INSERT INTO Sala(IdSala,IdPiso,IdEdificio,Costo,Tipo) VALUES (35,16,2,5000,'Entrenamiento');
INSERT INTO Sala(IdSala,IdPiso,IdEdificio,Costo,Tipo) VALUES (36,18,2,5000,'Entrenamiento');
INSERT INTO Sala(IdSala,IdPiso,IdEdificio,Costo,Tipo) VALUES (37,1,1,5000,'Operaciones');
INSERT INTO Sala(IdSala,IdPiso,IdEdificio,Costo,Tipo) VALUES (38,3,1,5000,'Operaciones');
INSERT INTO Sala(IdSala,IdPiso,IdEdificio,Costo,Tipo) VALUES (39,5,1,5000,'Operaciones');
INSERT INTO Sala(IdSala,IdPiso,IdEdificio,Costo,Tipo) VALUES (40,7,1,5000,'Operaciones');
INSERT INTO Sala(IdSala,IdPiso,IdEdificio,Costo,Tipo) VALUES (41,9,1,5000,'Entrenamiento');
INSERT INTO Sala(IdSala,IdPiso,IdEdificio,Costo,Tipo) VALUES (42,11,1,5000,'Entrenamiento');
INSERT INTO Sala(IdSala,IdPiso,IdEdificio,Costo,Tipo) VALUES (43,13,1,5000,'Entrenamiento');
INSERT INTO Sala(IdSala,IdPiso,IdEdificio,Costo,Tipo) VALUES (44,15,1,5000,'Entrenamiento');
INSERT INTO Sala(IdSala,IdPiso,IdEdificio,Costo,Tipo) VALUES (45,17,1,5000,'Entrenamiento');
INSERT INTO Sala(IdSala,IdPiso,IdEdificio,Costo,Tipo) VALUES (46,2,2,5000,'Operaciones');
INSERT INTO Sala(IdSala,IdPiso,IdEdificio,Costo,Tipo) VALUES (47,4,2,5000,'Operaciones');
INSERT INTO Sala(IdSala,IdPiso,IdEdificio,Costo,Tipo) VALUES (48,6,2,5000,'Operaciones');
INSERT INTO Sala(IdSala,IdPiso,IdEdificio,Costo,Tipo) VALUES (49,8,2,5000,'Operaciones');
INSERT INTO Sala(IdSala,IdPiso,IdEdificio,Costo,Tipo) VALUES (50,10,2,5000,'Entrenamiento');
INSERT INTO Sala(IdSala,IdPiso,IdEdificio,Costo,Tipo) VALUES (51,12,2,5000,'Entrenamiento');
INSERT INTO Sala(IdSala,IdPiso,IdEdificio,Costo,Tipo) VALUES (52,14,2,5000,'Entrenamiento');
INSERT INTO Sala(IdSala,IdPiso,IdEdificio,Costo,Tipo) VALUES (53,16,2,5000,'Entrenamiento');
INSERT INTO Sala(IdSala,IdPiso,IdEdificio,Costo,Tipo) VALUES (54,18,2,5000,'Entrenamiento');
INSERT INTO Sala(IdSala,IdPiso,IdEdificio,Costo,Tipo) VALUES (55,1,1,5000,'Operaciones');
INSERT INTO Sala(IdSala,IdPiso,IdEdificio,Costo,Tipo) VALUES (56,3,1,5000,'Operaciones');
INSERT INTO Sala(IdSala,IdPiso,IdEdificio,Costo,Tipo) VALUES (57,5,1,5000,'Operaciones');
INSERT INTO Sala(IdSala,IdPiso,IdEdificio,Costo,Tipo) VALUES (58,7,1,5000,'Operaciones');
INSERT INTO Sala(IdSala,IdPiso,IdEdificio,Costo,Tipo) VALUES (59,9,1,5000,'Entrenamiento');
INSERT INTO Sala(IdSala,IdPiso,IdEdificio,Costo,Tipo) VALUES (60,11,1,5000,'Entrenamiento');
INSERT INTO Sala(IdSala,IdPiso,IdEdificio,Costo,Tipo) VALUES (61,13,1,5000,'Entrenamiento');
INSERT INTO Sala(IdSala,IdPiso,IdEdificio,Costo,Tipo) VALUES (62,15,1,5000,'Entrenamiento');
INSERT INTO Sala(IdSala,IdPiso,IdEdificio,Costo,Tipo) VALUES (63,17,1,5000,'Entrenamiento');
INSERT INTO Sala(IdSala,IdPiso,IdEdificio,Costo,Tipo) VALUES (64,2,2,5000,'Operaciones');
INSERT INTO Sala(IdSala,IdPiso,IdEdificio,Costo,Tipo) VALUES (65,4,2,5000,'Operaciones');
INSERT INTO Sala(IdSala,IdPiso,IdEdificio,Costo,Tipo) VALUES (66,6,2,5000,'Operaciones');
INSERT INTO Sala(IdSala,IdPiso,IdEdificio,Costo,Tipo) VALUES (67,8,2,5000,'Operaciones');
INSERT INTO Sala(IdSala,IdPiso,IdEdificio,Costo,Tipo) VALUES (68,10,2,5000,'Entrenamiento');
INSERT INTO Sala(IdSala,IdPiso,IdEdificio,Costo,Tipo) VALUES (69,12,2,5000,'Entrenamiento');
INSERT INTO Sala(IdSala,IdPiso,IdEdificio,Costo,Tipo) VALUES (70,14,2,5000,'Entrenamiento');
INSERT INTO Sala(IdSala,IdPiso,IdEdificio,Costo,Tipo) VALUES (71,16,2,5000,'Entrenamiento');
INSERT INTO Sala(IdSala,IdPiso,IdEdificio,Costo,Tipo) VALUES (72,18,2,5000,'Entrenamiento');
INSERT INTO Sala(IdSala,IdPiso,IdEdificio,Costo,Tipo) VALUES (73,1,1,5000,'Entrenamiento');
INSERT INTO Sala(IdSala,IdPiso,IdEdificio,Costo,Tipo) VALUES (74,3,1,5000,'Entrenamiento');
INSERT INTO Sala(IdSala,IdPiso,IdEdificio,Costo,Tipo) VALUES (75,5,1,5000,'Entrenamiento');
INSERT INTO Sala(IdSala,IdPiso,IdEdificio,Costo,Tipo) VALUES (76,7,1,5000,'Entrenamiento');
INSERT INTO Sala(IdSala,IdPiso,IdEdificio,Costo,Tipo) VALUES (77,9,1,5000,'Entrenamiento');
INSERT INTO Sala(IdSala,IdPiso,IdEdificio,Costo,Tipo) VALUES (78,11,1,5000,'Entrenamiento');
INSERT INTO Sala(IdSala,IdPiso,IdEdificio,Costo,Tipo) VALUES (79,13,1,5000,'Entrenamiento');
INSERT INTO Sala(IdSala,IdPiso,IdEdificio,Costo,Tipo) VALUES (80,15,1,5000,'Entrenamiento');
INSERT INTO Sala(IdSala,IdPiso,IdEdificio,Costo,Tipo) VALUES (81,17,1,5000,'Entrenamiento');
INSERT INTO Sala(IdSala,IdPiso,IdEdificio,Costo,Tipo) VALUES (82,2,2,5000,'Entrenamiento');
INSERT INTO Sala(IdSala,IdPiso,IdEdificio,Costo,Tipo) VALUES (83,4,2,5000,'Entrenamiento');
INSERT INTO Sala(IdSala,IdPiso,IdEdificio,Costo,Tipo) VALUES (84,6,2,5000,'Entrenamiento');
INSERT INTO Sala(IdSala,IdPiso,IdEdificio,Costo,Tipo) VALUES (85,8,2,5000,'Entrenamiento');
INSERT INTO Sala(IdSala,IdPiso,IdEdificio,Costo,Tipo) VALUES (86,10,2,5000,'Entrenamiento');
INSERT INTO Sala(IdSala,IdPiso,IdEdificio,Costo,Tipo) VALUES (87,12,2,5000,'Entrenamiento');
INSERT INTO Sala(IdSala,IdPiso,IdEdificio,Costo,Tipo) VALUES (88,14,2,5000,'Entrenamiento');
INSERT INTO Sala(IdSala,IdPiso,IdEdificio,Costo,Tipo) VALUES (89,16,2,5000,'Entrenamiento');
INSERT INTO Sala(IdSala,IdPiso,IdEdificio,Costo,Tipo) VALUES (90,18,2,5000,'Entrenamiento');
INSERT INTO Sala(IdSala,IdPiso,IdEdificio,Costo,Tipo) VALUES (91,1,1,5000,'Entrenamiento');
INSERT INTO Sala(IdSala,IdPiso,IdEdificio,Costo,Tipo) VALUES (92,3,1,5000,'Entrenamiento');
INSERT INTO Sala(IdSala,IdPiso,IdEdificio,Costo,Tipo) VALUES (93,5,1,5000,'Entrenamiento');
INSERT INTO Sala(IdSala,IdPiso,IdEdificio,Costo,Tipo) VALUES (94,7,1,5000,'Entrenamiento');
INSERT INTO Sala(IdSala,IdPiso,IdEdificio,Costo,Tipo) VALUES (95,9,1,5000,'Entrenamiento');
INSERT INTO Sala(IdSala,IdPiso,IdEdificio,Costo,Tipo) VALUES (96,11,1,5000,'Entrenamiento');
INSERT INTO Sala(IdSala,IdPiso,IdEdificio,Costo,Tipo) VALUES (97,13,1,5000,'Entrenamiento');
INSERT INTO Sala(IdSala,IdPiso,IdEdificio,Costo,Tipo) VALUES (98,15,1,5000,'Entrenamiento');
INSERT INTO Sala(IdSala,IdPiso,IdEdificio,Costo,Tipo) VALUES (99,17,1,5000,'Entrenamiento');
INSERT INTO Sala(IdSala,IdPiso,IdEdificio,Costo,Tipo) VALUES (100,2,2,5000,'Entrenamiento');
INSERT INTO Sala(IdSala,IdPiso,IdEdificio,Costo,Tipo) VALUES (101,4,2,5000,'Entrenamiento');
INSERT INTO Sala(IdSala,IdPiso,IdEdificio,Costo,Tipo) VALUES (102,6,2,5000,'Entrenamiento');
INSERT INTO Sala(IdSala,IdPiso,IdEdificio,Costo,Tipo) VALUES (103,8,2,5000,'Entrenamiento');
INSERT INTO Sala(IdSala,IdPiso,IdEdificio,Costo,Tipo) VALUES (104,10,2,5000,'Entrenamiento');
INSERT INTO Sala(IdSala,IdPiso,IdEdificio,Costo,Tipo) VALUES (105,12,2,5000,'Entrenamiento');
INSERT INTO Sala(IdSala,IdPiso,IdEdificio,Costo,Tipo) VALUES (106,14,2,5000,'Entrenamiento');
INSERT INTO Sala(IdSala,IdPiso,IdEdificio,Costo,Tipo) VALUES (107,16,2,5000,'Entrenamiento');
INSERT INTO Sala(IdSala,IdPiso,IdEdificio,Costo,Tipo) VALUES (108,18,2,5000,'Entrenamiento');
INSERT INTO Sala(IdSala,IdPiso,IdEdificio,Costo,Tipo) VALUES (109,1,1,5000,'Entrenamiento');
INSERT INTO Sala(IdSala,IdPiso,IdEdificio,Costo,Tipo) VALUES (110,3,1,5000,'Entrenamiento');
INSERT INTO Sala(IdSala,IdPiso,IdEdificio,Costo,Tipo) VALUES (111,5,1,5000,'Entrenamiento');
INSERT INTO Sala(IdSala,IdPiso,IdEdificio,Costo,Tipo) VALUES (112,7,1,5000,'Entrenamiento');
INSERT INTO Sala(IdSala,IdPiso,IdEdificio,Costo,Tipo) VALUES (113,9,1,5000,'Entrenamiento');
INSERT INTO Sala(IdSala,IdPiso,IdEdificio,Costo,Tipo) VALUES (114,11,1,5000,'Entrenamiento');
INSERT INTO Sala(IdSala,IdPiso,IdEdificio,Costo,Tipo) VALUES (115,13,1,5000,'Entrenamiento');
INSERT INTO Sala(IdSala,IdPiso,IdEdificio,Costo,Tipo) VALUES (116,15,1,5000,'Entrenamiento');
INSERT INTO Sala(IdSala,IdPiso,IdEdificio,Costo,Tipo) VALUES (117,17,1,5000,'Entrenamiento');
INSERT INTO Sala(IdSala,IdPiso,IdEdificio,Costo,Tipo) VALUES (118,2,2,5000,'Entrenamiento');
INSERT INTO Sala(IdSala,IdPiso,IdEdificio,Costo,Tipo) VALUES (119,4,2,5000,'Entrenamiento');
INSERT INTO Sala(IdSala,IdPiso,IdEdificio,Costo,Tipo) VALUES (120,6,2,5000,'Entrenamiento');
INSERT INTO Sala(IdSala,IdPiso,IdEdificio,Costo,Tipo) VALUES (121,8,2,5000,'Entrenamiento');
INSERT INTO Sala(IdSala,IdPiso,IdEdificio,Costo,Tipo) VALUES (122,10,2,5000,'Entrenamiento');
INSERT INTO Sala(IdSala,IdPiso,IdEdificio,Costo,Tipo) VALUES (123,12,2,5000,'Entrenamiento');
INSERT INTO Sala(IdSala,IdPiso,IdEdificio,Costo,Tipo) VALUES (124,14,2,5000,'Entrenamiento');
INSERT INTO Sala(IdSala,IdPiso,IdEdificio,Costo,Tipo) VALUES (125,16,2,5000,'Entrenamiento');
INSERT INTO Sala(IdSala,IdPiso,IdEdificio,Costo,Tipo) VALUES (126,18,2,5000,'Entrenamiento');
INSERT INTO Sala(IdSala,IdPiso,IdEdificio,Costo,Tipo) VALUES (127,1,1,5000,'Entrenamiento');
INSERT INTO Sala(IdSala,IdPiso,IdEdificio,Costo,Tipo) VALUES (128,3,1,5000,'Entrenamiento');
INSERT INTO Sala(IdSala,IdPiso,IdEdificio,Costo,Tipo) VALUES (129,5,1,5000,'Entrenamiento');
INSERT INTO Sala(IdSala,IdPiso,IdEdificio,Costo,Tipo) VALUES (130,7,1,5000,'Entrenamiento');
INSERT INTO Sala(IdSala,IdPiso,IdEdificio,Costo,Tipo) VALUES (131,9,1,5000,'Entrenamiento');
INSERT INTO Sala(IdSala,IdPiso,IdEdificio,Costo,Tipo) VALUES (132,11,1,5000,'Entrenamiento');
INSERT INTO Sala(IdSala,IdPiso,IdEdificio,Costo,Tipo) VALUES (133,13,1,5000,'Entrenamiento');
INSERT INTO Sala(IdSala,IdPiso,IdEdificio,Costo,Tipo) VALUES (134,15,1,5000,'Entrenamiento');
INSERT INTO Sala(IdSala,IdPiso,IdEdificio,Costo,Tipo) VALUES (135,17,1,5000,'Entrenamiento');
INSERT INTO Sala(IdSala,IdPiso,IdEdificio,Costo,Tipo) VALUES (136,2,2,5000,'Entrenamiento');
INSERT INTO Sala(IdSala,IdPiso,IdEdificio,Costo,Tipo) VALUES (137,4,2,5000,'Entrenamiento');
INSERT INTO Sala(IdSala,IdPiso,IdEdificio,Costo,Tipo) VALUES (138,6,2,5000,'Entrenamiento');
INSERT INTO Sala(IdSala,IdPiso,IdEdificio,Costo,Tipo) VALUES (139,8,2,5000,'Entrenamiento');
INSERT INTO Sala(IdSala,IdPiso,IdEdificio,Costo,Tipo) VALUES (140,10,2,5000,'Entrenamiento');
INSERT INTO Sala(IdSala,IdPiso,IdEdificio,Costo,Tipo) VALUES (141,12,2,5000,'Entrenamiento');
INSERT INTO Sala(IdSala,IdPiso,IdEdificio,Costo,Tipo) VALUES (142,14,2,5000,'Entrenamiento');
INSERT INTO Sala(IdSala,IdPiso,IdEdificio,Costo,Tipo) VALUES (143,16,2,5000,'Entrenamiento');
INSERT INTO Sala(IdSala,IdPiso,IdEdificio,Costo,Tipo) VALUES (144,18,2,5000,'Entrenamiento');


INSERT INTO Cliente(RFC,AliasCliente,RazonSocial) VALUES ('AVH966179VU3','Rodriguez Inc','Moral');
INSERT INTO Cliente(RFC,AliasCliente,RazonSocial) VALUES ('NQX396228SR8','Beatty and Sons','Moral');
INSERT INTO Cliente(RFC,AliasCliente,RazonSocial) VALUES ('SQQ248665GM8','Muller Inc','Moral');
INSERT INTO Cliente(RFC,AliasCliente,RazonSocial) VALUES ('AOW198194KU1','Feil-Wisoky','Moral');
INSERT INTO Cliente(RFC,AliasCliente,RazonSocial) VALUES ('HCE678692PS6','Hamill-Yost','Moral');
INSERT INTO Cliente(RFC,AliasCliente,RazonSocial) VALUES ('WWN937733OA5','Konopelski Group','Moral');
INSERT INTO Cliente(RFC,AliasCliente,RazonSocial) VALUES ('HXJ526211YH1','Toy LLC','Moral');
INSERT INTO Cliente(RFC,AliasCliente,RazonSocial) VALUES ('MIO164172DV0','Cormier-Huel','Moral');
INSERT INTO Cliente(RFC,AliasCliente,RazonSocial) VALUES ('CTC550898QF6','Klein-Satterfield','Moral');
INSERT INTO Cliente(RFC,AliasCliente,RazonSocial) VALUES ('FZG219355AR0','Daniel, Heathcote and McLaughlin','Moral');
INSERT INTO Cliente(RFC,AliasCliente,RazonSocial) VALUES ('JDQ968514YW6','Walsh and Sons','Moral');
INSERT INTO Cliente(RFC,AliasCliente,RazonSocial) VALUES ('AAD282786GE0','Herman-Schuppe','Moral');
INSERT INTO Cliente(RFC,AliasCliente,RazonSocial) VALUES ('OXK139385WS8','Luettgen Inc','Moral');
INSERT INTO Cliente(RFC,AliasCliente,RazonSocial) VALUES ('MIO403599ZD1','Stark, Gislason and Schmitt','Moral');
INSERT INTO Cliente(RFC,AliasCliente,RazonSocial) VALUES ('VEU123014UC8','Yundt LLC','Moral');
INSERT INTO Cliente(RFC,AliasCliente,RazonSocial) VALUES ('WLL744199TL7','Wintheiser Group','Moral');
INSERT INTO Cliente(RFC,AliasCliente,RazonSocial) VALUES ('SMG420620IM0','Rowe-Stamm','Moral');
INSERT INTO Cliente(RFC,AliasCliente,RazonSocial) VALUES ('SVP239927CS3','Green, Reynolds and Parisian','Moral');
INSERT INTO Cliente(RFC,AliasCliente,RazonSocial) VALUES ('YEI079256PP6','Howell Group','Moral');
INSERT INTO Cliente(RFC,AliasCliente,RazonSocial) VALUES ('LHN030582QC7','Ondricka-Hodkiewicz','Moral');
INSERT INTO Cliente(RFC,AliasCliente,RazonSocial) VALUES ('IXC842486NW0','Nolan-Beer','Moral');
INSERT INTO Cliente(RFC,AliasCliente,RazonSocial) VALUES ('WRE571305RL8','Bahringer-Jast','Moral');
INSERT INTO Cliente(RFC,AliasCliente,RazonSocial) VALUES ('PCZ980857RT4','Quitzon, Murray and Goldner','Moral');
INSERT INTO Cliente(RFC,AliasCliente,RazonSocial) VALUES ('ZNC957506UX5','Lemke-Watsica','Moral');
INSERT INTO Cliente(RFC,AliasCliente,RazonSocial) VALUES ('QMX123970GV4','Schamberger Group','Moral');
INSERT INTO Cliente(RFC,AliasCliente,RazonSocial) VALUES ('AYV586349VT4','Mann-Bruen','Moral');
INSERT INTO Cliente(RFC,AliasCliente,RazonSocial) VALUES ('EPE900470OW0','Dicki Group','Moral');
INSERT INTO Cliente(RFC,AliasCliente,RazonSocial) VALUES ('HWJ748136QR1','Bernhard LLC','Moral');
INSERT INTO Cliente(RFC,AliasCliente,RazonSocial) VALUES ('DCG003607TG4','Hyatt-Connelly','Moral');
INSERT INTO Cliente(RFC,AliasCliente,RazonSocial) VALUES ('LWZ806839RO9','Dach Inc','Moral');
INSERT INTO Cliente(RFC,AliasCliente,RazonSocial) VALUES ('APW322997ZP5','Zulauf, McClure and Howe','Moral');
INSERT INTO Cliente(RFC,AliasCliente,RazonSocial) VALUES ('EIO210693FV2','Streich, Mann and Kilback','Moral');
INSERT INTO Cliente(RFC,AliasCliente,RazonSocial) VALUES ('JCA866433UU6','Kris LLC','Moral');
INSERT INTO Cliente(RFC,AliasCliente,RazonSocial) VALUES ('FLJ697396FL4','Greenholt, Labadie and Satterfield','Moral');
INSERT INTO Cliente(RFC,AliasCliente,RazonSocial) VALUES ('MVW329070HA8','Wilderman, Koepp and Buckridge','Moral');
INSERT INTO Cliente(RFC,AliasCliente,RazonSocial) VALUES ('ZMJ244195NN2','Schaden Group','Moral');
INSERT INTO Cliente(RFC,AliasCliente,RazonSocial) VALUES ('NBT933444FV3','Streich, Sawayn and Shields','Moral');
INSERT INTO Cliente(RFC,AliasCliente,RazonSocial) VALUES ('FNI560713UZ9','O''Hara and Sons','Moral');
INSERT INTO Cliente(RFC,AliasCliente,RazonSocial) VALUES ('JKP394099AG3','Schulist, Gutmann and Beer','Moral');
INSERT INTO Cliente(RFC,AliasCliente,RazonSocial) VALUES ('WHE037717RU4','Wisozk LLC','Moral');
INSERT INTO Cliente(RFC,AliasCliente,RazonSocial) VALUES ('BAP039629UR8','Wilderman, Crona and Yost','Moral');
INSERT INTO Cliente(RFC,AliasCliente,RazonSocial) VALUES ('RZEF895741EH9','Maxine Jacquemy','Fisica');
INSERT INTO Cliente(RFC,AliasCliente,RazonSocial) VALUES ('GKTC275685XG9','Nichol Delacour','Fisica');
INSERT INTO Cliente(RFC,AliasCliente,RazonSocial) VALUES ('YYIV886222CI7','Yvor Dewfall','Fisica');
INSERT INTO Cliente(RFC,AliasCliente,RazonSocial) VALUES ('MJAI693914ZP0','Enrichetta Vasiltsov','Fisica');
INSERT INTO Cliente(RFC,AliasCliente,RazonSocial) VALUES ('JUMW741966IA2','Anabelle McIan','Fisica');
INSERT INTO Cliente(RFC,AliasCliente,RazonSocial) VALUES ('BQNV154049LX8','Muhammad Lewisham','Fisica');
INSERT INTO Cliente(RFC,AliasCliente,RazonSocial) VALUES ('ZVEQ607855WO6','Victoria Shorbrook','Fisica');
INSERT INTO Cliente(RFC,AliasCliente,RazonSocial) VALUES ('GSMK107276KA6','Arron Campbell-Dunlop','Fisica');
INSERT INTO Cliente(RFC,AliasCliente,RazonSocial) VALUES ('NITJ102243RJ0','Florencia Bourgaize','Fisica');
INSERT INTO Cliente(RFC,AliasCliente,RazonSocial) VALUES ('NNMA569580AB2','Foster Espadate','Fisica');

INSERT INTO TelefonoCliente(RFCCliente,TelefonoCliente) VALUES ('AVH966179VU3',4364045826);
INSERT INTO TelefonoCliente(RFCCliente,TelefonoCliente) VALUES ('NQX396228SR8',2713829364);
INSERT INTO TelefonoCliente(RFCCliente,TelefonoCliente) VALUES ('SQQ248665GM8',9525952461);
INSERT INTO TelefonoCliente(RFCCliente,TelefonoCliente) VALUES ('AOW198194KU1',9501396186);
INSERT INTO TelefonoCliente(RFCCliente,TelefonoCliente) VALUES ('HCE678692PS6',4151348365);
INSERT INTO TelefonoCliente(RFCCliente,TelefonoCliente) VALUES ('WWN937733OA5',4857243086);
INSERT INTO TelefonoCliente(RFCCliente,TelefonoCliente) VALUES ('HXJ526211YH1',1123481925);
INSERT INTO TelefonoCliente(RFCCliente,TelefonoCliente) VALUES ('MIO164172DV0',7775836508);
INSERT INTO TelefonoCliente(RFCCliente,TelefonoCliente) VALUES ('CTC550898QF6',8216409342);
INSERT INTO TelefonoCliente(RFCCliente,TelefonoCliente) VALUES ('FZG219355AR0',3855723045);
INSERT INTO TelefonoCliente(RFCCliente,TelefonoCliente) VALUES ('JDQ968514YW6',8713096846);
INSERT INTO TelefonoCliente(RFCCliente,TelefonoCliente) VALUES ('AAD282786GE0',5464759161);
INSERT INTO TelefonoCliente(RFCCliente,TelefonoCliente) VALUES ('OXK139385WS8',4345339234);
INSERT INTO TelefonoCliente(RFCCliente,TelefonoCliente) VALUES ('MIO403599ZD1',3627331675);
INSERT INTO TelefonoCliente(RFCCliente,TelefonoCliente) VALUES ('VEU123014UC8',7928942608);
INSERT INTO TelefonoCliente(RFCCliente,TelefonoCliente) VALUES ('WLL744199TL7',2747588373);
INSERT INTO TelefonoCliente(RFCCliente,TelefonoCliente) VALUES ('SMG420620IM0',2491508103);
INSERT INTO TelefonoCliente(RFCCliente,TelefonoCliente) VALUES ('SVP239927CS3',7556223288);
INSERT INTO TelefonoCliente(RFCCliente,TelefonoCliente) VALUES ('YEI079256PP6',2366117472);
INSERT INTO TelefonoCliente(RFCCliente,TelefonoCliente) VALUES ('LHN030582QC7',9166316109);
INSERT INTO TelefonoCliente(RFCCliente,TelefonoCliente) VALUES ('IXC842486NW0',6834225090);
INSERT INTO TelefonoCliente(RFCCliente,TelefonoCliente) VALUES ('WRE571305RL8',1915008464);
INSERT INTO TelefonoCliente(RFCCliente,TelefonoCliente) VALUES ('PCZ980857RT4',4468944238);
INSERT INTO TelefonoCliente(RFCCliente,TelefonoCliente) VALUES ('ZNC957506UX5',6571800783);
INSERT INTO TelefonoCliente(RFCCliente,TelefonoCliente) VALUES ('QMX123970GV4',2475881867);
INSERT INTO TelefonoCliente(RFCCliente,TelefonoCliente) VALUES ('AYV586349VT4',6092253225);
INSERT INTO TelefonoCliente(RFCCliente,TelefonoCliente) VALUES ('EPE900470OW0',7962547580);
INSERT INTO TelefonoCliente(RFCCliente,TelefonoCliente) VALUES ('HWJ748136QR1',2633935748);
INSERT INTO TelefonoCliente(RFCCliente,TelefonoCliente) VALUES ('DCG003607TG4',7833989778);
INSERT INTO TelefonoCliente(RFCCliente,TelefonoCliente) VALUES ('LWZ806839RO9',7759983775);
INSERT INTO TelefonoCliente(RFCCliente,TelefonoCliente) VALUES ('APW322997ZP5',9425857466);
INSERT INTO TelefonoCliente(RFCCliente,TelefonoCliente) VALUES ('EIO210693FV2',2415927105);
INSERT INTO TelefonoCliente(RFCCliente,TelefonoCliente) VALUES ('JCA866433UU6',5375775118);
INSERT INTO TelefonoCliente(RFCCliente,TelefonoCliente) VALUES ('FLJ697396FL4',6327717828);
INSERT INTO TelefonoCliente(RFCCliente,TelefonoCliente) VALUES ('MVW329070HA8',2698349513);
INSERT INTO TelefonoCliente(RFCCliente,TelefonoCliente) VALUES ('ZMJ244195NN2',6418746222);
INSERT INTO TelefonoCliente(RFCCliente,TelefonoCliente) VALUES ('NBT933444FV3',1029406424);
INSERT INTO TelefonoCliente(RFCCliente,TelefonoCliente) VALUES ('FNI560713UZ9',9187412337);
INSERT INTO TelefonoCliente(RFCCliente,TelefonoCliente) VALUES ('JKP394099AG3',4282414583);
INSERT INTO TelefonoCliente(RFCCliente,TelefonoCliente) VALUES ('WHE037717RU4',8886721253);
INSERT INTO TelefonoCliente(RFCCliente,TelefonoCliente) VALUES ('BAP039629UR8',7212409959);
INSERT INTO TelefonoCliente(RFCCliente,TelefonoCliente) VALUES ('RZEF895741EH9',2032765387);
INSERT INTO TelefonoCliente(RFCCliente,TelefonoCliente) VALUES ('GKTC275685XG9',9404391368);
INSERT INTO TelefonoCliente(RFCCliente,TelefonoCliente) VALUES ('YYIV886222CI7',3441544983);
INSERT INTO TelefonoCliente(RFCCliente,TelefonoCliente) VALUES ('MJAI693914ZP0',2964444660);
INSERT INTO TelefonoCliente(RFCCliente,TelefonoCliente) VALUES ('JUMW741966IA2',1384546392);
INSERT INTO TelefonoCliente(RFCCliente,TelefonoCliente) VALUES ('BQNV154049LX8',4728986530);
INSERT INTO TelefonoCliente(RFCCliente,TelefonoCliente) VALUES ('ZVEQ607855WO6',9125510124);
INSERT INTO TelefonoCliente(RFCCliente,TelefonoCliente) VALUES ('GSMK107276KA6',3925562071);
INSERT INTO TelefonoCliente(RFCCliente,TelefonoCliente) VALUES ('NITJ102243RJ0',1456183290);
INSERT INTO TelefonoCliente(RFCCliente,TelefonoCliente) VALUES ('NNMA569580AB2',1262310644);
INSERT INTO TelefonoCliente(RFCCliente,TelefonoCliente) VALUES ('AVH966179VU3',8025004152);
INSERT INTO TelefonoCliente(RFCCliente,TelefonoCliente) VALUES ('NQX396228SR8',9911551742);

INSERT INTO CorreoCliente(RFCCliente,CorreoCliente) VALUES ('AVH966179VU3','tstuchbury0@boston.com');
INSERT INTO CorreoCliente(RFCCliente,CorreoCliente) VALUES ('NQX396228SR8','fcabotto1@vk.com');
INSERT INTO CorreoCliente(RFCCliente,CorreoCliente) VALUES ('SQQ248665GM8','mguilloton2@auda.org.au');
INSERT INTO CorreoCliente(RFCCliente,CorreoCliente) VALUES ('AOW198194KU1','tzimmermanns3@1und1.de');
INSERT INTO CorreoCliente(RFCCliente,CorreoCliente) VALUES ('HCE678692PS6','bnelles4@usgs.gov');
INSERT INTO CorreoCliente(RFCCliente,CorreoCliente) VALUES ('WWN937733OA5','mgofton5@amazon.com');
INSERT INTO CorreoCliente(RFCCliente,CorreoCliente) VALUES ('HXJ526211YH1','sfattori6@sitemeter.com');
INSERT INTO CorreoCliente(RFCCliente,CorreoCliente) VALUES ('MIO164172DV0','rnoor7@ow.ly');
INSERT INTO CorreoCliente(RFCCliente,CorreoCliente) VALUES ('CTC550898QF6','iblatcher8@exblog.jp');
INSERT INTO CorreoCliente(RFCCliente,CorreoCliente) VALUES ('FZG219355AR0','ksidden9@prlog.org');
INSERT INTO CorreoCliente(RFCCliente,CorreoCliente) VALUES ('JDQ968514YW6','acindereya@mtv.com');
INSERT INTO CorreoCliente(RFCCliente,CorreoCliente) VALUES ('AAD282786GE0','cmaxwaleb@mysql.com');
INSERT INTO CorreoCliente(RFCCliente,CorreoCliente) VALUES ('OXK139385WS8','hduferiec@imgur.com');
INSERT INTO CorreoCliente(RFCCliente,CorreoCliente) VALUES ('MIO403599ZD1','lrackd@vinaora.com');
INSERT INTO CorreoCliente(RFCCliente,CorreoCliente) VALUES ('VEU123014UC8','oquartleye@java.com');
INSERT INTO CorreoCliente(RFCCliente,CorreoCliente) VALUES ('WLL744199TL7','rpohlkef@cdc.gov');
INSERT INTO CorreoCliente(RFCCliente,CorreoCliente) VALUES ('SMG420620IM0','vgrovesg@storify.com');
INSERT INTO CorreoCliente(RFCCliente,CorreoCliente) VALUES ('SVP239927CS3','gcullinanh@barnesandnoble.com');
INSERT INTO CorreoCliente(RFCCliente,CorreoCliente) VALUES ('YEI079256PP6','fceriei@hibu.com');
INSERT INTO CorreoCliente(RFCCliente,CorreoCliente) VALUES ('LHN030582QC7','jclemendotj@cnbc.com');
INSERT INTO CorreoCliente(RFCCliente,CorreoCliente) VALUES ('IXC842486NW0','umcilvennak@phpbb.com');
INSERT INTO CorreoCliente(RFCCliente,CorreoCliente) VALUES ('WRE571305RL8','bbussonsl@amazon.co.uk');
INSERT INTO CorreoCliente(RFCCliente,CorreoCliente) VALUES ('PCZ980857RT4','mmillism@loc.gov');
INSERT INTO CorreoCliente(RFCCliente,CorreoCliente) VALUES ('ZNC957506UX5','mvennyn@myspace.com');
INSERT INTO CorreoCliente(RFCCliente,CorreoCliente) VALUES ('QMX123970GV4','troysteo@cornell.edu');
INSERT INTO CorreoCliente(RFCCliente,CorreoCliente) VALUES ('AYV586349VT4','jwhatesp@themeforest.net');
INSERT INTO CorreoCliente(RFCCliente,CorreoCliente) VALUES ('EPE900470OW0','qlavrickq@ca.gov');
INSERT INTO CorreoCliente(RFCCliente,CorreoCliente) VALUES ('HWJ748136QR1','latcockr@telegraph.co.uk');
INSERT INTO CorreoCliente(RFCCliente,CorreoCliente) VALUES ('DCG003607TG4','rbarkes@squarespace.com');
INSERT INTO CorreoCliente(RFCCliente,CorreoCliente) VALUES ('LWZ806839RO9','mrollasont@unicef.org');
INSERT INTO CorreoCliente(RFCCliente,CorreoCliente) VALUES ('APW322997ZP5','cboxeu@chronoengine.com');
INSERT INTO CorreoCliente(RFCCliente,CorreoCliente) VALUES ('EIO210693FV2','ttothacotv@friendfeed.com');
INSERT INTO CorreoCliente(RFCCliente,CorreoCliente) VALUES ('JCA866433UU6','cfaldow@state.tx.us');
INSERT INTO CorreoCliente(RFCCliente,CorreoCliente) VALUES ('FLJ697396FL4','tscarasbrickx@eventbrite.com');
INSERT INTO CorreoCliente(RFCCliente,CorreoCliente) VALUES ('MVW329070HA8','lmealey@ifeng.com');
INSERT INTO CorreoCliente(RFCCliente,CorreoCliente) VALUES ('ZMJ244195NN2','emacloughlinz@sina.com.cn');
INSERT INTO CorreoCliente(RFCCliente,CorreoCliente) VALUES ('NBT933444FV3','dcourse10@vkontakte.ru');
INSERT INTO CorreoCliente(RFCCliente,CorreoCliente) VALUES ('FNI560713UZ9','jwestphal11@samsung.com');
INSERT INTO CorreoCliente(RFCCliente,CorreoCliente) VALUES ('JKP394099AG3','kgrzesiewicz12@blinklist.com');
INSERT INTO CorreoCliente(RFCCliente,CorreoCliente) VALUES ('WHE037717RU4','asanchis13@amazon.co.jp');
INSERT INTO CorreoCliente(RFCCliente,CorreoCliente) VALUES ('BAP039629UR8','tjensen14@meetup.com');
INSERT INTO CorreoCliente(RFCCliente,CorreoCliente) VALUES ('RZEF895741EH9','orobillart15@myspace.com');
INSERT INTO CorreoCliente(RFCCliente,CorreoCliente) VALUES ('GKTC275685XG9','nwhyler16@sina.com.cn');
INSERT INTO CorreoCliente(RFCCliente,CorreoCliente) VALUES ('YYIV886222CI7','cwinskill17@yandex.ru');
INSERT INTO CorreoCliente(RFCCliente,CorreoCliente) VALUES ('MJAI693914ZP0','ewarmington18@artisteer.com');
INSERT INTO CorreoCliente(RFCCliente,CorreoCliente) VALUES ('JUMW741966IA2','kbernade19@delicious.com');
INSERT INTO CorreoCliente(RFCCliente,CorreoCliente) VALUES ('BQNV154049LX8','mvinau1a@etsy.com');
INSERT INTO CorreoCliente(RFCCliente,CorreoCliente) VALUES ('ZVEQ607855WO6','tabells1b@mozilla.org');
INSERT INTO CorreoCliente(RFCCliente,CorreoCliente) VALUES ('GSMK107276KA6','hgolborne1c@themeforest.net');
INSERT INTO CorreoCliente(RFCCliente,CorreoCliente) VALUES ('NITJ102243RJ0','dmorillas1d@bluehost.com');
INSERT INTO CorreoCliente(RFCCliente,CorreoCliente) VALUES ('NNMA569580AB2','mlaurenceau1e@bizjournals.com');

INSERT INTO PersonaDeContactoCliente(RFCCliente,PersonaDeContactoCliente) VALUES ('AVH966179VU3','Bernardine Cowern');
INSERT INTO PersonaDeContactoCliente(RFCCliente,PersonaDeContactoCliente) VALUES ('NQX396228SR8','Sybil Joyner');
INSERT INTO PersonaDeContactoCliente(RFCCliente,PersonaDeContactoCliente) VALUES ('SQQ248665GM8','Shamus Delacote');
INSERT INTO PersonaDeContactoCliente(RFCCliente,PersonaDeContactoCliente) VALUES ('AOW198194KU1','Richy Radsdale');
INSERT INTO PersonaDeContactoCliente(RFCCliente,PersonaDeContactoCliente) VALUES ('HCE678692PS6','Darrel Simmings');
INSERT INTO PersonaDeContactoCliente(RFCCliente,PersonaDeContactoCliente) VALUES ('WWN937733OA5','Lark Yitzhakof');
INSERT INTO PersonaDeContactoCliente(RFCCliente,PersonaDeContactoCliente) VALUES ('HXJ526211YH1','Carlene Antunes');
INSERT INTO PersonaDeContactoCliente(RFCCliente,PersonaDeContactoCliente) VALUES ('MIO164172DV0','Thea Memory');
INSERT INTO PersonaDeContactoCliente(RFCCliente,PersonaDeContactoCliente) VALUES ('CTC550898QF6','Raquela Linsay');
INSERT INTO PersonaDeContactoCliente(RFCCliente,PersonaDeContactoCliente) VALUES ('FZG219355AR0','Yvor Lukasik');
INSERT INTO PersonaDeContactoCliente(RFCCliente,PersonaDeContactoCliente) VALUES ('JDQ968514YW6','Thorpe Bloggett');
INSERT INTO PersonaDeContactoCliente(RFCCliente,PersonaDeContactoCliente) VALUES ('AAD282786GE0','Hort Leates');
INSERT INTO PersonaDeContactoCliente(RFCCliente,PersonaDeContactoCliente) VALUES ('OXK139385WS8','Pier Kisting');
INSERT INTO PersonaDeContactoCliente(RFCCliente,PersonaDeContactoCliente) VALUES ('MIO403599ZD1','Portia Bergeau');
INSERT INTO PersonaDeContactoCliente(RFCCliente,PersonaDeContactoCliente) VALUES ('VEU123014UC8','Wilton Slinger');
INSERT INTO PersonaDeContactoCliente(RFCCliente,PersonaDeContactoCliente) VALUES ('WLL744199TL7','Theo Epsly');
INSERT INTO PersonaDeContactoCliente(RFCCliente,PersonaDeContactoCliente) VALUES ('SMG420620IM0','Issie Amps');
INSERT INTO PersonaDeContactoCliente(RFCCliente,PersonaDeContactoCliente) VALUES ('SVP239927CS3','Vita Penchen');
INSERT INTO PersonaDeContactoCliente(RFCCliente,PersonaDeContactoCliente) VALUES ('YEI079256PP6','Karly Whickman');
INSERT INTO PersonaDeContactoCliente(RFCCliente,PersonaDeContactoCliente) VALUES ('LHN030582QC7','Devon Maskelyne');
INSERT INTO PersonaDeContactoCliente(RFCCliente,PersonaDeContactoCliente) VALUES ('IXC842486NW0','Brew Ilyenko');
INSERT INTO PersonaDeContactoCliente(RFCCliente,PersonaDeContactoCliente) VALUES ('WRE571305RL8','Jakob Hastin');
INSERT INTO PersonaDeContactoCliente(RFCCliente,PersonaDeContactoCliente) VALUES ('PCZ980857RT4','Bathsheba Danbury');
INSERT INTO PersonaDeContactoCliente(RFCCliente,PersonaDeContactoCliente) VALUES ('ZNC957506UX5','Abby Alexandersson');
INSERT INTO PersonaDeContactoCliente(RFCCliente,PersonaDeContactoCliente) VALUES ('QMX123970GV4','Sarette Morshead');
INSERT INTO PersonaDeContactoCliente(RFCCliente,PersonaDeContactoCliente) VALUES ('AYV586349VT4','Kipp Petrolli');
INSERT INTO PersonaDeContactoCliente(RFCCliente,PersonaDeContactoCliente) VALUES ('EPE900470OW0','Ilyssa Axon');
INSERT INTO PersonaDeContactoCliente(RFCCliente,PersonaDeContactoCliente) VALUES ('HWJ748136QR1','Orazio Tyne');
INSERT INTO PersonaDeContactoCliente(RFCCliente,PersonaDeContactoCliente) VALUES ('DCG003607TG4','Halsey Mulvihill');
INSERT INTO PersonaDeContactoCliente(RFCCliente,PersonaDeContactoCliente) VALUES ('LWZ806839RO9','Letty Pilbury');
INSERT INTO PersonaDeContactoCliente(RFCCliente,PersonaDeContactoCliente) VALUES ('APW322997ZP5','Arne Edmeades');
INSERT INTO PersonaDeContactoCliente(RFCCliente,PersonaDeContactoCliente) VALUES ('EIO210693FV2','Worthy Pickrell');
INSERT INTO PersonaDeContactoCliente(RFCCliente,PersonaDeContactoCliente) VALUES ('JCA866433UU6','Janelle Ebbs');
INSERT INTO PersonaDeContactoCliente(RFCCliente,PersonaDeContactoCliente) VALUES ('FLJ697396FL4','Anabal Jerrand');
INSERT INTO PersonaDeContactoCliente(RFCCliente,PersonaDeContactoCliente) VALUES ('MVW329070HA8','Dore Leverton');
INSERT INTO PersonaDeContactoCliente(RFCCliente,PersonaDeContactoCliente) VALUES ('ZMJ244195NN2','Lucine Cohen');
INSERT INTO PersonaDeContactoCliente(RFCCliente,PersonaDeContactoCliente) VALUES ('NBT933444FV3','Remy Strang');
INSERT INTO PersonaDeContactoCliente(RFCCliente,PersonaDeContactoCliente) VALUES ('FNI560713UZ9','Baird Village');
INSERT INTO PersonaDeContactoCliente(RFCCliente,PersonaDeContactoCliente) VALUES ('JKP394099AG3','Raddy Towson');
INSERT INTO PersonaDeContactoCliente(RFCCliente,PersonaDeContactoCliente) VALUES ('WHE037717RU4','Paolina Le Fleming');
INSERT INTO PersonaDeContactoCliente(RFCCliente,PersonaDeContactoCliente) VALUES ('BAP039629UR8','Giustino Dennidge');
INSERT INTO PersonaDeContactoCliente(RFCCliente,PersonaDeContactoCliente) VALUES ('RZEF895741EH9','Mario Armstrong');
INSERT INTO PersonaDeContactoCliente(RFCCliente,PersonaDeContactoCliente) VALUES ('GKTC275685XG9','Erma Mansel');
INSERT INTO PersonaDeContactoCliente(RFCCliente,PersonaDeContactoCliente) VALUES ('YYIV886222CI7','Darbee Fretson');
INSERT INTO PersonaDeContactoCliente(RFCCliente,PersonaDeContactoCliente) VALUES ('MJAI693914ZP0','Ebonee Wolvey');
INSERT INTO PersonaDeContactoCliente(RFCCliente,PersonaDeContactoCliente) VALUES ('JUMW741966IA2','Rochette Knapp');
INSERT INTO PersonaDeContactoCliente(RFCCliente,PersonaDeContactoCliente) VALUES ('BQNV154049LX8','Inigo Duncombe');
INSERT INTO PersonaDeContactoCliente(RFCCliente,PersonaDeContactoCliente) VALUES ('ZVEQ607855WO6','Bradley Dalgety');
INSERT INTO PersonaDeContactoCliente(RFCCliente,PersonaDeContactoCliente) VALUES ('GSMK107276KA6','Gardie Lamp');
INSERT INTO PersonaDeContactoCliente(RFCCliente,PersonaDeContactoCliente) VALUES ('NITJ102243RJ0','Murdoch Mc Carroll');
INSERT INTO PersonaDeContactoCliente(RFCCliente,PersonaDeContactoCliente) VALUES ('NNMA569580AB2','Debee Burnard');
INSERT INTO PersonaDeContactoCliente(RFCCliente,PersonaDeContactoCliente) VALUES ('AVH966179VU3','Gertie Lorraine');
INSERT INTO PersonaDeContactoCliente(RFCCliente,PersonaDeContactoCliente) VALUES ('NQX396228SR8','Early Noad');
INSERT INTO PersonaDeContactoCliente(RFCCliente,PersonaDeContactoCliente) VALUES ('SQQ248665GM8','Early Overshott');
INSERT INTO PersonaDeContactoCliente(RFCCliente,PersonaDeContactoCliente) VALUES ('AOW198194KU1','Rasia Petigrew');
INSERT INTO PersonaDeContactoCliente(RFCCliente,PersonaDeContactoCliente) VALUES ('HCE678692PS6','Sonnie Tebbe');
INSERT INTO PersonaDeContactoCliente(RFCCliente,PersonaDeContactoCliente) VALUES ('WWN937733OA5','Biddy Gaw');
INSERT INTO PersonaDeContactoCliente(RFCCliente,PersonaDeContactoCliente) VALUES ('HXJ526211YH1','Codie Lebrun');
INSERT INTO PersonaDeContactoCliente(RFCCliente,PersonaDeContactoCliente) VALUES ('MIO164172DV0','Charmaine Silvermann');
INSERT INTO PersonaDeContactoCliente(RFCCliente,PersonaDeContactoCliente) VALUES ('CTC550898QF6','Daune Flipek');


INSERT INTO Entrenador(CURPEntrenador,IdPiso,IdEdificio,NombreC,FechaNac,FechaIngreso,NumeroSeguroSoc,Fotografia,CP,Ciudad,Estado,Numero,Calle,Pais) VALUES ('VJQ037276TPCXX98',13,1,'Brigham Mingame','1994-01-24','2021-11-29','LYHTSVIG','http://dummyimage.com/227x100.png/dddddd/000000','88930','Mexico','CDMX','CDMX','Avenida Álvaro Obregón','Mexico');
INSERT INTO Entrenador(CURPEntrenador,IdPiso,IdEdificio,NombreC,FechaNac,FechaIngreso,NumeroSeguroSoc,Fotografia,CP,Ciudad,Estado,Numero,Calle,Pais) VALUES ('ZQT637913WDFHB36',8,2,'Erick Ivushkin','1985-03-28','2022-01-03','EMLJTJBL','http://dummyimage.com/107x100.png/cc0000/ffffff','62576','Mexico','CDMX','CDMX','Calle Génova','Mexico');
INSERT INTO Entrenador(CURPEntrenador,IdPiso,IdEdificio,NombreC,FechaNac,FechaIngreso,NumeroSeguroSoc,Fotografia,CP,Ciudad,Estado,Numero,Calle,Pais) VALUES ('KQJ109191WTWRZ35',10,2,'Ronda Enders','1986-03-20','2021-07-16','ZMVHVRHR','http://dummyimage.com/148x100.png/cc0000/ffffff','79783','Mexico','CDMX','CDMX','Avenida Presidente Masaryk','Mexico');
INSERT INTO Entrenador(CURPEntrenador,IdPiso,IdEdificio,NombreC,FechaNac,FechaIngreso,NumeroSeguroSoc,Fotografia,CP,Ciudad,Estado,Numero,Calle,Pais) VALUES ('CPI302573GVVDN91',6,2,'Margo Spraggs','2002-09-02','2021-08-16','PPCKCFQS','http://dummyimage.com/210x100.png/5fa2dd/ffffff','48966','Mexico','CDMX','CDMX','Calle Madero','Mexico');
INSERT INTO Entrenador(CURPEntrenador,IdPiso,IdEdificio,NombreC,FechaNac,FechaIngreso,NumeroSeguroSoc,Fotografia,CP,Ciudad,Estado,Numero,Calle,Pais) VALUES ('EJW320090LUIRX20',15,1,'Leroi Massot','1993-12-16','2020-09-21','ZQPHQPOQ','http://dummyimage.com/155x100.png/cc0000/ffffff','41821','Mexico','CDMX','CDMX','Avenida Juárez','Mexico');
INSERT INTO Entrenador(CURPEntrenador,IdPiso,IdEdificio,NombreC,FechaNac,FechaIngreso,NumeroSeguroSoc,Fotografia,CP,Ciudad,Estado,Numero,Calle,Pais) VALUES ('XWW423231UQVSD52',14,2,'Hogan Carnow','1994-12-13','2022-01-31','WERZYHTM','http://dummyimage.com/183x100.png/ff4444/ffffff','64103','Mexico','CDMX','CDMX','Calle Regina','Mexico');
INSERT INTO Entrenador(CURPEntrenador,IdPiso,IdEdificio,NombreC,FechaNac,FechaIngreso,NumeroSeguroSoc,Fotografia,CP,Ciudad,Estado,Numero,Calle,Pais) VALUES ('WSS911198MSYKR95',1,1,'Ivy Teffrey','1982-11-05','2021-03-03','SBFLNNNI','http://dummyimage.com/208x100.png/ff4444/ffffff','83450','Mexico','CDMX','CDMX','Calle Génova','Mexico');
INSERT INTO Entrenador(CURPEntrenador,IdPiso,IdEdificio,NombreC,FechaNac,FechaIngreso,NumeroSeguroSoc,Fotografia,CP,Ciudad,Estado,Numero,Calle,Pais) VALUES ('FIR195136JFNOM04',6,2,'Cal Garlee','1984-02-29','2020-05-26','CJSEGDBM','http://dummyimage.com/172x100.png/5fa2dd/ffffff','39030','Mexico','CDMX','CDMX','Avenida Álvaro Obregón','Mexico');
INSERT INTO Entrenador(CURPEntrenador,IdPiso,IdEdificio,NombreC,FechaNac,FechaIngreso,NumeroSeguroSoc,Fotografia,CP,Ciudad,Estado,Numero,Calle,Pais) VALUES ('AGF262218JSYAS52',16,2,'Doyle Bleackley','1987-07-03','2021-04-16','FZKERRLQ','http://dummyimage.com/140x100.png/cc0000/ffffff','32883','Mexico','CDMX','CDMX','Avenida Juárez','Mexico');
INSERT INTO Entrenador(CURPEntrenador,IdPiso,IdEdificio,NombreC,FechaNac,FechaIngreso,NumeroSeguroSoc,Fotografia,CP,Ciudad,Estado,Numero,Calle,Pais) VALUES ('VKC396851PZUSS78',8,2,'Grace Pennaman','1993-02-04','2021-12-13','BQYYKYKS','http://dummyimage.com/192x100.png/cc0000/ffffff','52107','Mexico','CDMX','CDMX','Avenida Juárez','Mexico');
INSERT INTO Entrenador(CURPEntrenador,IdPiso,IdEdificio,NombreC,FechaNac,FechaIngreso,NumeroSeguroSoc,Fotografia,CP,Ciudad,Estado,Numero,Calle,Pais) VALUES ('GWV175274ENWLD85',17,1,'Jania Gooding','1987-04-22','2022-08-15','EGGJSFIC','http://dummyimage.com/156x100.png/5fa2dd/ffffff','93429','Mexico','CDMX','CDMX','Avenida Álvaro Obregón','Mexico');
INSERT INTO Entrenador(CURPEntrenador,IdPiso,IdEdificio,NombreC,FechaNac,FechaIngreso,NumeroSeguroSoc,Fotografia,CP,Ciudad,Estado,Numero,Calle,Pais) VALUES ('TCH244832HAXDF25',16,2,'Elna Grenville','2000-01-09','2020-12-01','CFPZXUHO','http://dummyimage.com/133x100.png/cc0000/ffffff','36350','Mexico','CDMX','CDMX','Paseo de la Reforma','Mexico');
INSERT INTO Entrenador(CURPEntrenador,IdPiso,IdEdificio,NombreC,FechaNac,FechaIngreso,NumeroSeguroSoc,Fotografia,CP,Ciudad,Estado,Numero,Calle,Pais) VALUES ('QEN814644OYPHL55',9,1,'Dalston Blazi','2001-04-01','2021-04-19','THDCYEUF','http://dummyimage.com/209x100.png/cc0000/ffffff','37900','Mexico','CDMX','CDMX','Avenida Ámsterdam','Mexico');
INSERT INTO Entrenador(CURPEntrenador,IdPiso,IdEdificio,NombreC,FechaNac,FechaIngreso,NumeroSeguroSoc,Fotografia,CP,Ciudad,Estado,Numero,Calle,Pais) VALUES ('TAQ428086GZPKS54',1,1,'Karolina Burchard','1989-06-10','2020-08-19','TGXLGTEB','http://dummyimage.com/188x100.png/dddddd/000000','39266','Mexico','CDMX','CDMX','Calle Génova','Mexico');
INSERT INTO Entrenador(CURPEntrenador,IdPiso,IdEdificio,NombreC,FechaNac,FechaIngreso,NumeroSeguroSoc,Fotografia,CP,Ciudad,Estado,Numero,Calle,Pais) VALUES ('CAT677486DUZAV68',17,1,'Shermie Barg','1982-05-02','2020-11-08','KDEOTBIH','http://dummyimage.com/105x100.png/ff4444/ffffff','61607','Mexico','CDMX','CDMX','Avenida Juárez','Mexico');
INSERT INTO Entrenador(CURPEntrenador,IdPiso,IdEdificio,NombreC,FechaNac,FechaIngreso,NumeroSeguroSoc,Fotografia,CP,Ciudad,Estado,Numero,Calle,Pais) VALUES ('ZUE040057TRDHY06',8,2,'Deck Hazelby','1987-07-30','2022-07-25','SFGBNOBC','http://dummyimage.com/123x100.png/dddddd/000000','69200','Mexico','CDMX','CDMX','Calle Regina','Mexico');
INSERT INTO Entrenador(CURPEntrenador,IdPiso,IdEdificio,NombreC,FechaNac,FechaIngreso,NumeroSeguroSoc,Fotografia,CP,Ciudad,Estado,Numero,Calle,Pais) VALUES ('EAW400648SMAPI82',2,2,'Ashien Haythorne','1990-01-11','2021-10-25','NTWAUFRQ','http://dummyimage.com/183x100.png/5fa2dd/ffffff','92933','Mexico','CDMX','CDMX','Calle Génova','Mexico');
INSERT INTO Entrenador(CURPEntrenador,IdPiso,IdEdificio,NombreC,FechaNac,FechaIngreso,NumeroSeguroSoc,Fotografia,CP,Ciudad,Estado,Numero,Calle,Pais) VALUES ('RHH127823KFNNS45',18,2,'Janeczka Castiglione','1987-04-14','2020-08-15','HQXMHKZK','http://dummyimage.com/213x100.png/ff4444/ffffff','58880','Mexico','CDMX','CDMX','Avenida Presidente Masaryk','Mexico');
INSERT INTO Entrenador(CURPEntrenador,IdPiso,IdEdificio,NombreC,FechaNac,FechaIngreso,NumeroSeguroSoc,Fotografia,CP,Ciudad,Estado,Numero,Calle,Pais) VALUES ('REU470442TSFUU39',9,1,'Jolene Edleston','1993-05-15','2020-10-03','ONKHIMVN','http://dummyimage.com/204x100.png/ff4444/ffffff','96556','Mexico','CDMX','CDMX','Avenida Álvaro Obregón','Mexico');
INSERT INTO Entrenador(CURPEntrenador,IdPiso,IdEdificio,NombreC,FechaNac,FechaIngreso,NumeroSeguroSoc,Fotografia,CP,Ciudad,Estado,Numero,Calle,Pais) VALUES ('ORQ365372JLRYR52',16,2,'Bond Crownshaw','2001-03-19','2022-02-22','LGCZAIOM','http://dummyimage.com/129x100.png/ff4444/ffffff','40230','Mexico','CDMX','CDMX','Calle Génova','Mexico');
INSERT INTO Entrenador(CURPEntrenador,IdPiso,IdEdificio,NombreC,FechaNac,FechaIngreso,NumeroSeguroSoc,Fotografia,CP,Ciudad,Estado,Numero,Calle,Pais) VALUES ('WWY573679SBXKZ31',9,1,'Allis Hampshire','1991-03-09','2021-12-01','IYVJLLBQ','http://dummyimage.com/126x100.png/5fa2dd/ffffff','41963','Mexico','CDMX','CDMX','Avenida Álvaro Obregón','Mexico');
INSERT INTO Entrenador(CURPEntrenador,IdPiso,IdEdificio,NombreC,FechaNac,FechaIngreso,NumeroSeguroSoc,Fotografia,CP,Ciudad,Estado,Numero,Calle,Pais) VALUES ('YCJ704875KAGQT54',9,1,'Patrick Gaffney','1993-09-18','2022-03-18','NTIVTBNP','http://dummyimage.com/192x100.png/ff4444/ffffff','64103','Mexico','CDMX','CDMX','Calle Madero','Mexico');
INSERT INTO Entrenador(CURPEntrenador,IdPiso,IdEdificio,NombreC,FechaNac,FechaIngreso,NumeroSeguroSoc,Fotografia,CP,Ciudad,Estado,Numero,Calle,Pais) VALUES ('NJS917038YLRDL30',8,2,'Markos Bendig','1992-11-23','2022-11-03','YMTBOSYI','http://dummyimage.com/201x100.png/dddddd/000000','40977','Mexico','CDMX','CDMX','Avenida Álvaro Obregón','Mexico');
INSERT INTO Entrenador(CURPEntrenador,IdPiso,IdEdificio,NombreC,FechaNac,FechaIngreso,NumeroSeguroSoc,Fotografia,CP,Ciudad,Estado,Numero,Calle,Pais) VALUES ('QQN334567YKQZO53',9,1,'Reamonn Adshede','2002-05-27','2020-05-05','YYIOIBRO','http://dummyimage.com/202x100.png/5fa2dd/ffffff','87395','Mexico','CDMX','CDMX','Avenida Presidente Masaryk','Mexico');
INSERT INTO Entrenador(CURPEntrenador,IdPiso,IdEdificio,NombreC,FechaNac,FechaIngreso,NumeroSeguroSoc,Fotografia,CP,Ciudad,Estado,Numero,Calle,Pais) VALUES ('HEA594437TYEIU56',1,1,'Augusto McFaul','1990-02-21','2021-05-22','WNLNTJZE','http://dummyimage.com/135x100.png/ff4444/ffffff','95422','Mexico','CDMX','CDMX','Calle Regina','Mexico');
INSERT INTO Entrenador(CURPEntrenador,IdPiso,IdEdificio,NombreC,FechaNac,FechaIngreso,NumeroSeguroSoc,Fotografia,CP,Ciudad,Estado,Numero,Calle,Pais) VALUES ('LQG261342SCJPV30',11,1,'Appolonia Lorriman','2002-01-16','2022-07-15','RIDSDYAZ','http://dummyimage.com/208x100.png/cc0000/ffffff','71605','Mexico','CDMX','CDMX','Avenida Ámsterdam','Mexico');
INSERT INTO Entrenador(CURPEntrenador,IdPiso,IdEdificio,NombreC,FechaNac,FechaIngreso,NumeroSeguroSoc,Fotografia,CP,Ciudad,Estado,Numero,Calle,Pais) VALUES ('JGY037041RBHBK19',16,2,'Trisha Kelwick','1981-03-07','2022-06-17','SGRAEPQB','http://dummyimage.com/129x100.png/ff4444/ffffff','25050','Mexico','CDMX','CDMX','Avenida Presidente Masaryk','Mexico');
INSERT INTO Entrenador(CURPEntrenador,IdPiso,IdEdificio,NombreC,FechaNac,FechaIngreso,NumeroSeguroSoc,Fotografia,CP,Ciudad,Estado,Numero,Calle,Pais) VALUES ('HEC989232PDZSP98',5,1,'Grantley Cunde','1989-11-21','2022-06-26','GPNLJQOL','http://dummyimage.com/137x100.png/cc0000/ffffff','87024','Mexico','CDMX','CDMX','Calle Regina','Mexico');
INSERT INTO Entrenador(CURPEntrenador,IdPiso,IdEdificio,NombreC,FechaNac,FechaIngreso,NumeroSeguroSoc,Fotografia,CP,Ciudad,Estado,Numero,Calle,Pais) VALUES ('NJY045686YYWTR53',10,2,'Dallis Padly','1991-05-03','2021-11-18','BWIWCMCF','http://dummyimage.com/136x100.png/ff4444/ffffff','51016','Mexico','CDMX','CDMX','Calle Génova','Mexico');
INSERT INTO Entrenador(CURPEntrenador,IdPiso,IdEdificio,NombreC,FechaNac,FechaIngreso,NumeroSeguroSoc,Fotografia,CP,Ciudad,Estado,Numero,Calle,Pais) VALUES ('WIH406037RDOQA98',10,2,'Krissy Couche','1992-01-03','2020-11-12','WYVGZRQH','http://dummyimage.com/221x100.png/cc0000/ffffff','62576','Mexico','CDMX','CDMX','Paseo de la Reforma','Mexico');
INSERT INTO Entrenador(CURPEntrenador,IdPiso,IdEdificio,NombreC,FechaNac,FechaIngreso,NumeroSeguroSoc,Fotografia,CP,Ciudad,Estado,Numero,Calle,Pais) VALUES ('WOO150950WQAXD49',18,2,'Lionello Vearncombe','1986-06-16','2021-05-06','ZLIJWNIH','http://dummyimage.com/135x100.png/5fa2dd/ffffff','48324','Mexico','CDMX','CDMX','Avenida Álvaro Obregón','Mexico');
INSERT INTO Entrenador(CURPEntrenador,IdPiso,IdEdificio,NombreC,FechaNac,FechaIngreso,NumeroSeguroSoc,Fotografia,CP,Ciudad,Estado,Numero,Calle,Pais) VALUES ('AWT850703RMQGD26',5,1,'Mordecai Digan','1998-04-27','2022-08-30','ZOVXZFDB','http://dummyimage.com/202x100.png/ff4444/ffffff','48966','Mexico','CDMX','CDMX','Avenida Álvaro Obregón','Mexico');
INSERT INTO Entrenador(CURPEntrenador,IdPiso,IdEdificio,NombreC,FechaNac,FechaIngreso,NumeroSeguroSoc,Fotografia,CP,Ciudad,Estado,Numero,Calle,Pais) VALUES ('RRG962204QHTBP55',4,2,'Franny Dietz','2001-10-15','2021-11-20','VBJMZYTF','http://dummyimage.com/123x100.png/dddddd/000000','89888','Mexico','CDMX','CDMX','Avenida Presidente Masaryk','Mexico');
INSERT INTO Entrenador(CURPEntrenador,IdPiso,IdEdificio,NombreC,FechaNac,FechaIngreso,NumeroSeguroSoc,Fotografia,CP,Ciudad,Estado,Numero,Calle,Pais) VALUES ('PRE118948AFDLX14',17,1,'Lila McGilleghole','1982-05-17','2021-03-02','XSBLGHKC','http://dummyimage.com/155x100.png/dddddd/000000','82190','Mexico','CDMX','CDMX','Paseo de la Reforma','Mexico');
INSERT INTO Entrenador(CURPEntrenador,IdPiso,IdEdificio,NombreC,FechaNac,FechaIngreso,NumeroSeguroSoc,Fotografia,CP,Ciudad,Estado,Numero,Calle,Pais) VALUES ('XBJ078612ZWORL26',9,1,'Lesley Wolfinger','1990-09-18','2022-08-07','CPSDZCVO','http://dummyimage.com/231x100.png/cc0000/ffffff','96720','Mexico','CDMX','CDMX','Paseo de la Reforma','Mexico');
INSERT INTO Entrenador(CURPEntrenador,IdPiso,IdEdificio,NombreC,FechaNac,FechaIngreso,NumeroSeguroSoc,Fotografia,CP,Ciudad,Estado,Numero,Calle,Pais) VALUES ('MPD878895GZTZE00',18,2,'Mable Cleere','1999-09-18','2021-12-20','YOQCHLHK','http://dummyimage.com/152x100.png/5fa2dd/ffffff','61570','Mexico','CDMX','CDMX','Avenida Ámsterdam','Mexico');
INSERT INTO Entrenador(CURPEntrenador,IdPiso,IdEdificio,NombreC,FechaNac,FechaIngreso,NumeroSeguroSoc,Fotografia,CP,Ciudad,Estado,Numero,Calle,Pais) VALUES ('RYW270591TFCGR63',15,1,'Ashien Battie','1986-10-24','2021-06-23','SZTOSOPO','http://dummyimage.com/151x100.png/5fa2dd/ffffff','59762','Mexico','CDMX','CDMX','Avenida Ámsterdam','Mexico');
INSERT INTO Entrenador(CURPEntrenador,IdPiso,IdEdificio,NombreC,FechaNac,FechaIngreso,NumeroSeguroSoc,Fotografia,CP,Ciudad,Estado,Numero,Calle,Pais) VALUES ('WBV909927JHAJU50',12,2,'Rey Sturgis','1997-11-17','2022-04-19','CSTITXGY','http://dummyimage.com/147x100.png/ff4444/ffffff','41963','Mexico','CDMX','CDMX','Calle Regina','Mexico');
INSERT INTO Entrenador(CURPEntrenador,IdPiso,IdEdificio,NombreC,FechaNac,FechaIngreso,NumeroSeguroSoc,Fotografia,CP,Ciudad,Estado,Numero,Calle,Pais) VALUES ('BAW272063KOCRC34',12,2,'Nickie Sugar','1987-03-31','2021-07-22','EOCKOTLG','http://dummyimage.com/226x100.png/ff4444/ffffff','62984','Mexico','CDMX','CDMX','Calle Regina','Mexico');
INSERT INTO Entrenador(CURPEntrenador,IdPiso,IdEdificio,NombreC,FechaNac,FechaIngreso,NumeroSeguroSoc,Fotografia,CP,Ciudad,Estado,Numero,Calle,Pais) VALUES ('VFJ352385HEKFT60',2,2,'Pate Staveley','1997-04-14','2022-04-11','URMVSKNM','http://dummyimage.com/250x100.png/dddddd/000000','41640','Mexico','CDMX','CDMX','Calle Regina','Mexico');
INSERT INTO Entrenador(CURPEntrenador,IdPiso,IdEdificio,NombreC,FechaNac,FechaIngreso,NumeroSeguroSoc,Fotografia,CP,Ciudad,Estado,Numero,Calle,Pais) VALUES ('UCS239022YMPHQ82',4,2,'Roxana Wolfinger','1990-07-19','2021-03-31','DIIVHDRN','http://dummyimage.com/138x100.png/5fa2dd/ffffff','85936','Mexico','CDMX','CDMX','Avenida Presidente Masaryk','Mexico');
INSERT INTO Entrenador(CURPEntrenador,IdPiso,IdEdificio,NombreC,FechaNac,FechaIngreso,NumeroSeguroSoc,Fotografia,CP,Ciudad,Estado,Numero,Calle,Pais) VALUES ('HWB924504ZWTGN01',6,2,'Mac Gilbee','1990-06-14','2021-03-29','XTHCNCWJ','http://dummyimage.com/163x100.png/dddddd/000000','81426','Mexico','CDMX','CDMX','Avenida Ámsterdam','Mexico');
INSERT INTO Entrenador(CURPEntrenador,IdPiso,IdEdificio,NombreC,FechaNac,FechaIngreso,NumeroSeguroSoc,Fotografia,CP,Ciudad,Estado,Numero,Calle,Pais) VALUES ('ITA335533NYRPO76',12,2,'Padget de Cullip','1982-10-17','2022-05-16','TVXOKSPB','http://dummyimage.com/172x100.png/5fa2dd/ffffff','31210','Mexico','CDMX','CDMX','Avenida Álvaro Obregón','Mexico');
INSERT INTO Entrenador(CURPEntrenador,IdPiso,IdEdificio,NombreC,FechaNac,FechaIngreso,NumeroSeguroSoc,Fotografia,CP,Ciudad,Estado,Numero,Calle,Pais) VALUES ('PVE448692VZUEB83',1,1,'Kalila Climance','1998-02-28','2021-01-19','FUJXVZXS','http://dummyimage.com/109x100.png/ff4444/ffffff','67710','Mexico','CDMX','CDMX','Avenida Álvaro Obregón','Mexico');
INSERT INTO Entrenador(CURPEntrenador,IdPiso,IdEdificio,NombreC,FechaNac,FechaIngreso,NumeroSeguroSoc,Fotografia,CP,Ciudad,Estado,Numero,Calle,Pais) VALUES ('TIL958384FGLTJ20',8,2,'Riordan Burns','2001-07-15','2020-06-09','QYBAALEN','http://dummyimage.com/196x100.png/dddddd/000000','96980','Mexico','CDMX','CDMX','Paseo de la Reforma','Mexico');
INSERT INTO Entrenador(CURPEntrenador,IdPiso,IdEdificio,NombreC,FechaNac,FechaIngreso,NumeroSeguroSoc,Fotografia,CP,Ciudad,Estado,Numero,Calle,Pais) VALUES ('EYI050753SDJXR73',9,1,'Natalie Beernt','1990-04-10','2021-04-12','BPDDDHTF','http://dummyimage.com/223x100.png/cc0000/ffffff','96818','Mexico','CDMX','CDMX','Avenida Álvaro Obregón','Mexico');
INSERT INTO Entrenador(CURPEntrenador,IdPiso,IdEdificio,NombreC,FechaNac,FechaIngreso,NumeroSeguroSoc,Fotografia,CP,Ciudad,Estado,Numero,Calle,Pais) VALUES ('BQA218318FCEUN89',13,1,'Arnold Fricke','1981-07-11','2021-05-07','GTOWYZBP','http://dummyimage.com/100x100.png/ff4444/ffffff','60284','Mexico','CDMX','CDMX','Avenida Álvaro Obregón','Mexico');
INSERT INTO Entrenador(CURPEntrenador,IdPiso,IdEdificio,NombreC,FechaNac,FechaIngreso,NumeroSeguroSoc,Fotografia,CP,Ciudad,Estado,Numero,Calle,Pais) VALUES ('BIH318724DFZHF88',1,1,'Demetre Wanjek','1994-01-14','2021-02-13','VNFDCFBP','http://dummyimage.com/138x100.png/ff4444/ffffff','93350','Mexico','CDMX','CDMX','Avenida Álvaro Obregón','Mexico');
INSERT INTO Entrenador(CURPEntrenador,IdPiso,IdEdificio,NombreC,FechaNac,FechaIngreso,NumeroSeguroSoc,Fotografia,CP,Ciudad,Estado,Numero,Calle,Pais) VALUES ('FHY232712HQQFR54',4,2,'Rabi Southerden','1999-10-11','2022-07-02','YAIFQXUV','http://dummyimage.com/218x100.png/dddddd/000000','93380','Mexico','CDMX','CDMX','Avenida Juárez','Mexico');
INSERT INTO Entrenador(CURPEntrenador,IdPiso,IdEdificio,NombreC,FechaNac,FechaIngreso,NumeroSeguroSoc,Fotografia,CP,Ciudad,Estado,Numero,Calle,Pais) VALUES ('WIN256809IKFEZ67',2,2,'Clarette Brims','1985-09-25','2020-06-22','ORKOCHXL','http://dummyimage.com/164x100.png/cc0000/ffffff','93350','Mexico','CDMX','CDMX','Calle Génova','Mexico');



INSERT INTO TelefonoCelEntrenador(CURPEntrenador,TelefonoCel) VALUES ('VJQ037276TPCXX98','1368950044');
INSERT INTO TelefonoCelEntrenador(CURPEntrenador,TelefonoCel) VALUES ('NJY045686YYWTR53','2008197930');
INSERT INTO TelefonoCelEntrenador(CURPEntrenador,TelefonoCel) VALUES ('AWT850703RMQGD26','6182331803');
INSERT INTO TelefonoCelEntrenador(CURPEntrenador,TelefonoCel) VALUES ('BQA218318FCEUN89','8522626200');
INSERT INTO TelefonoCelEntrenador(CURPEntrenador,TelefonoCel) VALUES ('BQA218318FCEUN89','7747667492');
INSERT INTO TelefonoCelEntrenador(CURPEntrenador,TelefonoCel) VALUES ('HWB924504ZWTGN01','8976475616');
INSERT INTO TelefonoCelEntrenador(CURPEntrenador,TelefonoCel) VALUES ('CAT677486DUZAV68','6272511781');
INSERT INTO TelefonoCelEntrenador(CURPEntrenador,TelefonoCel) VALUES ('WIN256809IKFEZ67','5085894364');
INSERT INTO TelefonoCelEntrenador(CURPEntrenador,TelefonoCel) VALUES ('WIH406037RDOQA98','7213895594');
INSERT INTO TelefonoCelEntrenador(CURPEntrenador,TelefonoCel) VALUES ('MPD878895GZTZE00','3622297912');
INSERT INTO TelefonoCelEntrenador(CURPEntrenador,TelefonoCel) VALUES ('AGF262218JSYAS52','5612073275');
INSERT INTO TelefonoCelEntrenador(CURPEntrenador,TelefonoCel) VALUES ('TAQ428086GZPKS54','5015603921');
INSERT INTO TelefonoCelEntrenador(CURPEntrenador,TelefonoCel) VALUES ('MPD878895GZTZE00','3264649517');
INSERT INTO TelefonoCelEntrenador(CURPEntrenador,TelefonoCel) VALUES ('EAW400648SMAPI82','8538024492');
INSERT INTO TelefonoCelEntrenador(CURPEntrenador,TelefonoCel) VALUES ('VKC396851PZUSS78','2529068241');
INSERT INTO TelefonoCelEntrenador(CURPEntrenador,TelefonoCel) VALUES ('EAW400648SMAPI82','8936859346');
INSERT INTO TelefonoCelEntrenador(CURPEntrenador,TelefonoCel) VALUES ('CPI302573GVVDN91','7568500328');
INSERT INTO TelefonoCelEntrenador(CURPEntrenador,TelefonoCel) VALUES ('NJS917038YLRDL30','9482901951');
INSERT INTO TelefonoCelEntrenador(CURPEntrenador,TelefonoCel) VALUES ('HWB924504ZWTGN01','9588454188');
INSERT INTO TelefonoCelEntrenador(CURPEntrenador,TelefonoCel) VALUES ('VJQ037276TPCXX98','9694581233');
INSERT INTO TelefonoCelEntrenador(CURPEntrenador,TelefonoCel) VALUES ('QQN334567YKQZO53','2597949315');
INSERT INTO TelefonoCelEntrenador(CURPEntrenador,TelefonoCel) VALUES ('PVE448692VZUEB83','1686406306');
INSERT INTO TelefonoCelEntrenador(CURPEntrenador,TelefonoCel) VALUES ('MPD878895GZTZE00','3526556031');
INSERT INTO TelefonoCelEntrenador(CURPEntrenador,TelefonoCel) VALUES ('HWB924504ZWTGN01','7233532297');
INSERT INTO TelefonoCelEntrenador(CURPEntrenador,TelefonoCel) VALUES ('CPI302573GVVDN91','8105632032');
INSERT INTO TelefonoCelEntrenador(CURPEntrenador,TelefonoCel) VALUES ('KQJ109191WTWRZ35','1346349408');
INSERT INTO TelefonoCelEntrenador(CURPEntrenador,TelefonoCel) VALUES ('WIN256809IKFEZ67','8735560502');
INSERT INTO TelefonoCelEntrenador(CURPEntrenador,TelefonoCel) VALUES ('KQJ109191WTWRZ35','4429086860');
INSERT INTO TelefonoCelEntrenador(CURPEntrenador,TelefonoCel) VALUES ('WBV909927JHAJU50','4114363305');
INSERT INTO TelefonoCelEntrenador(CURPEntrenador,TelefonoCel) VALUES ('TIL958384FGLTJ20','7305948658');
INSERT INTO TelefonoCelEntrenador(CURPEntrenador,TelefonoCel) VALUES ('PRE118948AFDLX14','3774051891');
INSERT INTO TelefonoCelEntrenador(CURPEntrenador,TelefonoCel) VALUES ('VJQ037276TPCXX98','2225564477');
INSERT INTO TelefonoCelEntrenador(CURPEntrenador,TelefonoCel) VALUES ('HEA594437TYEIU56','6258400371');
INSERT INTO TelefonoCelEntrenador(CURPEntrenador,TelefonoCel) VALUES ('NJS917038YLRDL30','6426083661');
INSERT INTO TelefonoCelEntrenador(CURPEntrenador,TelefonoCel) VALUES ('YCJ704875KAGQT54','5371023180');
INSERT INTO TelefonoCelEntrenador(CURPEntrenador,TelefonoCel) VALUES ('TAQ428086GZPKS54','8864832691');
INSERT INTO TelefonoCelEntrenador(CURPEntrenador,TelefonoCel) VALUES ('BAW272063KOCRC34','2252535589');
INSERT INTO TelefonoCelEntrenador(CURPEntrenador,TelefonoCel) VALUES ('VFJ352385HEKFT60','8655780413');
INSERT INTO TelefonoCelEntrenador(CURPEntrenador,TelefonoCel) VALUES ('LQG261342SCJPV30','5216803133');
INSERT INTO TelefonoCelEntrenador(CURPEntrenador,TelefonoCel) VALUES ('KQJ109191WTWRZ35','7508358058');
INSERT INTO TelefonoCelEntrenador(CURPEntrenador,TelefonoCel) VALUES ('XBJ078612ZWORL26','7836963287');
INSERT INTO TelefonoCelEntrenador(CURPEntrenador,TelefonoCel) VALUES ('TIL958384FGLTJ20','5767473209');
INSERT INTO TelefonoCelEntrenador(CURPEntrenador,TelefonoCel) VALUES ('PRE118948AFDLX14','7386918848');
INSERT INTO TelefonoCelEntrenador(CURPEntrenador,TelefonoCel) VALUES ('HEA594437TYEIU56','8041983387');
INSERT INTO TelefonoCelEntrenador(CURPEntrenador,TelefonoCel) VALUES ('NJS917038YLRDL30','4722418871');
INSERT INTO TelefonoCelEntrenador(CURPEntrenador,TelefonoCel) VALUES ('WBV909927JHAJU50','8748754845');
INSERT INTO TelefonoCelEntrenador(CURPEntrenador,TelefonoCel) VALUES ('FHY232712HQQFR54','3503608695');
INSERT INTO TelefonoCelEntrenador(CURPEntrenador,TelefonoCel) VALUES ('HEC989232PDZSP98','1113060548');
INSERT INTO TelefonoCelEntrenador(CURPEntrenador,TelefonoCel) VALUES ('QQN334567YKQZO53','7802056858');
INSERT INTO TelefonoCelEntrenador(CURPEntrenador,TelefonoCel) VALUES ('REU470442TSFUU39','6629090120');
INSERT INTO TelefonoCelEntrenador(CURPEntrenador,TelefonoCel) VALUES ('TIL958384FGLTJ20','4333635897');
INSERT INTO TelefonoCelEntrenador(CURPEntrenador,TelefonoCel) VALUES ('UCS239022YMPHQ82','3799353277');
INSERT INTO TelefonoCelEntrenador(CURPEntrenador,TelefonoCel) VALUES ('JGY037041RBHBK19','6891120934');
INSERT INTO TelefonoCelEntrenador(CURPEntrenador,TelefonoCel) VALUES ('LQG261342SCJPV30','3229044494');
INSERT INTO TelefonoCelEntrenador(CURPEntrenador,TelefonoCel) VALUES ('FIR195136JFNOM04','3687001049');
INSERT INTO TelefonoCelEntrenador(CURPEntrenador,TelefonoCel) VALUES ('ZUE040057TRDHY06','1302568021');
INSERT INTO TelefonoCelEntrenador(CURPEntrenador,TelefonoCel) VALUES ('RHH127823KFNNS45','8069403075');
INSERT INTO TelefonoCelEntrenador(CURPEntrenador,TelefonoCel) VALUES ('CAT677486DUZAV68','9313779052');
INSERT INTO TelefonoCelEntrenador(CURPEntrenador,TelefonoCel) VALUES ('RHH127823KFNNS45','1519758591');
INSERT INTO TelefonoCelEntrenador(CURPEntrenador,TelefonoCel) VALUES ('WIH406037RDOQA98','8558329004');
INSERT INTO TelefonoCelEntrenador(CURPEntrenador,TelefonoCel) VALUES ('EYI050753SDJXR73','3875967546');
INSERT INTO TelefonoCelEntrenador(CURPEntrenador,TelefonoCel) VALUES ('JGY037041RBHBK19','2115035770');
INSERT INTO TelefonoCelEntrenador(CURPEntrenador,TelefonoCel) VALUES ('PRE118948AFDLX14','7221466023');
INSERT INTO TelefonoCelEntrenador(CURPEntrenador,TelefonoCel) VALUES ('HEA594437TYEIU56','2674451483');
INSERT INTO TelefonoCelEntrenador(CURPEntrenador,TelefonoCel) VALUES ('BQA218318FCEUN89','8409341751');
INSERT INTO TelefonoCelEntrenador(CURPEntrenador,TelefonoCel) VALUES ('QEN814644OYPHL55','2218613728');
INSERT INTO TelefonoCelEntrenador(CURPEntrenador,TelefonoCel) VALUES ('ITA335533NYRPO76','8047672771');
INSERT INTO TelefonoCelEntrenador(CURPEntrenador,TelefonoCel) VALUES ('BIH318724DFZHF88','8842003068');
INSERT INTO TelefonoCelEntrenador(CURPEntrenador,TelefonoCel) VALUES ('NJS917038YLRDL30','7283271197');
INSERT INTO TelefonoCelEntrenador(CURPEntrenador,TelefonoCel) VALUES ('PVE448692VZUEB83','8725624530');
INSERT INTO TelefonoCelEntrenador(CURPEntrenador,TelefonoCel) VALUES ('BQA218318FCEUN89','8541468904');
INSERT INTO TelefonoCelEntrenador(CURPEntrenador,TelefonoCel) VALUES ('WIN256809IKFEZ67','4127306348');
INSERT INTO TelefonoCelEntrenador(CURPEntrenador,TelefonoCel) VALUES ('VFJ352385HEKFT60','5058617533');
INSERT INTO TelefonoCelEntrenador(CURPEntrenador,TelefonoCel) VALUES ('ZUE040057TRDHY06','4341412603');
INSERT INTO TelefonoCelEntrenador(CURPEntrenador,TelefonoCel) VALUES ('PRE118948AFDLX14','8638849629');
INSERT INTO TelefonoCelEntrenador(CURPEntrenador,TelefonoCel) VALUES ('EYI050753SDJXR73','8977543052');
INSERT INTO TelefonoCelEntrenador(CURPEntrenador,TelefonoCel) VALUES ('ORQ365372JLRYR52','2728668925');
INSERT INTO TelefonoCelEntrenador(CURPEntrenador,TelefonoCel) VALUES ('WIH406037RDOQA98','7088503741');
INSERT INTO TelefonoCelEntrenador(CURPEntrenador,TelefonoCel) VALUES ('KQJ109191WTWRZ35','1386244246');
INSERT INTO TelefonoCelEntrenador(CURPEntrenador,TelefonoCel) VALUES ('PRE118948AFDLX14','4937921947');
INSERT INTO TelefonoCelEntrenador(CURPEntrenador,TelefonoCel) VALUES ('VFJ352385HEKFT60','7644326001');
INSERT INTO TelefonoCelEntrenador(CURPEntrenador,TelefonoCel) VALUES ('HEA594437TYEIU56','2687683006');
INSERT INTO TelefonoCelEntrenador(CURPEntrenador,TelefonoCel) VALUES ('RHH127823KFNNS45','1308159176');
INSERT INTO TelefonoCelEntrenador(CURPEntrenador,TelefonoCel) VALUES ('EJW320090LUIRX20','2232761676');
INSERT INTO TelefonoCelEntrenador(CURPEntrenador,TelefonoCel) VALUES ('ORQ365372JLRYR52','5648450229');
INSERT INTO TelefonoCelEntrenador(CURPEntrenador,TelefonoCel) VALUES ('WSS911198MSYKR95','3858604162');
INSERT INTO TelefonoCelEntrenador(CURPEntrenador,TelefonoCel) VALUES ('XWW423231UQVSD52','6178723875');
INSERT INTO TelefonoCelEntrenador(CURPEntrenador,TelefonoCel) VALUES ('ZUE040057TRDHY06','1576084179');
INSERT INTO TelefonoCelEntrenador(CURPEntrenador,TelefonoCel) VALUES ('VFJ352385HEKFT60','5806483687');
INSERT INTO TelefonoCelEntrenador(CURPEntrenador,TelefonoCel) VALUES ('ZUE040057TRDHY06','4675733754');
INSERT INTO TelefonoCelEntrenador(CURPEntrenador,TelefonoCel) VALUES ('UCS239022YMPHQ82','1574010495');
INSERT INTO TelefonoCelEntrenador(CURPEntrenador,TelefonoCel) VALUES ('UCS239022YMPHQ82','2326099333');
INSERT INTO TelefonoCelEntrenador(CURPEntrenador,TelefonoCel) VALUES ('WBV909927JHAJU50','5092822700');
INSERT INTO TelefonoCelEntrenador(CURPEntrenador,TelefonoCel) VALUES ('UCS239022YMPHQ82','3344686376');
INSERT INTO TelefonoCelEntrenador(CURPEntrenador,TelefonoCel) VALUES ('TAQ428086GZPKS54','5118809928');
INSERT INTO TelefonoCelEntrenador(CURPEntrenador,TelefonoCel) VALUES ('ZQT637913WDFHB36','1147025584');
INSERT INTO TelefonoCelEntrenador(CURPEntrenador,TelefonoCel) VALUES ('WIH406037RDOQA98','3401118321');
INSERT INTO TelefonoCelEntrenador(CURPEntrenador,TelefonoCel) VALUES ('WBV909927JHAJU50','4884604475');
INSERT INTO TelefonoCelEntrenador(CURPEntrenador,TelefonoCel) VALUES ('VKC396851PZUSS78','3867720804');
INSERT INTO TelefonoCelEntrenador(CURPEntrenador,TelefonoCel) VALUES ('ZQT637913WDFHB36','3037251132');


INSERT INTO CorreoElectronicoEntrenador(CURPEntrenador,CorreoElectronico) VALUES ('RHH127823KFNNS45','leyton0@hc360.com');
INSERT INTO CorreoElectronicoEntrenador(CURPEntrenador,CorreoElectronico) VALUES ('ZQT637913WDFHB36','flotte1@ifeng.com');
INSERT INTO CorreoElectronicoEntrenador(CURPEntrenador,CorreoElectronico) VALUES ('HWB924504ZWTGN01','bgrocott2@1und1.de');
INSERT INTO CorreoElectronicoEntrenador(CURPEntrenador,CorreoElectronico) VALUES ('RHH127823KFNNS45','ahussy3@army.mil');
INSERT INTO CorreoElectronicoEntrenador(CURPEntrenador,CorreoElectronico) VALUES ('CAT677486DUZAV68','mdemars4@blog.com');
INSERT INTO CorreoElectronicoEntrenador(CURPEntrenador,CorreoElectronico) VALUES ('PVE448692VZUEB83','jlessmare5@skype.com');
INSERT INTO CorreoElectronicoEntrenador(CURPEntrenador,CorreoElectronico) VALUES ('QEN814644OYPHL55','acobbold6@dyndns.org');
INSERT INTO CorreoElectronicoEntrenador(CURPEntrenador,CorreoElectronico) VALUES ('TCH244832HAXDF25','mhoff7@creativecommons.org');
INSERT INTO CorreoElectronicoEntrenador(CURPEntrenador,CorreoElectronico) VALUES ('HEA594437TYEIU56','rrudiger8@unicef.org');
INSERT INTO CorreoElectronicoEntrenador(CURPEntrenador,CorreoElectronico) VALUES ('AGF262218JSYAS52','mrosewell9@netvibes.com');
INSERT INTO CorreoElectronicoEntrenador(CURPEntrenador,CorreoElectronico) VALUES ('GWV175274ENWLD85','tdavidovitza@seesaa.net');
INSERT INTO CorreoElectronicoEntrenador(CURPEntrenador,CorreoElectronico) VALUES ('TCH244832HAXDF25','acuncarrb@statcounter.com');
INSERT INTO CorreoElectronicoEntrenador(CURPEntrenador,CorreoElectronico) VALUES ('CPI302573GVVDN91','jcasperric@zdnet.com');
INSERT INTO CorreoElectronicoEntrenador(CURPEntrenador,CorreoElectronico) VALUES ('WBV909927JHAJU50','jnorsisterd@cloudflare.com');
INSERT INTO CorreoElectronicoEntrenador(CURPEntrenador,CorreoElectronico) VALUES ('NJS917038YLRDL30','ljacobsene@merriam-webster.com');
INSERT INTO CorreoElectronicoEntrenador(CURPEntrenador,CorreoElectronico) VALUES ('BQA218318FCEUN89','gbahikef@google.pl');
INSERT INTO CorreoElectronicoEntrenador(CURPEntrenador,CorreoElectronico) VALUES ('WIH406037RDOQA98','cleserg@dmoz.org');
INSERT INTO CorreoElectronicoEntrenador(CURPEntrenador,CorreoElectronico) VALUES ('JGY037041RBHBK19','fmaineh@epa.gov');
INSERT INTO CorreoElectronicoEntrenador(CURPEntrenador,CorreoElectronico) VALUES ('WSS911198MSYKR95','csidaryi@geocities.com');
INSERT INTO CorreoElectronicoEntrenador(CURPEntrenador,CorreoElectronico) VALUES ('ZUE040057TRDHY06','rlenoirj@bravesites.com');
INSERT INTO CorreoElectronicoEntrenador(CURPEntrenador,CorreoElectronico) VALUES ('BAW272063KOCRC34','tvistek@si.edu');
INSERT INTO CorreoElectronicoEntrenador(CURPEntrenador,CorreoElectronico) VALUES ('WIH406037RDOQA98','smatussovl@360.cn');
INSERT INTO CorreoElectronicoEntrenador(CURPEntrenador,CorreoElectronico) VALUES ('TCH244832HAXDF25','kgillionsm@typepad.com');
INSERT INTO CorreoElectronicoEntrenador(CURPEntrenador,CorreoElectronico) VALUES ('YCJ704875KAGQT54','vpinckardn@nytimes.com');
INSERT INTO CorreoElectronicoEntrenador(CURPEntrenador,CorreoElectronico) VALUES ('JGY037041RBHBK19','awadeo@amazon.de');
INSERT INTO CorreoElectronicoEntrenador(CURPEntrenador,CorreoElectronico) VALUES ('EAW400648SMAPI82','bbillingsp@cbsnews.com');
INSERT INTO CorreoElectronicoEntrenador(CURPEntrenador,CorreoElectronico) VALUES ('EJW320090LUIRX20','hgellyq@wikia.com');
INSERT INTO CorreoElectronicoEntrenador(CURPEntrenador,CorreoElectronico) VALUES ('WOO150950WQAXD49','efurmstonr@kickstarter.com');
INSERT INTO CorreoElectronicoEntrenador(CURPEntrenador,CorreoElectronico) VALUES ('LQG261342SCJPV30','jmccaughrans@amazon.com');
INSERT INTO CorreoElectronicoEntrenador(CURPEntrenador,CorreoElectronico) VALUES ('RRG962204QHTBP55','rcornesst@salon.com');
INSERT INTO CorreoElectronicoEntrenador(CURPEntrenador,CorreoElectronico) VALUES ('ZUE040057TRDHY06','rduddanu@ucoz.com');
INSERT INTO CorreoElectronicoEntrenador(CURPEntrenador,CorreoElectronico) VALUES ('TAQ428086GZPKS54','horryv@networkadvertising.org');
INSERT INTO CorreoElectronicoEntrenador(CURPEntrenador,CorreoElectronico) VALUES ('EAW400648SMAPI82','rbartolommeow@a8.net');
INSERT INTO CorreoElectronicoEntrenador(CURPEntrenador,CorreoElectronico) VALUES ('HEC989232PDZSP98','kcauldwellx@mashable.com');
INSERT INTO CorreoElectronicoEntrenador(CURPEntrenador,CorreoElectronico) VALUES ('REU470442TSFUU39','pgreenhoughy@wix.com');
INSERT INTO CorreoElectronicoEntrenador(CURPEntrenador,CorreoElectronico) VALUES ('NJS917038YLRDL30','agambrellz@harvard.edu');
INSERT INTO CorreoElectronicoEntrenador(CURPEntrenador,CorreoElectronico) VALUES ('KQJ109191WTWRZ35','nvischi10@qq.com');
INSERT INTO CorreoElectronicoEntrenador(CURPEntrenador,CorreoElectronico) VALUES ('NJY045686YYWTR53','hvalde11@symantec.com');
INSERT INTO CorreoElectronicoEntrenador(CURPEntrenador,CorreoElectronico) VALUES ('REU470442TSFUU39','fstaintonskinn12@apple.com');
INSERT INTO CorreoElectronicoEntrenador(CURPEntrenador,CorreoElectronico) VALUES ('QQN334567YKQZO53','pcolchett13@nps.gov');
INSERT INTO CorreoElectronicoEntrenador(CURPEntrenador,CorreoElectronico) VALUES ('KQJ109191WTWRZ35','swiper14@usgs.gov');
INSERT INTO CorreoElectronicoEntrenador(CURPEntrenador,CorreoElectronico) VALUES ('EAW400648SMAPI82','ngennings15@wunderground.com');
INSERT INTO CorreoElectronicoEntrenador(CURPEntrenador,CorreoElectronico) VALUES ('HEA594437TYEIU56','dhaddock16@earthlink.net');
INSERT INTO CorreoElectronicoEntrenador(CURPEntrenador,CorreoElectronico) VALUES ('KQJ109191WTWRZ35','pspurge17@altervista.org');
INSERT INTO CorreoElectronicoEntrenador(CURPEntrenador,CorreoElectronico) VALUES ('TCH244832HAXDF25','glorant18@webs.com');
INSERT INTO CorreoElectronicoEntrenador(CURPEntrenador,CorreoElectronico) VALUES ('TIL958384FGLTJ20','hmannion19@ning.com');
INSERT INTO CorreoElectronicoEntrenador(CURPEntrenador,CorreoElectronico) VALUES ('ORQ365372JLRYR52','mbolles1a@hibu.com');
INSERT INTO CorreoElectronicoEntrenador(CURPEntrenador,CorreoElectronico) VALUES ('TCH244832HAXDF25','wmoan1b@studiopress.com');
INSERT INTO CorreoElectronicoEntrenador(CURPEntrenador,CorreoElectronico) VALUES ('CAT677486DUZAV68','psolman1c@cocolog-nifty.com');
INSERT INTO CorreoElectronicoEntrenador(CURPEntrenador,CorreoElectronico) VALUES ('QEN814644OYPHL55','lskillitt1d@engadget.com');
INSERT INTO CorreoElectronicoEntrenador(CURPEntrenador,CorreoElectronico) VALUES ('UCS239022YMPHQ82','estairmond1e@rediff.com');
INSERT INTO CorreoElectronicoEntrenador(CURPEntrenador,CorreoElectronico) VALUES ('VKC396851PZUSS78','ejackes1f@skyrock.com');
INSERT INTO CorreoElectronicoEntrenador(CURPEntrenador,CorreoElectronico) VALUES ('WSS911198MSYKR95','wwildber1g@blogs.com');
INSERT INTO CorreoElectronicoEntrenador(CURPEntrenador,CorreoElectronico) VALUES ('QEN814644OYPHL55','splaistowe1h@dmoz.org');
INSERT INTO CorreoElectronicoEntrenador(CURPEntrenador,CorreoElectronico) VALUES ('VKC396851PZUSS78','mfollan1i@squarespace.com');
INSERT INTO CorreoElectronicoEntrenador(CURPEntrenador,CorreoElectronico) VALUES ('WBV909927JHAJU50','mcurrm1j@hubpages.com');
INSERT INTO CorreoElectronicoEntrenador(CURPEntrenador,CorreoElectronico) VALUES ('BAW272063KOCRC34','lbraemer1k@last.fm');
INSERT INTO CorreoElectronicoEntrenador(CURPEntrenador,CorreoElectronico) VALUES ('TIL958384FGLTJ20','srivers1l@netscape.com');
INSERT INTO CorreoElectronicoEntrenador(CURPEntrenador,CorreoElectronico) VALUES ('FHY232712HQQFR54','kwaistell1m@macromedia.com');
INSERT INTO CorreoElectronicoEntrenador(CURPEntrenador,CorreoElectronico) VALUES ('EJW320090LUIRX20','twoodruff1n@jugem.jp');
INSERT INTO CorreoElectronicoEntrenador(CURPEntrenador,CorreoElectronico) VALUES ('VKC396851PZUSS78','efarryann1o@state.tx.us');
INSERT INTO CorreoElectronicoEntrenador(CURPEntrenador,CorreoElectronico) VALUES ('TCH244832HAXDF25','acaney1p@delicious.com');
INSERT INTO CorreoElectronicoEntrenador(CURPEntrenador,CorreoElectronico) VALUES ('GWV175274ENWLD85','cserraillier1q@webs.com');
INSERT INTO CorreoElectronicoEntrenador(CURPEntrenador,CorreoElectronico) VALUES ('ZUE040057TRDHY06','rcotterill1r@alexa.com');
INSERT INTO CorreoElectronicoEntrenador(CURPEntrenador,CorreoElectronico) VALUES ('WIH406037RDOQA98','pbockh1s@xinhuanet.com');
INSERT INTO CorreoElectronicoEntrenador(CURPEntrenador,CorreoElectronico) VALUES ('QEN814644OYPHL55','hcecely1t@smugmug.com');
INSERT INTO CorreoElectronicoEntrenador(CURPEntrenador,CorreoElectronico) VALUES ('ZUE040057TRDHY06','khartburn1u@nba.com');
INSERT INTO CorreoElectronicoEntrenador(CURPEntrenador,CorreoElectronico) VALUES ('BQA218318FCEUN89','nedgson1v@cornell.edu');
INSERT INTO CorreoElectronicoEntrenador(CURPEntrenador,CorreoElectronico) VALUES ('QEN814644OYPHL55','lladon1w@xing.com');
INSERT INTO CorreoElectronicoEntrenador(CURPEntrenador,CorreoElectronico) VALUES ('MPD878895GZTZE00','mhance1x@zimbio.com');
INSERT INTO CorreoElectronicoEntrenador(CURPEntrenador,CorreoElectronico) VALUES ('WIN256809IKFEZ67','cpittaway1y@chronoengine.com');
INSERT INTO CorreoElectronicoEntrenador(CURPEntrenador,CorreoElectronico) VALUES ('RYW270591TFCGR63','csallings1z@quantcast.com');
INSERT INTO CorreoElectronicoEntrenador(CURPEntrenador,CorreoElectronico) VALUES ('WWY573679SBXKZ31','ltadgell20@geocities.com');
INSERT INTO CorreoElectronicoEntrenador(CURPEntrenador,CorreoElectronico) VALUES ('TIL958384FGLTJ20','jmcmenamin21@seesaa.net');
INSERT INTO CorreoElectronicoEntrenador(CURPEntrenador,CorreoElectronico) VALUES ('CAT677486DUZAV68','bstanman22@eventbrite.com');
INSERT INTO CorreoElectronicoEntrenador(CURPEntrenador,CorreoElectronico) VALUES ('TCH244832HAXDF25','cgurge23@typepad.com');
INSERT INTO CorreoElectronicoEntrenador(CURPEntrenador,CorreoElectronico) VALUES ('WIH406037RDOQA98','fsansome24@vkontakte.ru');
INSERT INTO CorreoElectronicoEntrenador(CURPEntrenador,CorreoElectronico) VALUES ('ZQT637913WDFHB36','alevey25@photobucket.com');
INSERT INTO CorreoElectronicoEntrenador(CURPEntrenador,CorreoElectronico) VALUES ('EJW320090LUIRX20','mhindhaugh26@webnode.com');
INSERT INTO CorreoElectronicoEntrenador(CURPEntrenador,CorreoElectronico) VALUES ('TAQ428086GZPKS54','thernik27@sohu.com');
INSERT INTO CorreoElectronicoEntrenador(CURPEntrenador,CorreoElectronico) VALUES ('FIR195136JFNOM04','egabby28@sciencedaily.com');
INSERT INTO CorreoElectronicoEntrenador(CURPEntrenador,CorreoElectronico) VALUES ('ITA335533NYRPO76','cslay29@cloudflare.com');
INSERT INTO CorreoElectronicoEntrenador(CURPEntrenador,CorreoElectronico) VALUES ('YCJ704875KAGQT54','cketcher2a@latimes.com');
INSERT INTO CorreoElectronicoEntrenador(CURPEntrenador,CorreoElectronico) VALUES ('WBV909927JHAJU50','atheurer2b@house.gov');
INSERT INTO CorreoElectronicoEntrenador(CURPEntrenador,CorreoElectronico) VALUES ('EJW320090LUIRX20','scrann2c@examiner.com');
INSERT INTO CorreoElectronicoEntrenador(CURPEntrenador,CorreoElectronico) VALUES ('VFJ352385HEKFT60','lubsdale2d@arizona.edu');
INSERT INTO CorreoElectronicoEntrenador(CURPEntrenador,CorreoElectronico) VALUES ('BQA218318FCEUN89','mbailles2e@time.com');
INSERT INTO CorreoElectronicoEntrenador(CURPEntrenador,CorreoElectronico) VALUES ('UCS239022YMPHQ82','ranstead2f@wordpress.com');
INSERT INTO CorreoElectronicoEntrenador(CURPEntrenador,CorreoElectronico) VALUES ('RYW270591TFCGR63','lodonohue2g@macromedia.com');
INSERT INTO CorreoElectronicoEntrenador(CURPEntrenador,CorreoElectronico) VALUES ('NJS917038YLRDL30','dhyman2h@deliciousdays.com');
INSERT INTO CorreoElectronicoEntrenador(CURPEntrenador,CorreoElectronico) VALUES ('HEC989232PDZSP98','dmaingot2i@mail.ru');
INSERT INTO CorreoElectronicoEntrenador(CURPEntrenador,CorreoElectronico) VALUES ('RYW270591TFCGR63','sdecourtney2j@miibeian.gov.cn');
INSERT INTO CorreoElectronicoEntrenador(CURPEntrenador,CorreoElectronico) VALUES ('AGF262218JSYAS52','jbalf2k@free.fr');
INSERT INTO CorreoElectronicoEntrenador(CURPEntrenador,CorreoElectronico) VALUES ('CPI302573GVVDN91','coleszkiewicz2l@washingtonpost.com');
INSERT INTO CorreoElectronicoEntrenador(CURPEntrenador,CorreoElectronico) VALUES ('WWY573679SBXKZ31','bbigglestone2m@friendfeed.com');
INSERT INTO CorreoElectronicoEntrenador(CURPEntrenador,CorreoElectronico) VALUES ('ZQT637913WDFHB36','sbelli2n@ovh.net');
INSERT INTO CorreoElectronicoEntrenador(CURPEntrenador,CorreoElectronico) VALUES ('WWY573679SBXKZ31','dkiernan2o@studiopress.com');
INSERT INTO CorreoElectronicoEntrenador(CURPEntrenador,CorreoElectronico) VALUES ('PRE118948AFDLX14','bfarragher2p@google.ru');
INSERT INTO CorreoElectronicoEntrenador(CURPEntrenador,CorreoElectronico) VALUES ('ZQT637913WDFHB36','otroy2q@geocities.jp');
INSERT INTO CorreoElectronicoEntrenador(CURPEntrenador,CorreoElectronico) VALUES ('BAW272063KOCRC34','ivaggs2r@storify.com');


INSERT INTO Curso(IdCurso,RFCCliente,Idsala,IdPiso,IdEdificio,CURPEntrenador,Nombre,Modalidad,HorasDeEntrenamiento,PagoEntrenador) VALUES (1,'HCE678692PS6',62,15,1,'VJQ037276TPCXX98','Programa de capacitacion Hamill-Yost','en linea',15,70);
INSERT INTO Curso(IdCurso,RFCCliente,Idsala,IdPiso,IdEdificio,CURPEntrenador,Nombre,Modalidad,HorasDeEntrenamiento,PagoEntrenador) VALUES (2,'BQNV154049LX8',124,14,2,'ZQT637913WDFHB36','Programa de capacitacion Muhammad Lewisham','presencial',15,70);
INSERT INTO Curso(IdCurso,RFCCliente,Idsala,IdPiso,IdEdificio,CURPEntrenador,Nombre,Modalidad,HorasDeEntrenamiento,PagoEntrenador) VALUES (3,'BAP039629UR8',41,9,1,'KQJ109191WTWRZ35','Programa de capacitacion Wilderman Crona and Yost','presencial',16,70);
INSERT INTO Curso(IdCurso,RFCCliente,Idsala,IdPiso,IdEdificio,CURPEntrenador,Nombre,Modalidad,HorasDeEntrenamiento,PagoEntrenador) VALUES (4,'YEI079256PP6',118,2,2,'CPI302573GVVDN91','Programa de capacitacion Howell Group','presencial',15,70);
INSERT INTO Curso(IdCurso,RFCCliente,Idsala,IdPiso,IdEdificio,CURPEntrenador,Nombre,Modalidad,HorasDeEntrenamiento,PagoEntrenador) VALUES (5,'AAD282786GE0',38,3,1,'EJW320090LUIRX20','Programa de capacitacion Herman-Schuppe','en linea',17,70);

INSERT INTO FechasCurso(FechasCurso,IdCurso,RFCCliente,Idsala,IdPiso,IdEdificio,CURPEntrenador) VALUES ('2021-11-29',1,'HCE678692PS6',62,15,1,'VJQ037276TPCXX98');
INSERT INTO FechasCurso(FechasCurso,IdCurso,RFCCliente,Idsala,IdPiso,IdEdificio,CURPEntrenador) VALUES ('2022-01-03',2,'BQNV154049LX8',124,14,2,'ZQT637913WDFHB36');
INSERT INTO FechasCurso(FechasCurso,IdCurso,RFCCliente,Idsala,IdPiso,IdEdificio,CURPEntrenador) VALUES ('2021-07-16',3,'BAP039629UR8',41,9,1,'KQJ109191WTWRZ35');
INSERT INTO FechasCurso(FechasCurso,IdCurso,RFCCliente,Idsala,IdPiso,IdEdificio,CURPEntrenador) VALUES ('2021-08-16',4,'YEI079256PP6',118,2,2,'CPI302573GVVDN91');
INSERT INTO FechasCurso(FechasCurso,IdCurso,RFCCliente,Idsala,IdPiso,IdEdificio,CURPEntrenador) VALUES ('2020-09-21',5,'AAD282786GE0',38,3,1,'EJW320090LUIRX20');
INSERT INTO FechasCurso(FechasCurso,IdCurso,RFCCliente,Idsala,IdPiso,IdEdificio,CURPEntrenador) VALUES ('2021-12-06',1,'HCE678692PS6',62,15,1,'VJQ037276TPCXX98');
INSERT INTO FechasCurso(FechasCurso,IdCurso,RFCCliente,Idsala,IdPiso,IdEdificio,CURPEntrenador) VALUES ('2022-01-10',2,'BQNV154049LX8',124,14,2,'ZQT637913WDFHB36');
INSERT INTO FechasCurso(FechasCurso,IdCurso,RFCCliente,Idsala,IdPiso,IdEdificio,CURPEntrenador) VALUES ('2021-07-23',3,'BAP039629UR8',41,9,1,'KQJ109191WTWRZ35');
INSERT INTO FechasCurso(FechasCurso,IdCurso,RFCCliente,Idsala,IdPiso,IdEdificio,CURPEntrenador) VALUES ('2021-08-23',4,'YEI079256PP6',118,2,2,'CPI302573GVVDN91');
INSERT INTO FechasCurso(FechasCurso,IdCurso,RFCCliente,Idsala,IdPiso,IdEdificio,CURPEntrenador) VALUES ('2020-09-28',5,'AAD282786GE0',38,3,1,'EJW320090LUIRX20');
INSERT INTO FechasCurso(FechasCurso,IdCurso,RFCCliente,Idsala,IdPiso,IdEdificio,CURPEntrenador) VALUES ('2021-12-02',1,'HCE678692PS6',62,15,1,'VJQ037276TPCXX98');
INSERT INTO FechasCurso(FechasCurso,IdCurso,RFCCliente,Idsala,IdPiso,IdEdificio,CURPEntrenador) VALUES ('2022-01-06',2,'BQNV154049LX8',124,14,2,'ZQT637913WDFHB36');
INSERT INTO FechasCurso(FechasCurso,IdCurso,RFCCliente,Idsala,IdPiso,IdEdificio,CURPEntrenador) VALUES ('2021-07-17',3,'BAP039629UR8',41,9,1,'KQJ109191WTWRZ35');
INSERT INTO FechasCurso(FechasCurso,IdCurso,RFCCliente,Idsala,IdPiso,IdEdificio,CURPEntrenador) VALUES ('2021-08-19',4,'YEI079256PP6',118,2,2,'CPI302573GVVDN91');
INSERT INTO FechasCurso(FechasCurso,IdCurso,RFCCliente,Idsala,IdPiso,IdEdificio,CURPEntrenador) VALUES ('2020-09-23',5,'AAD282786GE0',38,3,1,'EJW320090LUIRX20');
INSERT INTO FechasCurso(FechasCurso,IdCurso,RFCCliente,Idsala,IdPiso,IdEdificio,CURPEntrenador) VALUES ('2021-12-08',1,'HCE678692PS6',62,15,1,'VJQ037276TPCXX98');
INSERT INTO FechasCurso(FechasCurso,IdCurso,RFCCliente,Idsala,IdPiso,IdEdificio,CURPEntrenador) VALUES ('2022-01-11',2,'BQNV154049LX8',124,14,2,'ZQT637913WDFHB36');
INSERT INTO FechasCurso(FechasCurso,IdCurso,RFCCliente,Idsala,IdPiso,IdEdificio,CURPEntrenador) VALUES ('2021-07-24',3,'BAP039629UR8',41,9,1,'KQJ109191WTWRZ35');
INSERT INTO FechasCurso(FechasCurso,IdCurso,RFCCliente,Idsala,IdPiso,IdEdificio,CURPEntrenador) VALUES ('2021-08-25',4,'YEI079256PP6',118,2,2,'CPI302573GVVDN91');
INSERT INTO FechasCurso(FechasCurso,IdCurso,RFCCliente,Idsala,IdPiso,IdEdificio,CURPEntrenador) VALUES ('2020-09-29',5,'AAD282786GE0',38,3,1,'EJW320090LUIRX20');


INSERT INTO AgenteTele(CURPAgente,IdPiso,IdCurso,RFCCliente,IdSala,CURPEntrenador,IdEdificio,NombreC,FechaNac,Horario,CP,Ciudad,Estado,Numero,Calle,Pais,Fotografia,PagoAgente,Evaluacion, Estatus) VALUES ('AWT902812HIFRE96',15,1,'HCE678692PS6',62,'VJQ037276TPCXX98',1,'Billi Kingsworth','1984-12-31','Matutino',48892,'CDMX','CDMX',835,'Calle Génova','Mexico','http://dummyimage.com/189x100.png/cc0000/ffffff',40,9,true);
INSERT INTO AgenteTele(CURPAgente,IdPiso,IdCurso,RFCCliente,IdSala,CURPEntrenador,IdEdificio,NombreC,FechaNac,Horario,CP,Ciudad,Estado,Numero,Calle,Pais,Fotografia,PagoAgente,Evaluacion, Estatus) VALUES ('DCN935610QCQSN81',9,3,'BAP039629UR8',41,'KQJ109191WTWRZ35',1,'Haley Reightley','1989-01-24','Vespertino',30890,'CDMX','CDMX',956,'Calle Regina','Mexico','http://dummyimage.com/112x100.png/cc0000/ffffff',40,5,true);
INSERT INTO AgenteTele(CURPAgente,IdPiso,IdCurso,RFCCliente,IdSala,CURPEntrenador,IdEdificio,NombreC,FechaNac,Horario,CP,Ciudad,Estado,Numero,Calle,Pais,Fotografia,PagoAgente,Evaluacion, Estatus) VALUES ('OLL278741LFBNK78',9,3,'BAP039629UR8',41,'KQJ109191WTWRZ35',1,'Bambi Rubinfeld','1992-05-11','Vespertino',79960,'CDMX','CDMX',498,'Avenida Juárez','Mexico','http://dummyimage.com/137x100.png/dddddd/000000',40,0,true);
INSERT INTO AgenteTele(CURPAgente,IdPiso,IdCurso,RFCCliente,IdSala,CURPEntrenador,IdEdificio,NombreC,FechaNac,Horario,CP,Ciudad,Estado,Numero,Calle,Pais,Fotografia,PagoAgente,Evaluacion, Estatus) VALUES ('IML125538AGBXV99',9,3,'BAP039629UR8',41,'KQJ109191WTWRZ35',1,'Ag Vasovic','2002-08-12','Vespertino',85936,'CDMX','CDMX',4979,'Calle Madero','Mexico','http://dummyimage.com/248x100.png/cc0000/ffffff',40,3,true);
INSERT INTO AgenteTele(CURPAgente,IdPiso,IdCurso,RFCCliente,IdSala,CURPEntrenador,IdEdificio,NombreC,FechaNac,Horario,CP,Ciudad,Estado,Numero,Calle,Pais,Fotografia,PagoAgente,Evaluacion, Estatus) VALUES ('FJA318424ILUIT82',9,3,'BAP039629UR8',41,'KQJ109191WTWRZ35',1,'Gloriana Loton','1985-10-30','Vespertino',94475,'CDMX','CDMX',98,'Calle Madero','Mexico','http://dummyimage.com/157x100.png/cc0000/ffffff',40,5,true);
INSERT INTO AgenteTele(CURPAgente,IdPiso,IdCurso,RFCCliente,IdSala,CURPEntrenador,IdEdificio,NombreC,FechaNac,Horario,CP,Ciudad,Estado,Numero,Calle,Pais,Fotografia,PagoAgente,Evaluacion, Estatus) VALUES ('YCY453383ZFARN52',3,5,'AAD282786GE0',38,'EJW320090LUIRX20',1,'Caresa Dingivan','2000-12-22','Vespertino',27944,'CDMX','CDMX',8525,'Calle Regina','Mexico','http://dummyimage.com/114x100.png/5fa2dd/ffffff',40,0,true);
INSERT INTO AgenteTele(CURPAgente,IdPiso,IdCurso,RFCCliente,IdSala,CURPEntrenador,IdEdificio,NombreC,FechaNac,Horario,CP,Ciudad,Estado,Numero,Calle,Pais,Fotografia,PagoAgente,Evaluacion, Estatus) VALUES ('IGU003788CGJUB79',15,1,'HCE678692PS6',62,'VJQ037276TPCXX98',1,'Eyde Frantzen','1982-01-07','Matutino',94463,'CDMX','CDMX',8888,'Calle Madero','Mexico','http://dummyimage.com/177x100.png/ff4444/ffffff',40,8,true);
INSERT INTO AgenteTele(CURPAgente,IdPiso,IdCurso,RFCCliente,IdSala,CURPEntrenador,IdEdificio,NombreC,FechaNac,Horario,CP,Ciudad,Estado,Numero,Calle,Pais,Fotografia,PagoAgente,Evaluacion, Estatus) VALUES ('DRT834312VOHXU67',2,4,'YEI079256PP6',118,'CPI302573GVVDN91',2,'Ellen Solleme','1996-02-24','Vespertino',66053,'CDMX','CDMX',62,'Paseo de la Reforma','Mexico','http://dummyimage.com/237x100.png/ff4444/ffffff',40,7,true);
INSERT INTO AgenteTele(CURPAgente,IdPiso,IdCurso,RFCCliente,IdSala,CURPEntrenador,IdEdificio,NombreC,FechaNac,Horario,CP,Ciudad,Estado,Numero,Calle,Pais,Fotografia,PagoAgente,Evaluacion, Estatus) VALUES ('CGU302283XPUFK97',9,3,'BAP039629UR8',41,'KQJ109191WTWRZ35',1,'Angela Ierland','1991-11-22','Vespertino',54932,'CDMX','CDMX',4747,'Avenida Álvaro Obregón','Mexico','http://dummyimage.com/129x100.png/dddddd/000000',40,10,true);
INSERT INTO AgenteTele(CURPAgente,IdPiso,IdCurso,RFCCliente,IdSala,CURPEntrenador,IdEdificio,NombreC,FechaNac,Horario,CP,Ciudad,Estado,Numero,Calle,Pais,Fotografia,PagoAgente,Evaluacion, Estatus) VALUES ('OEI903702NITNJ23',3,5,'AAD282786GE0',38,'EJW320090LUIRX20',1,'Syd Flatte','1996-08-09','Vespertino',40896,'CDMX','CDMX',60001,'Avenida Presidente Masaryk','Mexico','http://dummyimage.com/246x100.png/dddddd/000000',40,3,true);
INSERT INTO AgenteTele(CURPAgente,IdPiso,IdCurso,RFCCliente,IdSala,CURPEntrenador,IdEdificio,NombreC,FechaNac,Horario,CP,Ciudad,Estado,Numero,Calle,Pais,Fotografia,PagoAgente,Evaluacion, Estatus) VALUES ('BUZ383525MJTQM94',14,2,'BQNV154049LX8',124,'ZQT637913WDFHB36',2,'Lurette Julian','1986-11-15','Matutino',31210,'CDMX','CDMX',9436,'Paseo de la Reforma','Mexico','http://dummyimage.com/224x100.png/cc0000/ffffff',40,0,true);
INSERT INTO AgenteTele(CURPAgente,IdPiso,IdCurso,RFCCliente,IdSala,CURPEntrenador,IdEdificio,NombreC,FechaNac,Horario,CP,Ciudad,Estado,Numero,Calle,Pais,Fotografia,PagoAgente,Evaluacion, Estatus) VALUES ('NYN129609FTIYZ96',14,2,'BQNV154049LX8',124,'ZQT637913WDFHB36',2,'Alessandro Riddich','1983-09-11','Vespertino',61650,'CDMX','CDMX',6000,'Avenida Juárez','Mexico','http://dummyimage.com/141x100.png/5fa2dd/ffffff',40,6,true);
INSERT INTO AgenteTele(CURPAgente,IdPiso,IdCurso,RFCCliente,IdSala,CURPEntrenador,IdEdificio,NombreC,FechaNac,Horario,CP,Ciudad,Estado,Numero,Calle,Pais,Fotografia,PagoAgente,Evaluacion, Estatus) VALUES ('ZDS335551UZLQZ38',9,3,'BAP039629UR8',41,'KQJ109191WTWRZ35',1,'Raoul Dartan','1995-02-17','Matutino',68451,'CDMX','CDMX',8,'Avenida Ámsterdam','Mexico','http://dummyimage.com/201x100.png/5fa2dd/ffffff',40,7,true);
INSERT INTO AgenteTele(CURPAgente,IdPiso,IdCurso,RFCCliente,IdSala,CURPEntrenador,IdEdificio,NombreC,FechaNac,Horario,CP,Ciudad,Estado,Numero,Calle,Pais,Fotografia,PagoAgente,Evaluacion, Estatus) VALUES ('ORA414287QQAJD79',3,5,'AAD282786GE0',38,'EJW320090LUIRX20',1,'Stanislaus Ferriby','1998-04-25','Vespertino',64103,'CDMX','CDMX',59,'Avenida Ámsterdam','Mexico','http://dummyimage.com/194x100.png/cc0000/ffffff',40,9,true);
INSERT INTO AgenteTele(CURPAgente,IdPiso,IdCurso,RFCCliente,IdSala,CURPEntrenador,IdEdificio,NombreC,FechaNac,Horario,CP,Ciudad,Estado,Numero,Calle,Pais,Fotografia,PagoAgente,Evaluacion, Estatus) VALUES ('MPS691833FWCEB71',15,1,'HCE678692PS6',62,'VJQ037276TPCXX98',1,'Tedda Hansley','1999-08-24','Vespertino',93650,'CDMX','CDMX',56272,'Avenida Ámsterdam','Mexico','http://dummyimage.com/228x100.png/cc0000/ffffff',40,4,true);
INSERT INTO AgenteTele(CURPAgente,IdPiso,IdCurso,RFCCliente,IdSala,CURPEntrenador,IdEdificio,NombreC,FechaNac,Horario,CP,Ciudad,Estado,Numero,Calle,Pais,Fotografia,PagoAgente,Evaluacion, Estatus) VALUES ('NLP603731YFBNS52',3,5,'AAD282786GE0',38,'EJW320090LUIRX20',1,'Geraldine Doby','1987-01-19','Matutino',87395,'CDMX','CDMX',397,'Calle Regina','Mexico','http://dummyimage.com/243x100.png/cc0000/ffffff',40,7,true);
INSERT INTO AgenteTele(CURPAgente,IdPiso,IdCurso,RFCCliente,IdSala,CURPEntrenador,IdEdificio,NombreC,FechaNac,Horario,CP,Ciudad,Estado,Numero,Calle,Pais,Fotografia,PagoAgente,Evaluacion, Estatus) VALUES ('HGL199031TFSWT52',9,3,'BAP039629UR8',41,'KQJ109191WTWRZ35',1,'Dalton Hunt','1998-01-19','Vespertino',86690,'CDMX','CDMX',3,'Avenida Ámsterdam','Mexico','http://dummyimage.com/175x100.png/ff4444/ffffff',40,2,true);
INSERT INTO AgenteTele(CURPAgente,IdPiso,IdCurso,RFCCliente,IdSala,CURPEntrenador,IdEdificio,NombreC,FechaNac,Horario,CP,Ciudad,Estado,Numero,Calle,Pais,Fotografia,PagoAgente,Evaluacion, Estatus) VALUES ('QTS105478OXHCL20',2,4,'YEI079256PP6',118,'CPI302573GVVDN91',2,'Basilius Spoure','1992-08-31','Vespertino',57000,'CDMX','CDMX',96,'Calle Madero','Mexico','http://dummyimage.com/248x100.png/ff4444/ffffff',40,7,true);
INSERT INTO AgenteTele(CURPAgente,IdPiso,IdCurso,RFCCliente,IdSala,CURPEntrenador,IdEdificio,NombreC,FechaNac,Horario,CP,Ciudad,Estado,Numero,Calle,Pais,Fotografia,PagoAgente,Evaluacion, Estatus) VALUES ('DXG253433WWGTR38',9,3,'BAP039629UR8',41,'KQJ109191WTWRZ35',1,'Gabriell Feak','1983-02-11','Vespertino',97714,'CDMX','CDMX',26427,'Calle Madero','Mexico','http://dummyimage.com/232x100.png/ff4444/ffffff',40,1,true);
INSERT INTO AgenteTele(CURPAgente,IdPiso,IdCurso,RFCCliente,IdSala,CURPEntrenador,IdEdificio,NombreC,FechaNac,Horario,CP,Ciudad,Estado,Numero,Calle,Pais,Fotografia,PagoAgente,Evaluacion, Estatus) VALUES ('UFS284225XDKUR13',9,3,'BAP039629UR8',41,'KQJ109191WTWRZ35',1,'Natale Streather','1988-02-26','Matutino',72089,'CDMX','CDMX',9,'Avenida Presidente Masaryk','Mexico','http://dummyimage.com/178x100.png/cc0000/ffffff',40,1,true);
INSERT INTO AgenteTele(CURPAgente,IdPiso,IdCurso,RFCCliente,IdSala,CURPEntrenador,IdEdificio,NombreC,FechaNac,Horario,CP,Ciudad,Estado,Numero,Calle,Pais,Fotografia,PagoAgente,Evaluacion, Estatus) VALUES ('PAD732458DLYNM08',14,2,'BQNV154049LX8',124,'ZQT637913WDFHB36',2,'Janna Lanceley','1988-07-17','Matutino',37861,'CDMX','CDMX',11175,'Paseo de la Reforma','Mexico','http://dummyimage.com/222x100.png/5fa2dd/ffffff',40,3,true);
INSERT INTO AgenteTele(CURPAgente,IdPiso,IdCurso,RFCCliente,IdSala,CURPEntrenador,IdEdificio,NombreC,FechaNac,Horario,CP,Ciudad,Estado,Numero,Calle,Pais,Fotografia,PagoAgente,Evaluacion, Estatus) VALUES ('XUL371177HGQIX32',14,2,'BQNV154049LX8',124,'ZQT637913WDFHB36',2,'Rosa Turmel','1984-06-18','Matutino',51016,'CDMX','CDMX',3904,'Calle Génova','Mexico','http://dummyimage.com/111x100.png/5fa2dd/ffffff',40,1,true);
INSERT INTO AgenteTele(CURPAgente,IdPiso,IdCurso,RFCCliente,IdSala,CURPEntrenador,IdEdificio,NombreC,FechaNac,Horario,CP,Ciudad,Estado,Numero,Calle,Pais,Fotografia,PagoAgente,Evaluacion, Estatus) VALUES ('UUG515651SUHOH93',9,3,'BAP039629UR8',41,'KQJ109191WTWRZ35',1,'Camellia Whapham','1996-07-30','Vespertino',87426,'CDMX','CDMX',24,'Calle Madero','Mexico','http://dummyimage.com/226x100.png/5fa2dd/ffffff',40,7,true);
INSERT INTO AgenteTele(CURPAgente,IdPiso,IdCurso,RFCCliente,IdSala,CURPEntrenador,IdEdificio,NombreC,FechaNac,Horario,CP,Ciudad,Estado,Numero,Calle,Pais,Fotografia,PagoAgente,Evaluacion, Estatus) VALUES ('JWQ926542NXHWQ53',9,3,'BAP039629UR8',41,'KQJ109191WTWRZ35',1,'Kile Roke','2001-11-12','Vespertino',41240,'CDMX','CDMX',462,'Avenida Álvaro Obregón','Mexico','http://dummyimage.com/130x100.png/ff4444/ffffff',40,0,true);
INSERT INTO AgenteTele(CURPAgente,IdPiso,IdCurso,RFCCliente,IdSala,CURPEntrenador,IdEdificio,NombreC,FechaNac,Horario,CP,Ciudad,Estado,Numero,Calle,Pais,Fotografia,PagoAgente,Evaluacion, Estatus) VALUES ('CGF044994CTAEY79',14,2,'BQNV154049LX8',124,'ZQT637913WDFHB36',2,'Ezri Padrick','2000-04-14','Vespertino',95098,'CDMX','CDMX',5,'Avenida Álvaro Obregón','Mexico','http://dummyimage.com/215x100.png/cc0000/ffffff',40,10,true);
INSERT INTO AgenteTele(CURPAgente,IdPiso,IdCurso,RFCCliente,IdSala,CURPEntrenador,IdEdificio,NombreC,FechaNac,Horario,CP,Ciudad,Estado,Numero,Calle,Pais,Fotografia,PagoAgente,Evaluacion, Estatus) VALUES ('DRE494254SQQFR92',9,3,'BAP039629UR8',41,'KQJ109191WTWRZ35',1,'Aurea Ferrieres','1996-10-13','Vespertino',26030,'CDMX','CDMX',6,'Calle Regina','Mexico','http://dummyimage.com/207x100.png/5fa2dd/ffffff',40,7,true);
INSERT INTO AgenteTele(CURPAgente,IdPiso,IdCurso,RFCCliente,IdSala,CURPEntrenador,IdEdificio,NombreC,FechaNac,Horario,CP,Ciudad,Estado,Numero,Calle,Pais,Fotografia,PagoAgente,Evaluacion, Estatus) VALUES ('RVA407320RBXQL75',14,2,'BQNV154049LX8',124,'ZQT637913WDFHB36',2,'Jeanelle Apted','1997-07-04','Vespertino',70805,'CDMX','CDMX',865,'Calle Madero','Mexico','http://dummyimage.com/204x100.png/dddddd/000000',40,6,true);
INSERT INTO AgenteTele(CURPAgente,IdPiso,IdCurso,RFCCliente,IdSala,CURPEntrenador,IdEdificio,NombreC,FechaNac,Horario,CP,Ciudad,Estado,Numero,Calle,Pais,Fotografia,PagoAgente,Evaluacion, Estatus) VALUES ('LOQ010207SFNTW02',2,4,'YEI079256PP6',118,'CPI302573GVVDN91',2,'Stanley Eshmade','1983-08-26','Matutino',40160,'CDMX','CDMX',5,'Avenida Álvaro Obregón','Mexico','http://dummyimage.com/135x100.png/dddddd/000000',40,3,true);
INSERT INTO AgenteTele(CURPAgente,IdPiso,IdCurso,RFCCliente,IdSala,CURPEntrenador,IdEdificio,NombreC,FechaNac,Horario,CP,Ciudad,Estado,Numero,Calle,Pais,Fotografia,PagoAgente,Evaluacion, Estatus) VALUES ('OBD495035EXSXD46',3,5,'AAD282786GE0',38,'EJW320090LUIRX20',1,'Pauli Diament','1999-11-09','Matutino',22510,'CDMX','CDMX',34,'Avenida Presidente Masaryk','Mexico','http://dummyimage.com/207x100.png/cc0000/ffffff',40,3,true);
INSERT INTO AgenteTele(CURPAgente,IdPiso,IdCurso,RFCCliente,IdSala,CURPEntrenador,IdEdificio,NombreC,FechaNac,Horario,CP,Ciudad,Estado,Numero,Calle,Pais,Fotografia,PagoAgente,Evaluacion, Estatus) VALUES ('DRV108706GCNNQ13',9,3,'BAP039629UR8',41,'KQJ109191WTWRZ35',1,'Johnathon Jostan','1990-01-05','Matutino',97714,'CDMX','CDMX',157,'Avenida Juárez','Mexico','http://dummyimage.com/211x100.png/5fa2dd/ffffff',40,3,true);
INSERT INTO AgenteTele(CURPAgente,IdPiso,IdCurso,RFCCliente,IdSala,CURPEntrenador,IdEdificio,NombreC,FechaNac,Horario,CP,Ciudad,Estado,Numero,Calle,Pais,Fotografia,PagoAgente,Evaluacion, Estatus) VALUES ('CTA377842UXQXZ34',3,5,'AAD282786GE0',38,'EJW320090LUIRX20',1,'Magdalen Very','1997-07-21','Vespertino',96980,'CDMX','CDMX',233,'Calle Regina','Mexico','http://dummyimage.com/217x100.png/dddddd/000000',40,1,true);
INSERT INTO AgenteTele(CURPAgente,IdPiso,IdCurso,RFCCliente,IdSala,CURPEntrenador,IdEdificio,NombreC,FechaNac,Horario,CP,Ciudad,Estado,Numero,Calle,Pais,Fotografia,PagoAgente,Evaluacion, Estatus) VALUES ('GSD335987XRSIK75',2,4,'YEI079256PP6',118,'CPI302573GVVDN91',2,'Muhammad Goldbourn','1984-03-17','Vespertino',93608,'CDMX','CDMX',16,'Avenida Álvaro Obregón','Mexico','http://dummyimage.com/239x100.png/ff4444/ffffff',40,3,true);
INSERT INTO AgenteTele(CURPAgente,IdPiso,IdCurso,RFCCliente,IdSala,CURPEntrenador,IdEdificio,NombreC,FechaNac,Horario,CP,Ciudad,Estado,Numero,Calle,Pais,Fotografia,PagoAgente,Evaluacion, Estatus) VALUES ('LGD784683IXAYG98',14,2,'BQNV154049LX8',124,'ZQT637913WDFHB36',2,'Teddy Mycock','2000-04-29','Matutino',93650,'CDMX','CDMX',76,'Calle Madero','Mexico','http://dummyimage.com/249x100.png/5fa2dd/ffffff',40,5,true);
INSERT INTO AgenteTele(CURPAgente,IdPiso,IdCurso,RFCCliente,IdSala,CURPEntrenador,IdEdificio,NombreC,FechaNac,Horario,CP,Ciudad,Estado,Numero,Calle,Pais,Fotografia,PagoAgente,Evaluacion, Estatus) VALUES ('ZBE452918KZRHG23',2,4,'YEI079256PP6',118,'CPI302573GVVDN91',2,'Lana Galiford','1994-12-07','Matutino',61609,'CDMX','CDMX',054,'Avenida Ámsterdam','Mexico','http://dummyimage.com/211x100.png/dddddd/000000',40,4,true);
INSERT INTO AgenteTele(CURPAgente,IdPiso,IdCurso,RFCCliente,IdSala,CURPEntrenador,IdEdificio,NombreC,FechaNac,Horario,CP,Ciudad,Estado,Numero,Calle,Pais,Fotografia,PagoAgente,Evaluacion, Estatus) VALUES ('YVH704698EHIZX06',15,1,'HCE678692PS6',62,'VJQ037276TPCXX98',1,'Dniren Caines','1995-04-09','Vespertino',30540,'CDMX','CDMX',8929,'Paseo de la Reforma','Mexico','http://dummyimage.com/211x100.png/cc0000/ffffff',40,8,true);
INSERT INTO AgenteTele(CURPAgente,IdPiso,IdCurso,RFCCliente,IdSala,CURPEntrenador,IdEdificio,NombreC,FechaNac,Horario,CP,Ciudad,Estado,Numero,Calle,Pais,Fotografia,PagoAgente,Evaluacion, Estatus) VALUES ('RZM680317IUQOI91',9,3,'BAP039629UR8',41,'KQJ109191WTWRZ35',1,'Harriott Gregorin','1999-02-24','Vespertino',83553,'CDMX','CDMX',4,'Calle Génova','Mexico','http://dummyimage.com/210x100.png/cc0000/ffffff',40,6,true);
INSERT INTO AgenteTele(CURPAgente,IdPiso,IdCurso,RFCCliente,IdSala,CURPEntrenador,IdEdificio,NombreC,FechaNac,Horario,CP,Ciudad,Estado,Numero,Calle,Pais,Fotografia,PagoAgente,Evaluacion, Estatus) VALUES ('WLY504922LLLCQ76',2,4,'YEI079256PP6',118,'CPI302573GVVDN91',2,'Britni Marchiso','1982-10-28','Matutino',70317,'CDMX','CDMX',5,'Paseo de la Reforma','Mexico','http://dummyimage.com/205x100.png/cc0000/ffffff',40,8,true);
INSERT INTO AgenteTele(CURPAgente,IdPiso,IdCurso,RFCCliente,IdSala,CURPEntrenador,IdEdificio,NombreC,FechaNac,Horario,CP,Ciudad,Estado,Numero,Calle,Pais,Fotografia,PagoAgente,Evaluacion, Estatus) VALUES ('PCG815329MWXCL33',3,5,'AAD282786GE0',38,'EJW320090LUIRX20',1,'Lilla Kensit','1996-08-22','Matutino',31210,'CDMX','CDMX',9396,'Calle Madero','Mexico','http://dummyimage.com/236x100.png/5fa2dd/ffffff',40,5,true);
INSERT INTO AgenteTele(CURPAgente,IdPiso,IdCurso,RFCCliente,IdSala,CURPEntrenador,IdEdificio,NombreC,FechaNac,Horario,CP,Ciudad,Estado,Numero,Calle,Pais,Fotografia,PagoAgente,Evaluacion, Estatus) VALUES ('QTN612376PKLIN27',15,1,'HCE678692PS6',62,'VJQ037276TPCXX98',1,'Hyacinth Poundsford','2001-02-06','Matutino',79960,'CDMX','CDMX',4,'Avenida Juárez','Mexico','http://dummyimage.com/124x100.png/cc0000/ffffff',40,8,true);
INSERT INTO AgenteTele(CURPAgente,IdPiso,IdCurso,RFCCliente,IdSala,CURPEntrenador,IdEdificio,NombreC,FechaNac,Horario,CP,Ciudad,Estado,Numero,Calle,Pais,Fotografia,PagoAgente,Evaluacion, Estatus) VALUES ('OBU992073HWNTG25',2,4,'YEI079256PP6',118,'CPI302573GVVDN91',2,'Bernadette Rivelin','1997-10-02','Matutino',95096,'CDMX','CDMX',6639,'Avenida Álvaro Obregón','Mexico','http://dummyimage.com/245x100.png/5fa2dd/ffffff',40,10,true);
INSERT INTO AgenteTele(CURPAgente,IdPiso,IdCurso,RFCCliente,IdSala,CURPEntrenador,IdEdificio,NombreC,FechaNac,Horario,CP,Ciudad,Estado,Numero,Calle,Pais,Fotografia,PagoAgente,Evaluacion, Estatus) VALUES ('JFQ888764OWFKM52',3,5,'AAD282786GE0',38,'EJW320090LUIRX20',1,'Helge Kryszka','1997-11-08','Vespertino',88925,'CDMX','CDMX',33,'Avenida Ámsterdam','Mexico','http://dummyimage.com/103x100.png/cc0000/ffffff',40,6,true);
INSERT INTO AgenteTele(CURPAgente,IdPiso,IdCurso,RFCCliente,IdSala,CURPEntrenador,IdEdificio,NombreC,FechaNac,Horario,CP,Ciudad,Estado,Numero,Calle,Pais,Fotografia,PagoAgente,Evaluacion, Estatus) VALUES ('CSL452181XIYWF11',14,2,'BQNV154049LX8',124,'ZQT637913WDFHB36',2,'Oralia MacConnal','1982-12-31','Matutino',51462,'CDMX','CDMX',74678,'Avenida Ámsterdam','Mexico','http://dummyimage.com/129x100.png/cc0000/ffffff',40,9,true);
INSERT INTO AgenteTele(CURPAgente,IdPiso,IdCurso,RFCCliente,IdSala,CURPEntrenador,IdEdificio,NombreC,FechaNac,Horario,CP,Ciudad,Estado,Numero,Calle,Pais,Fotografia,PagoAgente,Evaluacion, Estatus) VALUES ('JUP508002XCNQL58',15,1,'HCE678692PS6',62,'VJQ037276TPCXX98',1,'Normy Sikora','1991-12-09','Vespertino',86216,'CDMX','CDMX',47244,'Avenida Presidente Masaryk','Mexico','http://dummyimage.com/159x100.png/dddddd/000000',40,10,true);
INSERT INTO AgenteTele(CURPAgente,IdPiso,IdCurso,RFCCliente,IdSala,CURPEntrenador,IdEdificio,NombreC,FechaNac,Horario,CP,Ciudad,Estado,Numero,Calle,Pais,Fotografia,PagoAgente,Evaluacion, Estatus) VALUES ('DWY025072YWCLB74',3,5,'AAD282786GE0',38,'EJW320090LUIRX20',1,'Zed Feldfisher','1992-06-02','Vespertino',94970,'CDMX','CDMX',0,'Calle Madero','Mexico','http://dummyimage.com/159x100.png/cc0000/ffffff',40,7,true);
INSERT INTO AgenteTele(CURPAgente,IdPiso,IdCurso,RFCCliente,IdSala,CURPEntrenador,IdEdificio,NombreC,FechaNac,Horario,CP,Ciudad,Estado,Numero,Calle,Pais,Fotografia,PagoAgente,Evaluacion, Estatus) VALUES ('PNO292698JVWEW14',9,3,'BAP039629UR8',41,'KQJ109191WTWRZ35',1,'Melanie Dever','2001-07-17','Matutino',81426,'CDMX','CDMX',8940,'Calle Regina','Mexico','http://dummyimage.com/125x100.png/ff4444/ffffff',40,3,true);
INSERT INTO AgenteTele(CURPAgente,IdPiso,IdCurso,RFCCliente,IdSala,CURPEntrenador,IdEdificio,NombreC,FechaNac,Horario,CP,Ciudad,Estado,Numero,Calle,Pais,Fotografia,PagoAgente,Evaluacion, Estatus) VALUES ('DMP218440HEPSF41',9,3,'BAP039629UR8',41,'KQJ109191WTWRZ35',1,'Carmita Grantham','1985-07-23','Matutino',56190,'CDMX','CDMX',340,'Avenida Presidente Masaryk','Mexico','http://dummyimage.com/140x100.png/dddddd/000000',40,7,true);
INSERT INTO AgenteTele(CURPAgente,IdPiso,IdCurso,RFCCliente,IdSala,CURPEntrenador,IdEdificio,NombreC,FechaNac,Horario,CP,Ciudad,Estado,Numero,Calle,Pais,Fotografia,PagoAgente,Evaluacion, Estatus) VALUES ('WLT767843NYVCC69',2,4,'YEI079256PP6',118,'CPI302573GVVDN91',2,'Philomena Ewen','1983-03-12','Matutino',38900,'CDMX','CDMX',56,'Calle Génova','Mexico','http://dummyimage.com/161x100.png/dddddd/000000',40,7,true);
INSERT INTO AgenteTele(CURPAgente,IdPiso,IdCurso,RFCCliente,IdSala,CURPEntrenador,IdEdificio,NombreC,FechaNac,Horario,CP,Ciudad,Estado,Numero,Calle,Pais,Fotografia,PagoAgente,Evaluacion, Estatus) VALUES ('CTC040122ALHKF52',2,4,'YEI079256PP6',118,'CPI302573GVVDN91',2,'Barbie Hinkley','2000-02-21','Vespertino',65600,'CDMX','CDMX',28,'Calle Madero','Mexico','http://dummyimage.com/250x100.png/ff4444/ffffff',40,7,true);
INSERT INTO AgenteTele(CURPAgente,IdPiso,IdCurso,RFCCliente,IdSala,CURPEntrenador,IdEdificio,NombreC,FechaNac,Horario,CP,Ciudad,Estado,Numero,Calle,Pais,Fotografia,PagoAgente,Evaluacion, Estatus) VALUES ('XUS864344JANHF31',9,3,'BAP039629UR8',41,'KQJ109191WTWRZ35',1,'Caldwell Doyley','1984-05-26','Vespertino',87076,'CDMX','CDMX',0675,'Calle Génova','Mexico','http://dummyimage.com/140x100.png/cc0000/ffffff',40,4,true);
INSERT INTO AgenteTele(CURPAgente,IdPiso,IdCurso,RFCCliente,IdSala,CURPEntrenador,IdEdificio,NombreC,FechaNac,Horario,CP,Ciudad,Estado,Numero,Calle,Pais,Fotografia,PagoAgente,Evaluacion, Estatus) VALUES ('OXV275093SBUKL93',2,4,'YEI079256PP6',118,'CPI302573GVVDN91',2,'Lynett Oxtarby','1990-12-31','Matutino',87330,'CDMX','CDMX',008,'Avenida Ámsterdam','Mexico','http://dummyimage.com/243x100.png/5fa2dd/ffffff',40,9,true);
INSERT INTO AgenteTele(CURPAgente,IdPiso,IdCurso,RFCCliente,IdSala,CURPEntrenador,IdEdificio,NombreC,FechaNac,Horario,CP,Ciudad,Estado,Numero,Calle,Pais,Fotografia,PagoAgente,Evaluacion, Estatus) VALUES ('EOR696891DKKHD67',2,4,'YEI079256PP6',118,'CPI302573GVVDN91',2,'Jennie Coste','1987-05-15','Vespertino',88290,'CDMX','CDMX',41953,'Avenida Álvaro Obregón','Mexico','http://dummyimage.com/196x100.png/dddddd/000000',40,10,true);
INSERT INTO AgenteTele(CURPAgente,IdPiso,IdCurso,RFCCliente,IdSala,CURPEntrenador,IdEdificio,NombreC,FechaNac,Horario,CP,Ciudad,Estado,Numero,Calle,Pais,Fotografia,PagoAgente,Evaluacion, Estatus) VALUES ('LXY599411EJYLA07',15,1,'HCE678692PS6',62,'VJQ037276TPCXX98',1,'Celesta Gonsalvo','1995-12-02','Matutino',52600,'CDMX','CDMX',6555,'Avenida Ámsterdam','Mexico','http://dummyimage.com/154x100.png/5fa2dd/ffffff',40,9,true);
INSERT INTO AgenteTele(CURPAgente,IdPiso,IdCurso,RFCCliente,IdSala,CURPEntrenador,IdEdificio,NombreC,FechaNac,Horario,CP,Ciudad,Estado,Numero,Calle,Pais,Fotografia,PagoAgente,Evaluacion, Estatus) VALUES ('VWY891661RWUNE21',9,3,'BAP039629UR8',41,'KQJ109191WTWRZ35',1,'Jena Gelletly','2001-07-27','Vespertino',93826,'CDMX','CDMX',049,'Avenida Juárez','Mexico','http://dummyimage.com/191x100.png/dddddd/000000',40,8,true);
INSERT INTO AgenteTele(CURPAgente,IdPiso,IdCurso,RFCCliente,IdSala,CURPEntrenador,IdEdificio,NombreC,FechaNac,Horario,CP,Ciudad,Estado,Numero,Calle,Pais,Fotografia,PagoAgente,Evaluacion, Estatus) VALUES ('IHI886614WBDZM63',9,3,'BAP039629UR8',41,'KQJ109191WTWRZ35',1,'Amaleta Burnyeat','1999-05-26','Vespertino',40068,'CDMX','CDMX',7409,'Calle Regina','Mexico','http://dummyimage.com/130x100.png/5fa2dd/ffffff',40,10,true);
INSERT INTO AgenteTele(CURPAgente,IdPiso,IdCurso,RFCCliente,IdSala,CURPEntrenador,IdEdificio,NombreC,FechaNac,Horario,CP,Ciudad,Estado,Numero,Calle,Pais,Fotografia,PagoAgente,Evaluacion, Estatus) VALUES ('BFR781252CQWZQ02',9,3,'BAP039629UR8',41,'KQJ109191WTWRZ35',1,'Donia Heigl','2000-09-18','Matutino',40417,'CDMX','CDMX',33,'Calle Génova','Mexico','http://dummyimage.com/194x100.png/5fa2dd/ffffff',40,8,true);
INSERT INTO AgenteTele(CURPAgente,IdPiso,IdCurso,RFCCliente,IdSala,CURPEntrenador,IdEdificio,NombreC,FechaNac,Horario,CP,Ciudad,Estado,Numero,Calle,Pais,Fotografia,PagoAgente,Evaluacion, Estatus) VALUES ('VQJ097493AQEYL88',15,1,'HCE678692PS6',62,'VJQ037276TPCXX98',1,'Perrine Vickerman','1991-08-03','Matutino',29480,'CDMX','CDMX',8415,'Avenida Presidente Masaryk','Mexico','http://dummyimage.com/205x100.png/dddddd/000000',40,10,true);
INSERT INTO AgenteTele(CURPAgente,IdPiso,IdCurso,RFCCliente,IdSala,CURPEntrenador,IdEdificio,NombreC,FechaNac,Horario,CP,Ciudad,Estado,Numero,Calle,Pais,Fotografia,PagoAgente,Evaluacion, Estatus) VALUES ('AVZ590726EALHT78',9,3,'BAP039629UR8',41,'KQJ109191WTWRZ35',1,'Evonne Buffery','1986-01-27','Matutino',68448,'CDMX','CDMX',82821,'Calle Génova','Mexico','http://dummyimage.com/181x100.png/dddddd/000000',40,7,true);
INSERT INTO AgenteTele(CURPAgente,IdPiso,IdCurso,RFCCliente,IdSala,CURPEntrenador,IdEdificio,NombreC,FechaNac,Horario,CP,Ciudad,Estado,Numero,Calle,Pais,Fotografia,PagoAgente,Evaluacion, Estatus) VALUES ('EVT388989FKEGI97',14,2,'BQNV154049LX8',124,'ZQT637913WDFHB36',2,'Lorelle Birchner','1984-04-19','Vespertino',38542,'CDMX','CDMX',4793,'Paseo de la Reforma','Mexico','http://dummyimage.com/121x100.png/ff4444/ffffff',40,5,true);
INSERT INTO AgenteTele(CURPAgente,IdPiso,IdCurso,RFCCliente,IdSala,CURPEntrenador,IdEdificio,NombreC,FechaNac,Horario,CP,Ciudad,Estado,Numero,Calle,Pais,Fotografia,PagoAgente,Evaluacion, Estatus) VALUES ('OSG630507ZCPUL36',15,1,'HCE678692PS6',62,'VJQ037276TPCXX98',1,'Sayres Fockes','1992-01-12','Matutino',94475,'CDMX','CDMX',6068,'Calle Madero','Mexico','http://dummyimage.com/125x100.png/dddddd/000000',40,4,true);
INSERT INTO AgenteTele(CURPAgente,IdPiso,IdCurso,RFCCliente,IdSala,CURPEntrenador,IdEdificio,NombreC,FechaNac,Horario,CP,Ciudad,Estado,Numero,Calle,Pais,Fotografia,PagoAgente,Evaluacion, Estatus) VALUES ('ZEF860439JJHOE64',9,3,'BAP039629UR8',41,'KQJ109191WTWRZ35',1,'Keely Geerling','1999-04-30','Matutino',29952,'CDMX','CDMX',8,'Avenida Ámsterdam','Mexico','http://dummyimage.com/142x100.png/cc0000/ffffff',40,10,true);
INSERT INTO AgenteTele(CURPAgente,IdPiso,IdCurso,RFCCliente,IdSala,CURPEntrenador,IdEdificio,NombreC,FechaNac,Horario,CP,Ciudad,Estado,Numero,Calle,Pais,Fotografia,PagoAgente,Evaluacion, Estatus) VALUES ('VTA219151PMMEG22',14,2,'BQNV154049LX8',124,'ZQT637913WDFHB36',2,'Gray Gautrey','1995-06-15','Matutino',88680,'CDMX','CDMX',0032,'Calle Regina','Mexico','http://dummyimage.com/194x100.png/5fa2dd/ffffff',40,4,true);
INSERT INTO AgenteTele(CURPAgente,IdPiso,IdCurso,RFCCliente,IdSala,CURPEntrenador,IdEdificio,NombreC,FechaNac,Horario,CP,Ciudad,Estado,Numero,Calle,Pais,Fotografia,PagoAgente,Evaluacion, Estatus) VALUES ('TSO214831QPFML32',2,4,'YEI079256PP6',118,'CPI302573GVVDN91',2,'Cornie Avrahamy','1999-05-14','Vespertino',40914,'CDMX','CDMX',14,'Calle Madero','Mexico','http://dummyimage.com/202x100.png/ff4444/ffffff',40,3,true);
INSERT INTO AgenteTele(CURPAgente,IdPiso,IdCurso,RFCCliente,IdSala,CURPEntrenador,IdEdificio,NombreC,FechaNac,Horario,CP,Ciudad,Estado,Numero,Calle,Pais,Fotografia,PagoAgente,Evaluacion, Estatus) VALUES ('IVE308369MNFVN55',2,4,'YEI079256PP6',118,'CPI302573GVVDN91',2,'Sherie Skeemer','2002-03-06','Matutino',29480,'CDMX','CDMX',8,'Avenida Ámsterdam','Mexico','http://dummyimage.com/130x100.png/cc0000/ffffff',40,9,true);
INSERT INTO AgenteTele(CURPAgente,IdPiso,IdCurso,RFCCliente,IdSala,CURPEntrenador,IdEdificio,NombreC,FechaNac,Horario,CP,Ciudad,Estado,Numero,Calle,Pais,Fotografia,PagoAgente,Evaluacion, Estatus) VALUES ('TMY191674DLVHD02',3,5,'AAD282786GE0',38,'EJW320090LUIRX20',1,'Vikky Harken','1988-04-15','Vespertino',89888,'CDMX','CDMX',30710,'Calle Regina','Mexico','http://dummyimage.com/168x100.png/5fa2dd/ffffff',40,10,true);
INSERT INTO AgenteTele(CURPAgente,IdPiso,IdCurso,RFCCliente,IdSala,CURPEntrenador,IdEdificio,NombreC,FechaNac,Horario,CP,Ciudad,Estado,Numero,Calle,Pais,Fotografia,PagoAgente,Evaluacion, Estatus) VALUES ('EDQ308723AETVE79',3,5,'AAD282786GE0',38,'EJW320090LUIRX20',1,'Jule Grebbin','1982-05-10','Matutino',36408,'CDMX','CDMX',3,'Avenida Ámsterdam','Mexico','http://dummyimage.com/121x100.png/5fa2dd/ffffff',40,7,true);
INSERT INTO AgenteTele(CURPAgente,IdPiso,IdCurso,RFCCliente,IdSala,CURPEntrenador,IdEdificio,NombreC,FechaNac,Horario,CP,Ciudad,Estado,Numero,Calle,Pais,Fotografia,PagoAgente,Evaluacion, Estatus) VALUES ('WZR512185RBWIU34',14,2,'BQNV154049LX8',124,'ZQT637913WDFHB36',2,'Vinnie Boldison','1987-07-15','Vespertino',72124,'CDMX','CDMX',4835,'Avenida Ámsterdam','Mexico','http://dummyimage.com/169x100.png/cc0000/ffffff',40,8,true);
INSERT INTO AgenteTele(CURPAgente,IdPiso,IdCurso,RFCCliente,IdSala,CURPEntrenador,IdEdificio,NombreC,FechaNac,Horario,CP,Ciudad,Estado,Numero,Calle,Pais,Fotografia,PagoAgente,Evaluacion, Estatus) VALUES ('XOB400838YACET66',14,2,'BQNV154049LX8',124,'ZQT637913WDFHB36',2,'Zenia Gething','1996-05-05','Vespertino',93393,'CDMX','CDMX',63495,'Avenida Presidente Masaryk','Mexico','http://dummyimage.com/173x100.png/5fa2dd/ffffff',40,4,true);
INSERT INTO AgenteTele(CURPAgente,IdPiso,IdCurso,RFCCliente,IdSala,CURPEntrenador,IdEdificio,NombreC,FechaNac,Horario,CP,Ciudad,Estado,Numero,Calle,Pais,Fotografia,PagoAgente,Evaluacion, Estatus) VALUES ('QYW626492VHTTJ44',3,5,'AAD282786GE0',38,'EJW320090LUIRX20',1,'Pamelina Dicker','2002-03-17','Matutino',54927,'CDMX','CDMX',27492,'Avenida Presidente Masaryk','Mexico','http://dummyimage.com/197x100.png/5fa2dd/ffffff',40,4,true);
INSERT INTO AgenteTele(CURPAgente,IdPiso,IdCurso,RFCCliente,IdSala,CURPEntrenador,IdEdificio,NombreC,FechaNac,Horario,CP,Ciudad,Estado,Numero,Calle,Pais,Fotografia,PagoAgente,Evaluacion, Estatus) VALUES ('XOU764871JGIMD53',9,3,'BAP039629UR8',41,'KQJ109191WTWRZ35',1,'Bobine Watting','1989-12-02','Vespertino',30479,'CDMX','CDMX',42,'Paseo de la Reforma','Mexico','http://dummyimage.com/151x100.png/ff4444/ffffff',40,4,true);
INSERT INTO AgenteTele(CURPAgente,IdPiso,IdCurso,RFCCliente,IdSala,CURPEntrenador,IdEdificio,NombreC,FechaNac,Horario,CP,Ciudad,Estado,Numero,Calle,Pais,Fotografia,PagoAgente,Evaluacion, Estatus) VALUES ('VXH165592ZUQEZ07',2,4,'YEI079256PP6',118,'CPI302573GVVDN91',2,'Lynnett Jest','1981-07-15','Vespertino',60070,'CDMX','CDMX',68605,'Calle Regina','Mexico','http://dummyimage.com/144x100.png/ff4444/ffffff',40,8,true);
INSERT INTO AgenteTele(CURPAgente,IdPiso,IdCurso,RFCCliente,IdSala,CURPEntrenador,IdEdificio,NombreC,FechaNac,Horario,CP,Ciudad,Estado,Numero,Calle,Pais,Fotografia,PagoAgente,Evaluacion, Estatus) VALUES ('RTC443654YSZGC43',14,2,'BQNV154049LX8',124,'ZQT637913WDFHB36',2,'Zachery Hinz','1988-07-30','Vespertino',40678,'CDMX','CDMX',44020,'Calle Regina','Mexico','http://dummyimage.com/129x100.png/cc0000/ffffff',40,8,true);
INSERT INTO AgenteTele(CURPAgente,IdPiso,IdCurso,RFCCliente,IdSala,CURPEntrenador,IdEdificio,NombreC,FechaNac,Horario,CP,Ciudad,Estado,Numero,Calle,Pais,Fotografia,PagoAgente,Evaluacion, Estatus) VALUES ('AZS735697MIAUJ08',2,4,'YEI079256PP6',118,'CPI302573GVVDN91',2,'Nicolas Curedell','2002-01-14','Matutino',70317,'CDMX','CDMX',06339,'Calle Madero','Mexico','http://dummyimage.com/158x100.png/ff4444/ffffff',40,7,true);
INSERT INTO AgenteTele(CURPAgente,IdPiso,IdCurso,RFCCliente,IdSala,CURPEntrenador,IdEdificio,NombreC,FechaNac,Horario,CP,Ciudad,Estado,Numero,Calle,Pais,Fotografia,PagoAgente,Evaluacion, Estatus) VALUES ('OIP403792IPQPE66',15,1,'HCE678692PS6',62,'VJQ037276TPCXX98',1,'Perle Peaseman','1981-03-07','Matutino',41640,'CDMX','CDMX',8,'Paseo de la Reforma','Mexico','http://dummyimage.com/148x100.png/cc0000/ffffff',40,5,true);
INSERT INTO AgenteTele(CURPAgente,IdPiso,IdCurso,RFCCliente,IdSala,CURPEntrenador,IdEdificio,NombreC,FechaNac,Horario,CP,Ciudad,Estado,Numero,Calle,Pais,Fotografia,PagoAgente,Evaluacion, Estatus) VALUES ('IZJ075876GCBEV92',3,5,'AAD282786GE0',38,'EJW320090LUIRX20',1,'Vitia Merman','1998-05-06','Vespertino',95643,'CDMX','CDMX',745,'Avenida Álvaro Obregón','Mexico','http://dummyimage.com/241x100.png/cc0000/ffffff',40,4,true);
INSERT INTO AgenteTele(CURPAgente,IdPiso,IdCurso,RFCCliente,IdSala,CURPEntrenador,IdEdificio,NombreC,FechaNac,Horario,CP,Ciudad,Estado,Numero,Calle,Pais,Fotografia,PagoAgente,Evaluacion, Estatus) VALUES ('QFI629702FWCQK39',15,1,'HCE678692PS6',62,'VJQ037276TPCXX98',1,'Libby Sheepy','1997-10-07','Vespertino',60433,'CDMX','CDMX',195,'Avenida Presidente Masaryk','Mexico','http://dummyimage.com/224x100.png/dddddd/000000',40,2,true);
INSERT INTO AgenteTele(CURPAgente,IdPiso,IdCurso,RFCCliente,IdSala,CURPEntrenador,IdEdificio,NombreC,FechaNac,Horario,CP,Ciudad,Estado,Numero,Calle,Pais,Fotografia,PagoAgente,Evaluacion, Estatus) VALUES ('DCG842926ACADM12',9,3,'BAP039629UR8',41,'KQJ109191WTWRZ35',1,'Bridget Spratt','1989-06-22','Matutino',92015,'CDMX','CDMX',66288,'Calle Madero','Mexico','http://dummyimage.com/173x100.png/ff4444/ffffff',40,4,true);
INSERT INTO AgenteTele(CURPAgente,IdPiso,IdCurso,RFCCliente,IdSala,CURPEntrenador,IdEdificio,NombreC,FechaNac,Horario,CP,Ciudad,Estado,Numero,Calle,Pais,Fotografia,PagoAgente,Evaluacion, Estatus) VALUES ('OPP925651CLUSR18',15,1,'HCE678692PS6',62,'VJQ037276TPCXX98',1,'Zachary Scutchings','1994-03-31','Vespertino',92880,'CDMX','CDMX',7244,'Avenida Juárez','Mexico','http://dummyimage.com/139x100.png/cc0000/ffffff',40,1,true);
INSERT INTO AgenteTele(CURPAgente,IdPiso,IdCurso,RFCCliente,IdSala,CURPEntrenador,IdEdificio,NombreC,FechaNac,Horario,CP,Ciudad,Estado,Numero,Calle,Pais,Fotografia,PagoAgente,Evaluacion, Estatus) VALUES ('MOZ572863ZCZLT42',9,3,'BAP039629UR8',41,'KQJ109191WTWRZ35',1,'Roxanne Ollet','1989-12-04','Vespertino',87024,'CDMX','CDMX',96,'Avenida Álvaro Obregón','Mexico','http://dummyimage.com/117x100.png/5fa2dd/ffffff',40,9,true);
INSERT INTO AgenteTele(CURPAgente,IdPiso,IdCurso,RFCCliente,IdSala,CURPEntrenador,IdEdificio,NombreC,FechaNac,Horario,CP,Ciudad,Estado,Numero,Calle,Pais,Fotografia,PagoAgente,Evaluacion, Estatus) VALUES ('OHM227005QOPEZ13',2,4,'YEI079256PP6',118,'CPI302573GVVDN91',2,'Antoni Romaines','1982-03-21','Vespertino',30815,'CDMX','CDMX',86956,'Paseo de la Reforma','Mexico','http://dummyimage.com/110x100.png/dddddd/000000',40,10,true);
INSERT INTO AgenteTele(CURPAgente,IdPiso,IdCurso,RFCCliente,IdSala,CURPEntrenador,IdEdificio,NombreC,FechaNac,Horario,CP,Ciudad,Estado,Numero,Calle,Pais,Fotografia,PagoAgente,Evaluacion, Estatus) VALUES ('NLQ668850IAXLM76',14,2,'BQNV154049LX8',124,'ZQT637913WDFHB36',2,'Rouvin McGuiney','1991-10-03','Matutino',65600,'CDMX','CDMX',7651,'Paseo de la Reforma','Mexico','http://dummyimage.com/140x100.png/5fa2dd/ffffff',40,1,true);
INSERT INTO AgenteTele(CURPAgente,IdPiso,IdCurso,RFCCliente,IdSala,CURPEntrenador,IdEdificio,NombreC,FechaNac,Horario,CP,Ciudad,Estado,Numero,Calle,Pais,Fotografia,PagoAgente,Evaluacion, Estatus) VALUES ('YDE357105ULASF58',9,3,'BAP039629UR8',41,'KQJ109191WTWRZ35',1,'Benjy Prime','1987-05-19','Matutino',71730,'CDMX','CDMX',73113,'Calle Génova','Mexico','http://dummyimage.com/189x100.png/dddddd/000000',40,8,true);
INSERT INTO AgenteTele(CURPAgente,IdPiso,IdCurso,RFCCliente,IdSala,CURPEntrenador,IdEdificio,NombreC,FechaNac,Horario,CP,Ciudad,Estado,Numero,Calle,Pais,Fotografia,PagoAgente,Evaluacion, Estatus) VALUES ('LOH824075NATPR65',15,1,'HCE678692PS6',62,'VJQ037276TPCXX98',1,'Emory Lishman','1982-03-24','Matutino',62577,'CDMX','CDMX',4,'Avenida Ámsterdam','Mexico','http://dummyimage.com/172x100.png/ff4444/ffffff',40,7,true);
INSERT INTO AgenteTele(CURPAgente,IdPiso,IdCurso,RFCCliente,IdSala,CURPEntrenador,IdEdificio,NombreC,FechaNac,Horario,CP,Ciudad,Estado,Numero,Calle,Pais,Fotografia,PagoAgente,Evaluacion, Estatus) VALUES ('TCE395788FBOBH38',15,1,'HCE678692PS6',62,'VJQ037276TPCXX98',1,'Laurens Tettley','1982-07-05','Vespertino',38260,'CDMX','CDMX',7895,'Paseo de la Reforma','Mexico','http://dummyimage.com/153x100.png/cc0000/ffffff',40,4,true);
INSERT INTO AgenteTele(CURPAgente,IdPiso,IdCurso,RFCCliente,IdSala,CURPEntrenador,IdEdificio,NombreC,FechaNac,Horario,CP,Ciudad,Estado,Numero,Calle,Pais,Fotografia,PagoAgente,Evaluacion, Estatus) VALUES ('CGK424976WXHRW76',9,3,'BAP039629UR8',41,'KQJ109191WTWRZ35',1,'Cleopatra Kaesmans','1996-10-19','Vespertino',38260,'CDMX','CDMX',0494,'Calle Génova','Mexico','http://dummyimage.com/230x100.png/dddddd/000000',40,0,true);
INSERT INTO AgenteTele(CURPAgente,IdPiso,IdCurso,RFCCliente,IdSala,CURPEntrenador,IdEdificio,NombreC,FechaNac,Horario,CP,Ciudad,Estado,Numero,Calle,Pais,Fotografia,PagoAgente,Evaluacion, Estatus) VALUES ('RFX276754JBFRD28',15,1,'HCE678692PS6',62,'VJQ037276TPCXX98',1,'Darrell Scholard','2002-02-25','Vespertino',39250,'CDMX','CDMX',611,'Paseo de la Reforma','Mexico','http://dummyimage.com/197x100.png/dddddd/000000',40,2,true);
INSERT INTO AgenteTele(CURPAgente,IdPiso,IdCurso,RFCCliente,IdSala,CURPEntrenador,IdEdificio,NombreC,FechaNac,Horario,CP,Ciudad,Estado,Numero,Calle,Pais,Fotografia,PagoAgente,Evaluacion, Estatus) VALUES ('AKX785454WLDTQ22',15,1,'HCE678692PS6',62,'VJQ037276TPCXX98',1,'D''arcy de Bullion','1998-11-10','Matutino',47203,'CDMX','CDMX',7,'Calle Regina','Mexico','http://dummyimage.com/141x100.png/ff4444/ffffff',40,1,true);
INSERT INTO AgenteTele(CURPAgente,IdPiso,IdCurso,RFCCliente,IdSala,CURPEntrenador,IdEdificio,NombreC,FechaNac,Horario,CP,Ciudad,Estado,Numero,Calle,Pais,Fotografia,PagoAgente,Evaluacion, Estatus) VALUES ('LVY046256QXJDN01',15,1,'HCE678692PS6',62,'VJQ037276TPCXX98',1,'Anneliese Durek','1994-01-09','Vespertino',29557,'CDMX','CDMX',145,'Calle Regina','Mexico','http://dummyimage.com/196x100.png/ff4444/ffffff',40,0,true);
INSERT INTO AgenteTele(CURPAgente,IdPiso,IdCurso,RFCCliente,IdSala,CURPEntrenador,IdEdificio,NombreC,FechaNac,Horario,CP,Ciudad,Estado,Numero,Calle,Pais,Fotografia,PagoAgente,Evaluacion, Estatus) VALUES ('QXQ636579ZIIRM52',9,3,'BAP039629UR8',41,'KQJ109191WTWRZ35',1,'Jarrid Kinkaid','2001-08-16','Vespertino',94324,'CDMX','CDMX',39,'Calle Génova','Mexico','http://dummyimage.com/244x100.png/dddddd/000000',40,10,true);
INSERT INTO AgenteTele(CURPAgente,IdPiso,IdCurso,RFCCliente,IdSala,CURPEntrenador,IdEdificio,NombreC,FechaNac,Horario,CP,Ciudad,Estado,Numero,Calle,Pais,Fotografia,PagoAgente,Evaluacion, Estatus) VALUES ('PAD083239MDAAK08',3,5,'AAD282786GE0',38,'EJW320090LUIRX20',1,'Sara-ann Perico','1999-11-01','Matutino',33980,'CDMX','CDMX',97,'Avenida Presidente Masaryk','Mexico','http://dummyimage.com/185x100.png/ff4444/ffffff',40,4,true);
INSERT INTO AgenteTele(CURPAgente,IdPiso,IdCurso,RFCCliente,IdSala,CURPEntrenador,IdEdificio,NombreC,FechaNac,Horario,CP,Ciudad,Estado,Numero,Calle,Pais,Fotografia,PagoAgente,Evaluacion, Estatus) VALUES ('SFC502226PVOYW22',15,1,'HCE678692PS6',62,'VJQ037276TPCXX98',1,'Jehu Studd','2001-04-20','Vespertino',39230,'CDMX','CDMX',41858,'Avenida Ámsterdam','Mexico','http://dummyimage.com/224x100.png/ff4444/ffffff',40,7,true);
INSERT INTO AgenteTele(CURPAgente,IdPiso,IdCurso,RFCCliente,IdSala,CURPEntrenador,IdEdificio,NombreC,FechaNac,Horario,CP,Ciudad,Estado,Numero,Calle,Pais,Fotografia,PagoAgente,Evaluacion, Estatus) VALUES ('RNZ151443NADGN17',2,4,'YEI079256PP6',118,'CPI302573GVVDN91',2,'Tandi Pendred','1986-10-12','Matutino',36352,'CDMX','CDMX',5,'Calle Regina','Mexico','http://dummyimage.com/219x100.png/cc0000/ffffff',40,9,true);
INSERT INTO AgenteTele(CURPAgente,IdPiso,IdCurso,RFCCliente,IdSala,CURPEntrenador,IdEdificio,NombreC,FechaNac,Horario,CP,Ciudad,Estado,Numero,Calle,Pais,Fotografia,PagoAgente,Evaluacion, Estatus) VALUES ('KEJ515126ZJPTH20',14,2,'BQNV154049LX8',124,'ZQT637913WDFHB36',2,'Felicia Eddicott','1981-05-18','Matutino',93439,'CDMX','CDMX',47,'Avenida Presidente Masaryk','Mexico','http://dummyimage.com/143x100.png/dddddd/000000',40,6,true);
INSERT INTO AgenteTele(CURPAgente,IdPiso,IdCurso,RFCCliente,IdSala,CURPEntrenador,IdEdificio,NombreC,FechaNac,Horario,CP,Ciudad,Estado,Numero,Calle,Pais,Fotografia,PagoAgente,Evaluacion, Estatus) VALUES ('CSU438640YZZNK79',3,5,'AAD282786GE0',38,'EJW320090LUIRX20',1,'Stace Bidder','1997-07-14','Vespertino',72089,'CDMX','CDMX',2513,'Avenida Juárez','Mexico','http://dummyimage.com/138x100.png/ff4444/ffffff',40,0,true);
INSERT INTO AgenteTele(CURPAgente,IdPiso,IdCurso,RFCCliente,IdSala,CURPEntrenador,IdEdificio,NombreC,FechaNac,Horario,CP,Ciudad,Estado,Numero,Calle,Pais,Fotografia,PagoAgente,Evaluacion, Estatus) VALUES ('PSA367043ZURLI77',2,4,'YEI079256PP6',118,'CPI302573GVVDN91',2,'Tanner Abberley','1990-05-24','Vespertino',33980,'CDMX','CDMX',4039,'Avenida Presidente Masaryk','Mexico','http://dummyimage.com/225x100.png/dddddd/000000',40,6,true);
INSERT INTO AgenteTele(CURPAgente,IdPiso,IdCurso,RFCCliente,IdSala,CURPEntrenador,IdEdificio,NombreC,FechaNac,Horario,CP,Ciudad,Estado,Numero,Calle,Pais,Fotografia,PagoAgente,Evaluacion, Estatus) VALUES ('DIT592580KPFDT66',15,1,'HCE678692PS6',62,'VJQ037276TPCXX98',1,'Elizabet Halleday','1985-01-29','Vespertino',83450,'CDMX','CDMX',98103,'Paseo de la Reforma','Mexico','http://dummyimage.com/125x100.png/ff4444/ffffff',40,8,true);
INSERT INTO AgenteTele(CURPAgente,IdPiso,IdCurso,RFCCliente,IdSala,CURPEntrenador,IdEdificio,NombreC,FechaNac,Horario,CP,Ciudad,Estado,Numero,Calle,Pais,Fotografia,PagoAgente,Evaluacion, Estatus) VALUES ('PES814498YNZVJ68',9,3,'BAP039629UR8',41,'KQJ109191WTWRZ35',1,'Fanechka Bridie','1993-04-25','Matutino',56617,'CDMX','CDMX',86974,'Avenida Juárez','Mexico','http://dummyimage.com/198x100.png/dddddd/000000',40,1,true);
INSERT INTO AgenteTele(CURPAgente,IdPiso,IdCurso,RFCCliente,IdSala,CURPEntrenador,IdEdificio,NombreC,FechaNac,Horario,CP,Ciudad,Estado,Numero,Calle,Pais,Fotografia,PagoAgente,Evaluacion, Estatus) VALUES ('ASQ565820PISXW15',15,1,'HCE678692PS6',62,'VJQ037276TPCXX98',1,'Benjie Rogez','2001-09-28','Vespertino',27040,'CDMX','CDMX',924,'Avenida Álvaro Obregón','Mexico','http://dummyimage.com/129x100.png/cc0000/ffffff',40,2,true);
INSERT INTO AgenteTele(CURPAgente,IdPiso,IdCurso,RFCCliente,IdSala,CURPEntrenador,IdEdificio,NombreC,FechaNac,Horario,CP,Ciudad,Estado,Numero,Calle,Pais,Fotografia,PagoAgente,Evaluacion, Estatus) VALUES ('CJB569360RZPWG00',15,1,'HCE678692PS6',62,'VJQ037276TPCXX98',1,'Dolorita Pantecost','1988-04-30','Vespertino',83553,'CDMX','CDMX',720,'Paseo de la Reforma','Mexico','http://dummyimage.com/149x100.png/5fa2dd/ffffff',40,0,true);
INSERT INTO AgenteTele(CURPAgente,IdPiso,IdCurso,RFCCliente,IdSala,CURPEntrenador,IdEdificio,NombreC,FechaNac,Horario,CP,Ciudad,Estado,Numero,Calle,Pais,Fotografia,PagoAgente,Evaluacion, Estatus) VALUES ('NKS351612VMEXV31',15,1,'HCE678692PS6',62,'VJQ037276TPCXX98',1,'Brunhilde Chattock','2002-04-16','Vespertino',29952,'CDMX','CDMX',86976,'Calle Madero','Mexico','http://dummyimage.com/232x100.png/dddddd/000000',40,7,true);
INSERT INTO AgenteTele(CURPAgente,IdPiso,IdCurso,RFCCliente,IdSala,CURPEntrenador,IdEdificio,NombreC,FechaNac,Horario,CP,Ciudad,Estado,Numero,Calle,Pais,Fotografia,PagoAgente,Evaluacion, Estatus) VALUES ('HYU976378BOEJZ74',2,4,'YEI079256PP6',118,'CPI302573GVVDN91',2,'Vernor Hegerty','1996-09-12','Vespertino',88736,'CDMX','CDMX',36,'Avenida Juárez','Mexico','http://dummyimage.com/145x100.png/dddddd/000000',40,2,true);


INSERT INTO TelefonoCelAgente(CURPAgente,TelefonoCel) VALUES ('OLL278741LFBNK78','7192901294');
INSERT INTO TelefonoCelAgente(CURPAgente,TelefonoCel) VALUES ('QTN612376PKLIN27','9524835401');
INSERT INTO TelefonoCelAgente(CURPAgente,TelefonoCel) VALUES ('LOQ010207SFNTW02','5126013703');
INSERT INTO TelefonoCelAgente(CURPAgente,TelefonoCel) VALUES ('RTC443654YSZGC43','3153041035');
INSERT INTO TelefonoCelAgente(CURPAgente,TelefonoCel) VALUES ('ASQ565820PISXW15','5573109642');
INSERT INTO TelefonoCelAgente(CURPAgente,TelefonoCel) VALUES ('NLP603731YFBNS52','3861538191');
INSERT INTO TelefonoCelAgente(CURPAgente,TelefonoCel) VALUES ('VWY891661RWUNE21','7835824011');
INSERT INTO TelefonoCelAgente(CURPAgente,TelefonoCel) VALUES ('NLP603731YFBNS52','5914078532');
INSERT INTO TelefonoCelAgente(CURPAgente,TelefonoCel) VALUES ('VTA219151PMMEG22','1416499251');
INSERT INTO TelefonoCelAgente(CURPAgente,TelefonoCel) VALUES ('XUL371177HGQIX32','8264723718');
INSERT INTO TelefonoCelAgente(CURPAgente,TelefonoCel) VALUES ('FJA318424ILUIT82','9349802809');
INSERT INTO TelefonoCelAgente(CURPAgente,TelefonoCel) VALUES ('WZR512185RBWIU34','5091528530');
INSERT INTO TelefonoCelAgente(CURPAgente,TelefonoCel) VALUES ('XUL371177HGQIX32','1571248808');
INSERT INTO TelefonoCelAgente(CURPAgente,TelefonoCel) VALUES ('EOR696891DKKHD67','9964120309');
INSERT INTO TelefonoCelAgente(CURPAgente,TelefonoCel) VALUES ('RTC443654YSZGC43','8546301119');
INSERT INTO TelefonoCelAgente(CURPAgente,TelefonoCel) VALUES ('FJA318424ILUIT82','1986171163');
INSERT INTO TelefonoCelAgente(CURPAgente,TelefonoCel) VALUES ('PAD732458DLYNM08','5692428995');
INSERT INTO TelefonoCelAgente(CURPAgente,TelefonoCel) VALUES ('NYN129609FTIYZ96','1856407957');
INSERT INTO TelefonoCelAgente(CURPAgente,TelefonoCel) VALUES ('IZJ075876GCBEV92','5029017987');
INSERT INTO TelefonoCelAgente(CURPAgente,TelefonoCel) VALUES ('DMP218440HEPSF41','8966483857');
INSERT INTO TelefonoCelAgente(CURPAgente,TelefonoCel) VALUES ('PES814498YNZVJ68','9342920150');
INSERT INTO TelefonoCelAgente(CURPAgente,TelefonoCel) VALUES ('PNO292698JVWEW14','8375383543');
INSERT INTO TelefonoCelAgente(CURPAgente,TelefonoCel) VALUES ('RTC443654YSZGC43','9933641665');
INSERT INTO TelefonoCelAgente(CURPAgente,TelefonoCel) VALUES ('WZR512185RBWIU34','1116735158');
INSERT INTO TelefonoCelAgente(CURPAgente,TelefonoCel) VALUES ('NLP603731YFBNS52','8122003519');
INSERT INTO TelefonoCelAgente(CURPAgente,TelefonoCel) VALUES ('DXG253433WWGTR38','2154002257');
INSERT INTO TelefonoCelAgente(CURPAgente,TelefonoCel) VALUES ('RTC443654YSZGC43','1802645829');
INSERT INTO TelefonoCelAgente(CURPAgente,TelefonoCel) VALUES ('LXY599411EJYLA07','5652917852');
INSERT INTO TelefonoCelAgente(CURPAgente,TelefonoCel) VALUES ('NLQ668850IAXLM76','2188234806');
INSERT INTO TelefonoCelAgente(CURPAgente,TelefonoCel) VALUES ('TSO214831QPFML32','5214415752');
INSERT INTO TelefonoCelAgente(CURPAgente,TelefonoCel) VALUES ('CJB569360RZPWG00','9306172145');
INSERT INTO TelefonoCelAgente(CURPAgente,TelefonoCel) VALUES ('DRV108706GCNNQ13','2463255327');
INSERT INTO TelefonoCelAgente(CURPAgente,TelefonoCel) VALUES ('LXY599411EJYLA07','5728011563');
INSERT INTO TelefonoCelAgente(CURPAgente,TelefonoCel) VALUES ('WLT767843NYVCC69','2329962223');
INSERT INTO TelefonoCelAgente(CURPAgente,TelefonoCel) VALUES ('YCY453383ZFARN52','8017307992');
INSERT INTO TelefonoCelAgente(CURPAgente,TelefonoCel) VALUES ('WLT767843NYVCC69','6737664659');
INSERT INTO TelefonoCelAgente(CURPAgente,TelefonoCel) VALUES ('NKS351612VMEXV31','8037647985');
INSERT INTO TelefonoCelAgente(CURPAgente,TelefonoCel) VALUES ('PNO292698JVWEW14','5181482827');
INSERT INTO TelefonoCelAgente(CURPAgente,TelefonoCel) VALUES ('BFR781252CQWZQ02','6782768337');
INSERT INTO TelefonoCelAgente(CURPAgente,TelefonoCel) VALUES ('HGL199031TFSWT52','6996168634');
INSERT INTO TelefonoCelAgente(CURPAgente,TelefonoCel) VALUES ('CTC040122ALHKF52','8597152709');
INSERT INTO TelefonoCelAgente(CURPAgente,TelefonoCel) VALUES ('TCE395788FBOBH38','5857946412');
INSERT INTO TelefonoCelAgente(CURPAgente,TelefonoCel) VALUES ('TMY191674DLVHD02','3955051528');
INSERT INTO TelefonoCelAgente(CURPAgente,TelefonoCel) VALUES ('PNO292698JVWEW14','1885879982');
INSERT INTO TelefonoCelAgente(CURPAgente,TelefonoCel) VALUES ('ORA414287QQAJD79','5527356007');
INSERT INTO TelefonoCelAgente(CURPAgente,TelefonoCel) VALUES ('NLQ668850IAXLM76','6001824546');
INSERT INTO TelefonoCelAgente(CURPAgente,TelefonoCel) VALUES ('ZEF860439JJHOE64','5044313507');
INSERT INTO TelefonoCelAgente(CURPAgente,TelefonoCel) VALUES ('LXY599411EJYLA07','8324073700');
INSERT INTO TelefonoCelAgente(CURPAgente,TelefonoCel) VALUES ('LGD784683IXAYG98','1238733413');
INSERT INTO TelefonoCelAgente(CURPAgente,TelefonoCel) VALUES ('UFS284225XDKUR13','5564311591');
INSERT INTO TelefonoCelAgente(CURPAgente,TelefonoCel) VALUES ('LGD784683IXAYG98','4365460894');
INSERT INTO TelefonoCelAgente(CURPAgente,TelefonoCel) VALUES ('OBD495035EXSXD46','6902624446');
INSERT INTO TelefonoCelAgente(CURPAgente,TelefonoCel) VALUES ('DIT592580KPFDT66','9802102665');
INSERT INTO TelefonoCelAgente(CURPAgente,TelefonoCel) VALUES ('AVZ590726EALHT78','6283463863');
INSERT INTO TelefonoCelAgente(CURPAgente,TelefonoCel) VALUES ('XOU764871JGIMD53','3612031051');
INSERT INTO TelefonoCelAgente(CURPAgente,TelefonoCel) VALUES ('CJB569360RZPWG00','9148656554');
INSERT INTO TelefonoCelAgente(CURPAgente,TelefonoCel) VALUES ('BUZ383525MJTQM94','2607283955');
INSERT INTO TelefonoCelAgente(CURPAgente,TelefonoCel) VALUES ('LOQ010207SFNTW02','7042677693');
INSERT INTO TelefonoCelAgente(CURPAgente,TelefonoCel) VALUES ('JWQ926542NXHWQ53','5569791717');
INSERT INTO TelefonoCelAgente(CURPAgente,TelefonoCel) VALUES ('IGU003788CGJUB79','9139388656');
INSERT INTO TelefonoCelAgente(CURPAgente,TelefonoCel) VALUES ('QTN612376PKLIN27','4836342258');
INSERT INTO TelefonoCelAgente(CURPAgente,TelefonoCel) VALUES ('OHM227005QOPEZ13','8272048181');
INSERT INTO TelefonoCelAgente(CURPAgente,TelefonoCel) VALUES ('WLT767843NYVCC69','2112216493');
INSERT INTO TelefonoCelAgente(CURPAgente,TelefonoCel) VALUES ('XOU764871JGIMD53','5106008825');
INSERT INTO TelefonoCelAgente(CURPAgente,TelefonoCel) VALUES ('CGK424976WXHRW76','1719164315');
INSERT INTO TelefonoCelAgente(CURPAgente,TelefonoCel) VALUES ('OLL278741LFBNK78','9959478847');
INSERT INTO TelefonoCelAgente(CURPAgente,TelefonoCel) VALUES ('ZBE452918KZRHG23','9223823422');
INSERT INTO TelefonoCelAgente(CURPAgente,TelefonoCel) VALUES ('MPS691833FWCEB71','3896821561');
INSERT INTO TelefonoCelAgente(CURPAgente,TelefonoCel) VALUES ('DCN935610QCQSN81','6176944817');
INSERT INTO TelefonoCelAgente(CURPAgente,TelefonoCel) VALUES ('WZR512185RBWIU34','4812391203');
INSERT INTO TelefonoCelAgente(CURPAgente,TelefonoCel) VALUES ('NYN129609FTIYZ96','1023086656');
INSERT INTO TelefonoCelAgente(CURPAgente,TelefonoCel) VALUES ('NLP603731YFBNS52','4142086857');
INSERT INTO TelefonoCelAgente(CURPAgente,TelefonoCel) VALUES ('IVE308369MNFVN55','1693285732');
INSERT INTO TelefonoCelAgente(CURPAgente,TelefonoCel) VALUES ('QXQ636579ZIIRM52','4206948950');
INSERT INTO TelefonoCelAgente(CURPAgente,TelefonoCel) VALUES ('YCY453383ZFARN52','7987909240');
INSERT INTO TelefonoCelAgente(CURPAgente,TelefonoCel) VALUES ('DRV108706GCNNQ13','6989918176');
INSERT INTO TelefonoCelAgente(CURPAgente,TelefonoCel) VALUES ('TSO214831QPFML32','4926030057');
INSERT INTO TelefonoCelAgente(CURPAgente,TelefonoCel) VALUES ('VTA219151PMMEG22','2427754416');
INSERT INTO TelefonoCelAgente(CURPAgente,TelefonoCel) VALUES ('IGU003788CGJUB79','3259757967');
INSERT INTO TelefonoCelAgente(CURPAgente,TelefonoCel) VALUES ('RVA407320RBXQL75','7527178443');
INSERT INTO TelefonoCelAgente(CURPAgente,TelefonoCel) VALUES ('JFQ888764OWFKM52','5453703922');
INSERT INTO TelefonoCelAgente(CURPAgente,TelefonoCel) VALUES ('WLT767843NYVCC69','5347364430');
INSERT INTO TelefonoCelAgente(CURPAgente,TelefonoCel) VALUES ('PAD732458DLYNM08','3376837204');
INSERT INTO TelefonoCelAgente(CURPAgente,TelefonoCel) VALUES ('PAD083239MDAAK08','9328015441');
INSERT INTO TelefonoCelAgente(CURPAgente,TelefonoCel) VALUES ('EVT388989FKEGI97','8273168404');
INSERT INTO TelefonoCelAgente(CURPAgente,TelefonoCel) VALUES ('IGU003788CGJUB79','1025193061');
INSERT INTO TelefonoCelAgente(CURPAgente,TelefonoCel) VALUES ('CGK424976WXHRW76','3518429203');
INSERT INTO TelefonoCelAgente(CURPAgente,TelefonoCel) VALUES ('PES814498YNZVJ68','1493901114');
INSERT INTO TelefonoCelAgente(CURPAgente,TelefonoCel) VALUES ('MOZ572863ZCZLT42','2185987328');
INSERT INTO TelefonoCelAgente(CURPAgente,TelefonoCel) VALUES ('OSG630507ZCPUL36','5713076184');
INSERT INTO TelefonoCelAgente(CURPAgente,TelefonoCel) VALUES ('TSO214831QPFML32','5289624186');
INSERT INTO TelefonoCelAgente(CURPAgente,TelefonoCel) VALUES ('YCY453383ZFARN52','1286433400');
INSERT INTO TelefonoCelAgente(CURPAgente,TelefonoCel) VALUES ('KEJ515126ZJPTH20','3891203750');
INSERT INTO TelefonoCelAgente(CURPAgente,TelefonoCel) VALUES ('DRE494254SQQFR92','9553342085');
INSERT INTO TelefonoCelAgente(CURPAgente,TelefonoCel) VALUES ('ZEF860439JJHOE64','6569948175');
INSERT INTO TelefonoCelAgente(CURPAgente,TelefonoCel) VALUES ('IVE308369MNFVN55','7251308964');
INSERT INTO TelefonoCelAgente(CURPAgente,TelefonoCel) VALUES ('QXQ636579ZIIRM52','1823950478');
INSERT INTO TelefonoCelAgente(CURPAgente,TelefonoCel) VALUES ('CGK424976WXHRW76','5838221518');
INSERT INTO TelefonoCelAgente(CURPAgente,TelefonoCel) VALUES ('QTS105478OXHCL20','6559202557');
INSERT INTO TelefonoCelAgente(CURPAgente,TelefonoCel) VALUES ('CTA377842UXQXZ34','1719568549');
INSERT INTO TelefonoCelAgente(CURPAgente,TelefonoCel) VALUES ('DRT834312VOHXU67','5011331021');
INSERT INTO TelefonoCelAgente(CURPAgente,TelefonoCel) VALUES ('XUL371177HGQIX32','3762187697');
INSERT INTO TelefonoCelAgente(CURPAgente,TelefonoCel) VALUES ('CGF044994CTAEY79','8202557159');
INSERT INTO TelefonoCelAgente(CURPAgente,TelefonoCel) VALUES ('CSU438640YZZNK79','6852113780');
INSERT INTO TelefonoCelAgente(CURPAgente,TelefonoCel) VALUES ('PES814498YNZVJ68','2752367683');
INSERT INTO TelefonoCelAgente(CURPAgente,TelefonoCel) VALUES ('WZR512185RBWIU34','3468156741');
INSERT INTO TelefonoCelAgente(CURPAgente,TelefonoCel) VALUES ('DCG842926ACADM12','7311409756');
INSERT INTO TelefonoCelAgente(CURPAgente,TelefonoCel) VALUES ('LVY046256QXJDN01','4426342695');
INSERT INTO TelefonoCelAgente(CURPAgente,TelefonoCel) VALUES ('IVE308369MNFVN55','3331371502');
INSERT INTO TelefonoCelAgente(CURPAgente,TelefonoCel) VALUES ('LOQ010207SFNTW02','5737981797');
INSERT INTO TelefonoCelAgente(CURPAgente,TelefonoCel) VALUES ('DCG842926ACADM12','2486640764');
INSERT INTO TelefonoCelAgente(CURPAgente,TelefonoCel) VALUES ('OPP925651CLUSR18','2647890183');
INSERT INTO TelefonoCelAgente(CURPAgente,TelefonoCel) VALUES ('ORA414287QQAJD79','7914939955');
INSERT INTO TelefonoCelAgente(CURPAgente,TelefonoCel) VALUES ('DRT834312VOHXU67','8734726057');
INSERT INTO TelefonoCelAgente(CURPAgente,TelefonoCel) VALUES ('CGU302283XPUFK97','2451642235');
INSERT INTO TelefonoCelAgente(CURPAgente,TelefonoCel) VALUES ('OPP925651CLUSR18','8221639093');
INSERT INTO TelefonoCelAgente(CURPAgente,TelefonoCel) VALUES ('TMY191674DLVHD02','8621114469');
INSERT INTO TelefonoCelAgente(CURPAgente,TelefonoCel) VALUES ('RNZ151443NADGN17','4475467332');
INSERT INTO TelefonoCelAgente(CURPAgente,TelefonoCel) VALUES ('MPS691833FWCEB71','2909904291');
INSERT INTO TelefonoCelAgente(CURPAgente,TelefonoCel) VALUES ('PNO292698JVWEW14','8774927988');
INSERT INTO TelefonoCelAgente(CURPAgente,TelefonoCel) VALUES ('PNO292698JVWEW14','6573639163');
INSERT INTO TelefonoCelAgente(CURPAgente,TelefonoCel) VALUES ('UFS284225XDKUR13','2157137020');
INSERT INTO TelefonoCelAgente(CURPAgente,TelefonoCel) VALUES ('WZR512185RBWIU34','3728030183');
INSERT INTO TelefonoCelAgente(CURPAgente,TelefonoCel) VALUES ('VQJ097493AQEYL88','6438226644');
INSERT INTO TelefonoCelAgente(CURPAgente,TelefonoCel) VALUES ('DWY025072YWCLB74','8082203668');
INSERT INTO TelefonoCelAgente(CURPAgente,TelefonoCel) VALUES ('RVA407320RBXQL75','3501280167');
INSERT INTO TelefonoCelAgente(CURPAgente,TelefonoCel) VALUES ('OBU992073HWNTG25','9703677117');
INSERT INTO TelefonoCelAgente(CURPAgente,TelefonoCel) VALUES ('WLY504922LLLCQ76','6686928267');
INSERT INTO TelefonoCelAgente(CURPAgente,TelefonoCel) VALUES ('XOB400838YACET66','1959827653');
INSERT INTO TelefonoCelAgente(CURPAgente,TelefonoCel) VALUES ('CGU302283XPUFK97','2793413750');
INSERT INTO TelefonoCelAgente(CURPAgente,TelefonoCel) VALUES ('IML125538AGBXV99','9219232016');
INSERT INTO TelefonoCelAgente(CURPAgente,TelefonoCel) VALUES ('LGD784683IXAYG98','8944381331');
INSERT INTO TelefonoCelAgente(CURPAgente,TelefonoCel) VALUES ('JFQ888764OWFKM52','1035245518');
INSERT INTO TelefonoCelAgente(CURPAgente,TelefonoCel) VALUES ('PSA367043ZURLI77','9139511757');
INSERT INTO TelefonoCelAgente(CURPAgente,TelefonoCel) VALUES ('QFI629702FWCQK39','7751167982');
INSERT INTO TelefonoCelAgente(CURPAgente,TelefonoCel) VALUES ('LXY599411EJYLA07','4276797490');
INSERT INTO TelefonoCelAgente(CURPAgente,TelefonoCel) VALUES ('XOB400838YACET66','4706149420');
INSERT INTO TelefonoCelAgente(CURPAgente,TelefonoCel) VALUES ('PSA367043ZURLI77','3465582947');
INSERT INTO TelefonoCelAgente(CURPAgente,TelefonoCel) VALUES ('ASQ565820PISXW15','4148546738');
INSERT INTO TelefonoCelAgente(CURPAgente,TelefonoCel) VALUES ('EDQ308723AETVE79','2425661979');
INSERT INTO TelefonoCelAgente(CURPAgente,TelefonoCel) VALUES ('EVT388989FKEGI97','3651647287');
INSERT INTO TelefonoCelAgente(CURPAgente,TelefonoCel) VALUES ('EVT388989FKEGI97','1798852146');
INSERT INTO TelefonoCelAgente(CURPAgente,TelefonoCel) VALUES ('EVT388989FKEGI97','1259279566');
INSERT INTO TelefonoCelAgente(CURPAgente,TelefonoCel) VALUES ('DRE494254SQQFR92','2106961554');
INSERT INTO TelefonoCelAgente(CURPAgente,TelefonoCel) VALUES ('YDE357105ULASF58','9535281705');
INSERT INTO TelefonoCelAgente(CURPAgente,TelefonoCel) VALUES ('LOQ010207SFNTW02','2352736404');
INSERT INTO TelefonoCelAgente(CURPAgente,TelefonoCel) VALUES ('CGK424976WXHRW76','8444846281');
INSERT INTO TelefonoCelAgente(CURPAgente,TelefonoCel) VALUES ('CGK424976WXHRW76','3839020458');
INSERT INTO TelefonoCelAgente(CURPAgente,TelefonoCel) VALUES ('ZBE452918KZRHG23','9265063421');
INSERT INTO TelefonoCelAgente(CURPAgente,TelefonoCel) VALUES ('AWT902812HIFRE96','5616197319');



INSERT INTO CorreoElectronicoAgente(CURPAgente,CorreoElectronico) VALUES ('LOH824075NATPR65','bbowdidge0@digg.com');
INSERT INTO CorreoElectronicoAgente(CURPAgente,CorreoElectronico) VALUES ('BFR781252CQWZQ02','dcharker1@csmonitor.com');
INSERT INTO CorreoElectronicoAgente(CURPAgente,CorreoElectronico) VALUES ('BUZ383525MJTQM94','gsappell2@imgur.com');
INSERT INTO CorreoElectronicoAgente(CURPAgente,CorreoElectronico) VALUES ('DXG253433WWGTR38','hdelmonte3@desdev.cn');
INSERT INTO CorreoElectronicoAgente(CURPAgente,CorreoElectronico) VALUES ('LXY599411EJYLA07','rspincks4@alexa.com');
INSERT INTO CorreoElectronicoAgente(CURPAgente,CorreoElectronico) VALUES ('XUS864344JANHF31','khurn5@discovery.com');
INSERT INTO CorreoElectronicoAgente(CURPAgente,CorreoElectronico) VALUES ('FJA318424ILUIT82','dfolbige6@prweb.com');
INSERT INTO CorreoElectronicoAgente(CURPAgente,CorreoElectronico) VALUES ('YCY453383ZFARN52','tedlestone7@microsoft.com');
INSERT INTO CorreoElectronicoAgente(CURPAgente,CorreoElectronico) VALUES ('CSL452181XIYWF11','mladd8@goodreads.com');
INSERT INTO CorreoElectronicoAgente(CURPAgente,CorreoElectronico) VALUES ('DRT834312VOHXU67','kenden9@soundcloud.com');
INSERT INTO CorreoElectronicoAgente(CURPAgente,CorreoElectronico) VALUES ('PNO292698JVWEW14','msweetlanda@barnesandnoble.com');
INSERT INTO CorreoElectronicoAgente(CURPAgente,CorreoElectronico) VALUES ('LOH824075NATPR65','lallsupb@paginegialle.it');
INSERT INTO CorreoElectronicoAgente(CURPAgente,CorreoElectronico) VALUES ('CJB569360RZPWG00','ffaunchc@europa.eu');
INSERT INTO CorreoElectronicoAgente(CURPAgente,CorreoElectronico) VALUES ('IGU003788CGJUB79','mcornessd@mit.edu');
INSERT INTO CorreoElectronicoAgente(CURPAgente,CorreoElectronico) VALUES ('UFS284225XDKUR13','chaycoxe@ustream.tv');
INSERT INTO CorreoElectronicoAgente(CURPAgente,CorreoElectronico) VALUES ('ZBE452918KZRHG23','lpenhallf@webmd.com');
INSERT INTO CorreoElectronicoAgente(CURPAgente,CorreoElectronico) VALUES ('LGD784683IXAYG98','utockg@msn.com');
INSERT INTO CorreoElectronicoAgente(CURPAgente,CorreoElectronico) VALUES ('OHM227005QOPEZ13','spatulloh@rakuten.co.jp');
INSERT INTO CorreoElectronicoAgente(CURPAgente,CorreoElectronico) VALUES ('ZBE452918KZRHG23','dserotskyi@4shared.com');
INSERT INTO CorreoElectronicoAgente(CURPAgente,CorreoElectronico) VALUES ('OBU992073HWNTG25','rmanktelowj@multiply.com');
INSERT INTO CorreoElectronicoAgente(CURPAgente,CorreoElectronico) VALUES ('ZEF860439JJHOE64','dverryk@goodreads.com');
INSERT INTO CorreoElectronicoAgente(CURPAgente,CorreoElectronico) VALUES ('RZM680317IUQOI91','btroctorl@google.pl');
INSERT INTO CorreoElectronicoAgente(CURPAgente,CorreoElectronico) VALUES ('ZBE452918KZRHG23','lloftym@google.cn');
INSERT INTO CorreoElectronicoAgente(CURPAgente,CorreoElectronico) VALUES ('BUZ383525MJTQM94','cbreakspearn@blogtalkradio.com');
INSERT INTO CorreoElectronicoAgente(CURPAgente,CorreoElectronico) VALUES ('RZM680317IUQOI91','ahydeso@abc.net.au');
INSERT INTO CorreoElectronicoAgente(CURPAgente,CorreoElectronico) VALUES ('OPP925651CLUSR18','kiscowitzp@edublogs.org');
INSERT INTO CorreoElectronicoAgente(CURPAgente,CorreoElectronico) VALUES ('JFQ888764OWFKM52','skarchewskiq@upenn.edu');
INSERT INTO CorreoElectronicoAgente(CURPAgente,CorreoElectronico) VALUES ('WLY504922LLLCQ76','ptownsr@booking.com');
INSERT INTO CorreoElectronicoAgente(CURPAgente,CorreoElectronico) VALUES ('AZS735697MIAUJ08','bdallaways@studiopress.com');
INSERT INTO CorreoElectronicoAgente(CURPAgente,CorreoElectronico) VALUES ('OPP925651CLUSR18','mplascottt@bizjournals.com');
INSERT INTO CorreoElectronicoAgente(CURPAgente,CorreoElectronico) VALUES ('PNO292698JVWEW14','dwillarsu@livejournal.com');
INSERT INTO CorreoElectronicoAgente(CURPAgente,CorreoElectronico) VALUES ('CGU302283XPUFK97','bmarklv@icq.com');
INSERT INTO CorreoElectronicoAgente(CURPAgente,CorreoElectronico) VALUES ('TMY191674DLVHD02','rrabierw@cdc.gov');
INSERT INTO CorreoElectronicoAgente(CURPAgente,CorreoElectronico) VALUES ('XOU764871JGIMD53','tblakeleyx@php.net');
INSERT INTO CorreoElectronicoAgente(CURPAgente,CorreoElectronico) VALUES ('OHM227005QOPEZ13','mmarushaky@hhs.gov');
INSERT INTO CorreoElectronicoAgente(CURPAgente,CorreoElectronico) VALUES ('MPS691833FWCEB71','salecockz@merriam-webster.com');
INSERT INTO CorreoElectronicoAgente(CURPAgente,CorreoElectronico) VALUES ('XUS864344JANHF31','rborborough10@yellowpages.com');
INSERT INTO CorreoElectronicoAgente(CURPAgente,CorreoElectronico) VALUES ('QYW626492VHTTJ44','agolly11@answers.com');
INSERT INTO CorreoElectronicoAgente(CURPAgente,CorreoElectronico) VALUES ('VQJ097493AQEYL88','amenilove12@washingtonpost.com');
INSERT INTO CorreoElectronicoAgente(CURPAgente,CorreoElectronico) VALUES ('AZS735697MIAUJ08','wbrecknell13@reuters.com');
INSERT INTO CorreoElectronicoAgente(CURPAgente,CorreoElectronico) VALUES ('PSA367043ZURLI77','ashutle14@uol.com.br');
INSERT INTO CorreoElectronicoAgente(CURPAgente,CorreoElectronico) VALUES ('WZR512185RBWIU34','ssaxelby15@usgs.gov');
INSERT INTO CorreoElectronicoAgente(CURPAgente,CorreoElectronico) VALUES ('WLY504922LLLCQ76','ygooderson16@cdc.gov');
INSERT INTO CorreoElectronicoAgente(CURPAgente,CorreoElectronico) VALUES ('ORA414287QQAJD79','gortell17@tumblr.com');
INSERT INTO CorreoElectronicoAgente(CURPAgente,CorreoElectronico) VALUES ('MOZ572863ZCZLT42','greims18@harvard.edu');
INSERT INTO CorreoElectronicoAgente(CURPAgente,CorreoElectronico) VALUES ('LGD784683IXAYG98','elinde19@sitemeter.com');
INSERT INTO CorreoElectronicoAgente(CURPAgente,CorreoElectronico) VALUES ('GSD335987XRSIK75','oreeveley1a@vimeo.com');
INSERT INTO CorreoElectronicoAgente(CURPAgente,CorreoElectronico) VALUES ('RTC443654YSZGC43','agregoraci1b@google.co.jp');
INSERT INTO CorreoElectronicoAgente(CURPAgente,CorreoElectronico) VALUES ('AZS735697MIAUJ08','sharnetty1c@t-online.de');
INSERT INTO CorreoElectronicoAgente(CURPAgente,CorreoElectronico) VALUES ('ZEF860439JJHOE64','fwallege1d@skyrock.com');
INSERT INTO CorreoElectronicoAgente(CURPAgente,CorreoElectronico) VALUES ('MOZ572863ZCZLT42','hweddeburnscrimgeour1e@tmall.com');
INSERT INTO CorreoElectronicoAgente(CURPAgente,CorreoElectronico) VALUES ('NKS351612VMEXV31','slafond1f@deliciousdays.com');
INSERT INTO CorreoElectronicoAgente(CURPAgente,CorreoElectronico) VALUES ('JFQ888764OWFKM52','jvirgoe1g@google.com.au');
INSERT INTO CorreoElectronicoAgente(CURPAgente,CorreoElectronico) VALUES ('CJB569360RZPWG00','ejouannisson1h@ezinearticles.com');
INSERT INTO CorreoElectronicoAgente(CURPAgente,CorreoElectronico) VALUES ('LGD784683IXAYG98','bvarden1i@blinklist.com');
INSERT INTO CorreoElectronicoAgente(CURPAgente,CorreoElectronico) VALUES ('IVE308369MNFVN55','leyes1j@altervista.org');
INSERT INTO CorreoElectronicoAgente(CURPAgente,CorreoElectronico) VALUES ('QYW626492VHTTJ44','rchagg1k@nbcnews.com');
INSERT INTO CorreoElectronicoAgente(CURPAgente,CorreoElectronico) VALUES ('XUS864344JANHF31','bsommerville1l@dropbox.com');
INSERT INTO CorreoElectronicoAgente(CURPAgente,CorreoElectronico) VALUES ('IZJ075876GCBEV92','csangwin1m@istockphoto.com');
INSERT INTO CorreoElectronicoAgente(CURPAgente,CorreoElectronico) VALUES ('CTA377842UXQXZ34','jpescott1n@g.co');
INSERT INTO CorreoElectronicoAgente(CURPAgente,CorreoElectronico) VALUES ('OLL278741LFBNK78','ggonning1o@mediafire.com');
INSERT INTO CorreoElectronicoAgente(CURPAgente,CorreoElectronico) VALUES ('JFQ888764OWFKM52','akilbane1p@bigcartel.com');
INSERT INTO CorreoElectronicoAgente(CURPAgente,CorreoElectronico) VALUES ('LVY046256QXJDN01','rjachimak1q@sphinn.com');
INSERT INTO CorreoElectronicoAgente(CURPAgente,CorreoElectronico) VALUES ('QXQ636579ZIIRM52','dcridlan1r@hud.gov');
INSERT INTO CorreoElectronicoAgente(CURPAgente,CorreoElectronico) VALUES ('OHM227005QOPEZ13','hvaud1s@meetup.com');
INSERT INTO CorreoElectronicoAgente(CURPAgente,CorreoElectronico) VALUES ('SFC502226PVOYW22','fferrick1t@indiatimes.com');
INSERT INTO CorreoElectronicoAgente(CURPAgente,CorreoElectronico) VALUES ('PNO292698JVWEW14','iskoughman1u@tinypic.com');
INSERT INTO CorreoElectronicoAgente(CURPAgente,CorreoElectronico) VALUES ('HGL199031TFSWT52','shennemann1v@abc.net.au');
INSERT INTO CorreoElectronicoAgente(CURPAgente,CorreoElectronico) VALUES ('AKX785454WLDTQ22','rbenedict1w@mediafire.com');
INSERT INTO CorreoElectronicoAgente(CURPAgente,CorreoElectronico) VALUES ('SFC502226PVOYW22','mdennis1x@columbia.edu');
INSERT INTO CorreoElectronicoAgente(CURPAgente,CorreoElectronico) VALUES ('DRV108706GCNNQ13','vyork1y@google.com.au');
INSERT INTO CorreoElectronicoAgente(CURPAgente,CorreoElectronico) VALUES ('AZS735697MIAUJ08','breboulet1z@shop-pro.jp');
INSERT INTO CorreoElectronicoAgente(CURPAgente,CorreoElectronico) VALUES ('JFQ888764OWFKM52','jbetun20@friendfeed.com');
INSERT INTO CorreoElectronicoAgente(CURPAgente,CorreoElectronico) VALUES ('AWT902812HIFRE96','nortell21@geocities.jp');
INSERT INTO CorreoElectronicoAgente(CURPAgente,CorreoElectronico) VALUES ('HYU976378BOEJZ74','ocoverley22@webeden.co.uk');
INSERT INTO CorreoElectronicoAgente(CURPAgente,CorreoElectronico) VALUES ('HYU976378BOEJZ74','pgergher23@addthis.com');
INSERT INTO CorreoElectronicoAgente(CURPAgente,CorreoElectronico) VALUES ('OIP403792IPQPE66','ocadge24@whitehouse.gov');
INSERT INTO CorreoElectronicoAgente(CURPAgente,CorreoElectronico) VALUES ('XOB400838YACET66','amohammed25@jimdo.com');
INSERT INTO CorreoElectronicoAgente(CURPAgente,CorreoElectronico) VALUES ('VTA219151PMMEG22','ygiffon26@umich.edu');
INSERT INTO CorreoElectronicoAgente(CURPAgente,CorreoElectronico) VALUES ('YVH704698EHIZX06','glauks27@1688.com');
INSERT INTO CorreoElectronicoAgente(CURPAgente,CorreoElectronico) VALUES ('PSA367043ZURLI77','aalliot28@hugedomains.com');
INSERT INTO CorreoElectronicoAgente(CURPAgente,CorreoElectronico) VALUES ('NKS351612VMEXV31','wvaggs29@google.cn');
INSERT INTO CorreoElectronicoAgente(CURPAgente,CorreoElectronico) VALUES ('PNO292698JVWEW14','gdesavery2a@examiner.com');
INSERT INTO CorreoElectronicoAgente(CURPAgente,CorreoElectronico) VALUES ('OHM227005QOPEZ13','cmooreed2b@reference.com');
INSERT INTO CorreoElectronicoAgente(CURPAgente,CorreoElectronico) VALUES ('BUZ383525MJTQM94','csewell2c@washington.edu');
INSERT INTO CorreoElectronicoAgente(CURPAgente,CorreoElectronico) VALUES ('ORA414287QQAJD79','akunrad2d@who.int');
INSERT INTO CorreoElectronicoAgente(CURPAgente,CorreoElectronico) VALUES ('WZR512185RBWIU34','cdarthe2e@indiegogo.com');
INSERT INTO CorreoElectronicoAgente(CURPAgente,CorreoElectronico) VALUES ('PNO292698JVWEW14','kkorous2f@si.edu');
INSERT INTO CorreoElectronicoAgente(CURPAgente,CorreoElectronico) VALUES ('QTN612376PKLIN27','ooveril2g@accuweather.com');
INSERT INTO CorreoElectronicoAgente(CURPAgente,CorreoElectronico) VALUES ('OEI903702NITNJ23','atolcher2h@github.com');
INSERT INTO CorreoElectronicoAgente(CURPAgente,CorreoElectronico) VALUES ('RVA407320RBXQL75','bfanton2i@princeton.edu');
INSERT INTO CorreoElectronicoAgente(CURPAgente,CorreoElectronico) VALUES ('RFX276754JBFRD28','bcamilletti2j@webmd.com');
INSERT INTO CorreoElectronicoAgente(CURPAgente,CorreoElectronico) VALUES ('YDE357105ULASF58','sglison2k@netscape.com');
INSERT INTO CorreoElectronicoAgente(CURPAgente,CorreoElectronico) VALUES ('JFQ888764OWFKM52','lrachuig2l@deviantart.com');
INSERT INTO CorreoElectronicoAgente(CURPAgente,CorreoElectronico) VALUES ('LGD784683IXAYG98','njirak2m@newsvine.com');
INSERT INTO CorreoElectronicoAgente(CURPAgente,CorreoElectronico) VALUES ('ZEF860439JJHOE64','bgadaud2n@usda.gov');
INSERT INTO CorreoElectronicoAgente(CURPAgente,CorreoElectronico) VALUES ('DIT592580KPFDT66','abellinger2o@storify.com');
INSERT INTO CorreoElectronicoAgente(CURPAgente,CorreoElectronico) VALUES ('XOU764871JGIMD53','tloseke2p@netvibes.com');
INSERT INTO CorreoElectronicoAgente(CURPAgente,CorreoElectronico) VALUES ('LOH824075NATPR65','wtorrejon2q@utexas.edu');
INSERT INTO CorreoElectronicoAgente(CURPAgente,CorreoElectronico) VALUES ('OPP925651CLUSR18','kizaks2r@chronoengine.com');
INSERT INTO CorreoElectronicoAgente(CURPAgente,CorreoElectronico) VALUES ('CSU438640YZZNK79','tjelkes2s@cbsnews.com');
INSERT INTO CorreoElectronicoAgente(CURPAgente,CorreoElectronico) VALUES ('OBD495035EXSXD46','pniblett2t@shop-pro.jp');
INSERT INTO CorreoElectronicoAgente(CURPAgente,CorreoElectronico) VALUES ('HGL199031TFSWT52','gseak2u@canalblog.com');
INSERT INTO CorreoElectronicoAgente(CURPAgente,CorreoElectronico) VALUES ('QTN612376PKLIN27','darniz2v@springer.com');
INSERT INTO CorreoElectronicoAgente(CURPAgente,CorreoElectronico) VALUES ('CGU302283XPUFK97','cmeir2w@barnesandnoble.com');
INSERT INTO CorreoElectronicoAgente(CURPAgente,CorreoElectronico) VALUES ('YDE357105ULASF58','rdymock2x@facebook.com');
INSERT INTO CorreoElectronicoAgente(CURPAgente,CorreoElectronico) VALUES ('AWT902812HIFRE96','pwalkden2y@live.com');
INSERT INTO CorreoElectronicoAgente(CURPAgente,CorreoElectronico) VALUES ('EVT388989FKEGI97','mfilyashin2z@oaic.gov.au');
INSERT INTO CorreoElectronicoAgente(CURPAgente,CorreoElectronico) VALUES ('QTN612376PKLIN27','twoodus30@vimeo.com');
INSERT INTO CorreoElectronicoAgente(CURPAgente,CorreoElectronico) VALUES ('BFR781252CQWZQ02','zbaumann31@homestead.com');
INSERT INTO CorreoElectronicoAgente(CURPAgente,CorreoElectronico) VALUES ('FJA318424ILUIT82','singlesant32@wired.com');
INSERT INTO CorreoElectronicoAgente(CURPAgente,CorreoElectronico) VALUES ('MPS691833FWCEB71','kmarchent33@com.com');
INSERT INTO CorreoElectronicoAgente(CURPAgente,CorreoElectronico) VALUES ('CSL452181XIYWF11','nlakes34@a8.net');
INSERT INTO CorreoElectronicoAgente(CURPAgente,CorreoElectronico) VALUES ('KEJ515126ZJPTH20','gprecious35@bigcartel.com');
INSERT INTO CorreoElectronicoAgente(CURPAgente,CorreoElectronico) VALUES ('CTC040122ALHKF52','emayers36@foxnews.com');
INSERT INTO CorreoElectronicoAgente(CURPAgente,CorreoElectronico) VALUES ('QTS105478OXHCL20','frennie37@comcast.net');
INSERT INTO CorreoElectronicoAgente(CURPAgente,CorreoElectronico) VALUES ('NKS351612VMEXV31','lcaldecot38@statcounter.com');
INSERT INTO CorreoElectronicoAgente(CURPAgente,CorreoElectronico) VALUES ('IML125538AGBXV99','steideman39@japanpost.jp');
INSERT INTO CorreoElectronicoAgente(CURPAgente,CorreoElectronico) VALUES ('PSA367043ZURLI77','arubinlicht3a@wisc.edu');
INSERT INTO CorreoElectronicoAgente(CURPAgente,CorreoElectronico) VALUES ('AKX785454WLDTQ22','eworthing3b@mlb.com');
INSERT INTO CorreoElectronicoAgente(CURPAgente,CorreoElectronico) VALUES ('YDE357105ULASF58','croderigo3c@pcworld.com');
INSERT INTO CorreoElectronicoAgente(CURPAgente,CorreoElectronico) VALUES ('YVH704698EHIZX06','cwasteney3d@jimdo.com');
INSERT INTO CorreoElectronicoAgente(CURPAgente,CorreoElectronico) VALUES ('CGU302283XPUFK97','ddurak3e@bandcamp.com');
INSERT INTO CorreoElectronicoAgente(CURPAgente,CorreoElectronico) VALUES ('AVZ590726EALHT78','kchrister3f@quantcast.com');
INSERT INTO CorreoElectronicoAgente(CURPAgente,CorreoElectronico) VALUES ('VTA219151PMMEG22','lbellhouse3g@dmoz.org');
INSERT INTO CorreoElectronicoAgente(CURPAgente,CorreoElectronico) VALUES ('NLP603731YFBNS52','tmacnamara3h@macromedia.com');
INSERT INTO CorreoElectronicoAgente(CURPAgente,CorreoElectronico) VALUES ('UUG515651SUHOH93','lcoonan3i@nytimes.com');
INSERT INTO CorreoElectronicoAgente(CURPAgente,CorreoElectronico) VALUES ('PAD083239MDAAK08','ksemmence3j@bigcartel.com');
INSERT INTO CorreoElectronicoAgente(CURPAgente,CorreoElectronico) VALUES ('XUL371177HGQIX32','nbenettolo3k@fastcompany.com');
INSERT INTO CorreoElectronicoAgente(CURPAgente,CorreoElectronico) VALUES ('WLY504922LLLCQ76','cszantho3l@reddit.com');
INSERT INTO CorreoElectronicoAgente(CURPAgente,CorreoElectronico) VALUES ('DRE494254SQQFR92','glasselle3m@istockphoto.com');
INSERT INTO CorreoElectronicoAgente(CURPAgente,CorreoElectronico) VALUES ('EOR696891DKKHD67','bkleimt3n@nationalgeographic.com');
INSERT INTO CorreoElectronicoAgente(CURPAgente,CorreoElectronico) VALUES ('XOB400838YACET66','krawson3o@joomla.org');
INSERT INTO CorreoElectronicoAgente(CURPAgente,CorreoElectronico) VALUES ('TMY191674DLVHD02','hpoizer3p@angelfire.com');
INSERT INTO CorreoElectronicoAgente(CURPAgente,CorreoElectronico) VALUES ('BFR781252CQWZQ02','bburbidge3q@ihg.com');
INSERT INTO CorreoElectronicoAgente(CURPAgente,CorreoElectronico) VALUES ('OBU992073HWNTG25','vsleany3r@washington.edu');
INSERT INTO CorreoElectronicoAgente(CURPAgente,CorreoElectronico) VALUES ('IVE308369MNFVN55','cparadyce3s@indiatimes.com');
INSERT INTO CorreoElectronicoAgente(CURPAgente,CorreoElectronico) VALUES ('DIT592580KPFDT66','phallowes3t@rediff.com');
INSERT INTO CorreoElectronicoAgente(CURPAgente,CorreoElectronico) VALUES ('BUZ383525MJTQM94','ckingswell3u@myspace.com');
INSERT INTO CorreoElectronicoAgente(CURPAgente,CorreoElectronico) VALUES ('FJA318424ILUIT82','ckuhlen3v@weibo.com');
INSERT INTO CorreoElectronicoAgente(CURPAgente,CorreoElectronico) VALUES ('DRT834312VOHXU67','bnorcross3w@godaddy.com');
INSERT INTO CorreoElectronicoAgente(CURPAgente,CorreoElectronico) VALUES ('LOQ010207SFNTW02','ifrango3x@mac.com');
INSERT INTO CorreoElectronicoAgente(CURPAgente,CorreoElectronico) VALUES ('DCG842926ACADM12','bworks3y@opensource.org');
INSERT INTO CorreoElectronicoAgente(CURPAgente,CorreoElectronico) VALUES ('SFC502226PVOYW22','aheed3z@sogou.com');
INSERT INTO CorreoElectronicoAgente(CURPAgente,CorreoElectronico) VALUES ('LVY046256QXJDN01','ycarress40@google.com.br');
INSERT INTO CorreoElectronicoAgente(CURPAgente,CorreoElectronico) VALUES ('EOR696891DKKHD67','rcobain41@domainmarket.com');
INSERT INTO CorreoElectronicoAgente(CURPAgente,CorreoElectronico) VALUES ('PAD083239MDAAK08','rorritt42@liveinternet.ru');
INSERT INTO CorreoElectronicoAgente(CURPAgente,CorreoElectronico) VALUES ('EOR696891DKKHD67','tkubal43@wix.com');
INSERT INTO CorreoElectronicoAgente(CURPAgente,CorreoElectronico) VALUES ('QTN612376PKLIN27','bkindon44@hatena.ne.jp');
INSERT INTO CorreoElectronicoAgente(CURPAgente,CorreoElectronico) VALUES ('DIT592580KPFDT66','kpilfold45@t-online.de');

INSERT INTO Mouse(IdPeriferico,FechaAdqui,Modelo) VALUES (1,'2022-07-15','Rally Wagon 2500');
INSERT INTO Mouse(IdPeriferico,FechaAdqui,Modelo) VALUES (2,'2022-05-29','Corvette');
INSERT INTO Mouse(IdPeriferico,FechaAdqui,Modelo) VALUES (3,'2022-10-22','Country');
INSERT INTO Mouse(IdPeriferico,FechaAdqui,Modelo) VALUES (4,'2022-11-03','Quattroporte');
INSERT INTO Mouse(IdPeriferico,FechaAdqui,Modelo) VALUES (5,'2022-06-18','Quest');
INSERT INTO Mouse(IdPeriferico,FechaAdqui,Modelo) VALUES (6,'2022-06-12','Mazda3');
INSERT INTO Mouse(IdPeriferico,FechaAdqui,Modelo) VALUES (7,'2022-10-15','Civic');
INSERT INTO Mouse(IdPeriferico,FechaAdqui,Modelo) VALUES (8,'2022-09-11','A4');
INSERT INTO Mouse(IdPeriferico,FechaAdqui,Modelo) VALUES (9,'2022-08-01','Scoupe');
INSERT INTO Mouse(IdPeriferico,FechaAdqui,Modelo) VALUES (10,'2022-06-11','Countryman');
INSERT INTO Mouse(IdPeriferico,FechaAdqui,Modelo) VALUES (11,'2022-02-26','Aztek');
INSERT INTO Mouse(IdPeriferico,FechaAdqui,Modelo) VALUES (12,'2022-09-16','E-Class');
INSERT INTO Mouse(IdPeriferico,FechaAdqui,Modelo) VALUES (13,'2022-11-25','Miata MX-5');
INSERT INTO Mouse(IdPeriferico,FechaAdqui,Modelo) VALUES (14,'2022-12-02','Coupe GT');
INSERT INTO Mouse(IdPeriferico,FechaAdqui,Modelo) VALUES (15,'2021-12-21','Trooper');
INSERT INTO Mouse(IdPeriferico,FechaAdqui,Modelo) VALUES (16,'2022-03-21','Echo');
INSERT INTO Mouse(IdPeriferico,FechaAdqui,Modelo) VALUES (17,'2022-11-07','S90');
INSERT INTO Mouse(IdPeriferico,FechaAdqui,Modelo) VALUES (18,'2022-06-26','280ZX');
INSERT INTO Mouse(IdPeriferico,FechaAdqui,Modelo) VALUES (19,'2022-07-30','Avalon');
INSERT INTO Mouse(IdPeriferico,FechaAdqui,Modelo) VALUES (20,'2022-05-11','626');
INSERT INTO Mouse(IdPeriferico,FechaAdqui,Modelo) VALUES (21,'2022-07-26','Accent');
INSERT INTO Mouse(IdPeriferico,FechaAdqui,Modelo) VALUES (22,'2022-02-23','Torrent');
INSERT INTO Mouse(IdPeriferico,FechaAdqui,Modelo) VALUES (23,'2022-03-18','C70');
INSERT INTO Mouse(IdPeriferico,FechaAdqui,Modelo) VALUES (24,'2022-11-26','626');
INSERT INTO Mouse(IdPeriferico,FechaAdqui,Modelo) VALUES (25,'2022-05-22','Accent');
INSERT INTO Mouse(IdPeriferico,FechaAdqui,Modelo) VALUES (26,'2022-04-18','E-Series');
INSERT INTO Mouse(IdPeriferico,FechaAdqui,Modelo) VALUES (27,'2022-01-23','Grand Voyager');
INSERT INTO Mouse(IdPeriferico,FechaAdqui,Modelo) VALUES (28,'2022-06-24','LHS');
INSERT INTO Mouse(IdPeriferico,FechaAdqui,Modelo) VALUES (29,'2022-06-25','Grand Vitara');
INSERT INTO Mouse(IdPeriferico,FechaAdqui,Modelo) VALUES (30,'2022-11-27','S60');
INSERT INTO Mouse(IdPeriferico,FechaAdqui,Modelo) VALUES (31,'2022-02-13','Continental');
INSERT INTO Mouse(IdPeriferico,FechaAdqui,Modelo) VALUES (32,'2022-01-12','Spider');
INSERT INTO Mouse(IdPeriferico,FechaAdqui,Modelo) VALUES (33,'2022-01-10','3000GT');
INSERT INTO Mouse(IdPeriferico,FechaAdqui,Modelo) VALUES (34,'2022-10-20','Sonata');
INSERT INTO Mouse(IdPeriferico,FechaAdqui,Modelo) VALUES (35,'2022-09-09','EX');
INSERT INTO Mouse(IdPeriferico,FechaAdqui,Modelo) VALUES (36,'2022-10-28','Savana 3500');
INSERT INTO Mouse(IdPeriferico,FechaAdqui,Modelo) VALUES (37,'2022-04-05','Ranger');
INSERT INTO Mouse(IdPeriferico,FechaAdqui,Modelo) VALUES (38,'2022-10-14','LTD Crown Victoria');
INSERT INTO Mouse(IdPeriferico,FechaAdqui,Modelo) VALUES (39,'2022-01-01','Grand Marquis');
INSERT INTO Mouse(IdPeriferico,FechaAdqui,Modelo) VALUES (40,'2022-03-05','i-350');
INSERT INTO Mouse(IdPeriferico,FechaAdqui,Modelo) VALUES (41,'2022-01-14','Swift');
INSERT INTO Mouse(IdPeriferico,FechaAdqui,Modelo) VALUES (42,'2022-04-09','Civic');
INSERT INTO Mouse(IdPeriferico,FechaAdqui,Modelo) VALUES (43,'2022-10-21','LX');
INSERT INTO Mouse(IdPeriferico,FechaAdqui,Modelo) VALUES (44,'2022-01-28','Charade');
INSERT INTO Mouse(IdPeriferico,FechaAdqui,Modelo) VALUES (45,'2022-06-25','Achieva');
INSERT INTO Mouse(IdPeriferico,FechaAdqui,Modelo) VALUES (46,'2022-04-28','Touareg');
INSERT INTO Mouse(IdPeriferico,FechaAdqui,Modelo) VALUES (47,'2022-01-04','Freelander');
INSERT INTO Mouse(IdPeriferico,FechaAdqui,Modelo) VALUES (48,'2021-12-21','Grand Caravan');
INSERT INTO Mouse(IdPeriferico,FechaAdqui,Modelo) VALUES (49,'2022-10-09','Tucson');
INSERT INTO Mouse(IdPeriferico,FechaAdqui,Modelo) VALUES (50,'2022-03-20','8 Series');
INSERT INTO Mouse(IdPeriferico,FechaAdqui,Modelo) VALUES (51,'2022-05-21','IS');
INSERT INTO Mouse(IdPeriferico,FechaAdqui,Modelo) VALUES (52,'2022-03-25','QX');
INSERT INTO Mouse(IdPeriferico,FechaAdqui,Modelo) VALUES (53,'2022-03-28','Tundra');
INSERT INTO Mouse(IdPeriferico,FechaAdqui,Modelo) VALUES (54,'2022-12-01','XC60');
INSERT INTO Mouse(IdPeriferico,FechaAdqui,Modelo) VALUES (55,'2022-03-31','98');
INSERT INTO Mouse(IdPeriferico,FechaAdqui,Modelo) VALUES (56,'2022-10-20','Ram Wagon B250');
INSERT INTO Mouse(IdPeriferico,FechaAdqui,Modelo) VALUES (57,'2022-09-26','Ascender');
INSERT INTO Mouse(IdPeriferico,FechaAdqui,Modelo) VALUES (58,'2022-02-17','Durango');
INSERT INTO Mouse(IdPeriferico,FechaAdqui,Modelo) VALUES (59,'2022-03-23','3500');
INSERT INTO Mouse(IdPeriferico,FechaAdqui,Modelo) VALUES (60,'2022-06-27','Esprit');
INSERT INTO Mouse(IdPeriferico,FechaAdqui,Modelo) VALUES (61,'2022-06-16','Toronado');
INSERT INTO Mouse(IdPeriferico,FechaAdqui,Modelo) VALUES (62,'2022-07-05','G-Series G20');
INSERT INTO Mouse(IdPeriferico,FechaAdqui,Modelo) VALUES (63,'2022-01-11','Expo');
INSERT INTO Mouse(IdPeriferico,FechaAdqui,Modelo) VALUES (64,'2022-06-20','Tucson');
INSERT INTO Mouse(IdPeriferico,FechaAdqui,Modelo) VALUES (65,'2022-11-15','Grand Vitara');
INSERT INTO Mouse(IdPeriferico,FechaAdqui,Modelo) VALUES (66,'2022-10-06','Vitara');
INSERT INTO Mouse(IdPeriferico,FechaAdqui,Modelo) VALUES (67,'2022-09-17','Silverado 3500');
INSERT INTO Mouse(IdPeriferico,FechaAdqui,Modelo) VALUES (68,'2022-03-24','Challenger');
INSERT INTO Mouse(IdPeriferico,FechaAdqui,Modelo) VALUES (69,'2022-07-03','Cooper Clubman');
INSERT INTO Mouse(IdPeriferico,FechaAdqui,Modelo) VALUES (70,'2022-09-15','Grand Vitara');
INSERT INTO Mouse(IdPeriferico,FechaAdqui,Modelo) VALUES (71,'2022-02-09','Fusion');
INSERT INTO Mouse(IdPeriferico,FechaAdqui,Modelo) VALUES (72,'2022-09-11','Galant');
INSERT INTO Mouse(IdPeriferico,FechaAdqui,Modelo) VALUES (73,'2021-12-07','RS 4');
INSERT INTO Mouse(IdPeriferico,FechaAdqui,Modelo) VALUES (74,'2022-11-10','M-Class');
INSERT INTO Mouse(IdPeriferico,FechaAdqui,Modelo) VALUES (75,'2022-09-12','S80');
INSERT INTO Mouse(IdPeriferico,FechaAdqui,Modelo) VALUES (76,'2022-02-08','Continental Mark VII');
INSERT INTO Mouse(IdPeriferico,FechaAdqui,Modelo) VALUES (77,'2022-11-30','DB9');
INSERT INTO Mouse(IdPeriferico,FechaAdqui,Modelo) VALUES (78,'2022-03-21','Allroad');
INSERT INTO Mouse(IdPeriferico,FechaAdqui,Modelo) VALUES (79,'2022-01-27','F-Series Super Duty');
INSERT INTO Mouse(IdPeriferico,FechaAdqui,Modelo) VALUES (80,'2022-06-17','Econoline E250');
INSERT INTO Mouse(IdPeriferico,FechaAdqui,Modelo) VALUES (81,'2022-03-22','Crossfire');
INSERT INTO Mouse(IdPeriferico,FechaAdqui,Modelo) VALUES (82,'2022-04-19','Tundra');
INSERT INTO Mouse(IdPeriferico,FechaAdqui,Modelo) VALUES (83,'2022-09-05','Silhouette');
INSERT INTO Mouse(IdPeriferico,FechaAdqui,Modelo) VALUES (84,'2021-12-22','Park Avenue');
INSERT INTO Mouse(IdPeriferico,FechaAdqui,Modelo) VALUES (85,'2022-06-18','Journey');
INSERT INTO Mouse(IdPeriferico,FechaAdqui,Modelo) VALUES (86,'2022-09-18','Montero Sport');
INSERT INTO Mouse(IdPeriferico,FechaAdqui,Modelo) VALUES (87,'2022-07-31','Jetta');
INSERT INTO Mouse(IdPeriferico,FechaAdqui,Modelo) VALUES (88,'2022-10-21','Range Rover Classic');
INSERT INTO Mouse(IdPeriferico,FechaAdqui,Modelo) VALUES (89,'2022-06-03','GTI');
INSERT INTO Mouse(IdPeriferico,FechaAdqui,Modelo) VALUES (90,'2022-03-16','VUE');
INSERT INTO Mouse(IdPeriferico,FechaAdqui,Modelo) VALUES (91,'2022-05-02','M3');
INSERT INTO Mouse(IdPeriferico,FechaAdqui,Modelo) VALUES (92,'2022-08-21','L-Series');
INSERT INTO Mouse(IdPeriferico,FechaAdqui,Modelo) VALUES (93,'2022-07-23','458 Italia');
INSERT INTO Mouse(IdPeriferico,FechaAdqui,Modelo) VALUES (94,'2022-05-25','Grand Prix Turbo');
INSERT INTO Mouse(IdPeriferico,FechaAdqui,Modelo) VALUES (95,'2022-02-08','Mountaineer');
INSERT INTO Mouse(IdPeriferico,FechaAdqui,Modelo) VALUES (96,'2022-06-25','SLR McLaren');
INSERT INTO Mouse(IdPeriferico,FechaAdqui,Modelo) VALUES (97,'2022-03-21','Tribute');
INSERT INTO Mouse(IdPeriferico,FechaAdqui,Modelo) VALUES (98,'2022-09-18','944');
INSERT INTO Mouse(IdPeriferico,FechaAdqui,Modelo) VALUES (99,'2022-01-11','Laser');
INSERT INTO Mouse(IdPeriferico,FechaAdqui,Modelo) VALUES (100,'2022-04-28','Suburban 2500');
INSERT INTO Mouse(IdPeriferico,FechaAdqui,Modelo) VALUES (101,'2022-08-05','RL');
INSERT INTO Mouse(IdPeriferico,FechaAdqui,Modelo) VALUES (102,'2022-01-07','Discovery');
INSERT INTO Mouse(IdPeriferico,FechaAdqui,Modelo) VALUES (103,'2022-01-04','Mini Cooper');
INSERT INTO Mouse(IdPeriferico,FechaAdqui,Modelo) VALUES (104,'2022-03-25','Ion');
INSERT INTO Mouse(IdPeriferico,FechaAdqui,Modelo) VALUES (105,'2022-08-09','Diablo');
INSERT INTO Mouse(IdPeriferico,FechaAdqui,Modelo) VALUES (106,'2022-05-01','Sonoma');
INSERT INTO Mouse(IdPeriferico,FechaAdqui,Modelo) VALUES (107,'2022-07-20','Sonoma');
INSERT INTO Mouse(IdPeriferico,FechaAdqui,Modelo) VALUES (108,'2022-08-18','Wrangler');
INSERT INTO Mouse(IdPeriferico,FechaAdqui,Modelo) VALUES (109,'2022-05-23','S2000');
INSERT INTO Mouse(IdPeriferico,FechaAdqui,Modelo) VALUES (110,'2022-10-04','Caravan');
INSERT INTO Mouse(IdPeriferico,FechaAdqui,Modelo) VALUES (111,'2022-08-21','V12 Vantage');
INSERT INTO Mouse(IdPeriferico,FechaAdqui,Modelo) VALUES (112,'2022-04-29','ES');
INSERT INTO Mouse(IdPeriferico,FechaAdqui,Modelo) VALUES (113,'2022-09-12','98');
INSERT INTO Mouse(IdPeriferico,FechaAdqui,Modelo) VALUES (114,'2022-01-09','MX-6');
INSERT INTO Mouse(IdPeriferico,FechaAdqui,Modelo) VALUES (115,'2022-04-15','LeSabre');
INSERT INTO Mouse(IdPeriferico,FechaAdqui,Modelo) VALUES (116,'2022-01-08','Silverado 2500');
INSERT INTO Mouse(IdPeriferico,FechaAdqui,Modelo) VALUES (117,'2022-12-01','Impala');
INSERT INTO Mouse(IdPeriferico,FechaAdqui,Modelo) VALUES (118,'2022-01-06','Trans Sport');
INSERT INTO Mouse(IdPeriferico,FechaAdqui,Modelo) VALUES (119,'2022-04-23','Town Car');
INSERT INTO Mouse(IdPeriferico,FechaAdqui,Modelo) VALUES (120,'2022-05-21','Discovery');
INSERT INTO Mouse(IdPeriferico,FechaAdqui,Modelo) VALUES (121,'2021-12-27','Firefly');
INSERT INTO Mouse(IdPeriferico,FechaAdqui,Modelo) VALUES (122,'2022-08-31','Ram 1500');
INSERT INTO Mouse(IdPeriferico,FechaAdqui,Modelo) VALUES (123,'2022-02-12','S-Class');
INSERT INTO Mouse(IdPeriferico,FechaAdqui,Modelo) VALUES (124,'2022-08-15','Venture');
INSERT INTO Mouse(IdPeriferico,FechaAdqui,Modelo) VALUES (125,'2022-08-01','Equator');
INSERT INTO Mouse(IdPeriferico,FechaAdqui,Modelo) VALUES (126,'2022-05-31','Catera');
INSERT INTO Mouse(IdPeriferico,FechaAdqui,Modelo) VALUES (127,'2022-08-20','Q');
INSERT INTO Mouse(IdPeriferico,FechaAdqui,Modelo) VALUES (128,'2022-10-05','DB9');
INSERT INTO Mouse(IdPeriferico,FechaAdqui,Modelo) VALUES (129,'2021-12-14','Coupe GT');
INSERT INTO Mouse(IdPeriferico,FechaAdqui,Modelo) VALUES (130,'2022-04-07','S-Series');
INSERT INTO Mouse(IdPeriferico,FechaAdqui,Modelo) VALUES (131,'2022-10-09','900');
INSERT INTO Mouse(IdPeriferico,FechaAdqui,Modelo) VALUES (132,'2022-10-08','V70');
INSERT INTO Mouse(IdPeriferico,FechaAdqui,Modelo) VALUES (133,'2022-04-30','Imperial');
INSERT INTO Mouse(IdPeriferico,FechaAdqui,Modelo) VALUES (134,'2022-07-04','Dakota');
INSERT INTO Mouse(IdPeriferico,FechaAdqui,Modelo) VALUES (135,'2022-08-14','F150');
INSERT INTO Mouse(IdPeriferico,FechaAdqui,Modelo) VALUES (136,'2022-10-20','Ram 2500');
INSERT INTO Mouse(IdPeriferico,FechaAdqui,Modelo) VALUES (137,'2022-08-13','H1');
INSERT INTO Mouse(IdPeriferico,FechaAdqui,Modelo) VALUES (138,'2022-03-19','Suburban 2500');
INSERT INTO Mouse(IdPeriferico,FechaAdqui,Modelo) VALUES (139,'2022-06-18','Commander');
INSERT INTO Mouse(IdPeriferico,FechaAdqui,Modelo) VALUES (140,'2022-09-02','Explorer Sport Trac');
INSERT INTO Mouse(IdPeriferico,FechaAdqui,Modelo) VALUES (141,'2022-06-27','Corsica');
INSERT INTO Mouse(IdPeriferico,FechaAdqui,Modelo) VALUES (142,'2022-09-27','Astro');
INSERT INTO Mouse(IdPeriferico,FechaAdqui,Modelo) VALUES (143,'2022-05-07','Tracker');
INSERT INTO Mouse(IdPeriferico,FechaAdqui,Modelo) VALUES (144,'2022-02-02','F350');
INSERT INTO Mouse(IdPeriferico,FechaAdqui,Modelo) VALUES (145,'2022-05-12','LS');
INSERT INTO Mouse(IdPeriferico,FechaAdqui,Modelo) VALUES (146,'2021-12-20','Celica');
INSERT INTO Mouse(IdPeriferico,FechaAdqui,Modelo) VALUES (147,'2022-05-02','Galant');
INSERT INTO Mouse(IdPeriferico,FechaAdqui,Modelo) VALUES (148,'2022-11-23','S4');
INSERT INTO Mouse(IdPeriferico,FechaAdqui,Modelo) VALUES (149,'2022-05-10','Mariner');
INSERT INTO Mouse(IdPeriferico,FechaAdqui,Modelo) VALUES (150,'2022-03-31','Eclipse');

INSERT INTO Headset(IdPeriferico,FechaAdqui,Modelo) VALUES (1,'2022-06-01','911');
INSERT INTO Headset(IdPeriferico,FechaAdqui,Modelo) VALUES (2,'2022-03-03','SLK-Class');
INSERT INTO Headset(IdPeriferico,FechaAdqui,Modelo) VALUES (3,'2021-12-03','Rogue');
INSERT INTO Headset(IdPeriferico,FechaAdqui,Modelo) VALUES (4,'2022-03-23','W201');
INSERT INTO Headset(IdPeriferico,FechaAdqui,Modelo) VALUES (5,'2022-11-21','Prius');
INSERT INTO Headset(IdPeriferico,FechaAdqui,Modelo) VALUES (6,'2022-10-14','Tribute');
INSERT INTO Headset(IdPeriferico,FechaAdqui,Modelo) VALUES (7,'2022-06-11','Grand Prix');
INSERT INTO Headset(IdPeriferico,FechaAdqui,Modelo) VALUES (8,'2022-05-07','4000s');
INSERT INTO Headset(IdPeriferico,FechaAdqui,Modelo) VALUES (9,'2022-07-06','Milan');
INSERT INTO Headset(IdPeriferico,FechaAdqui,Modelo) VALUES (10,'2022-08-05','Avanti');
INSERT INTO Headset(IdPeriferico,FechaAdqui,Modelo) VALUES (11,'2022-04-20','Altima');
INSERT INTO Headset(IdPeriferico,FechaAdqui,Modelo) VALUES (12,'2022-06-22','Land Cruiser');
INSERT INTO Headset(IdPeriferico,FechaAdqui,Modelo) VALUES (13,'2022-05-19','RVR');
INSERT INTO Headset(IdPeriferico,FechaAdqui,Modelo) VALUES (14,'2022-10-19','E-Class');
INSERT INTO Headset(IdPeriferico,FechaAdqui,Modelo) VALUES (15,'2022-08-20','SRX');
INSERT INTO Headset(IdPeriferico,FechaAdqui,Modelo) VALUES (16,'2022-02-21','Galant');
INSERT INTO Headset(IdPeriferico,FechaAdqui,Modelo) VALUES (17,'2022-01-17','3000GT');
INSERT INTO Headset(IdPeriferico,FechaAdqui,Modelo) VALUES (18,'2022-02-12','RX');
INSERT INTO Headset(IdPeriferico,FechaAdqui,Modelo) VALUES (19,'2022-10-13','SL-Class');
INSERT INTO Headset(IdPeriferico,FechaAdqui,Modelo) VALUES (20,'2022-01-08','CR-X');
INSERT INTO Headset(IdPeriferico,FechaAdqui,Modelo) VALUES (21,'2022-03-16','CL-Class');
INSERT INTO Headset(IdPeriferico,FechaAdqui,Modelo) VALUES (22,'2022-09-19','Mountaineer');
INSERT INTO Headset(IdPeriferico,FechaAdqui,Modelo) VALUES (23,'2022-10-02','Savana 3500');
INSERT INTO Headset(IdPeriferico,FechaAdqui,Modelo) VALUES (24,'2022-07-03','530');
INSERT INTO Headset(IdPeriferico,FechaAdqui,Modelo) VALUES (25,'2022-08-14','M');
INSERT INTO Headset(IdPeriferico,FechaAdqui,Modelo) VALUES (26,'2022-11-26','Crossfire');
INSERT INTO Headset(IdPeriferico,FechaAdqui,Modelo) VALUES (27,'2022-08-18','Corvette');
INSERT INTO Headset(IdPeriferico,FechaAdqui,Modelo) VALUES (28,'2022-05-07','A8');
INSERT INTO Headset(IdPeriferico,FechaAdqui,Modelo) VALUES (29,'2022-11-02','Metro');
INSERT INTO Headset(IdPeriferico,FechaAdqui,Modelo) VALUES (30,'2022-09-30','Optima');
INSERT INTO Headset(IdPeriferico,FechaAdqui,Modelo) VALUES (31,'2022-04-24','Park Avenue');
INSERT INTO Headset(IdPeriferico,FechaAdqui,Modelo) VALUES (32,'2022-04-27','Cougar');
INSERT INTO Headset(IdPeriferico,FechaAdqui,Modelo) VALUES (33,'2022-11-10','Special');
INSERT INTO Headset(IdPeriferico,FechaAdqui,Modelo) VALUES (34,'2022-01-26','Eclipse');
INSERT INTO Headset(IdPeriferico,FechaAdqui,Modelo) VALUES (35,'2021-12-08','760');
INSERT INTO Headset(IdPeriferico,FechaAdqui,Modelo) VALUES (36,'2022-12-01','ES');
INSERT INTO Headset(IdPeriferico,FechaAdqui,Modelo) VALUES (37,'2022-10-20','Pilot');
INSERT INTO Headset(IdPeriferico,FechaAdqui,Modelo) VALUES (38,'2022-02-13','Escort');
INSERT INTO Headset(IdPeriferico,FechaAdqui,Modelo) VALUES (39,'2022-06-15','Accord');
INSERT INTO Headset(IdPeriferico,FechaAdqui,Modelo) VALUES (40,'2022-06-21','EXP');
INSERT INTO Headset(IdPeriferico,FechaAdqui,Modelo) VALUES (41,'2022-09-13','Jetta');
INSERT INTO Headset(IdPeriferico,FechaAdqui,Modelo) VALUES (42,'2022-09-15','Crossfire');
INSERT INTO Headset(IdPeriferico,FechaAdqui,Modelo) VALUES (43,'2022-05-26','Passat');
INSERT INTO Headset(IdPeriferico,FechaAdqui,Modelo) VALUES (44,'2022-04-20','EX');
INSERT INTO Headset(IdPeriferico,FechaAdqui,Modelo) VALUES (45,'2022-10-18','Sierra 2500');
INSERT INTO Headset(IdPeriferico,FechaAdqui,Modelo) VALUES (46,'2022-03-17','Quest');
INSERT INTO Headset(IdPeriferico,FechaAdqui,Modelo) VALUES (47,'2022-04-30','Five Hundred');
INSERT INTO Headset(IdPeriferico,FechaAdqui,Modelo) VALUES (48,'2022-06-19','Century');
INSERT INTO Headset(IdPeriferico,FechaAdqui,Modelo) VALUES (49,'2022-09-03','Explorer');
INSERT INTO Headset(IdPeriferico,FechaAdqui,Modelo) VALUES (50,'2022-02-07','S-Class');
INSERT INTO Headset(IdPeriferico,FechaAdqui,Modelo) VALUES (51,'2022-11-23','928');
INSERT INTO Headset(IdPeriferico,FechaAdqui,Modelo) VALUES (52,'2022-04-28','Landaulet');
INSERT INTO Headset(IdPeriferico,FechaAdqui,Modelo) VALUES (53,'2022-11-16','Contour');
INSERT INTO Headset(IdPeriferico,FechaAdqui,Modelo) VALUES (54,'2022-08-30','Golf');
INSERT INTO Headset(IdPeriferico,FechaAdqui,Modelo) VALUES (55,'2022-11-07','Regal');
INSERT INTO Headset(IdPeriferico,FechaAdqui,Modelo) VALUES (56,'2021-12-14','M');
INSERT INTO Headset(IdPeriferico,FechaAdqui,Modelo) VALUES (57,'2022-10-21','Sierra 2500');
INSERT INTO Headset(IdPeriferico,FechaAdqui,Modelo) VALUES (58,'2022-02-13','Sonoma Club Coupe');
INSERT INTO Headset(IdPeriferico,FechaAdqui,Modelo) VALUES (59,'2021-12-07','Cirrus');
INSERT INTO Headset(IdPeriferico,FechaAdqui,Modelo) VALUES (60,'2021-12-09','Suburban 1500');
INSERT INTO Headset(IdPeriferico,FechaAdqui,Modelo) VALUES (61,'2021-12-07','G-Class');
INSERT INTO Headset(IdPeriferico,FechaAdqui,Modelo) VALUES (62,'2021-12-03','Grand Voyager');
INSERT INTO Headset(IdPeriferico,FechaAdqui,Modelo) VALUES (63,'2022-01-14','Savana 2500');
INSERT INTO Headset(IdPeriferico,FechaAdqui,Modelo) VALUES (64,'2022-04-14','Eurovan');
INSERT INTO Headset(IdPeriferico,FechaAdqui,Modelo) VALUES (65,'2022-06-24','Escort');
INSERT INTO Headset(IdPeriferico,FechaAdqui,Modelo) VALUES (66,'2022-10-23','Corsica');
INSERT INTO Headset(IdPeriferico,FechaAdqui,Modelo) VALUES (67,'2022-09-06','Verano');
INSERT INTO Headset(IdPeriferico,FechaAdqui,Modelo) VALUES (68,'2022-01-21','FJ Cruiser');
INSERT INTO Headset(IdPeriferico,FechaAdqui,Modelo) VALUES (69,'2022-10-02','Pilot');
INSERT INTO Headset(IdPeriferico,FechaAdqui,Modelo) VALUES (70,'2022-09-01','CLK-Class');
INSERT INTO Headset(IdPeriferico,FechaAdqui,Modelo) VALUES (71,'2022-06-19','Vanagon');
INSERT INTO Headset(IdPeriferico,FechaAdqui,Modelo) VALUES (72,'2022-10-21','Boxster');
INSERT INTO Headset(IdPeriferico,FechaAdqui,Modelo) VALUES (73,'2022-05-26','XLR-V');
INSERT INTO Headset(IdPeriferico,FechaAdqui,Modelo) VALUES (74,'2022-11-30','Corolla');
INSERT INTO Headset(IdPeriferico,FechaAdqui,Modelo) VALUES (75,'2022-06-05','Jimmy');
INSERT INTO Headset(IdPeriferico,FechaAdqui,Modelo) VALUES (76,'2022-01-26','Ram Van 1500');
INSERT INTO Headset(IdPeriferico,FechaAdqui,Modelo) VALUES (77,'2022-04-15','Savana 1500');
INSERT INTO Headset(IdPeriferico,FechaAdqui,Modelo) VALUES (78,'2022-05-16','Relay');
INSERT INTO Headset(IdPeriferico,FechaAdqui,Modelo) VALUES (79,'2022-09-10','Truck');
INSERT INTO Headset(IdPeriferico,FechaAdqui,Modelo) VALUES (80,'2022-04-20','Accord');
INSERT INTO Headset(IdPeriferico,FechaAdqui,Modelo) VALUES (81,'2022-08-14','Jetta');
INSERT INTO Headset(IdPeriferico,FechaAdqui,Modelo) VALUES (82,'2022-05-31','Regal');
INSERT INTO Headset(IdPeriferico,FechaAdqui,Modelo) VALUES (83,'2022-03-03','XJ Series');
INSERT INTO Headset(IdPeriferico,FechaAdqui,Modelo) VALUES (84,'2022-04-30','MDX');
INSERT INTO Headset(IdPeriferico,FechaAdqui,Modelo) VALUES (85,'2022-06-24','Fiesta');
INSERT INTO Headset(IdPeriferico,FechaAdqui,Modelo) VALUES (86,'2022-09-06','MR2');
INSERT INTO Headset(IdPeriferico,FechaAdqui,Modelo) VALUES (87,'2022-04-25','Thunderbird');
INSERT INTO Headset(IdPeriferico,FechaAdqui,Modelo) VALUES (88,'2022-06-21','Astra');
INSERT INTO Headset(IdPeriferico,FechaAdqui,Modelo) VALUES (89,'2022-09-06','M5');
INSERT INTO Headset(IdPeriferico,FechaAdqui,Modelo) VALUES (90,'2022-12-02','Silhouette');
INSERT INTO Headset(IdPeriferico,FechaAdqui,Modelo) VALUES (91,'2022-06-01','Camaro');
INSERT INTO Headset(IdPeriferico,FechaAdqui,Modelo) VALUES (92,'2022-03-15','Camry Solara');
INSERT INTO Headset(IdPeriferico,FechaAdqui,Modelo) VALUES (93,'2022-07-27','Xterra');
INSERT INTO Headset(IdPeriferico,FechaAdqui,Modelo) VALUES (94,'2022-08-08','Quest');
INSERT INTO Headset(IdPeriferico,FechaAdqui,Modelo) VALUES (95,'2021-12-29','Solara');
INSERT INTO Headset(IdPeriferico,FechaAdqui,Modelo) VALUES (96,'2021-12-28','Firebird');
INSERT INTO Headset(IdPeriferico,FechaAdqui,Modelo) VALUES (97,'2022-08-20','Coachbuilder');
INSERT INTO Headset(IdPeriferico,FechaAdqui,Modelo) VALUES (98,'2022-03-11','H1');
INSERT INTO Headset(IdPeriferico,FechaAdqui,Modelo) VALUES (99,'2022-09-03','Samurai');
INSERT INTO Headset(IdPeriferico,FechaAdqui,Modelo) VALUES (100,'2022-10-16','5 Series');
INSERT INTO Headset(IdPeriferico,FechaAdqui,Modelo) VALUES (101,'2022-04-29','Sidekick');
INSERT INTO Headset(IdPeriferico,FechaAdqui,Modelo) VALUES (102,'2022-01-04','Sienna');
INSERT INTO Headset(IdPeriferico,FechaAdqui,Modelo) VALUES (103,'2022-04-02','Explorer Sport');
INSERT INTO Headset(IdPeriferico,FechaAdqui,Modelo) VALUES (104,'2022-09-02','Expedition');
INSERT INTO Headset(IdPeriferico,FechaAdqui,Modelo) VALUES (105,'2022-03-22','xD');
INSERT INTO Headset(IdPeriferico,FechaAdqui,Modelo) VALUES (106,'2022-10-17','Grand Marquis');
INSERT INTO Headset(IdPeriferico,FechaAdqui,Modelo) VALUES (107,'2022-01-11','Caravan');
INSERT INTO Headset(IdPeriferico,FechaAdqui,Modelo) VALUES (108,'2022-09-09','Bonneville');
INSERT INTO Headset(IdPeriferico,FechaAdqui,Modelo) VALUES (109,'2022-11-13','GTO');
INSERT INTO Headset(IdPeriferico,FechaAdqui,Modelo) VALUES (110,'2022-10-30','LeBaron');
INSERT INTO Headset(IdPeriferico,FechaAdqui,Modelo) VALUES (111,'2022-04-17','Hearse');
INSERT INTO Headset(IdPeriferico,FechaAdqui,Modelo) VALUES (112,'2022-10-09','GX');
INSERT INTO Headset(IdPeriferico,FechaAdqui,Modelo) VALUES (113,'2022-03-02','CTS-V');
INSERT INTO Headset(IdPeriferico,FechaAdqui,Modelo) VALUES (114,'2022-02-18','GT500');
INSERT INTO Headset(IdPeriferico,FechaAdqui,Modelo) VALUES (115,'2022-01-31','Charger');
INSERT INTO Headset(IdPeriferico,FechaAdqui,Modelo) VALUES (116,'2022-01-24','Spyder');
INSERT INTO Headset(IdPeriferico,FechaAdqui,Modelo) VALUES (117,'2022-11-13','Santa Fe');
INSERT INTO Headset(IdPeriferico,FechaAdqui,Modelo) VALUES (118,'2022-08-19','DeVille');
INSERT INTO Headset(IdPeriferico,FechaAdqui,Modelo) VALUES (119,'2022-11-18','Summit');
INSERT INTO Headset(IdPeriferico,FechaAdqui,Modelo) VALUES (120,'2022-03-02','Type 2');
INSERT INTO Headset(IdPeriferico,FechaAdqui,Modelo) VALUES (121,'2022-09-25','Monterey');
INSERT INTO Headset(IdPeriferico,FechaAdqui,Modelo) VALUES (122,'2022-09-21','Ram 3500');
INSERT INTO Headset(IdPeriferico,FechaAdqui,Modelo) VALUES (123,'2022-10-22','Sable');
INSERT INTO Headset(IdPeriferico,FechaAdqui,Modelo) VALUES (124,'2022-05-05','Sequoia');
INSERT INTO Headset(IdPeriferico,FechaAdqui,Modelo) VALUES (125,'2022-10-11','Esprit');
INSERT INTO Headset(IdPeriferico,FechaAdqui,Modelo) VALUES (126,'2022-06-03','Relay');
INSERT INTO Headset(IdPeriferico,FechaAdqui,Modelo) VALUES (127,'2022-04-17','Wrangler');
INSERT INTO Headset(IdPeriferico,FechaAdqui,Modelo) VALUES (128,'2022-11-25','SC');
INSERT INTO Headset(IdPeriferico,FechaAdqui,Modelo) VALUES (129,'2022-01-21','Familia');
INSERT INTO Headset(IdPeriferico,FechaAdqui,Modelo) VALUES (130,'2021-12-16','CX-7');
INSERT INTO Headset(IdPeriferico,FechaAdqui,Modelo) VALUES (131,'2022-02-16','Tredia');
INSERT INTO Headset(IdPeriferico,FechaAdqui,Modelo) VALUES (132,'2022-03-18','Solara');
INSERT INTO Headset(IdPeriferico,FechaAdqui,Modelo) VALUES (133,'2022-02-17','Commander');
INSERT INTO Headset(IdPeriferico,FechaAdqui,Modelo) VALUES (134,'2022-04-23','G');
INSERT INTO Headset(IdPeriferico,FechaAdqui,Modelo) VALUES (135,'2022-05-17','F450');
INSERT INTO Headset(IdPeriferico,FechaAdqui,Modelo) VALUES (136,'2022-05-06','B-Series Plus');
INSERT INTO Headset(IdPeriferico,FechaAdqui,Modelo) VALUES (137,'2022-01-26','Tredia');
INSERT INTO Headset(IdPeriferico,FechaAdqui,Modelo) VALUES (138,'2022-01-11','Beretta');
INSERT INTO Headset(IdPeriferico,FechaAdqui,Modelo) VALUES (139,'2022-09-15','Grand Prix');
INSERT INTO Headset(IdPeriferico,FechaAdqui,Modelo) VALUES (140,'2022-07-27','Tacoma Xtra');
INSERT INTO Headset(IdPeriferico,FechaAdqui,Modelo) VALUES (141,'2022-06-19','Canyon');
INSERT INTO Headset(IdPeriferico,FechaAdqui,Modelo) VALUES (142,'2022-04-11','Navigator');
INSERT INTO Headset(IdPeriferico,FechaAdqui,Modelo) VALUES (143,'2022-07-28','XK Series');
INSERT INTO Headset(IdPeriferico,FechaAdqui,Modelo) VALUES (144,'2022-07-18','Malibu');
INSERT INTO Headset(IdPeriferico,FechaAdqui,Modelo) VALUES (145,'2022-04-08','A6');
INSERT INTO Headset(IdPeriferico,FechaAdqui,Modelo) VALUES (146,'2022-02-19','Outback');
INSERT INTO Headset(IdPeriferico,FechaAdqui,Modelo) VALUES (147,'2022-08-06','Optima');
INSERT INTO Headset(IdPeriferico,FechaAdqui,Modelo) VALUES (148,'2022-05-03','Oasis');
INSERT INTO Headset(IdPeriferico,FechaAdqui,Modelo) VALUES (149,'2022-04-25','3500');
INSERT INTO Headset(IdPeriferico,FechaAdqui,Modelo) VALUES (150,'2022-04-10','Azure');

INSERT INTO Teclado(IdPeriferico,FechaAdqui,Modelo) VALUES (1,'2022-11-27','Tacoma');
INSERT INTO Teclado(IdPeriferico,FechaAdqui,Modelo) VALUES (2,'2022-06-11','Scirocco');
INSERT INTO Teclado(IdPeriferico,FechaAdqui,Modelo) VALUES (3,'2022-11-16','Sierra 1500');
INSERT INTO Teclado(IdPeriferico,FechaAdqui,Modelo) VALUES (4,'2022-07-18','Mark VIII');
INSERT INTO Teclado(IdPeriferico,FechaAdqui,Modelo) VALUES (5,'2022-11-30','Rodeo');
INSERT INTO Teclado(IdPeriferico,FechaAdqui,Modelo) VALUES (6,'2022-06-14','Frontier');
INSERT INTO Teclado(IdPeriferico,FechaAdqui,Modelo) VALUES (7,'2022-10-08','Viper');
INSERT INTO Teclado(IdPeriferico,FechaAdqui,Modelo) VALUES (8,'2022-08-19','Corsica');
INSERT INTO Teclado(IdPeriferico,FechaAdqui,Modelo) VALUES (9,'2022-04-22','Alcyone SVX');
INSERT INTO Teclado(IdPeriferico,FechaAdqui,Modelo) VALUES (10,'2022-11-15','Express 2500');
INSERT INTO Teclado(IdPeriferico,FechaAdqui,Modelo) VALUES (11,'2022-07-09','Tahoe');
INSERT INTO Teclado(IdPeriferico,FechaAdqui,Modelo) VALUES (12,'2022-03-11','Durango');
INSERT INTO Teclado(IdPeriferico,FechaAdqui,Modelo) VALUES (13,'2022-08-30','Impreza');
INSERT INTO Teclado(IdPeriferico,FechaAdqui,Modelo) VALUES (14,'2022-09-05','S10');
INSERT INTO Teclado(IdPeriferico,FechaAdqui,Modelo) VALUES (15,'2021-12-29','Passat');
INSERT INTO Teclado(IdPeriferico,FechaAdqui,Modelo) VALUES (16,'2022-03-28','Pathfinder');
INSERT INTO Teclado(IdPeriferico,FechaAdqui,Modelo) VALUES (17,'2022-07-25','IPL G');
INSERT INTO Teclado(IdPeriferico,FechaAdqui,Modelo) VALUES (18,'2022-04-13','LeSabre');
INSERT INTO Teclado(IdPeriferico,FechaAdqui,Modelo) VALUES (19,'2021-12-03','Insight');
INSERT INTO Teclado(IdPeriferico,FechaAdqui,Modelo) VALUES (20,'2022-05-09','Optima');
INSERT INTO Teclado(IdPeriferico,FechaAdqui,Modelo) VALUES (21,'2022-10-17','Colt Vista');
INSERT INTO Teclado(IdPeriferico,FechaAdqui,Modelo) VALUES (22,'2022-09-24','F450');
INSERT INTO Teclado(IdPeriferico,FechaAdqui,Modelo) VALUES (23,'2022-08-16','Trans Sport');
INSERT INTO Teclado(IdPeriferico,FechaAdqui,Modelo) VALUES (24,'2021-12-26','del Sol');
INSERT INTO Teclado(IdPeriferico,FechaAdqui,Modelo) VALUES (25,'2022-09-21','Skylark');
INSERT INTO Teclado(IdPeriferico,FechaAdqui,Modelo) VALUES (26,'2022-08-22','9-5');
INSERT INTO Teclado(IdPeriferico,FechaAdqui,Modelo) VALUES (27,'2022-11-17','Camry');
INSERT INTO Teclado(IdPeriferico,FechaAdqui,Modelo) VALUES (28,'2022-06-30','Golf');
INSERT INTO Teclado(IdPeriferico,FechaAdqui,Modelo) VALUES (29,'2022-05-20','Integra');
INSERT INTO Teclado(IdPeriferico,FechaAdqui,Modelo) VALUES (30,'2021-12-16','Regal');
INSERT INTO Teclado(IdPeriferico,FechaAdqui,Modelo) VALUES (31,'2022-01-20','Cayenne');
INSERT INTO Teclado(IdPeriferico,FechaAdqui,Modelo) VALUES (32,'2022-04-16','Club Wagon');
INSERT INTO Teclado(IdPeriferico,FechaAdqui,Modelo) VALUES (33,'2022-01-29','MPV');
INSERT INTO Teclado(IdPeriferico,FechaAdqui,Modelo) VALUES (34,'2022-05-07','Sunbird');
INSERT INTO Teclado(IdPeriferico,FechaAdqui,Modelo) VALUES (35,'2022-03-14','Sportvan G10');
INSERT INTO Teclado(IdPeriferico,FechaAdqui,Modelo) VALUES (36,'2021-12-05','Borrego');
INSERT INTO Teclado(IdPeriferico,FechaAdqui,Modelo) VALUES (37,'2022-10-22','4000CS Quattro');
INSERT INTO Teclado(IdPeriferico,FechaAdqui,Modelo) VALUES (38,'2022-06-18','Sierra 3500');
INSERT INTO Teclado(IdPeriferico,FechaAdqui,Modelo) VALUES (39,'2022-07-08','TSX');
INSERT INTO Teclado(IdPeriferico,FechaAdqui,Modelo) VALUES (40,'2022-10-02','B-Series');
INSERT INTO Teclado(IdPeriferico,FechaAdqui,Modelo) VALUES (41,'2022-11-11','Dakota');
INSERT INTO Teclado(IdPeriferico,FechaAdqui,Modelo) VALUES (42,'2022-06-01','FX');
INSERT INTO Teclado(IdPeriferico,FechaAdqui,Modelo) VALUES (43,'2022-11-30','F250');
INSERT INTO Teclado(IdPeriferico,FechaAdqui,Modelo) VALUES (44,'2022-07-10','MKX');
INSERT INTO Teclado(IdPeriferico,FechaAdqui,Modelo) VALUES (45,'2022-10-22','Diamante');
INSERT INTO Teclado(IdPeriferico,FechaAdqui,Modelo) VALUES (46,'2022-08-14','Matrix');
INSERT INTO Teclado(IdPeriferico,FechaAdqui,Modelo) VALUES (47,'2022-01-25','SLX');
INSERT INTO Teclado(IdPeriferico,FechaAdqui,Modelo) VALUES (48,'2022-08-25','Expo');
INSERT INTO Teclado(IdPeriferico,FechaAdqui,Modelo) VALUES (49,'2022-04-18','Cougar');
INSERT INTO Teclado(IdPeriferico,FechaAdqui,Modelo) VALUES (50,'2022-02-04','Civic');
INSERT INTO Teclado(IdPeriferico,FechaAdqui,Modelo) VALUES (51,'2021-12-09','Borrego');
INSERT INTO Teclado(IdPeriferico,FechaAdqui,Modelo) VALUES (52,'2022-12-01','900');
INSERT INTO Teclado(IdPeriferico,FechaAdqui,Modelo) VALUES (53,'2022-02-28','Sable');
INSERT INTO Teclado(IdPeriferico,FechaAdqui,Modelo) VALUES (54,'2022-09-29','TSX');
INSERT INTO Teclado(IdPeriferico,FechaAdqui,Modelo) VALUES (55,'2022-09-23','F250');
INSERT INTO Teclado(IdPeriferico,FechaAdqui,Modelo) VALUES (56,'2022-07-05','Aurora');
INSERT INTO Teclado(IdPeriferico,FechaAdqui,Modelo) VALUES (57,'2022-11-15','300ZX');
INSERT INTO Teclado(IdPeriferico,FechaAdqui,Modelo) VALUES (58,'2022-03-19','A8');
INSERT INTO Teclado(IdPeriferico,FechaAdqui,Modelo) VALUES (59,'2021-12-07','C70');
INSERT INTO Teclado(IdPeriferico,FechaAdqui,Modelo) VALUES (60,'2022-09-28','Voyager');
INSERT INTO Teclado(IdPeriferico,FechaAdqui,Modelo) VALUES (61,'2022-05-27','EX');
INSERT INTO Teclado(IdPeriferico,FechaAdqui,Modelo) VALUES (62,'2022-08-25','Civic');
INSERT INTO Teclado(IdPeriferico,FechaAdqui,Modelo) VALUES (63,'2022-09-21','Biturbo');
INSERT INTO Teclado(IdPeriferico,FechaAdqui,Modelo) VALUES (64,'2022-05-23','Tracer');
INSERT INTO Teclado(IdPeriferico,FechaAdqui,Modelo) VALUES (65,'2022-11-20','Azera');
INSERT INTO Teclado(IdPeriferico,FechaAdqui,Modelo) VALUES (66,'2022-06-23','LeMans');
INSERT INTO Teclado(IdPeriferico,FechaAdqui,Modelo) VALUES (67,'2022-10-16','Passat');
INSERT INTO Teclado(IdPeriferico,FechaAdqui,Modelo) VALUES (68,'2022-05-20','A4');
INSERT INTO Teclado(IdPeriferico,FechaAdqui,Modelo) VALUES (69,'2022-10-01','Cherokee');
INSERT INTO Teclado(IdPeriferico,FechaAdqui,Modelo) VALUES (70,'2022-03-29','Sierra 1500');
INSERT INTO Teclado(IdPeriferico,FechaAdqui,Modelo) VALUES (71,'2022-04-14','3500');
INSERT INTO Teclado(IdPeriferico,FechaAdqui,Modelo) VALUES (72,'2022-09-19','Aura');
INSERT INTO Teclado(IdPeriferico,FechaAdqui,Modelo) VALUES (73,'2021-12-24','RL');
INSERT INTO Teclado(IdPeriferico,FechaAdqui,Modelo) VALUES (74,'2022-03-17','Pilot');
INSERT INTO Teclado(IdPeriferico,FechaAdqui,Modelo) VALUES (75,'2022-08-28','Mighty Max Macro');
INSERT INTO Teclado(IdPeriferico,FechaAdqui,Modelo) VALUES (76,'2022-07-13','Highlander');
INSERT INTO Teclado(IdPeriferico,FechaAdqui,Modelo) VALUES (77,'2021-12-29','Suburban 1500');
INSERT INTO Teclado(IdPeriferico,FechaAdqui,Modelo) VALUES (78,'2022-10-26','Uplander');
INSERT INTO Teclado(IdPeriferico,FechaAdqui,Modelo) VALUES (79,'2022-08-15','Thunderbird');
INSERT INTO Teclado(IdPeriferico,FechaAdqui,Modelo) VALUES (80,'2022-01-05','Vanagon');
INSERT INTO Teclado(IdPeriferico,FechaAdqui,Modelo) VALUES (81,'2022-03-13','626');
INSERT INTO Teclado(IdPeriferico,FechaAdqui,Modelo) VALUES (82,'2022-04-30','NSX');
INSERT INTO Teclado(IdPeriferico,FechaAdqui,Modelo) VALUES (83,'2022-01-02','CR-V');
INSERT INTO Teclado(IdPeriferico,FechaAdqui,Modelo) VALUES (84,'2021-12-10','S60');
INSERT INTO Teclado(IdPeriferico,FechaAdqui,Modelo) VALUES (85,'2022-02-05','MKT');
INSERT INTO Teclado(IdPeriferico,FechaAdqui,Modelo) VALUES (86,'2022-03-03','Suburban 2500');
INSERT INTO Teclado(IdPeriferico,FechaAdqui,Modelo) VALUES (87,'2022-04-26','X-Type');
INSERT INTO Teclado(IdPeriferico,FechaAdqui,Modelo) VALUES (88,'2022-09-28','Altima');
INSERT INTO Teclado(IdPeriferico,FechaAdqui,Modelo) VALUES (89,'2022-03-25','Tacoma');
INSERT INTO Teclado(IdPeriferico,FechaAdqui,Modelo) VALUES (90,'2022-09-04','Camry Hybrid');
INSERT INTO Teclado(IdPeriferico,FechaAdqui,Modelo) VALUES (91,'2022-02-09','E-350 Super Duty Van');
INSERT INTO Teclado(IdPeriferico,FechaAdqui,Modelo) VALUES (92,'2022-01-13','Grand Marquis');
INSERT INTO Teclado(IdPeriferico,FechaAdqui,Modelo) VALUES (93,'2022-04-10','S-Series');
INSERT INTO Teclado(IdPeriferico,FechaAdqui,Modelo) VALUES (94,'2022-02-15','Solara');
INSERT INTO Teclado(IdPeriferico,FechaAdqui,Modelo) VALUES (95,'2022-11-22','Z8');
INSERT INTO Teclado(IdPeriferico,FechaAdqui,Modelo) VALUES (96,'2022-06-13','Range Rover');
INSERT INTO Teclado(IdPeriferico,FechaAdqui,Modelo) VALUES (97,'2022-10-08','Mark VII');
INSERT INTO Teclado(IdPeriferico,FechaAdqui,Modelo) VALUES (98,'2022-11-28','8 Series');
INSERT INTO Teclado(IdPeriferico,FechaAdqui,Modelo) VALUES (99,'2022-09-07','GL-Class');
INSERT INTO Teclado(IdPeriferico,FechaAdqui,Modelo) VALUES (100,'2022-10-24','Millenia');
INSERT INTO Teclado(IdPeriferico,FechaAdqui,Modelo) VALUES (101,'2022-06-07','Lancer Evolution');
INSERT INTO Teclado(IdPeriferico,FechaAdqui,Modelo) VALUES (102,'2022-03-08','900');
INSERT INTO Teclado(IdPeriferico,FechaAdqui,Modelo) VALUES (103,'2022-10-06','Dakota Club');
INSERT INTO Teclado(IdPeriferico,FechaAdqui,Modelo) VALUES (104,'2022-07-22','Eos');
INSERT INTO Teclado(IdPeriferico,FechaAdqui,Modelo) VALUES (105,'2022-04-05','X6');
INSERT INTO Teclado(IdPeriferico,FechaAdqui,Modelo) VALUES (106,'2022-08-21','Cabriolet');
INSERT INTO Teclado(IdPeriferico,FechaAdqui,Modelo) VALUES (107,'2022-02-27','Daewoo Lacetti');
INSERT INTO Teclado(IdPeriferico,FechaAdqui,Modelo) VALUES (108,'2022-02-14','XJ Series');
INSERT INTO Teclado(IdPeriferico,FechaAdqui,Modelo) VALUES (109,'2022-10-28','XC70');
INSERT INTO Teclado(IdPeriferico,FechaAdqui,Modelo) VALUES (110,'2022-02-22','MKS');
INSERT INTO Teclado(IdPeriferico,FechaAdqui,Modelo) VALUES (111,'2022-08-16','C8');
INSERT INTO Teclado(IdPeriferico,FechaAdqui,Modelo) VALUES (112,'2022-05-14','Topaz');
INSERT INTO Teclado(IdPeriferico,FechaAdqui,Modelo) VALUES (113,'2022-11-10','Cougar');
INSERT INTO Teclado(IdPeriferico,FechaAdqui,Modelo) VALUES (114,'2022-04-27','599 GTB Fiorano');
INSERT INTO Teclado(IdPeriferico,FechaAdqui,Modelo) VALUES (115,'2022-10-31','Escalade EXT');
INSERT INTO Teclado(IdPeriferico,FechaAdqui,Modelo) VALUES (116,'2022-08-12','IS-F');
INSERT INTO Teclado(IdPeriferico,FechaAdqui,Modelo) VALUES (117,'2022-07-05','Grand Caravan');
INSERT INTO Teclado(IdPeriferico,FechaAdqui,Modelo) VALUES (118,'2022-01-27','Range Rover');
INSERT INTO Teclado(IdPeriferico,FechaAdqui,Modelo) VALUES (119,'2022-11-16','Pilot');
INSERT INTO Teclado(IdPeriferico,FechaAdqui,Modelo) VALUES (120,'2022-09-23','Golf');
INSERT INTO Teclado(IdPeriferico,FechaAdqui,Modelo) VALUES (121,'2022-05-04','A6');
INSERT INTO Teclado(IdPeriferico,FechaAdqui,Modelo) VALUES (122,'2022-07-16','5000CS Quattro');
INSERT INTO Teclado(IdPeriferico,FechaAdqui,Modelo) VALUES (123,'2022-05-25','GTO');
INSERT INTO Teclado(IdPeriferico,FechaAdqui,Modelo) VALUES (124,'2022-09-30','928');
INSERT INTO Teclado(IdPeriferico,FechaAdqui,Modelo) VALUES (125,'2022-02-02','Suburban');
INSERT INTO Teclado(IdPeriferico,FechaAdqui,Modelo) VALUES (126,'2022-03-28','T100');
INSERT INTO Teclado(IdPeriferico,FechaAdqui,Modelo) VALUES (127,'2022-08-27','Freestyle');
INSERT INTO Teclado(IdPeriferico,FechaAdqui,Modelo) VALUES (128,'2022-02-10','Sable');
INSERT INTO Teclado(IdPeriferico,FechaAdqui,Modelo) VALUES (129,'2022-08-20','Paseo');
INSERT INTO Teclado(IdPeriferico,FechaAdqui,Modelo) VALUES (130,'2022-09-17','Grand Prix');
INSERT INTO Teclado(IdPeriferico,FechaAdqui,Modelo) VALUES (131,'2022-06-24','Sportage');
INSERT INTO Teclado(IdPeriferico,FechaAdqui,Modelo) VALUES (132,'2022-07-27','A4');
INSERT INTO Teclado(IdPeriferico,FechaAdqui,Modelo) VALUES (133,'2022-07-07','240SX');
INSERT INTO Teclado(IdPeriferico,FechaAdqui,Modelo) VALUES (134,'2021-12-03','Bravada');
INSERT INTO Teclado(IdPeriferico,FechaAdqui,Modelo) VALUES (135,'2022-02-12','Forester');
INSERT INTO Teclado(IdPeriferico,FechaAdqui,Modelo) VALUES (136,'2022-04-02','Compass');
INSERT INTO Teclado(IdPeriferico,FechaAdqui,Modelo) VALUES (137,'2022-05-12','LX');
INSERT INTO Teclado(IdPeriferico,FechaAdqui,Modelo) VALUES (138,'2022-06-30','Prelude');
INSERT INTO Teclado(IdPeriferico,FechaAdqui,Modelo) VALUES (139,'2022-08-19','Corvette');
INSERT INTO Teclado(IdPeriferico,FechaAdqui,Modelo) VALUES (140,'2022-08-29','F-Series');
INSERT INTO Teclado(IdPeriferico,FechaAdqui,Modelo) VALUES (141,'2022-08-31','Pathfinder');
INSERT INTO Teclado(IdPeriferico,FechaAdqui,Modelo) VALUES (142,'2022-05-17','XJ');
INSERT INTO Teclado(IdPeriferico,FechaAdqui,Modelo) VALUES (143,'2022-08-31','3500');
INSERT INTO Teclado(IdPeriferico,FechaAdqui,Modelo) VALUES (144,'2022-04-25','Cabriolet');
INSERT INTO Teclado(IdPeriferico,FechaAdqui,Modelo) VALUES (145,'2022-05-16','H2');
INSERT INTO Teclado(IdPeriferico,FechaAdqui,Modelo) VALUES (146,'2021-12-17','Montero');
INSERT INTO Teclado(IdPeriferico,FechaAdqui,Modelo) VALUES (147,'2022-06-12','Elantra');
INSERT INTO Teclado(IdPeriferico,FechaAdqui,Modelo) VALUES (148,'2021-12-14','Expo');
INSERT INTO Teclado(IdPeriferico,FechaAdqui,Modelo) VALUES (149,'2022-10-08','Th!nk');
INSERT INTO Teclado(IdPeriferico,FechaAdqui,Modelo) VALUES (150,'2022-01-12','QX');

INSERT INTO Estacion(IdEstacion,IdSala,IdPiso,IdEdificio,SistemaOp) VALUES (1,1,1,1,'Windows');
INSERT INTO Estacion(IdEstacion,IdSala,IdPiso,IdEdificio,SistemaOp) VALUES (2,2,3,1,'Windows');
INSERT INTO Estacion(IdEstacion,IdSala,IdPiso,IdEdificio,SistemaOp) VALUES (3,3,5,1,'Windows');
INSERT INTO Estacion(IdEstacion,IdSala,IdPiso,IdEdificio,SistemaOp) VALUES (4,4,7,1,'Windows');
INSERT INTO Estacion(IdEstacion,IdSala,IdPiso,IdEdificio,SistemaOp) VALUES (5,5,9,1,'Windows');
INSERT INTO Estacion(IdEstacion,IdSala,IdPiso,IdEdificio,SistemaOp) VALUES (6,6,11,1,'Windows');
INSERT INTO Estacion(IdEstacion,IdSala,IdPiso,IdEdificio,SistemaOp) VALUES (7,7,13,1,'Windows');
INSERT INTO Estacion(IdEstacion,IdSala,IdPiso,IdEdificio,SistemaOp) VALUES (8,8,15,1,'Windows');
INSERT INTO Estacion(IdEstacion,IdSala,IdPiso,IdEdificio,SistemaOp) VALUES (9,9,17,1,'Windows');
INSERT INTO Estacion(IdEstacion,IdSala,IdPiso,IdEdificio,SistemaOp) VALUES (10,10,2,2,'Windows');
INSERT INTO Estacion(IdEstacion,IdSala,IdPiso,IdEdificio,SistemaOp) VALUES (11,11,4,2,'Windows');
INSERT INTO Estacion(IdEstacion,IdSala,IdPiso,IdEdificio,SistemaOp) VALUES (12,12,6,2,'Windows');
INSERT INTO Estacion(IdEstacion,IdSala,IdPiso,IdEdificio,SistemaOp) VALUES (13,13,8,2,'Windows');
INSERT INTO Estacion(IdEstacion,IdSala,IdPiso,IdEdificio,SistemaOp) VALUES (14,14,10,2,'Windows');
INSERT INTO Estacion(IdEstacion,IdSala,IdPiso,IdEdificio,SistemaOp) VALUES (15,15,12,2,'Windows');
INSERT INTO Estacion(IdEstacion,IdSala,IdPiso,IdEdificio,SistemaOp) VALUES (16,16,14,2,'Windows');
INSERT INTO Estacion(IdEstacion,IdSala,IdPiso,IdEdificio,SistemaOp) VALUES (17,17,16,2,'Windows');
INSERT INTO Estacion(IdEstacion,IdSala,IdPiso,IdEdificio,SistemaOp) VALUES (18,18,18,2,'Windows');
INSERT INTO Estacion(IdEstacion,IdSala,IdPiso,IdEdificio,SistemaOp) VALUES (19,19,1,1,'Windows');
INSERT INTO Estacion(IdEstacion,IdSala,IdPiso,IdEdificio,SistemaOp) VALUES (20,20,3,1,'Windows');
INSERT INTO Estacion(IdEstacion,IdSala,IdPiso,IdEdificio,SistemaOp) VALUES (21,21,5,1,'Windows');
INSERT INTO Estacion(IdEstacion,IdSala,IdPiso,IdEdificio,SistemaOp) VALUES (22,22,7,1,'Windows');
INSERT INTO Estacion(IdEstacion,IdSala,IdPiso,IdEdificio,SistemaOp) VALUES (23,23,9,1,'Windows');
INSERT INTO Estacion(IdEstacion,IdSala,IdPiso,IdEdificio,SistemaOp) VALUES (24,24,11,1,'Windows');
INSERT INTO Estacion(IdEstacion,IdSala,IdPiso,IdEdificio,SistemaOp) VALUES (25,25,13,1,'Windows');
INSERT INTO Estacion(IdEstacion,IdSala,IdPiso,IdEdificio,SistemaOp) VALUES (26,26,15,1,'Windows');
INSERT INTO Estacion(IdEstacion,IdSala,IdPiso,IdEdificio,SistemaOp) VALUES (27,27,17,1,'Windows');
INSERT INTO Estacion(IdEstacion,IdSala,IdPiso,IdEdificio,SistemaOp) VALUES (28,28,2,2,'Windows');
INSERT INTO Estacion(IdEstacion,IdSala,IdPiso,IdEdificio,SistemaOp) VALUES (29,29,4,2,'Windows');
INSERT INTO Estacion(IdEstacion,IdSala,IdPiso,IdEdificio,SistemaOp) VALUES (30,30,6,2,'Windows');
INSERT INTO Estacion(IdEstacion,IdSala,IdPiso,IdEdificio,SistemaOp) VALUES (31,31,8,2,'Windows');
INSERT INTO Estacion(IdEstacion,IdSala,IdPiso,IdEdificio,SistemaOp) VALUES (32,32,10,2,'Windows');
INSERT INTO Estacion(IdEstacion,IdSala,IdPiso,IdEdificio,SistemaOp) VALUES (33,33,12,2,'Windows');
INSERT INTO Estacion(IdEstacion,IdSala,IdPiso,IdEdificio,SistemaOp) VALUES (34,34,14,2,'Windows');
INSERT INTO Estacion(IdEstacion,IdSala,IdPiso,IdEdificio,SistemaOp) VALUES (35,35,16,2,'Windows');
INSERT INTO Estacion(IdEstacion,IdSala,IdPiso,IdEdificio,SistemaOp) VALUES (36,36,18,2,'Windows');
INSERT INTO Estacion(IdEstacion,IdSala,IdPiso,IdEdificio,SistemaOp) VALUES (37,37,1,1,'Windows');
INSERT INTO Estacion(IdEstacion,IdSala,IdPiso,IdEdificio,SistemaOp) VALUES (38,38,3,1,'Windows');
INSERT INTO Estacion(IdEstacion,IdSala,IdPiso,IdEdificio,SistemaOp) VALUES (39,39,5,1,'Windows');
INSERT INTO Estacion(IdEstacion,IdSala,IdPiso,IdEdificio,SistemaOp) VALUES (40,40,7,1,'Windows');
INSERT INTO Estacion(IdEstacion,IdSala,IdPiso,IdEdificio,SistemaOp) VALUES (41,41,9,1,'Windows');
INSERT INTO Estacion(IdEstacion,IdSala,IdPiso,IdEdificio,SistemaOp) VALUES (42,42,11,1,'Windows');
INSERT INTO Estacion(IdEstacion,IdSala,IdPiso,IdEdificio,SistemaOp) VALUES (43,43,13,1,'Windows');
INSERT INTO Estacion(IdEstacion,IdSala,IdPiso,IdEdificio,SistemaOp) VALUES (44,44,15,1,'Windows');
INSERT INTO Estacion(IdEstacion,IdSala,IdPiso,IdEdificio,SistemaOp) VALUES (45,45,17,1,'Windows');
INSERT INTO Estacion(IdEstacion,IdSala,IdPiso,IdEdificio,SistemaOp) VALUES (46,46,2,2,'Windows');
INSERT INTO Estacion(IdEstacion,IdSala,IdPiso,IdEdificio,SistemaOp) VALUES (47,47,4,2,'Windows');
INSERT INTO Estacion(IdEstacion,IdSala,IdPiso,IdEdificio,SistemaOp) VALUES (48,48,6,2,'Windows');
INSERT INTO Estacion(IdEstacion,IdSala,IdPiso,IdEdificio,SistemaOp) VALUES (49,49,8,2,'Windows');
INSERT INTO Estacion(IdEstacion,IdSala,IdPiso,IdEdificio,SistemaOp) VALUES (50,50,10,2,'Windows');
INSERT INTO Estacion(IdEstacion,IdSala,IdPiso,IdEdificio,SistemaOp) VALUES (51,51,12,2,'Windows');
INSERT INTO Estacion(IdEstacion,IdSala,IdPiso,IdEdificio,SistemaOp) VALUES (52,52,14,2,'Windows');
INSERT INTO Estacion(IdEstacion,IdSala,IdPiso,IdEdificio,SistemaOp) VALUES (53,53,16,2,'Windows');
INSERT INTO Estacion(IdEstacion,IdSala,IdPiso,IdEdificio,SistemaOp) VALUES (54,54,18,2,'Windows');
INSERT INTO Estacion(IdEstacion,IdSala,IdPiso,IdEdificio,SistemaOp) VALUES (55,55,1,1,'Windows');
INSERT INTO Estacion(IdEstacion,IdSala,IdPiso,IdEdificio,SistemaOp) VALUES (56,56,3,1,'Windows');
INSERT INTO Estacion(IdEstacion,IdSala,IdPiso,IdEdificio,SistemaOp) VALUES (57,57,5,1,'Windows');
INSERT INTO Estacion(IdEstacion,IdSala,IdPiso,IdEdificio,SistemaOp) VALUES (58,58,7,1,'Windows');
INSERT INTO Estacion(IdEstacion,IdSala,IdPiso,IdEdificio,SistemaOp) VALUES (59,59,9,1,'Windows');
INSERT INTO Estacion(IdEstacion,IdSala,IdPiso,IdEdificio,SistemaOp) VALUES (60,60,11,1,'Windows');
INSERT INTO Estacion(IdEstacion,IdSala,IdPiso,IdEdificio,SistemaOp) VALUES (61,61,13,1,'Windows');
INSERT INTO Estacion(IdEstacion,IdSala,IdPiso,IdEdificio,SistemaOp) VALUES (62,62,15,1,'Windows');
INSERT INTO Estacion(IdEstacion,IdSala,IdPiso,IdEdificio,SistemaOp) VALUES (63,63,17,1,'Windows');
INSERT INTO Estacion(IdEstacion,IdSala,IdPiso,IdEdificio,SistemaOp) VALUES (64,64,2,2,'Windows');
INSERT INTO Estacion(IdEstacion,IdSala,IdPiso,IdEdificio,SistemaOp) VALUES (65,65,4,2,'Windows');
INSERT INTO Estacion(IdEstacion,IdSala,IdPiso,IdEdificio,SistemaOp) VALUES (66,66,6,2,'Windows');
INSERT INTO Estacion(IdEstacion,IdSala,IdPiso,IdEdificio,SistemaOp) VALUES (67,67,8,2,'Windows');
INSERT INTO Estacion(IdEstacion,IdSala,IdPiso,IdEdificio,SistemaOp) VALUES (68,68,10,2,'Windows');
INSERT INTO Estacion(IdEstacion,IdSala,IdPiso,IdEdificio,SistemaOp) VALUES (69,69,12,2,'Windows');
INSERT INTO Estacion(IdEstacion,IdSala,IdPiso,IdEdificio,SistemaOp) VALUES (70,70,14,2,'Windows');
INSERT INTO Estacion(IdEstacion,IdSala,IdPiso,IdEdificio,SistemaOp) VALUES (71,71,16,2,'Windows');
INSERT INTO Estacion(IdEstacion,IdSala,IdPiso,IdEdificio,SistemaOp) VALUES (72,72,18,2,'Windows');
INSERT INTO Estacion(IdEstacion,IdSala,IdPiso,IdEdificio,SistemaOp) VALUES (73,73,1,1,'Windows');
INSERT INTO Estacion(IdEstacion,IdSala,IdPiso,IdEdificio,SistemaOp) VALUES (74,74,3,1,'Windows');
INSERT INTO Estacion(IdEstacion,IdSala,IdPiso,IdEdificio,SistemaOp) VALUES (75,75,5,1,'Windows');
INSERT INTO Estacion(IdEstacion,IdSala,IdPiso,IdEdificio,SistemaOp) VALUES (76,76,7,1,'Windows');
INSERT INTO Estacion(IdEstacion,IdSala,IdPiso,IdEdificio,SistemaOp) VALUES (77,77,9,1,'Windows');
INSERT INTO Estacion(IdEstacion,IdSala,IdPiso,IdEdificio,SistemaOp) VALUES (78,78,11,1,'Windows');
INSERT INTO Estacion(IdEstacion,IdSala,IdPiso,IdEdificio,SistemaOp) VALUES (79,79,13,1,'Windows');
INSERT INTO Estacion(IdEstacion,IdSala,IdPiso,IdEdificio,SistemaOp) VALUES (80,80,15,1,'Windows');
INSERT INTO Estacion(IdEstacion,IdSala,IdPiso,IdEdificio,SistemaOp) VALUES (81,81,17,1,'Windows');
INSERT INTO Estacion(IdEstacion,IdSala,IdPiso,IdEdificio,SistemaOp) VALUES (82,82,2,2,'Windows');
INSERT INTO Estacion(IdEstacion,IdSala,IdPiso,IdEdificio,SistemaOp) VALUES (83,83,4,2,'Windows');
INSERT INTO Estacion(IdEstacion,IdSala,IdPiso,IdEdificio,SistemaOp) VALUES (84,84,6,2,'Windows');
INSERT INTO Estacion(IdEstacion,IdSala,IdPiso,IdEdificio,SistemaOp) VALUES (85,85,8,2,'Windows');
INSERT INTO Estacion(IdEstacion,IdSala,IdPiso,IdEdificio,SistemaOp) VALUES (86,86,10,2,'Windows');
INSERT INTO Estacion(IdEstacion,IdSala,IdPiso,IdEdificio,SistemaOp) VALUES (87,87,12,2,'Windows');
INSERT INTO Estacion(IdEstacion,IdSala,IdPiso,IdEdificio,SistemaOp) VALUES (88,88,14,2,'Windows');
INSERT INTO Estacion(IdEstacion,IdSala,IdPiso,IdEdificio,SistemaOp) VALUES (89,89,16,2,'Windows');
INSERT INTO Estacion(IdEstacion,IdSala,IdPiso,IdEdificio,SistemaOp) VALUES (90,90,18,2,'Windows');
INSERT INTO Estacion(IdEstacion,IdSala,IdPiso,IdEdificio,SistemaOp) VALUES (91,91,1,1,'Windows');
INSERT INTO Estacion(IdEstacion,IdSala,IdPiso,IdEdificio,SistemaOp) VALUES (92,92,3,1,'Windows');
INSERT INTO Estacion(IdEstacion,IdSala,IdPiso,IdEdificio,SistemaOp) VALUES (93,93,5,1,'Windows');
INSERT INTO Estacion(IdEstacion,IdSala,IdPiso,IdEdificio,SistemaOp) VALUES (94,94,7,1,'Windows');
INSERT INTO Estacion(IdEstacion,IdSala,IdPiso,IdEdificio,SistemaOp) VALUES (95,95,9,1,'Windows');
INSERT INTO Estacion(IdEstacion,IdSala,IdPiso,IdEdificio,SistemaOp) VALUES (96,96,11,1,'Windows');
INSERT INTO Estacion(IdEstacion,IdSala,IdPiso,IdEdificio,SistemaOp) VALUES (97,97,13,1,'Windows');
INSERT INTO Estacion(IdEstacion,IdSala,IdPiso,IdEdificio,SistemaOp) VALUES (98,98,15,1,'Windows');
INSERT INTO Estacion(IdEstacion,IdSala,IdPiso,IdEdificio,SistemaOp) VALUES (99,99,17,1,'Windows');
INSERT INTO Estacion(IdEstacion,IdSala,IdPiso,IdEdificio,SistemaOp) VALUES (100,100,2,2,'Windows');
INSERT INTO Estacion(IdEstacion,IdSala,IdPiso,IdEdificio,SistemaOp) VALUES (101,101,4,2,'Windows');
INSERT INTO Estacion(IdEstacion,IdSala,IdPiso,IdEdificio,SistemaOp) VALUES (102,102,6,2,'Windows');
INSERT INTO Estacion(IdEstacion,IdSala,IdPiso,IdEdificio,SistemaOp) VALUES (103,103,8,2,'Windows');
INSERT INTO Estacion(IdEstacion,IdSala,IdPiso,IdEdificio,SistemaOp) VALUES (104,104,10,2,'Windows');
INSERT INTO Estacion(IdEstacion,IdSala,IdPiso,IdEdificio,SistemaOp) VALUES (105,105,12,2,'Windows');
INSERT INTO Estacion(IdEstacion,IdSala,IdPiso,IdEdificio,SistemaOp) VALUES (106,106,14,2,'Windows');
INSERT INTO Estacion(IdEstacion,IdSala,IdPiso,IdEdificio,SistemaOp) VALUES (107,107,16,2,'Windows');
INSERT INTO Estacion(IdEstacion,IdSala,IdPiso,IdEdificio,SistemaOp) VALUES (108,108,18,2,'Windows');
INSERT INTO Estacion(IdEstacion,IdSala,IdPiso,IdEdificio,SistemaOp) VALUES (109,109,1,1,'Windows');
INSERT INTO Estacion(IdEstacion,IdSala,IdPiso,IdEdificio,SistemaOp) VALUES (110,110,3,1,'Windows');
INSERT INTO Estacion(IdEstacion,IdSala,IdPiso,IdEdificio,SistemaOp) VALUES (111,111,5,1,'Windows');
INSERT INTO Estacion(IdEstacion,IdSala,IdPiso,IdEdificio,SistemaOp) VALUES (112,112,7,1,'Windows');
INSERT INTO Estacion(IdEstacion,IdSala,IdPiso,IdEdificio,SistemaOp) VALUES (113,113,9,1,'Windows');
INSERT INTO Estacion(IdEstacion,IdSala,IdPiso,IdEdificio,SistemaOp) VALUES (114,114,11,1,'Windows');
INSERT INTO Estacion(IdEstacion,IdSala,IdPiso,IdEdificio,SistemaOp) VALUES (115,115,13,1,'Windows');
INSERT INTO Estacion(IdEstacion,IdSala,IdPiso,IdEdificio,SistemaOp) VALUES (116,116,15,1,'Windows');
INSERT INTO Estacion(IdEstacion,IdSala,IdPiso,IdEdificio,SistemaOp) VALUES (117,117,17,1,'Windows');
INSERT INTO Estacion(IdEstacion,IdSala,IdPiso,IdEdificio,SistemaOp) VALUES (118,118,2,2,'Windows');
INSERT INTO Estacion(IdEstacion,IdSala,IdPiso,IdEdificio,SistemaOp) VALUES (119,119,4,2,'Windows');
INSERT INTO Estacion(IdEstacion,IdSala,IdPiso,IdEdificio,SistemaOp) VALUES (120,120,6,2,'Windows');
INSERT INTO Estacion(IdEstacion,IdSala,IdPiso,IdEdificio,SistemaOp) VALUES (121,121,8,2,'Windows');
INSERT INTO Estacion(IdEstacion,IdSala,IdPiso,IdEdificio,SistemaOp) VALUES (122,122,10,2,'Windows');
INSERT INTO Estacion(IdEstacion,IdSala,IdPiso,IdEdificio,SistemaOp) VALUES (123,123,12,2,'Windows');
INSERT INTO Estacion(IdEstacion,IdSala,IdPiso,IdEdificio,SistemaOp) VALUES (124,124,14,2,'Windows');
INSERT INTO Estacion(IdEstacion,IdSala,IdPiso,IdEdificio,SistemaOp) VALUES (125,125,16,2,'Windows');
INSERT INTO Estacion(IdEstacion,IdSala,IdPiso,IdEdificio,SistemaOp) VALUES (126,126,18,2,'Windows');
INSERT INTO Estacion(IdEstacion,IdSala,IdPiso,IdEdificio,SistemaOp) VALUES (127,127,1,1,'Windows');
INSERT INTO Estacion(IdEstacion,IdSala,IdPiso,IdEdificio,SistemaOp) VALUES (128,128,3,1,'Windows');
INSERT INTO Estacion(IdEstacion,IdSala,IdPiso,IdEdificio,SistemaOp) VALUES (129,129,5,1,'Windows');
INSERT INTO Estacion(IdEstacion,IdSala,IdPiso,IdEdificio,SistemaOp) VALUES (130,130,7,1,'Windows');
INSERT INTO Estacion(IdEstacion,IdSala,IdPiso,IdEdificio,SistemaOp) VALUES (131,131,9,1,'Windows');
INSERT INTO Estacion(IdEstacion,IdSala,IdPiso,IdEdificio,SistemaOp) VALUES (132,132,11,1,'Windows');
INSERT INTO Estacion(IdEstacion,IdSala,IdPiso,IdEdificio,SistemaOp) VALUES (133,133,13,1,'Windows');
INSERT INTO Estacion(IdEstacion,IdSala,IdPiso,IdEdificio,SistemaOp) VALUES (134,134,15,1,'Windows');
INSERT INTO Estacion(IdEstacion,IdSala,IdPiso,IdEdificio,SistemaOp) VALUES (135,135,17,1,'Windows');
INSERT INTO Estacion(IdEstacion,IdSala,IdPiso,IdEdificio,SistemaOp) VALUES (136,136,2,2,'Windows');
INSERT INTO Estacion(IdEstacion,IdSala,IdPiso,IdEdificio,SistemaOp) VALUES (137,137,4,2,'Windows');
INSERT INTO Estacion(IdEstacion,IdSala,IdPiso,IdEdificio,SistemaOp) VALUES (138,138,6,2,'Windows');
INSERT INTO Estacion(IdEstacion,IdSala,IdPiso,IdEdificio,SistemaOp) VALUES (139,139,8,2,'Windows');
INSERT INTO Estacion(IdEstacion,IdSala,IdPiso,IdEdificio,SistemaOp) VALUES (140,140,10,2,'Windows');
INSERT INTO Estacion(IdEstacion,IdSala,IdPiso,IdEdificio,SistemaOp) VALUES (141,141,12,2,'Windows');
INSERT INTO Estacion(IdEstacion,IdSala,IdPiso,IdEdificio,SistemaOp) VALUES (142,142,14,2,'Windows');
INSERT INTO Estacion(IdEstacion,IdSala,IdPiso,IdEdificio,SistemaOp) VALUES (143,143,16,2,'Windows');
INSERT INTO Estacion(IdEstacion,IdSala,IdPiso,IdEdificio,SistemaOp) VALUES (144,144,18,2,'Windows');
INSERT INTO Estacion(IdEstacion,IdSala,IdPiso,IdEdificio,SistemaOp) VALUES (145,1,1,1,'Windows');
INSERT INTO Estacion(IdEstacion,IdSala,IdPiso,IdEdificio,SistemaOp) VALUES (146,2,3,1,'Windows');
INSERT INTO Estacion(IdEstacion,IdSala,IdPiso,IdEdificio,SistemaOp) VALUES (147,3,5,1,'Windows');
INSERT INTO Estacion(IdEstacion,IdSala,IdPiso,IdEdificio,SistemaOp) VALUES (148,4,7,1,'Windows');
INSERT INTO Estacion(IdEstacion,IdSala,IdPiso,IdEdificio,SistemaOp) VALUES (149,5,9,1,'Windows');
INSERT INTO Estacion(IdEstacion,IdSala,IdPiso,IdEdificio,SistemaOp) VALUES (150,6,11,1,'Windows');

INSERT INTO TenerMouse(IdPeriferico,IdEstacion) VALUES (1,60);
INSERT INTO TenerMouse(IdPeriferico,IdEstacion) VALUES (2,20);
INSERT INTO TenerMouse(IdPeriferico,IdEstacion) VALUES (3,116);
INSERT INTO TenerMouse(IdPeriferico,IdEstacion) VALUES (4,88);
INSERT INTO TenerMouse(IdPeriferico,IdEstacion) VALUES (5,122);
INSERT INTO TenerMouse(IdPeriferico,IdEstacion) VALUES (6,107);
INSERT INTO TenerMouse(IdPeriferico,IdEstacion) VALUES (7,118);
INSERT INTO TenerMouse(IdPeriferico,IdEstacion) VALUES (8,136);
INSERT INTO TenerMouse(IdPeriferico,IdEstacion) VALUES (9,5);
INSERT INTO TenerMouse(IdPeriferico,IdEstacion) VALUES (10,64);
INSERT INTO TenerMouse(IdPeriferico,IdEstacion) VALUES (11,147);
INSERT INTO TenerMouse(IdPeriferico,IdEstacion) VALUES (12,33);
INSERT INTO TenerMouse(IdPeriferico,IdEstacion) VALUES (13,134);
INSERT INTO TenerMouse(IdPeriferico,IdEstacion) VALUES (14,146);
INSERT INTO TenerMouse(IdPeriferico,IdEstacion) VALUES (15,105);
INSERT INTO TenerMouse(IdPeriferico,IdEstacion) VALUES (16,56);
INSERT INTO TenerMouse(IdPeriferico,IdEstacion) VALUES (17,127);
INSERT INTO TenerMouse(IdPeriferico,IdEstacion) VALUES (18,127);
INSERT INTO TenerMouse(IdPeriferico,IdEstacion) VALUES (19,111);
INSERT INTO TenerMouse(IdPeriferico,IdEstacion) VALUES (20,137);
INSERT INTO TenerMouse(IdPeriferico,IdEstacion) VALUES (21,67);
INSERT INTO TenerMouse(IdPeriferico,IdEstacion) VALUES (22,144);
INSERT INTO TenerMouse(IdPeriferico,IdEstacion) VALUES (23,12);
INSERT INTO TenerMouse(IdPeriferico,IdEstacion) VALUES (24,30);
INSERT INTO TenerMouse(IdPeriferico,IdEstacion) VALUES (25,141);
INSERT INTO TenerMouse(IdPeriferico,IdEstacion) VALUES (26,81);
INSERT INTO TenerMouse(IdPeriferico,IdEstacion) VALUES (27,58);
INSERT INTO TenerMouse(IdPeriferico,IdEstacion) VALUES (28,6);
INSERT INTO TenerMouse(IdPeriferico,IdEstacion) VALUES (29,129);
INSERT INTO TenerMouse(IdPeriferico,IdEstacion) VALUES (30,36);
INSERT INTO TenerMouse(IdPeriferico,IdEstacion) VALUES (31,90);
INSERT INTO TenerMouse(IdPeriferico,IdEstacion) VALUES (32,111);
INSERT INTO TenerMouse(IdPeriferico,IdEstacion) VALUES (33,59);
INSERT INTO TenerMouse(IdPeriferico,IdEstacion) VALUES (34,131);
INSERT INTO TenerMouse(IdPeriferico,IdEstacion) VALUES (35,51);
INSERT INTO TenerMouse(IdPeriferico,IdEstacion) VALUES (36,132);
INSERT INTO TenerMouse(IdPeriferico,IdEstacion) VALUES (37,51);
INSERT INTO TenerMouse(IdPeriferico,IdEstacion) VALUES (38,53);
INSERT INTO TenerMouse(IdPeriferico,IdEstacion) VALUES (39,10);
INSERT INTO TenerMouse(IdPeriferico,IdEstacion) VALUES (40,45);
INSERT INTO TenerMouse(IdPeriferico,IdEstacion) VALUES (41,23);
INSERT INTO TenerMouse(IdPeriferico,IdEstacion) VALUES (42,62);
INSERT INTO TenerMouse(IdPeriferico,IdEstacion) VALUES (43,103);
INSERT INTO TenerMouse(IdPeriferico,IdEstacion) VALUES (44,33);
INSERT INTO TenerMouse(IdPeriferico,IdEstacion) VALUES (45,77);
INSERT INTO TenerMouse(IdPeriferico,IdEstacion) VALUES (46,17);
INSERT INTO TenerMouse(IdPeriferico,IdEstacion) VALUES (47,96);
INSERT INTO TenerMouse(IdPeriferico,IdEstacion) VALUES (48,112);
INSERT INTO TenerMouse(IdPeriferico,IdEstacion) VALUES (49,5);
INSERT INTO TenerMouse(IdPeriferico,IdEstacion) VALUES (50,77);
INSERT INTO TenerMouse(IdPeriferico,IdEstacion) VALUES (51,28);
INSERT INTO TenerMouse(IdPeriferico,IdEstacion) VALUES (52,13);
INSERT INTO TenerMouse(IdPeriferico,IdEstacion) VALUES (53,102);
INSERT INTO TenerMouse(IdPeriferico,IdEstacion) VALUES (54,142);
INSERT INTO TenerMouse(IdPeriferico,IdEstacion) VALUES (55,34);
INSERT INTO TenerMouse(IdPeriferico,IdEstacion) VALUES (56,109);
INSERT INTO TenerMouse(IdPeriferico,IdEstacion) VALUES (57,92);
INSERT INTO TenerMouse(IdPeriferico,IdEstacion) VALUES (58,90);
INSERT INTO TenerMouse(IdPeriferico,IdEstacion) VALUES (59,3);
INSERT INTO TenerMouse(IdPeriferico,IdEstacion) VALUES (60,56);
INSERT INTO TenerMouse(IdPeriferico,IdEstacion) VALUES (61,66);
INSERT INTO TenerMouse(IdPeriferico,IdEstacion) VALUES (62,1);
INSERT INTO TenerMouse(IdPeriferico,IdEstacion) VALUES (63,140);
INSERT INTO TenerMouse(IdPeriferico,IdEstacion) VALUES (64,123);
INSERT INTO TenerMouse(IdPeriferico,IdEstacion) VALUES (65,76);
INSERT INTO TenerMouse(IdPeriferico,IdEstacion) VALUES (66,13);
INSERT INTO TenerMouse(IdPeriferico,IdEstacion) VALUES (67,122);
INSERT INTO TenerMouse(IdPeriferico,IdEstacion) VALUES (68,148);
INSERT INTO TenerMouse(IdPeriferico,IdEstacion) VALUES (69,139);
INSERT INTO TenerMouse(IdPeriferico,IdEstacion) VALUES (70,107);
INSERT INTO TenerMouse(IdPeriferico,IdEstacion) VALUES (71,45);
INSERT INTO TenerMouse(IdPeriferico,IdEstacion) VALUES (72,86);
INSERT INTO TenerMouse(IdPeriferico,IdEstacion) VALUES (73,22);
INSERT INTO TenerMouse(IdPeriferico,IdEstacion) VALUES (74,16);
INSERT INTO TenerMouse(IdPeriferico,IdEstacion) VALUES (75,3);
INSERT INTO TenerMouse(IdPeriferico,IdEstacion) VALUES (76,118);
INSERT INTO TenerMouse(IdPeriferico,IdEstacion) VALUES (77,134);
INSERT INTO TenerMouse(IdPeriferico,IdEstacion) VALUES (78,19);
INSERT INTO TenerMouse(IdPeriferico,IdEstacion) VALUES (79,3);
INSERT INTO TenerMouse(IdPeriferico,IdEstacion) VALUES (80,36);
INSERT INTO TenerMouse(IdPeriferico,IdEstacion) VALUES (81,45);
INSERT INTO TenerMouse(IdPeriferico,IdEstacion) VALUES (82,25);
INSERT INTO TenerMouse(IdPeriferico,IdEstacion) VALUES (83,80);
INSERT INTO TenerMouse(IdPeriferico,IdEstacion) VALUES (84,32);
INSERT INTO TenerMouse(IdPeriferico,IdEstacion) VALUES (85,94);
INSERT INTO TenerMouse(IdPeriferico,IdEstacion) VALUES (86,13);
INSERT INTO TenerMouse(IdPeriferico,IdEstacion) VALUES (87,70);
INSERT INTO TenerMouse(IdPeriferico,IdEstacion) VALUES (88,88);
INSERT INTO TenerMouse(IdPeriferico,IdEstacion) VALUES (89,37);
INSERT INTO TenerMouse(IdPeriferico,IdEstacion) VALUES (90,60);
INSERT INTO TenerMouse(IdPeriferico,IdEstacion) VALUES (91,149);
INSERT INTO TenerMouse(IdPeriferico,IdEstacion) VALUES (92,116);
INSERT INTO TenerMouse(IdPeriferico,IdEstacion) VALUES (93,57);
INSERT INTO TenerMouse(IdPeriferico,IdEstacion) VALUES (94,98);
INSERT INTO TenerMouse(IdPeriferico,IdEstacion) VALUES (95,93);
INSERT INTO TenerMouse(IdPeriferico,IdEstacion) VALUES (96,99);
INSERT INTO TenerMouse(IdPeriferico,IdEstacion) VALUES (97,60);
INSERT INTO TenerMouse(IdPeriferico,IdEstacion) VALUES (98,70);
INSERT INTO TenerMouse(IdPeriferico,IdEstacion) VALUES (99,7);
INSERT INTO TenerMouse(IdPeriferico,IdEstacion) VALUES (100,14);
INSERT INTO TenerMouse(IdPeriferico,IdEstacion) VALUES (101,110);
INSERT INTO TenerMouse(IdPeriferico,IdEstacion) VALUES (102,123);
INSERT INTO TenerMouse(IdPeriferico,IdEstacion) VALUES (103,112);
INSERT INTO TenerMouse(IdPeriferico,IdEstacion) VALUES (104,141);
INSERT INTO TenerMouse(IdPeriferico,IdEstacion) VALUES (105,9);
INSERT INTO TenerMouse(IdPeriferico,IdEstacion) VALUES (106,148);
INSERT INTO TenerMouse(IdPeriferico,IdEstacion) VALUES (107,140);
INSERT INTO TenerMouse(IdPeriferico,IdEstacion) VALUES (108,121);
INSERT INTO TenerMouse(IdPeriferico,IdEstacion) VALUES (109,42);
INSERT INTO TenerMouse(IdPeriferico,IdEstacion) VALUES (110,62);
INSERT INTO TenerMouse(IdPeriferico,IdEstacion) VALUES (111,53);
INSERT INTO TenerMouse(IdPeriferico,IdEstacion) VALUES (112,68);
INSERT INTO TenerMouse(IdPeriferico,IdEstacion) VALUES (113,1);
INSERT INTO TenerMouse(IdPeriferico,IdEstacion) VALUES (114,48);
INSERT INTO TenerMouse(IdPeriferico,IdEstacion) VALUES (115,131);
INSERT INTO TenerMouse(IdPeriferico,IdEstacion) VALUES (116,21);
INSERT INTO TenerMouse(IdPeriferico,IdEstacion) VALUES (117,81);
INSERT INTO TenerMouse(IdPeriferico,IdEstacion) VALUES (118,9);
INSERT INTO TenerMouse(IdPeriferico,IdEstacion) VALUES (119,71);
INSERT INTO TenerMouse(IdPeriferico,IdEstacion) VALUES (120,80);
INSERT INTO TenerMouse(IdPeriferico,IdEstacion) VALUES (121,126);
INSERT INTO TenerMouse(IdPeriferico,IdEstacion) VALUES (122,117);
INSERT INTO TenerMouse(IdPeriferico,IdEstacion) VALUES (123,51);
INSERT INTO TenerMouse(IdPeriferico,IdEstacion) VALUES (124,70);
INSERT INTO TenerMouse(IdPeriferico,IdEstacion) VALUES (125,85);
INSERT INTO TenerMouse(IdPeriferico,IdEstacion) VALUES (126,118);
INSERT INTO TenerMouse(IdPeriferico,IdEstacion) VALUES (127,113);
INSERT INTO TenerMouse(IdPeriferico,IdEstacion) VALUES (128,19);
INSERT INTO TenerMouse(IdPeriferico,IdEstacion) VALUES (129,61);
INSERT INTO TenerMouse(IdPeriferico,IdEstacion) VALUES (130,21);
INSERT INTO TenerMouse(IdPeriferico,IdEstacion) VALUES (131,29);
INSERT INTO TenerMouse(IdPeriferico,IdEstacion) VALUES (132,69);
INSERT INTO TenerMouse(IdPeriferico,IdEstacion) VALUES (133,47);
INSERT INTO TenerMouse(IdPeriferico,IdEstacion) VALUES (134,129);
INSERT INTO TenerMouse(IdPeriferico,IdEstacion) VALUES (135,92);
INSERT INTO TenerMouse(IdPeriferico,IdEstacion) VALUES (136,92);
INSERT INTO TenerMouse(IdPeriferico,IdEstacion) VALUES (137,42);
INSERT INTO TenerMouse(IdPeriferico,IdEstacion) VALUES (138,21);
INSERT INTO TenerMouse(IdPeriferico,IdEstacion) VALUES (139,89);
INSERT INTO TenerMouse(IdPeriferico,IdEstacion) VALUES (140,66);
INSERT INTO TenerMouse(IdPeriferico,IdEstacion) VALUES (141,99);
INSERT INTO TenerMouse(IdPeriferico,IdEstacion) VALUES (142,98);
INSERT INTO TenerMouse(IdPeriferico,IdEstacion) VALUES (143,94);
INSERT INTO TenerMouse(IdPeriferico,IdEstacion) VALUES (144,30);
INSERT INTO TenerMouse(IdPeriferico,IdEstacion) VALUES (145,142);
INSERT INTO TenerMouse(IdPeriferico,IdEstacion) VALUES (146,24);
INSERT INTO TenerMouse(IdPeriferico,IdEstacion) VALUES (147,105);
INSERT INTO TenerMouse(IdPeriferico,IdEstacion) VALUES (148,90);
INSERT INTO TenerMouse(IdPeriferico,IdEstacion) VALUES (149,83);
INSERT INTO TenerMouse(IdPeriferico,IdEstacion) VALUES (150,96);

INSERT INTO TenerHeadset(IdPeriferico,IdEstacion) VALUES (1,69);
INSERT INTO TenerHeadset(IdPeriferico,IdEstacion) VALUES (2,147);
INSERT INTO TenerHeadset(IdPeriferico,IdEstacion) VALUES (3,7);
INSERT INTO TenerHeadset(IdPeriferico,IdEstacion) VALUES (4,135);
INSERT INTO TenerHeadset(IdPeriferico,IdEstacion) VALUES (5,12);
INSERT INTO TenerHeadset(IdPeriferico,IdEstacion) VALUES (6,94);
INSERT INTO TenerHeadset(IdPeriferico,IdEstacion) VALUES (7,95);
INSERT INTO TenerHeadset(IdPeriferico,IdEstacion) VALUES (8,144);
INSERT INTO TenerHeadset(IdPeriferico,IdEstacion) VALUES (9,121);
INSERT INTO TenerHeadset(IdPeriferico,IdEstacion) VALUES (10,120);
INSERT INTO TenerHeadset(IdPeriferico,IdEstacion) VALUES (11,24);
INSERT INTO TenerHeadset(IdPeriferico,IdEstacion) VALUES (12,40);
INSERT INTO TenerHeadset(IdPeriferico,IdEstacion) VALUES (13,89);
INSERT INTO TenerHeadset(IdPeriferico,IdEstacion) VALUES (14,5);
INSERT INTO TenerHeadset(IdPeriferico,IdEstacion) VALUES (15,46);
INSERT INTO TenerHeadset(IdPeriferico,IdEstacion) VALUES (16,120);
INSERT INTO TenerHeadset(IdPeriferico,IdEstacion) VALUES (17,104);
INSERT INTO TenerHeadset(IdPeriferico,IdEstacion) VALUES (18,76);
INSERT INTO TenerHeadset(IdPeriferico,IdEstacion) VALUES (19,92);
INSERT INTO TenerHeadset(IdPeriferico,IdEstacion) VALUES (20,90);
INSERT INTO TenerHeadset(IdPeriferico,IdEstacion) VALUES (21,9);
INSERT INTO TenerHeadset(IdPeriferico,IdEstacion) VALUES (22,67);
INSERT INTO TenerHeadset(IdPeriferico,IdEstacion) VALUES (23,82);
INSERT INTO TenerHeadset(IdPeriferico,IdEstacion) VALUES (24,2);
INSERT INTO TenerHeadset(IdPeriferico,IdEstacion) VALUES (25,121);
INSERT INTO TenerHeadset(IdPeriferico,IdEstacion) VALUES (26,68);
INSERT INTO TenerHeadset(IdPeriferico,IdEstacion) VALUES (27,41);
INSERT INTO TenerHeadset(IdPeriferico,IdEstacion) VALUES (28,70);
INSERT INTO TenerHeadset(IdPeriferico,IdEstacion) VALUES (29,128);
INSERT INTO TenerHeadset(IdPeriferico,IdEstacion) VALUES (30,81);
INSERT INTO TenerHeadset(IdPeriferico,IdEstacion) VALUES (31,10);
INSERT INTO TenerHeadset(IdPeriferico,IdEstacion) VALUES (32,36);
INSERT INTO TenerHeadset(IdPeriferico,IdEstacion) VALUES (33,103);
INSERT INTO TenerHeadset(IdPeriferico,IdEstacion) VALUES (34,109);
INSERT INTO TenerHeadset(IdPeriferico,IdEstacion) VALUES (35,3);
INSERT INTO TenerHeadset(IdPeriferico,IdEstacion) VALUES (36,3);
INSERT INTO TenerHeadset(IdPeriferico,IdEstacion) VALUES (37,1);
INSERT INTO TenerHeadset(IdPeriferico,IdEstacion) VALUES (38,40);
INSERT INTO TenerHeadset(IdPeriferico,IdEstacion) VALUES (39,40);
INSERT INTO TenerHeadset(IdPeriferico,IdEstacion) VALUES (40,115);
INSERT INTO TenerHeadset(IdPeriferico,IdEstacion) VALUES (41,74);
INSERT INTO TenerHeadset(IdPeriferico,IdEstacion) VALUES (42,88);
INSERT INTO TenerHeadset(IdPeriferico,IdEstacion) VALUES (43,88);
INSERT INTO TenerHeadset(IdPeriferico,IdEstacion) VALUES (44,45);
INSERT INTO TenerHeadset(IdPeriferico,IdEstacion) VALUES (45,104);
INSERT INTO TenerHeadset(IdPeriferico,IdEstacion) VALUES (46,143);
INSERT INTO TenerHeadset(IdPeriferico,IdEstacion) VALUES (47,107);
INSERT INTO TenerHeadset(IdPeriferico,IdEstacion) VALUES (48,129);
INSERT INTO TenerHeadset(IdPeriferico,IdEstacion) VALUES (49,20);
INSERT INTO TenerHeadset(IdPeriferico,IdEstacion) VALUES (50,94);
INSERT INTO TenerHeadset(IdPeriferico,IdEstacion) VALUES (51,66);
INSERT INTO TenerHeadset(IdPeriferico,IdEstacion) VALUES (52,78);
INSERT INTO TenerHeadset(IdPeriferico,IdEstacion) VALUES (53,137);
INSERT INTO TenerHeadset(IdPeriferico,IdEstacion) VALUES (54,62);
INSERT INTO TenerHeadset(IdPeriferico,IdEstacion) VALUES (55,54);
INSERT INTO TenerHeadset(IdPeriferico,IdEstacion) VALUES (56,118);
INSERT INTO TenerHeadset(IdPeriferico,IdEstacion) VALUES (57,8);
INSERT INTO TenerHeadset(IdPeriferico,IdEstacion) VALUES (58,81);
INSERT INTO TenerHeadset(IdPeriferico,IdEstacion) VALUES (59,107);
INSERT INTO TenerHeadset(IdPeriferico,IdEstacion) VALUES (60,52);
INSERT INTO TenerHeadset(IdPeriferico,IdEstacion) VALUES (61,22);
INSERT INTO TenerHeadset(IdPeriferico,IdEstacion) VALUES (62,41);
INSERT INTO TenerHeadset(IdPeriferico,IdEstacion) VALUES (63,87);
INSERT INTO TenerHeadset(IdPeriferico,IdEstacion) VALUES (64,7);
INSERT INTO TenerHeadset(IdPeriferico,IdEstacion) VALUES (65,145);
INSERT INTO TenerHeadset(IdPeriferico,IdEstacion) VALUES (66,111);
INSERT INTO TenerHeadset(IdPeriferico,IdEstacion) VALUES (67,50);
INSERT INTO TenerHeadset(IdPeriferico,IdEstacion) VALUES (68,43);
INSERT INTO TenerHeadset(IdPeriferico,IdEstacion) VALUES (69,6);
INSERT INTO TenerHeadset(IdPeriferico,IdEstacion) VALUES (70,137);
INSERT INTO TenerHeadset(IdPeriferico,IdEstacion) VALUES (71,20);
INSERT INTO TenerHeadset(IdPeriferico,IdEstacion) VALUES (72,105);
INSERT INTO TenerHeadset(IdPeriferico,IdEstacion) VALUES (73,71);
INSERT INTO TenerHeadset(IdPeriferico,IdEstacion) VALUES (74,140);
INSERT INTO TenerHeadset(IdPeriferico,IdEstacion) VALUES (75,22);
INSERT INTO TenerHeadset(IdPeriferico,IdEstacion) VALUES (76,17);
INSERT INTO TenerHeadset(IdPeriferico,IdEstacion) VALUES (77,20);
INSERT INTO TenerHeadset(IdPeriferico,IdEstacion) VALUES (78,69);
INSERT INTO TenerHeadset(IdPeriferico,IdEstacion) VALUES (79,117);
INSERT INTO TenerHeadset(IdPeriferico,IdEstacion) VALUES (80,26);
INSERT INTO TenerHeadset(IdPeriferico,IdEstacion) VALUES (81,102);
INSERT INTO TenerHeadset(IdPeriferico,IdEstacion) VALUES (82,63);
INSERT INTO TenerHeadset(IdPeriferico,IdEstacion) VALUES (83,10);
INSERT INTO TenerHeadset(IdPeriferico,IdEstacion) VALUES (84,91);
INSERT INTO TenerHeadset(IdPeriferico,IdEstacion) VALUES (85,146);
INSERT INTO TenerHeadset(IdPeriferico,IdEstacion) VALUES (86,139);
INSERT INTO TenerHeadset(IdPeriferico,IdEstacion) VALUES (87,130);
INSERT INTO TenerHeadset(IdPeriferico,IdEstacion) VALUES (88,114);
INSERT INTO TenerHeadset(IdPeriferico,IdEstacion) VALUES (89,138);
INSERT INTO TenerHeadset(IdPeriferico,IdEstacion) VALUES (90,81);
INSERT INTO TenerHeadset(IdPeriferico,IdEstacion) VALUES (91,42);
INSERT INTO TenerHeadset(IdPeriferico,IdEstacion) VALUES (92,13);
INSERT INTO TenerHeadset(IdPeriferico,IdEstacion) VALUES (93,74);
INSERT INTO TenerHeadset(IdPeriferico,IdEstacion) VALUES (94,146);
INSERT INTO TenerHeadset(IdPeriferico,IdEstacion) VALUES (95,45);
INSERT INTO TenerHeadset(IdPeriferico,IdEstacion) VALUES (96,103);
INSERT INTO TenerHeadset(IdPeriferico,IdEstacion) VALUES (97,24);
INSERT INTO TenerHeadset(IdPeriferico,IdEstacion) VALUES (98,63);
INSERT INTO TenerHeadset(IdPeriferico,IdEstacion) VALUES (99,108);
INSERT INTO TenerHeadset(IdPeriferico,IdEstacion) VALUES (100,4);
INSERT INTO TenerHeadset(IdPeriferico,IdEstacion) VALUES (101,25);
INSERT INTO TenerHeadset(IdPeriferico,IdEstacion) VALUES (102,2);
INSERT INTO TenerHeadset(IdPeriferico,IdEstacion) VALUES (103,87);
INSERT INTO TenerHeadset(IdPeriferico,IdEstacion) VALUES (104,74);
INSERT INTO TenerHeadset(IdPeriferico,IdEstacion) VALUES (105,4);
INSERT INTO TenerHeadset(IdPeriferico,IdEstacion) VALUES (106,95);
INSERT INTO TenerHeadset(IdPeriferico,IdEstacion) VALUES (107,90);
INSERT INTO TenerHeadset(IdPeriferico,IdEstacion) VALUES (108,83);
INSERT INTO TenerHeadset(IdPeriferico,IdEstacion) VALUES (109,38);
INSERT INTO TenerHeadset(IdPeriferico,IdEstacion) VALUES (110,39);
INSERT INTO TenerHeadset(IdPeriferico,IdEstacion) VALUES (111,67);
INSERT INTO TenerHeadset(IdPeriferico,IdEstacion) VALUES (112,90);
INSERT INTO TenerHeadset(IdPeriferico,IdEstacion) VALUES (113,78);
INSERT INTO TenerHeadset(IdPeriferico,IdEstacion) VALUES (114,83);
INSERT INTO TenerHeadset(IdPeriferico,IdEstacion) VALUES (115,127);
INSERT INTO TenerHeadset(IdPeriferico,IdEstacion) VALUES (116,148);
INSERT INTO TenerHeadset(IdPeriferico,IdEstacion) VALUES (117,109);
INSERT INTO TenerHeadset(IdPeriferico,IdEstacion) VALUES (118,47);
INSERT INTO TenerHeadset(IdPeriferico,IdEstacion) VALUES (119,112);
INSERT INTO TenerHeadset(IdPeriferico,IdEstacion) VALUES (120,95);
INSERT INTO TenerHeadset(IdPeriferico,IdEstacion) VALUES (121,109);
INSERT INTO TenerHeadset(IdPeriferico,IdEstacion) VALUES (122,61);
INSERT INTO TenerHeadset(IdPeriferico,IdEstacion) VALUES (123,79);
INSERT INTO TenerHeadset(IdPeriferico,IdEstacion) VALUES (124,23);
INSERT INTO TenerHeadset(IdPeriferico,IdEstacion) VALUES (125,51);
INSERT INTO TenerHeadset(IdPeriferico,IdEstacion) VALUES (126,37);
INSERT INTO TenerHeadset(IdPeriferico,IdEstacion) VALUES (127,102);
INSERT INTO TenerHeadset(IdPeriferico,IdEstacion) VALUES (128,34);
INSERT INTO TenerHeadset(IdPeriferico,IdEstacion) VALUES (129,25);
INSERT INTO TenerHeadset(IdPeriferico,IdEstacion) VALUES (130,8);
INSERT INTO TenerHeadset(IdPeriferico,IdEstacion) VALUES (131,8);
INSERT INTO TenerHeadset(IdPeriferico,IdEstacion) VALUES (132,95);
INSERT INTO TenerHeadset(IdPeriferico,IdEstacion) VALUES (133,135);
INSERT INTO TenerHeadset(IdPeriferico,IdEstacion) VALUES (134,118);
INSERT INTO TenerHeadset(IdPeriferico,IdEstacion) VALUES (135,108);
INSERT INTO TenerHeadset(IdPeriferico,IdEstacion) VALUES (136,12);
INSERT INTO TenerHeadset(IdPeriferico,IdEstacion) VALUES (137,11);
INSERT INTO TenerHeadset(IdPeriferico,IdEstacion) VALUES (138,21);
INSERT INTO TenerHeadset(IdPeriferico,IdEstacion) VALUES (139,78);
INSERT INTO TenerHeadset(IdPeriferico,IdEstacion) VALUES (140,117);
INSERT INTO TenerHeadset(IdPeriferico,IdEstacion) VALUES (141,95);
INSERT INTO TenerHeadset(IdPeriferico,IdEstacion) VALUES (142,82);
INSERT INTO TenerHeadset(IdPeriferico,IdEstacion) VALUES (143,75);
INSERT INTO TenerHeadset(IdPeriferico,IdEstacion) VALUES (144,105);
INSERT INTO TenerHeadset(IdPeriferico,IdEstacion) VALUES (145,4);
INSERT INTO TenerHeadset(IdPeriferico,IdEstacion) VALUES (146,4);
INSERT INTO TenerHeadset(IdPeriferico,IdEstacion) VALUES (147,13);
INSERT INTO TenerHeadset(IdPeriferico,IdEstacion) VALUES (148,2);
INSERT INTO TenerHeadset(IdPeriferico,IdEstacion) VALUES (149,149);
INSERT INTO TenerHeadset(IdPeriferico,IdEstacion) VALUES (150,58);

INSERT INTO TenerTeclado(IdPeriferico,IdEstacion) VALUES (1,43);
INSERT INTO TenerTeclado(IdPeriferico,IdEstacion) VALUES (2,108);
INSERT INTO TenerTeclado(IdPeriferico,IdEstacion) VALUES (3,131);
INSERT INTO TenerTeclado(IdPeriferico,IdEstacion) VALUES (4,131);
INSERT INTO TenerTeclado(IdPeriferico,IdEstacion) VALUES (5,112);
INSERT INTO TenerTeclado(IdPeriferico,IdEstacion) VALUES (6,38);
INSERT INTO TenerTeclado(IdPeriferico,IdEstacion) VALUES (7,125);
INSERT INTO TenerTeclado(IdPeriferico,IdEstacion) VALUES (8,126);
INSERT INTO TenerTeclado(IdPeriferico,IdEstacion) VALUES (9,62);
INSERT INTO TenerTeclado(IdPeriferico,IdEstacion) VALUES (10,131);
INSERT INTO TenerTeclado(IdPeriferico,IdEstacion) VALUES (11,125);
INSERT INTO TenerTeclado(IdPeriferico,IdEstacion) VALUES (12,103);
INSERT INTO TenerTeclado(IdPeriferico,IdEstacion) VALUES (13,52);
INSERT INTO TenerTeclado(IdPeriferico,IdEstacion) VALUES (14,31);
INSERT INTO TenerTeclado(IdPeriferico,IdEstacion) VALUES (15,104);
INSERT INTO TenerTeclado(IdPeriferico,IdEstacion) VALUES (16,104);
INSERT INTO TenerTeclado(IdPeriferico,IdEstacion) VALUES (17,55);
INSERT INTO TenerTeclado(IdPeriferico,IdEstacion) VALUES (18,89);
INSERT INTO TenerTeclado(IdPeriferico,IdEstacion) VALUES (19,131);
INSERT INTO TenerTeclado(IdPeriferico,IdEstacion) VALUES (20,25);
INSERT INTO TenerTeclado(IdPeriferico,IdEstacion) VALUES (21,38);
INSERT INTO TenerTeclado(IdPeriferico,IdEstacion) VALUES (22,67);
INSERT INTO TenerTeclado(IdPeriferico,IdEstacion) VALUES (23,95);
INSERT INTO TenerTeclado(IdPeriferico,IdEstacion) VALUES (24,61);
INSERT INTO TenerTeclado(IdPeriferico,IdEstacion) VALUES (25,68);
INSERT INTO TenerTeclado(IdPeriferico,IdEstacion) VALUES (26,15);
INSERT INTO TenerTeclado(IdPeriferico,IdEstacion) VALUES (27,68);
INSERT INTO TenerTeclado(IdPeriferico,IdEstacion) VALUES (28,44);
INSERT INTO TenerTeclado(IdPeriferico,IdEstacion) VALUES (29,64);
INSERT INTO TenerTeclado(IdPeriferico,IdEstacion) VALUES (30,18);
INSERT INTO TenerTeclado(IdPeriferico,IdEstacion) VALUES (31,101);
INSERT INTO TenerTeclado(IdPeriferico,IdEstacion) VALUES (32,25);
INSERT INTO TenerTeclado(IdPeriferico,IdEstacion) VALUES (33,119);
INSERT INTO TenerTeclado(IdPeriferico,IdEstacion) VALUES (34,113);
INSERT INTO TenerTeclado(IdPeriferico,IdEstacion) VALUES (35,115);
INSERT INTO TenerTeclado(IdPeriferico,IdEstacion) VALUES (36,140);
INSERT INTO TenerTeclado(IdPeriferico,IdEstacion) VALUES (37,100);
INSERT INTO TenerTeclado(IdPeriferico,IdEstacion) VALUES (38,58);
INSERT INTO TenerTeclado(IdPeriferico,IdEstacion) VALUES (39,52);
INSERT INTO TenerTeclado(IdPeriferico,IdEstacion) VALUES (40,13);
INSERT INTO TenerTeclado(IdPeriferico,IdEstacion) VALUES (41,131);
INSERT INTO TenerTeclado(IdPeriferico,IdEstacion) VALUES (42,46);
INSERT INTO TenerTeclado(IdPeriferico,IdEstacion) VALUES (43,107);
INSERT INTO TenerTeclado(IdPeriferico,IdEstacion) VALUES (44,101);
INSERT INTO TenerTeclado(IdPeriferico,IdEstacion) VALUES (45,103);
INSERT INTO TenerTeclado(IdPeriferico,IdEstacion) VALUES (46,53);
INSERT INTO TenerTeclado(IdPeriferico,IdEstacion) VALUES (47,121);
INSERT INTO TenerTeclado(IdPeriferico,IdEstacion) VALUES (48,93);
INSERT INTO TenerTeclado(IdPeriferico,IdEstacion) VALUES (49,114);
INSERT INTO TenerTeclado(IdPeriferico,IdEstacion) VALUES (50,10);
INSERT INTO TenerTeclado(IdPeriferico,IdEstacion) VALUES (51,123);
INSERT INTO TenerTeclado(IdPeriferico,IdEstacion) VALUES (52,67);
INSERT INTO TenerTeclado(IdPeriferico,IdEstacion) VALUES (53,44);
INSERT INTO TenerTeclado(IdPeriferico,IdEstacion) VALUES (54,106);
INSERT INTO TenerTeclado(IdPeriferico,IdEstacion) VALUES (55,100);
INSERT INTO TenerTeclado(IdPeriferico,IdEstacion) VALUES (56,60);
INSERT INTO TenerTeclado(IdPeriferico,IdEstacion) VALUES (57,94);
INSERT INTO TenerTeclado(IdPeriferico,IdEstacion) VALUES (58,118);
INSERT INTO TenerTeclado(IdPeriferico,IdEstacion) VALUES (59,41);
INSERT INTO TenerTeclado(IdPeriferico,IdEstacion) VALUES (60,129);
INSERT INTO TenerTeclado(IdPeriferico,IdEstacion) VALUES (61,57);
INSERT INTO TenerTeclado(IdPeriferico,IdEstacion) VALUES (62,95);
INSERT INTO TenerTeclado(IdPeriferico,IdEstacion) VALUES (63,36);
INSERT INTO TenerTeclado(IdPeriferico,IdEstacion) VALUES (64,140);
INSERT INTO TenerTeclado(IdPeriferico,IdEstacion) VALUES (65,21);
INSERT INTO TenerTeclado(IdPeriferico,IdEstacion) VALUES (66,35);
INSERT INTO TenerTeclado(IdPeriferico,IdEstacion) VALUES (67,7);
INSERT INTO TenerTeclado(IdPeriferico,IdEstacion) VALUES (68,3);
INSERT INTO TenerTeclado(IdPeriferico,IdEstacion) VALUES (69,5);
INSERT INTO TenerTeclado(IdPeriferico,IdEstacion) VALUES (70,39);
INSERT INTO TenerTeclado(IdPeriferico,IdEstacion) VALUES (71,148);
INSERT INTO TenerTeclado(IdPeriferico,IdEstacion) VALUES (72,55);
INSERT INTO TenerTeclado(IdPeriferico,IdEstacion) VALUES (73,16);
INSERT INTO TenerTeclado(IdPeriferico,IdEstacion) VALUES (74,32);
INSERT INTO TenerTeclado(IdPeriferico,IdEstacion) VALUES (75,58);
INSERT INTO TenerTeclado(IdPeriferico,IdEstacion) VALUES (76,83);
INSERT INTO TenerTeclado(IdPeriferico,IdEstacion) VALUES (77,145);
INSERT INTO TenerTeclado(IdPeriferico,IdEstacion) VALUES (78,122);
INSERT INTO TenerTeclado(IdPeriferico,IdEstacion) VALUES (79,29);
INSERT INTO TenerTeclado(IdPeriferico,IdEstacion) VALUES (80,90);
INSERT INTO TenerTeclado(IdPeriferico,IdEstacion) VALUES (81,141);
INSERT INTO TenerTeclado(IdPeriferico,IdEstacion) VALUES (82,37);
INSERT INTO TenerTeclado(IdPeriferico,IdEstacion) VALUES (83,137);
INSERT INTO TenerTeclado(IdPeriferico,IdEstacion) VALUES (84,58);
INSERT INTO TenerTeclado(IdPeriferico,IdEstacion) VALUES (85,69);
INSERT INTO TenerTeclado(IdPeriferico,IdEstacion) VALUES (86,63);
INSERT INTO TenerTeclado(IdPeriferico,IdEstacion) VALUES (87,63);
INSERT INTO TenerTeclado(IdPeriferico,IdEstacion) VALUES (88,21);
INSERT INTO TenerTeclado(IdPeriferico,IdEstacion) VALUES (89,12);
INSERT INTO TenerTeclado(IdPeriferico,IdEstacion) VALUES (90,59);
INSERT INTO TenerTeclado(IdPeriferico,IdEstacion) VALUES (91,146);
INSERT INTO TenerTeclado(IdPeriferico,IdEstacion) VALUES (92,92);
INSERT INTO TenerTeclado(IdPeriferico,IdEstacion) VALUES (93,102);
INSERT INTO TenerTeclado(IdPeriferico,IdEstacion) VALUES (94,18);
INSERT INTO TenerTeclado(IdPeriferico,IdEstacion) VALUES (95,69);
INSERT INTO TenerTeclado(IdPeriferico,IdEstacion) VALUES (96,32);
INSERT INTO TenerTeclado(IdPeriferico,IdEstacion) VALUES (97,1);
INSERT INTO TenerTeclado(IdPeriferico,IdEstacion) VALUES (98,80);
INSERT INTO TenerTeclado(IdPeriferico,IdEstacion) VALUES (99,84);
INSERT INTO TenerTeclado(IdPeriferico,IdEstacion) VALUES (100,36);
INSERT INTO TenerTeclado(IdPeriferico,IdEstacion) VALUES (101,34);
INSERT INTO TenerTeclado(IdPeriferico,IdEstacion) VALUES (102,95);
INSERT INTO TenerTeclado(IdPeriferico,IdEstacion) VALUES (103,68);
INSERT INTO TenerTeclado(IdPeriferico,IdEstacion) VALUES (104,86);
INSERT INTO TenerTeclado(IdPeriferico,IdEstacion) VALUES (105,95);
INSERT INTO TenerTeclado(IdPeriferico,IdEstacion) VALUES (106,83);
INSERT INTO TenerTeclado(IdPeriferico,IdEstacion) VALUES (107,7);
INSERT INTO TenerTeclado(IdPeriferico,IdEstacion) VALUES (108,6);
INSERT INTO TenerTeclado(IdPeriferico,IdEstacion) VALUES (109,130);
INSERT INTO TenerTeclado(IdPeriferico,IdEstacion) VALUES (110,60);
INSERT INTO TenerTeclado(IdPeriferico,IdEstacion) VALUES (111,72);
INSERT INTO TenerTeclado(IdPeriferico,IdEstacion) VALUES (112,75);
INSERT INTO TenerTeclado(IdPeriferico,IdEstacion) VALUES (113,140);
INSERT INTO TenerTeclado(IdPeriferico,IdEstacion) VALUES (114,83);
INSERT INTO TenerTeclado(IdPeriferico,IdEstacion) VALUES (115,62);
INSERT INTO TenerTeclado(IdPeriferico,IdEstacion) VALUES (116,45);
INSERT INTO TenerTeclado(IdPeriferico,IdEstacion) VALUES (117,56);
INSERT INTO TenerTeclado(IdPeriferico,IdEstacion) VALUES (118,67);
INSERT INTO TenerTeclado(IdPeriferico,IdEstacion) VALUES (119,71);
INSERT INTO TenerTeclado(IdPeriferico,IdEstacion) VALUES (120,131);
INSERT INTO TenerTeclado(IdPeriferico,IdEstacion) VALUES (121,117);
INSERT INTO TenerTeclado(IdPeriferico,IdEstacion) VALUES (122,112);
INSERT INTO TenerTeclado(IdPeriferico,IdEstacion) VALUES (123,52);
INSERT INTO TenerTeclado(IdPeriferico,IdEstacion) VALUES (124,89);
INSERT INTO TenerTeclado(IdPeriferico,IdEstacion) VALUES (125,143);
INSERT INTO TenerTeclado(IdPeriferico,IdEstacion) VALUES (126,39);
INSERT INTO TenerTeclado(IdPeriferico,IdEstacion) VALUES (127,6);
INSERT INTO TenerTeclado(IdPeriferico,IdEstacion) VALUES (128,6);
INSERT INTO TenerTeclado(IdPeriferico,IdEstacion) VALUES (129,148);
INSERT INTO TenerTeclado(IdPeriferico,IdEstacion) VALUES (130,91);
INSERT INTO TenerTeclado(IdPeriferico,IdEstacion) VALUES (131,87);
INSERT INTO TenerTeclado(IdPeriferico,IdEstacion) VALUES (132,47);
INSERT INTO TenerTeclado(IdPeriferico,IdEstacion) VALUES (133,75);
INSERT INTO TenerTeclado(IdPeriferico,IdEstacion) VALUES (134,2);
INSERT INTO TenerTeclado(IdPeriferico,IdEstacion) VALUES (135,113);
INSERT INTO TenerTeclado(IdPeriferico,IdEstacion) VALUES (136,43);
INSERT INTO TenerTeclado(IdPeriferico,IdEstacion) VALUES (137,80);
INSERT INTO TenerTeclado(IdPeriferico,IdEstacion) VALUES (138,110);
INSERT INTO TenerTeclado(IdPeriferico,IdEstacion) VALUES (139,110);
INSERT INTO TenerTeclado(IdPeriferico,IdEstacion) VALUES (140,17);
INSERT INTO TenerTeclado(IdPeriferico,IdEstacion) VALUES (141,30);
INSERT INTO TenerTeclado(IdPeriferico,IdEstacion) VALUES (142,26);
INSERT INTO TenerTeclado(IdPeriferico,IdEstacion) VALUES (143,53);
INSERT INTO TenerTeclado(IdPeriferico,IdEstacion) VALUES (144,94);
INSERT INTO TenerTeclado(IdPeriferico,IdEstacion) VALUES (145,109);
INSERT INTO TenerTeclado(IdPeriferico,IdEstacion) VALUES (146,54);
INSERT INTO TenerTeclado(IdPeriferico,IdEstacion) VALUES (147,148);
INSERT INTO TenerTeclado(IdPeriferico,IdEstacion) VALUES (148,60);
INSERT INTO TenerTeclado(IdPeriferico,IdEstacion) VALUES (149,82);
INSERT INTO TenerTeclado(IdPeriferico,IdEstacion) VALUES (150,2);

INSERT INTO AsistenciaCurso(IdAsistenciaCurso,IdCurso,RFCCliente,IdSala,IdPiso,IdEdificio,CURPAgente,CURPEntrenador,Fecha,HorasAsistencia) VALUES (1,4,'YEI079256PP6',118,2,2,'LXY599411EJYLA07','CPI302573GVVDN91','2021-12-06',3);
INSERT INTO AsistenciaCurso(IdAsistenciaCurso,IdCurso,RFCCliente,IdSala,IdPiso,IdEdificio,CURPAgente,CURPEntrenador,Fecha,HorasAsistencia) VALUES (2,3,'BAP039629UR8',41,9,1,'VQJ097493AQEYL88','KQJ109191WTWRZ35','2021-12-02',3);
INSERT INTO AsistenciaCurso(IdAsistenciaCurso,IdCurso,RFCCliente,IdSala,IdPiso,IdEdificio,CURPAgente,CURPEntrenador,Fecha,HorasAsistencia) VALUES (3,4,'YEI079256PP6',118,2,2,'QTN612376PKLIN27','CPI302573GVVDN91','2021-11-29',1);
INSERT INTO AsistenciaCurso(IdAsistenciaCurso,IdCurso,RFCCliente,IdSala,IdPiso,IdEdificio,CURPAgente,CURPEntrenador,Fecha,HorasAsistencia) VALUES (4,4,'YEI079256PP6',118,2,2,'LXY599411EJYLA07','CPI302573GVVDN91','2021-11-29',3);
INSERT INTO AsistenciaCurso(IdAsistenciaCurso,IdCurso,RFCCliente,IdSala,IdPiso,IdEdificio,CURPAgente,CURPEntrenador,Fecha,HorasAsistencia) VALUES (5,3,'BAP039629UR8',41,9,1,'YVH704698EHIZX06','KQJ109191WTWRZ35','2021-12-08',3);
INSERT INTO AsistenciaCurso(IdAsistenciaCurso,IdCurso,RFCCliente,IdSala,IdPiso,IdEdificio,CURPAgente,CURPEntrenador,Fecha,HorasAsistencia) VALUES (6,3,'BAP039629UR8',41,9,1,'LXY599411EJYLA07','KQJ109191WTWRZ35','2021-12-02',1);
INSERT INTO AsistenciaCurso(IdAsistenciaCurso,IdCurso,RFCCliente,IdSala,IdPiso,IdEdificio,CURPAgente,CURPEntrenador,Fecha,HorasAsistencia) VALUES (7,1,'HCE678692PS6',62,15,1,'AWT902812HIFRE96','VJQ037276TPCXX98','2021-12-02',3);
INSERT INTO AsistenciaCurso(IdAsistenciaCurso,IdCurso,RFCCliente,IdSala,IdPiso,IdEdificio,CURPAgente,CURPEntrenador,Fecha,HorasAsistencia) VALUES (8,5,'AAD282786GE0',38,3,1,'VQJ097493AQEYL88','EJW320090LUIRX20','2021-12-06',3);
INSERT INTO AsistenciaCurso(IdAsistenciaCurso,IdCurso,RFCCliente,IdSala,IdPiso,IdEdificio,CURPAgente,CURPEntrenador,Fecha,HorasAsistencia) VALUES (9,4,'YEI079256PP6',118,2,2,'VQJ097493AQEYL88','CPI302573GVVDN91','2021-11-29',1);
INSERT INTO AsistenciaCurso(IdAsistenciaCurso,IdCurso,RFCCliente,IdSala,IdPiso,IdEdificio,CURPAgente,CURPEntrenador,Fecha,HorasAsistencia) VALUES (10,1,'HCE678692PS6',62,15,1,'AWT902812HIFRE96','VJQ037276TPCXX98','2021-12-08',3);
INSERT INTO AsistenciaCurso(IdAsistenciaCurso,IdCurso,RFCCliente,IdSala,IdPiso,IdEdificio,CURPAgente,CURPEntrenador,Fecha,HorasAsistencia) VALUES (11,5,'AAD282786GE0',38,3,1,'AWT902812HIFRE96','EJW320090LUIRX20','2021-11-29',3);
INSERT INTO AsistenciaCurso(IdAsistenciaCurso,IdCurso,RFCCliente,IdSala,IdPiso,IdEdificio,CURPAgente,CURPEntrenador,Fecha,HorasAsistencia) VALUES (12,1,'HCE678692PS6',62,15,1,'IGU003788CGJUB79','VJQ037276TPCXX98','2021-12-02',3);
INSERT INTO AsistenciaCurso(IdAsistenciaCurso,IdCurso,RFCCliente,IdSala,IdPiso,IdEdificio,CURPAgente,CURPEntrenador,Fecha,HorasAsistencia) VALUES (13,4,'YEI079256PP6',118,2,2,'QTN612376PKLIN27','CPI302573GVVDN91','2021-12-06',3);
INSERT INTO AsistenciaCurso(IdAsistenciaCurso,IdCurso,RFCCliente,IdSala,IdPiso,IdEdificio,CURPAgente,CURPEntrenador,Fecha,HorasAsistencia) VALUES (14,1,'HCE678692PS6',62,15,1,'YVH704698EHIZX06','VJQ037276TPCXX98','2021-12-06',3);
INSERT INTO AsistenciaCurso(IdAsistenciaCurso,IdCurso,RFCCliente,IdSala,IdPiso,IdEdificio,CURPAgente,CURPEntrenador,Fecha,HorasAsistencia) VALUES (15,5,'AAD282786GE0',38,3,1,'OSG630507ZCPUL36','EJW320090LUIRX20','2021-12-02',1);
INSERT INTO AsistenciaCurso(IdAsistenciaCurso,IdCurso,RFCCliente,IdSala,IdPiso,IdEdificio,CURPAgente,CURPEntrenador,Fecha,HorasAsistencia) VALUES (16,1,'HCE678692PS6',62,15,1,'QTN612376PKLIN27','VJQ037276TPCXX98','2021-12-08',2);
INSERT INTO AsistenciaCurso(IdAsistenciaCurso,IdCurso,RFCCliente,IdSala,IdPiso,IdEdificio,CURPAgente,CURPEntrenador,Fecha,HorasAsistencia) VALUES (19,3,'BAP039629UR8',41,9,1,'YVH704698EHIZX06','KQJ109191WTWRZ35','2021-11-29',1);
INSERT INTO AsistenciaCurso(IdAsistenciaCurso,IdCurso,RFCCliente,IdSala,IdPiso,IdEdificio,CURPAgente,CURPEntrenador,Fecha,HorasAsistencia) VALUES (21,2,'BQNV154049LX8',124,14,2,'QTN612376PKLIN27','ZQT637913WDFHB36','2021-12-02',2);
INSERT INTO AsistenciaCurso(IdAsistenciaCurso,IdCurso,RFCCliente,IdSala,IdPiso,IdEdificio,CURPAgente,CURPEntrenador,Fecha,HorasAsistencia) VALUES (22,5,'AAD282786GE0',38,3,1,'OSG630507ZCPUL36','EJW320090LUIRX20','2021-12-08',2);
INSERT INTO AsistenciaCurso(IdAsistenciaCurso,IdCurso,RFCCliente,IdSala,IdPiso,IdEdificio,CURPAgente,CURPEntrenador,Fecha,HorasAsistencia) VALUES (24,5,'AAD282786GE0',38,3,1,'MPS691833FWCEB71','EJW320090LUIRX20','2021-12-02',3);
INSERT INTO AsistenciaCurso(IdAsistenciaCurso,IdCurso,RFCCliente,IdSala,IdPiso,IdEdificio,CURPAgente,CURPEntrenador,Fecha,HorasAsistencia) VALUES (25,2,'BQNV154049LX8',124,14,2,'LXY599411EJYLA07','ZQT637913WDFHB36','2021-12-08',2);
INSERT INTO AsistenciaCurso(IdAsistenciaCurso,IdCurso,RFCCliente,IdSala,IdPiso,IdEdificio,CURPAgente,CURPEntrenador,Fecha,HorasAsistencia) VALUES (26,3,'BAP039629UR8',41,9,1,'MPS691833FWCEB71','KQJ109191WTWRZ35','2021-12-06',2);
INSERT INTO AsistenciaCurso(IdAsistenciaCurso,IdCurso,RFCCliente,IdSala,IdPiso,IdEdificio,CURPAgente,CURPEntrenador,Fecha,HorasAsistencia) VALUES (27,3,'BAP039629UR8',41,9,1,'IGU003788CGJUB79','KQJ109191WTWRZ35','2021-12-08',3);
INSERT INTO AsistenciaCurso(IdAsistenciaCurso,IdCurso,RFCCliente,IdSala,IdPiso,IdEdificio,CURPAgente,CURPEntrenador,Fecha,HorasAsistencia) VALUES (28,2,'BQNV154049LX8',124,14,2,'LVY046256QXJDN01','ZQT637913WDFHB36','2021-12-08',1);
INSERT INTO AsistenciaCurso(IdAsistenciaCurso,IdCurso,RFCCliente,IdSala,IdPiso,IdEdificio,CURPAgente,CURPEntrenador,Fecha,HorasAsistencia) VALUES (29,5,'AAD282786GE0',38,3,1,'OPP925651CLUSR18','EJW320090LUIRX20','2021-12-08',3);
INSERT INTO AsistenciaCurso(IdAsistenciaCurso,IdCurso,RFCCliente,IdSala,IdPiso,IdEdificio,CURPAgente,CURPEntrenador,Fecha,HorasAsistencia) VALUES (30,5,'AAD282786GE0',38,3,1,'RFX276754JBFRD28','EJW320090LUIRX20','2021-11-29',3);
INSERT INTO AsistenciaCurso(IdAsistenciaCurso,IdCurso,RFCCliente,IdSala,IdPiso,IdEdificio,CURPAgente,CURPEntrenador,Fecha,HorasAsistencia) VALUES (31,1,'HCE678692PS6',62,15,1,'OIP403792IPQPE66','VJQ037276TPCXX98','2021-12-06',2);
INSERT INTO AsistenciaCurso(IdAsistenciaCurso,IdCurso,RFCCliente,IdSala,IdPiso,IdEdificio,CURPAgente,CURPEntrenador,Fecha,HorasAsistencia) VALUES (32,4,'YEI079256PP6',118,2,2,'OPP925651CLUSR18','CPI302573GVVDN91','2021-11-29',2);
INSERT INTO AsistenciaCurso(IdAsistenciaCurso,IdCurso,RFCCliente,IdSala,IdPiso,IdEdificio,CURPAgente,CURPEntrenador,Fecha,HorasAsistencia) VALUES (33,1,'HCE678692PS6',62,15,1,'SFC502226PVOYW22','VJQ037276TPCXX98','2021-12-02',2);
INSERT INTO AsistenciaCurso(IdAsistenciaCurso,IdCurso,RFCCliente,IdSala,IdPiso,IdEdificio,CURPAgente,CURPEntrenador,Fecha,HorasAsistencia) VALUES (34,1,'HCE678692PS6',62,15,1,'AKX785454WLDTQ22','VJQ037276TPCXX98','2021-12-02',1);
INSERT INTO AsistenciaCurso(IdAsistenciaCurso,IdCurso,RFCCliente,IdSala,IdPiso,IdEdificio,CURPAgente,CURPEntrenador,Fecha,HorasAsistencia) VALUES (35,1,'HCE678692PS6',62,15,1,'CJB569360RZPWG00','VJQ037276TPCXX98','2021-12-06',3);
INSERT INTO AsistenciaCurso(IdAsistenciaCurso,IdCurso,RFCCliente,IdSala,IdPiso,IdEdificio,CURPAgente,CURPEntrenador,Fecha,HorasAsistencia) VALUES (36,1,'HCE678692PS6',62,15,1,'LOH824075NATPR65','VJQ037276TPCXX98','2021-12-02',2);
INSERT INTO AsistenciaCurso(IdAsistenciaCurso,IdCurso,RFCCliente,IdSala,IdPiso,IdEdificio,CURPAgente,CURPEntrenador,Fecha,HorasAsistencia) VALUES (37,5,'AAD282786GE0',38,3,1,'ASQ565820PISXW15','EJW320090LUIRX20','2021-12-02',2);
INSERT INTO AsistenciaCurso(IdAsistenciaCurso,IdCurso,RFCCliente,IdSala,IdPiso,IdEdificio,CURPAgente,CURPEntrenador,Fecha,HorasAsistencia) VALUES (38,2,'BQNV154049LX8',124,14,2,'OIP403792IPQPE66','ZQT637913WDFHB36','2021-12-08',1);
INSERT INTO AsistenciaCurso(IdAsistenciaCurso,IdCurso,RFCCliente,IdSala,IdPiso,IdEdificio,CURPAgente,CURPEntrenador,Fecha,HorasAsistencia) VALUES (39,3,'BAP039629UR8',41,9,1,'AKX785454WLDTQ22','KQJ109191WTWRZ35','2021-12-06',1);
INSERT INTO AsistenciaCurso(IdAsistenciaCurso,IdCurso,RFCCliente,IdSala,IdPiso,IdEdificio,CURPAgente,CURPEntrenador,Fecha,HorasAsistencia) VALUES (40,1,'HCE678692PS6',62,15,1,'OPP925651CLUSR18','VJQ037276TPCXX98','2021-12-06',1);
INSERT INTO AsistenciaCurso(IdAsistenciaCurso,IdCurso,RFCCliente,IdSala,IdPiso,IdEdificio,CURPAgente,CURPEntrenador,Fecha,HorasAsistencia) VALUES (41,3,'BAP039629UR8',41,9,1,'OIP403792IPQPE66','KQJ109191WTWRZ35','2021-11-29',3);
INSERT INTO AsistenciaCurso(IdAsistenciaCurso,IdCurso,RFCCliente,IdSala,IdPiso,IdEdificio,CURPAgente,CURPEntrenador,Fecha,HorasAsistencia) VALUES (42,4,'YEI079256PP6',118,2,2,'NKS351612VMEXV31','CPI302573GVVDN91','2021-12-02',1);
INSERT INTO AsistenciaCurso(IdAsistenciaCurso,IdCurso,RFCCliente,IdSala,IdPiso,IdEdificio,CURPAgente,CURPEntrenador,Fecha,HorasAsistencia) VALUES (43,2,'BQNV154049LX8',124,14,2,'DIT592580KPFDT66','ZQT637913WDFHB36','2021-12-06',2);
INSERT INTO AsistenciaCurso(IdAsistenciaCurso,IdCurso,RFCCliente,IdSala,IdPiso,IdEdificio,CURPAgente,CURPEntrenador,Fecha,HorasAsistencia) VALUES (44,3,'BAP039629UR8',41,9,1,'OIP403792IPQPE66','KQJ109191WTWRZ35','2021-12-02',2);
INSERT INTO AsistenciaCurso(IdAsistenciaCurso,IdCurso,RFCCliente,IdSala,IdPiso,IdEdificio,CURPAgente,CURPEntrenador,Fecha,HorasAsistencia) VALUES (45,5,'AAD282786GE0',38,3,1,'CJB569360RZPWG00','EJW320090LUIRX20','2021-12-08',2);
INSERT INTO AsistenciaCurso(IdAsistenciaCurso,IdCurso,RFCCliente,IdSala,IdPiso,IdEdificio,CURPAgente,CURPEntrenador,Fecha,HorasAsistencia) VALUES (46,1,'HCE678692PS6',62,15,1,'RFX276754JBFRD28','VJQ037276TPCXX98','2021-12-06',3);
INSERT INTO AsistenciaCurso(IdAsistenciaCurso,IdCurso,RFCCliente,IdSala,IdPiso,IdEdificio,CURPAgente,CURPEntrenador,Fecha,HorasAsistencia) VALUES (47,4,'YEI079256PP6',118,2,2,'ASQ565820PISXW15','CPI302573GVVDN91','2021-12-08',2);
INSERT INTO AsistenciaCurso(IdAsistenciaCurso,IdCurso,RFCCliente,IdSala,IdPiso,IdEdificio,CURPAgente,CURPEntrenador,Fecha,HorasAsistencia) VALUES (48,3,'BAP039629UR8',41,9,1,'QFI629702FWCQK39','KQJ109191WTWRZ35','2021-11-29',3);
INSERT INTO AsistenciaCurso(IdAsistenciaCurso,IdCurso,RFCCliente,IdSala,IdPiso,IdEdificio,CURPAgente,CURPEntrenador,Fecha,HorasAsistencia) VALUES (49,4,'YEI079256PP6',118,2,2,'DIT592580KPFDT66','CPI302573GVVDN91','2021-12-02',3);
INSERT INTO AsistenciaCurso(IdAsistenciaCurso,IdCurso,RFCCliente,IdSala,IdPiso,IdEdificio,CURPAgente,CURPEntrenador,Fecha,HorasAsistencia) VALUES (50,1,'HCE678692PS6',62,15,1,'AKX785454WLDTQ22','VJQ037276TPCXX98','2021-11-29',2);
INSERT INTO AsistenciaCurso(IdAsistenciaCurso,IdCurso,RFCCliente,IdSala,IdPiso,IdEdificio,CURPAgente,CURPEntrenador,Fecha,HorasAsistencia) VALUES (51,4,'YEI079256PP6',118,2,2,'QFI629702FWCQK39','CPI302573GVVDN91','2021-12-06',1);
INSERT INTO AsistenciaCurso(IdAsistenciaCurso,IdCurso,RFCCliente,IdSala,IdPiso,IdEdificio,CURPAgente,CURPEntrenador,Fecha,HorasAsistencia) VALUES (52,2,'BQNV154049LX8',124,14,2,'SFC502226PVOYW22','ZQT637913WDFHB36','2021-12-08',2);
INSERT INTO AsistenciaCurso(IdAsistenciaCurso,IdCurso,RFCCliente,IdSala,IdPiso,IdEdificio,CURPAgente,CURPEntrenador,Fecha,HorasAsistencia) VALUES (53,3,'BAP039629UR8',41,9,1,'NKS351612VMEXV31','KQJ109191WTWRZ35','2021-11-29',2);
INSERT INTO AsistenciaCurso(IdAsistenciaCurso,IdCurso,RFCCliente,IdSala,IdPiso,IdEdificio,CURPAgente,CURPEntrenador,Fecha,HorasAsistencia) VALUES (54,2,'BQNV154049LX8',124,14,2,'CJB569360RZPWG00','ZQT637913WDFHB36','2021-12-02',1);
INSERT INTO AsistenciaCurso(IdAsistenciaCurso,IdCurso,RFCCliente,IdSala,IdPiso,IdEdificio,CURPAgente,CURPEntrenador,Fecha,HorasAsistencia) VALUES (55,3,'BAP039629UR8',41,9,1,'QFI629702FWCQK39','KQJ109191WTWRZ35','2021-12-08',1);
INSERT INTO AsistenciaCurso(IdAsistenciaCurso,IdCurso,RFCCliente,IdSala,IdPiso,IdEdificio,CURPAgente,CURPEntrenador,Fecha,HorasAsistencia) VALUES (56,2,'BQNV154049LX8',124,14,2,'LVY046256QXJDN01','ZQT637913WDFHB36','2021-12-02',3);
INSERT INTO AsistenciaCurso(IdAsistenciaCurso,IdCurso,RFCCliente,IdSala,IdPiso,IdEdificio,CURPAgente,CURPEntrenador,Fecha,HorasAsistencia) VALUES (57,5,'AAD282786GE0',38,3,1,'SFC502226PVOYW22','EJW320090LUIRX20','2021-12-06',3);
INSERT INTO AsistenciaCurso(IdAsistenciaCurso,IdCurso,RFCCliente,IdSala,IdPiso,IdEdificio,CURPAgente,CURPEntrenador,Fecha,HorasAsistencia) VALUES (58,3,'BAP039629UR8',41,9,1,'ASQ565820PISXW15','KQJ109191WTWRZ35','2021-11-29',3);
INSERT INTO AsistenciaCurso(IdAsistenciaCurso,IdCurso,RFCCliente,IdSala,IdPiso,IdEdificio,CURPAgente,CURPEntrenador,Fecha,HorasAsistencia) VALUES (59,1,'HCE678692PS6',62,15,1,'ASQ565820PISXW15','VJQ037276TPCXX98','2021-12-06',2);
INSERT INTO AsistenciaCurso(IdAsistenciaCurso,IdCurso,RFCCliente,IdSala,IdPiso,IdEdificio,CURPAgente,CURPEntrenador,Fecha,HorasAsistencia) VALUES (60,1,'HCE678692PS6',62,15,1,'OPP925651CLUSR18','VJQ037276TPCXX98','2021-12-08',3);
INSERT INTO AsistenciaCurso(IdAsistenciaCurso,IdCurso,RFCCliente,IdSala,IdPiso,IdEdificio,CURPAgente,CURPEntrenador,Fecha,HorasAsistencia) VALUES (61,4,'YEI079256PP6',118,2,2,'LOH824075NATPR65','CPI302573GVVDN91','2021-12-08',3);
INSERT INTO AsistenciaCurso(IdAsistenciaCurso,IdCurso,RFCCliente,IdSala,IdPiso,IdEdificio,CURPAgente,CURPEntrenador,Fecha,HorasAsistencia) VALUES (62,2,'BQNV154049LX8',124,14,2,'TCE395788FBOBH38','ZQT637913WDFHB36','2021-12-06',1);
INSERT INTO AsistenciaCurso(IdAsistenciaCurso,IdCurso,RFCCliente,IdSala,IdPiso,IdEdificio,CURPAgente,CURPEntrenador,Fecha,HorasAsistencia) VALUES (63,4,'YEI079256PP6',118,2,2,'CSL452181XIYWF11','CPI302573GVVDN91','2022-01-11',2);
INSERT INTO AsistenciaCurso(IdAsistenciaCurso,IdCurso,RFCCliente,IdSala,IdPiso,IdEdificio,CURPAgente,CURPEntrenador,Fecha,HorasAsistencia) VALUES (64,3,'BAP039629UR8',41,9,1,'PAD732458DLYNM08','KQJ109191WTWRZ35','2022-01-06',2);
INSERT INTO AsistenciaCurso(IdAsistenciaCurso,IdCurso,RFCCliente,IdSala,IdPiso,IdEdificio,CURPAgente,CURPEntrenador,Fecha,HorasAsistencia) VALUES (65,5,'AAD282786GE0',38,3,1,'RVA407320RBXQL75','EJW320090LUIRX20','2022-01-11',3);
INSERT INTO AsistenciaCurso(IdAsistenciaCurso,IdCurso,RFCCliente,IdSala,IdPiso,IdEdificio,CURPAgente,CURPEntrenador,Fecha,HorasAsistencia) VALUES (66,5,'AAD282786GE0',38,3,1,'LGD784683IXAYG98','EJW320090LUIRX20','2022-01-11',1);
INSERT INTO AsistenciaCurso(IdAsistenciaCurso,IdCurso,RFCCliente,IdSala,IdPiso,IdEdificio,CURPAgente,CURPEntrenador,Fecha,HorasAsistencia) VALUES (67,5,'AAD282786GE0',38,3,1,'RVA407320RBXQL75','EJW320090LUIRX20','2022-01-10',1);
INSERT INTO AsistenciaCurso(IdAsistenciaCurso,IdCurso,RFCCliente,IdSala,IdPiso,IdEdificio,CURPAgente,CURPEntrenador,Fecha,HorasAsistencia) VALUES (68,5,'AAD282786GE0',38,3,1,'RVA407320RBXQL75','EJW320090LUIRX20','2022-01-03',2);
INSERT INTO AsistenciaCurso(IdAsistenciaCurso,IdCurso,RFCCliente,IdSala,IdPiso,IdEdificio,CURPAgente,CURPEntrenador,Fecha,HorasAsistencia) VALUES (69,3,'BAP039629UR8',41,9,1,'LGD784683IXAYG98','KQJ109191WTWRZ35','2022-01-10',2);
INSERT INTO AsistenciaCurso(IdAsistenciaCurso,IdCurso,RFCCliente,IdSala,IdPiso,IdEdificio,CURPAgente,CURPEntrenador,Fecha,HorasAsistencia) VALUES (70,1,'HCE678692PS6',62,15,1,'XUL371177HGQIX32','VJQ037276TPCXX98','2022-01-03',2);
INSERT INTO AsistenciaCurso(IdAsistenciaCurso,IdCurso,RFCCliente,IdSala,IdPiso,IdEdificio,CURPAgente,CURPEntrenador,Fecha,HorasAsistencia) VALUES (71,4,'YEI079256PP6',118,2,2,'BUZ383525MJTQM94','CPI302573GVVDN91','2022-01-03',2);
INSERT INTO AsistenciaCurso(IdAsistenciaCurso,IdCurso,RFCCliente,IdSala,IdPiso,IdEdificio,CURPAgente,CURPEntrenador,Fecha,HorasAsistencia) VALUES (72,5,'AAD282786GE0',38,3,1,'CSL452181XIYWF11','EJW320090LUIRX20','2022-01-10',3);
INSERT INTO AsistenciaCurso(IdAsistenciaCurso,IdCurso,RFCCliente,IdSala,IdPiso,IdEdificio,CURPAgente,CURPEntrenador,Fecha,HorasAsistencia) VALUES (73,3,'BAP039629UR8',41,9,1,'XUL371177HGQIX32','KQJ109191WTWRZ35','2022-01-11',2);
INSERT INTO AsistenciaCurso(IdAsistenciaCurso,IdCurso,RFCCliente,IdSala,IdPiso,IdEdificio,CURPAgente,CURPEntrenador,Fecha,HorasAsistencia) VALUES (74,5,'AAD282786GE0',38,3,1,'NYN129609FTIYZ96','EJW320090LUIRX20','2022-01-03',1);
INSERT INTO AsistenciaCurso(IdAsistenciaCurso,IdCurso,RFCCliente,IdSala,IdPiso,IdEdificio,CURPAgente,CURPEntrenador,Fecha,HorasAsistencia) VALUES (75,5,'AAD282786GE0',38,3,1,'RVA407320RBXQL75','EJW320090LUIRX20','2022-01-06',3);
INSERT INTO AsistenciaCurso(IdAsistenciaCurso,IdCurso,RFCCliente,IdSala,IdPiso,IdEdificio,CURPAgente,CURPEntrenador,Fecha,HorasAsistencia) VALUES (76,4,'YEI079256PP6',118,2,2,'CSL452181XIYWF11','CPI302573GVVDN91','2022-01-06',2);
INSERT INTO AsistenciaCurso(IdAsistenciaCurso,IdCurso,RFCCliente,IdSala,IdPiso,IdEdificio,CURPAgente,CURPEntrenador,Fecha,HorasAsistencia) VALUES (77,2,'BQNV154049LX8',124,14,2,'BUZ383525MJTQM94','ZQT637913WDFHB36','2022-01-10',1);
INSERT INTO AsistenciaCurso(IdAsistenciaCurso,IdCurso,RFCCliente,IdSala,IdPiso,IdEdificio,CURPAgente,CURPEntrenador,Fecha,HorasAsistencia) VALUES (78,3,'BAP039629UR8',41,9,1,'BUZ383525MJTQM94','KQJ109191WTWRZ35','2022-01-06',2);
INSERT INTO AsistenciaCurso(IdAsistenciaCurso,IdCurso,RFCCliente,IdSala,IdPiso,IdEdificio,CURPAgente,CURPEntrenador,Fecha,HorasAsistencia) VALUES (79,2,'BQNV154049LX8',124,14,2,'XUL371177HGQIX32','ZQT637913WDFHB36','2022-01-03',1);
INSERT INTO AsistenciaCurso(IdAsistenciaCurso,IdCurso,RFCCliente,IdSala,IdPiso,IdEdificio,CURPAgente,CURPEntrenador,Fecha,HorasAsistencia) VALUES (80,4,'YEI079256PP6',118,2,2,'NYN129609FTIYZ96','CPI302573GVVDN91','2022-01-10',1);
INSERT INTO AsistenciaCurso(IdAsistenciaCurso,IdCurso,RFCCliente,IdSala,IdPiso,IdEdificio,CURPAgente,CURPEntrenador,Fecha,HorasAsistencia) VALUES (81,2,'BQNV154049LX8',124,14,2,'XUL371177HGQIX32','ZQT637913WDFHB36','2022-01-11',3);
INSERT INTO AsistenciaCurso(IdAsistenciaCurso,IdCurso,RFCCliente,IdSala,IdPiso,IdEdificio,CURPAgente,CURPEntrenador,Fecha,HorasAsistencia) VALUES (82,4,'YEI079256PP6',118,2,2,'PAD732458DLYNM08','CPI302573GVVDN91','2022-01-10',2);
INSERT INTO AsistenciaCurso(IdAsistenciaCurso,IdCurso,RFCCliente,IdSala,IdPiso,IdEdificio,CURPAgente,CURPEntrenador,Fecha,HorasAsistencia) VALUES (83,1,'HCE678692PS6',62,15,1,'LGD784683IXAYG98','VJQ037276TPCXX98','2022-01-03',2);
INSERT INTO AsistenciaCurso(IdAsistenciaCurso,IdCurso,RFCCliente,IdSala,IdPiso,IdEdificio,CURPAgente,CURPEntrenador,Fecha,HorasAsistencia) VALUES (84,1,'HCE678692PS6',62,15,1,'CGF044994CTAEY79','VJQ037276TPCXX98','2022-01-03',2);
INSERT INTO AsistenciaCurso(IdAsistenciaCurso,IdCurso,RFCCliente,IdSala,IdPiso,IdEdificio,CURPAgente,CURPEntrenador,Fecha,HorasAsistencia) VALUES (85,5,'AAD282786GE0',38,3,1,'NYN129609FTIYZ96','EJW320090LUIRX20','2022-01-11',3);
INSERT INTO AsistenciaCurso(IdAsistenciaCurso,IdCurso,RFCCliente,IdSala,IdPiso,IdEdificio,CURPAgente,CURPEntrenador,Fecha,HorasAsistencia) VALUES (86,2,'BQNV154049LX8',124,14,2,'LGD784683IXAYG98','ZQT637913WDFHB36','2022-01-06',2);
INSERT INTO AsistenciaCurso(IdAsistenciaCurso,IdCurso,RFCCliente,IdSala,IdPiso,IdEdificio,CURPAgente,CURPEntrenador,Fecha,HorasAsistencia) VALUES (87,5,'AAD282786GE0',38,3,1,'CGF044994CTAEY79','EJW320090LUIRX20','2022-01-11',2);
INSERT INTO AsistenciaCurso(IdAsistenciaCurso,IdCurso,RFCCliente,IdSala,IdPiso,IdEdificio,CURPAgente,CURPEntrenador,Fecha,HorasAsistencia) VALUES (88,5,'AAD282786GE0',38,3,1,'EVT388989FKEGI97','EJW320090LUIRX20','2022-01-11',1);
INSERT INTO AsistenciaCurso(IdAsistenciaCurso,IdCurso,RFCCliente,IdSala,IdPiso,IdEdificio,CURPAgente,CURPEntrenador,Fecha,HorasAsistencia) VALUES (89,5,'AAD282786GE0',38,3,1,'CSL452181XIYWF11','EJW320090LUIRX20','2022-01-03',2);
INSERT INTO AsistenciaCurso(IdAsistenciaCurso,IdCurso,RFCCliente,IdSala,IdPiso,IdEdificio,CURPAgente,CURPEntrenador,Fecha,HorasAsistencia) VALUES (90,2,'BQNV154049LX8',124,14,2,'CGF044994CTAEY79','ZQT637913WDFHB36','2022-01-06',1);
INSERT INTO AsistenciaCurso(IdAsistenciaCurso,IdCurso,RFCCliente,IdSala,IdPiso,IdEdificio,CURPAgente,CURPEntrenador,Fecha,HorasAsistencia) VALUES (91,1,'HCE678692PS6',62,15,1,'NYN129609FTIYZ96','VJQ037276TPCXX98','2022-01-06',1);
INSERT INTO AsistenciaCurso(IdAsistenciaCurso,IdCurso,RFCCliente,IdSala,IdPiso,IdEdificio,CURPAgente,CURPEntrenador,Fecha,HorasAsistencia) VALUES (92,2,'BQNV154049LX8',124,14,2,'XUL371177HGQIX32','ZQT637913WDFHB36','2022-01-06',1);
INSERT INTO AsistenciaCurso(IdAsistenciaCurso,IdCurso,RFCCliente,IdSala,IdPiso,IdEdificio,CURPAgente,CURPEntrenador,Fecha,HorasAsistencia) VALUES (93,4,'YEI079256PP6',118,2,2,'PAD732458DLYNM08','CPI302573GVVDN91','2022-01-03',3);
INSERT INTO AsistenciaCurso(IdAsistenciaCurso,IdCurso,RFCCliente,IdSala,IdPiso,IdEdificio,CURPAgente,CURPEntrenador,Fecha,HorasAsistencia) VALUES (94,4,'YEI079256PP6',118,2,2,'PAD732458DLYNM08','CPI302573GVVDN91','2022-01-11',1);
INSERT INTO AsistenciaCurso(IdAsistenciaCurso,IdCurso,RFCCliente,IdSala,IdPiso,IdEdificio,CURPAgente,CURPEntrenador,Fecha,HorasAsistencia) VALUES (95,5,'AAD282786GE0',38,3,1,'CGF044994CTAEY79','EJW320090LUIRX20','2022-01-10',2);
INSERT INTO AsistenciaCurso(IdAsistenciaCurso,IdCurso,RFCCliente,IdSala,IdPiso,IdEdificio,CURPAgente,CURPEntrenador,Fecha,HorasAsistencia) VALUES (96,3,'BAP039629UR8',41,9,1,'XOB400838YACET66','KQJ109191WTWRZ35','2022-01-11',1);
INSERT INTO AsistenciaCurso(IdAsistenciaCurso,IdCurso,RFCCliente,IdSala,IdPiso,IdEdificio,CURPAgente,CURPEntrenador,Fecha,HorasAsistencia) VALUES (97,4,'YEI079256PP6',118,2,2,'KEJ515126ZJPTH20','CPI302573GVVDN91','2022-01-10',1);
INSERT INTO AsistenciaCurso(IdAsistenciaCurso,IdCurso,RFCCliente,IdSala,IdPiso,IdEdificio,CURPAgente,CURPEntrenador,Fecha,HorasAsistencia) VALUES (98,3,'BAP039629UR8',41,9,1,'NLQ668850IAXLM76','KQJ109191WTWRZ35','2022-01-03',2);
INSERT INTO AsistenciaCurso(IdAsistenciaCurso,IdCurso,RFCCliente,IdSala,IdPiso,IdEdificio,CURPAgente,CURPEntrenador,Fecha,HorasAsistencia) VALUES (99,4,'YEI079256PP6',118,2,2,'KEJ515126ZJPTH20','CPI302573GVVDN91','2022-01-03',3);
INSERT INTO AsistenciaCurso(IdAsistenciaCurso,IdCurso,RFCCliente,IdSala,IdPiso,IdEdificio,CURPAgente,CURPEntrenador,Fecha,HorasAsistencia) VALUES (100,5,'AAD282786GE0',38,3,1,'XOB400838YACET66','EJW320090LUIRX20','2022-01-06',1);
INSERT INTO AsistenciaCurso(IdAsistenciaCurso,IdCurso,RFCCliente,IdSala,IdPiso,IdEdificio,CURPAgente,CURPEntrenador,Fecha,HorasAsistencia) VALUES (101,5,'AAD282786GE0',38,3,1,'WZR512185RBWIU34','EJW320090LUIRX20','2022-01-03',2);
INSERT INTO AsistenciaCurso(IdAsistenciaCurso,IdCurso,RFCCliente,IdSala,IdPiso,IdEdificio,CURPAgente,CURPEntrenador,Fecha,HorasAsistencia) VALUES (102,1,'HCE678692PS6',62,15,1,'XOB400838YACET66','VJQ037276TPCXX98','2022-01-10',1);
INSERT INTO AsistenciaCurso(IdAsistenciaCurso,IdCurso,RFCCliente,IdSala,IdPiso,IdEdificio,CURPAgente,CURPEntrenador,Fecha,HorasAsistencia) VALUES (103,2,'BQNV154049LX8',124,14,2,'VTA219151PMMEG22','ZQT637913WDFHB36','2022-01-11',2);
INSERT INTO AsistenciaCurso(IdAsistenciaCurso,IdCurso,RFCCliente,IdSala,IdPiso,IdEdificio,CURPAgente,CURPEntrenador,Fecha,HorasAsistencia) VALUES (104,2,'BQNV154049LX8',124,14,2,'NLQ668850IAXLM76','ZQT637913WDFHB36','2022-01-10',1);
INSERT INTO AsistenciaCurso(IdAsistenciaCurso,IdCurso,RFCCliente,IdSala,IdPiso,IdEdificio,CURPAgente,CURPEntrenador,Fecha,HorasAsistencia) VALUES (105,2,'BQNV154049LX8',124,14,2,'WZR512185RBWIU34','ZQT637913WDFHB36','2022-01-06',2);
INSERT INTO AsistenciaCurso(IdAsistenciaCurso,IdCurso,RFCCliente,IdSala,IdPiso,IdEdificio,CURPAgente,CURPEntrenador,Fecha,HorasAsistencia) VALUES (106,5,'AAD282786GE0',38,3,1,'WZR512185RBWIU34','EJW320090LUIRX20','2022-01-11',2);
INSERT INTO AsistenciaCurso(IdAsistenciaCurso,IdCurso,RFCCliente,IdSala,IdPiso,IdEdificio,CURPAgente,CURPEntrenador,Fecha,HorasAsistencia) VALUES (107,4,'YEI079256PP6',118,2,2,'RTC443654YSZGC43','CPI302573GVVDN91','2022-01-10',3);
INSERT INTO AsistenciaCurso(IdAsistenciaCurso,IdCurso,RFCCliente,IdSala,IdPiso,IdEdificio,CURPAgente,CURPEntrenador,Fecha,HorasAsistencia) VALUES (108,4,'YEI079256PP6',118,2,2,'XOB400838YACET66','CPI302573GVVDN91','2022-01-03',2);
INSERT INTO AsistenciaCurso(IdAsistenciaCurso,IdCurso,RFCCliente,IdSala,IdPiso,IdEdificio,CURPAgente,CURPEntrenador,Fecha,HorasAsistencia) VALUES (109,5,'AAD282786GE0',38,3,1,'VTA219151PMMEG22','EJW320090LUIRX20','2022-01-06',1);
INSERT INTO AsistenciaCurso(IdAsistenciaCurso,IdCurso,RFCCliente,IdSala,IdPiso,IdEdificio,CURPAgente,CURPEntrenador,Fecha,HorasAsistencia) VALUES (110,3,'BAP039629UR8',41,9,1,'RTC443654YSZGC43','KQJ109191WTWRZ35','2022-01-06',1);
INSERT INTO AsistenciaCurso(IdAsistenciaCurso,IdCurso,RFCCliente,IdSala,IdPiso,IdEdificio,CURPAgente,CURPEntrenador,Fecha,HorasAsistencia) VALUES (111,2,'BQNV154049LX8',124,14,2,'NLQ668850IAXLM76','ZQT637913WDFHB36','2022-01-06',3);
INSERT INTO AsistenciaCurso(IdAsistenciaCurso,IdCurso,RFCCliente,IdSala,IdPiso,IdEdificio,CURPAgente,CURPEntrenador,Fecha,HorasAsistencia) VALUES (112,3,'BAP039629UR8',41,9,1,'NLQ668850IAXLM76','KQJ109191WTWRZ35','2022-01-11',1);
INSERT INTO AsistenciaCurso(IdAsistenciaCurso,IdCurso,RFCCliente,IdSala,IdPiso,IdEdificio,CURPAgente,CURPEntrenador,Fecha,HorasAsistencia) VALUES (113,5,'AAD282786GE0',38,3,1,'RTC443654YSZGC43','EJW320090LUIRX20','2022-01-03',2);
INSERT INTO AsistenciaCurso(IdAsistenciaCurso,IdCurso,RFCCliente,IdSala,IdPiso,IdEdificio,CURPAgente,CURPEntrenador,Fecha,HorasAsistencia) VALUES (114,4,'YEI079256PP6',118,2,2,'IHI886614WBDZM63','CPI302573GVVDN91','2021-07-23',1);
INSERT INTO AsistenciaCurso(IdAsistenciaCurso,IdCurso,RFCCliente,IdSala,IdPiso,IdEdificio,CURPAgente,CURPEntrenador,Fecha,HorasAsistencia) VALUES (115,5,'AAD282786GE0',38,3,1,'JWQ926542NXHWQ53','EJW320090LUIRX20','2021-07-16',3);
INSERT INTO AsistenciaCurso(IdAsistenciaCurso,IdCurso,RFCCliente,IdSala,IdPiso,IdEdificio,CURPAgente,CURPEntrenador,Fecha,HorasAsistencia) VALUES (116,5,'AAD282786GE0',38,3,1,'ZDS335551UZLQZ38','EJW320090LUIRX20','2021-07-16',2);
INSERT INTO AsistenciaCurso(IdAsistenciaCurso,IdCurso,RFCCliente,IdSala,IdPiso,IdEdificio,CURPAgente,CURPEntrenador,Fecha,HorasAsistencia) VALUES (117,1,'HCE678692PS6',62,15,1,'UFS284225XDKUR13','VJQ037276TPCXX98','2021-07-17',1);
INSERT INTO AsistenciaCurso(IdAsistenciaCurso,IdCurso,RFCCliente,IdSala,IdPiso,IdEdificio,CURPAgente,CURPEntrenador,Fecha,HorasAsistencia) VALUES (118,1,'HCE678692PS6',62,15,1,'XUS864344JANHF31','VJQ037276TPCXX98','2021-07-23',1);
INSERT INTO AsistenciaCurso(IdAsistenciaCurso,IdCurso,RFCCliente,IdSala,IdPiso,IdEdificio,CURPAgente,CURPEntrenador,Fecha,HorasAsistencia) VALUES (119,4,'YEI079256PP6',118,2,2,'DMP218440HEPSF41','CPI302573GVVDN91','2021-07-16',3);
INSERT INTO AsistenciaCurso(IdAsistenciaCurso,IdCurso,RFCCliente,IdSala,IdPiso,IdEdificio,CURPAgente,CURPEntrenador,Fecha,HorasAsistencia) VALUES (120,2,'BQNV154049LX8',124,14,2,'FJA318424ILUIT82','ZQT637913WDFHB36','2021-07-23',2);
INSERT INTO AsistenciaCurso(IdAsistenciaCurso,IdCurso,RFCCliente,IdSala,IdPiso,IdEdificio,CURPAgente,CURPEntrenador,Fecha,HorasAsistencia) VALUES (121,5,'AAD282786GE0',38,3,1,'UFS284225XDKUR13','EJW320090LUIRX20','2021-07-16',1);
INSERT INTO AsistenciaCurso(IdAsistenciaCurso,IdCurso,RFCCliente,IdSala,IdPiso,IdEdificio,CURPAgente,CURPEntrenador,Fecha,HorasAsistencia) VALUES (122,2,'BQNV154049LX8',124,14,2,'VWY891661RWUNE21','ZQT637913WDFHB36','2021-07-23',3);
INSERT INTO AsistenciaCurso(IdAsistenciaCurso,IdCurso,RFCCliente,IdSala,IdPiso,IdEdificio,CURPAgente,CURPEntrenador,Fecha,HorasAsistencia) VALUES (123,1,'HCE678692PS6',62,15,1,'HGL199031TFSWT52','VJQ037276TPCXX98','2021-07-16',3);
INSERT INTO AsistenciaCurso(IdAsistenciaCurso,IdCurso,RFCCliente,IdSala,IdPiso,IdEdificio,CURPAgente,CURPEntrenador,Fecha,HorasAsistencia) VALUES (124,1,'HCE678692PS6',62,15,1,'XUS864344JANHF31','VJQ037276TPCXX98','2021-07-16',1);
INSERT INTO AsistenciaCurso(IdAsistenciaCurso,IdCurso,RFCCliente,IdSala,IdPiso,IdEdificio,CURPAgente,CURPEntrenador,Fecha,HorasAsistencia) VALUES (125,4,'YEI079256PP6',118,2,2,'UFS284225XDKUR13','CPI302573GVVDN91','2021-07-24',3);
INSERT INTO AsistenciaCurso(IdAsistenciaCurso,IdCurso,RFCCliente,IdSala,IdPiso,IdEdificio,CURPAgente,CURPEntrenador,Fecha,HorasAsistencia) VALUES (126,2,'BQNV154049LX8',124,14,2,'CGU302283XPUFK97','ZQT637913WDFHB36','2021-07-24',1);
INSERT INTO AsistenciaCurso(IdAsistenciaCurso,IdCurso,RFCCliente,IdSala,IdPiso,IdEdificio,CURPAgente,CURPEntrenador,Fecha,HorasAsistencia) VALUES (127,5,'AAD282786GE0',38,3,1,'FJA318424ILUIT82','EJW320090LUIRX20','2021-07-16',3);
INSERT INTO AsistenciaCurso(IdAsistenciaCurso,IdCurso,RFCCliente,IdSala,IdPiso,IdEdificio,CURPAgente,CURPEntrenador,Fecha,HorasAsistencia) VALUES (128,4,'YEI079256PP6',118,2,2,'CGU302283XPUFK97','CPI302573GVVDN91','2021-07-23',3);
INSERT INTO AsistenciaCurso(IdAsistenciaCurso,IdCurso,RFCCliente,IdSala,IdPiso,IdEdificio,CURPAgente,CURPEntrenador,Fecha,HorasAsistencia) VALUES (129,4,'YEI079256PP6',118,2,2,'HGL199031TFSWT52','CPI302573GVVDN91','2021-07-23',1);
INSERT INTO AsistenciaCurso(IdAsistenciaCurso,IdCurso,RFCCliente,IdSala,IdPiso,IdEdificio,CURPAgente,CURPEntrenador,Fecha,HorasAsistencia) VALUES (130,5,'AAD282786GE0',38,3,1,'XUS864344JANHF31','EJW320090LUIRX20','2021-07-24',1);
INSERT INTO AsistenciaCurso(IdAsistenciaCurso,IdCurso,RFCCliente,IdSala,IdPiso,IdEdificio,CURPAgente,CURPEntrenador,Fecha,HorasAsistencia) VALUES (131,3,'BAP039629UR8',41,9,1,'UUG515651SUHOH93','KQJ109191WTWRZ35','2021-07-16',3);
INSERT INTO AsistenciaCurso(IdAsistenciaCurso,IdCurso,RFCCliente,IdSala,IdPiso,IdEdificio,CURPAgente,CURPEntrenador,Fecha,HorasAsistencia) VALUES (132,5,'AAD282786GE0',38,3,1,'HGL199031TFSWT52','EJW320090LUIRX20','2021-07-24',2);
INSERT INTO AsistenciaCurso(IdAsistenciaCurso,IdCurso,RFCCliente,IdSala,IdPiso,IdEdificio,CURPAgente,CURPEntrenador,Fecha,HorasAsistencia) VALUES (133,3,'BAP039629UR8',41,9,1,'IML125538AGBXV99','KQJ109191WTWRZ35','2021-07-17',3);
INSERT INTO AsistenciaCurso(IdAsistenciaCurso,IdCurso,RFCCliente,IdSala,IdPiso,IdEdificio,CURPAgente,CURPEntrenador,Fecha,HorasAsistencia) VALUES (134,3,'BAP039629UR8',41,9,1,'DCN935610QCQSN81','KQJ109191WTWRZ35','2021-07-17',3);
INSERT INTO AsistenciaCurso(IdAsistenciaCurso,IdCurso,RFCCliente,IdSala,IdPiso,IdEdificio,CURPAgente,CURPEntrenador,Fecha,HorasAsistencia) VALUES (135,1,'HCE678692PS6',62,15,1,'DRV108706GCNNQ13','VJQ037276TPCXX98','2021-07-23',1);
INSERT INTO AsistenciaCurso(IdAsistenciaCurso,IdCurso,RFCCliente,IdSala,IdPiso,IdEdificio,CURPAgente,CURPEntrenador,Fecha,HorasAsistencia) VALUES (136,3,'BAP039629UR8',41,9,1,'DMP218440HEPSF41','KQJ109191WTWRZ35','2021-07-17',2);
INSERT INTO AsistenciaCurso(IdAsistenciaCurso,IdCurso,RFCCliente,IdSala,IdPiso,IdEdificio,CURPAgente,CURPEntrenador,Fecha,HorasAsistencia) VALUES (137,3,'BAP039629UR8',41,9,1,'JWQ926542NXHWQ53','KQJ109191WTWRZ35','2021-07-17',3);
INSERT INTO AsistenciaCurso(IdAsistenciaCurso,IdCurso,RFCCliente,IdSala,IdPiso,IdEdificio,CURPAgente,CURPEntrenador,Fecha,HorasAsistencia) VALUES (138,4,'YEI079256PP6',118,2,2,'FJA318424ILUIT82','CPI302573GVVDN91','2021-07-17',1);
INSERT INTO AsistenciaCurso(IdAsistenciaCurso,IdCurso,RFCCliente,IdSala,IdPiso,IdEdificio,CURPAgente,CURPEntrenador,Fecha,HorasAsistencia) VALUES (139,4,'YEI079256PP6',118,2,2,'PNO292698JVWEW14','CPI302573GVVDN91','2021-07-16',1);
INSERT INTO AsistenciaCurso(IdAsistenciaCurso,IdCurso,RFCCliente,IdSala,IdPiso,IdEdificio,CURPAgente,CURPEntrenador,Fecha,HorasAsistencia) VALUES (140,3,'BAP039629UR8',41,9,1,'CGU302283XPUFK97','KQJ109191WTWRZ35','2021-07-17',1);
INSERT INTO AsistenciaCurso(IdAsistenciaCurso,IdCurso,RFCCliente,IdSala,IdPiso,IdEdificio,CURPAgente,CURPEntrenador,Fecha,HorasAsistencia) VALUES (141,4,'YEI079256PP6',118,2,2,'PNO292698JVWEW14','CPI302573GVVDN91','2021-07-17',3);
INSERT INTO AsistenciaCurso(IdAsistenciaCurso,IdCurso,RFCCliente,IdSala,IdPiso,IdEdificio,CURPAgente,CURPEntrenador,Fecha,HorasAsistencia) VALUES (142,4,'YEI079256PP6',118,2,2,'UUG515651SUHOH93','CPI302573GVVDN91','2021-07-17',3);
INSERT INTO AsistenciaCurso(IdAsistenciaCurso,IdCurso,RFCCliente,IdSala,IdPiso,IdEdificio,CURPAgente,CURPEntrenador,Fecha,HorasAsistencia) VALUES (143,5,'AAD282786GE0',38,3,1,'DRV108706GCNNQ13','EJW320090LUIRX20','2021-07-16',3);
INSERT INTO AsistenciaCurso(IdAsistenciaCurso,IdCurso,RFCCliente,IdSala,IdPiso,IdEdificio,CURPAgente,CURPEntrenador,Fecha,HorasAsistencia) VALUES (144,1,'HCE678692PS6',62,15,1,'DMP218440HEPSF41','VJQ037276TPCXX98','2021-07-24',1);
INSERT INTO AsistenciaCurso(IdAsistenciaCurso,IdCurso,RFCCliente,IdSala,IdPiso,IdEdificio,CURPAgente,CURPEntrenador,Fecha,HorasAsistencia) VALUES (145,1,'HCE678692PS6',62,15,1,'XUS864344JANHF31','VJQ037276TPCXX98','2021-07-17',1);
INSERT INTO AsistenciaCurso(IdAsistenciaCurso,IdCurso,RFCCliente,IdSala,IdPiso,IdEdificio,CURPAgente,CURPEntrenador,Fecha,HorasAsistencia) VALUES (146,2,'BQNV154049LX8',124,14,2,'CGU302283XPUFK97','ZQT637913WDFHB36','2021-07-16',1);
INSERT INTO AsistenciaCurso(IdAsistenciaCurso,IdCurso,RFCCliente,IdSala,IdPiso,IdEdificio,CURPAgente,CURPEntrenador,Fecha,HorasAsistencia) VALUES (147,1,'HCE678692PS6',62,15,1,'OLL278741LFBNK78','VJQ037276TPCXX98','2021-07-16',2);
INSERT INTO AsistenciaCurso(IdAsistenciaCurso,IdCurso,RFCCliente,IdSala,IdPiso,IdEdificio,CURPAgente,CURPEntrenador,Fecha,HorasAsistencia) VALUES (148,3,'BAP039629UR8',41,9,1,'IHI886614WBDZM63','KQJ109191WTWRZ35','2021-07-24',1);
INSERT INTO AsistenciaCurso(IdAsistenciaCurso,IdCurso,RFCCliente,IdSala,IdPiso,IdEdificio,CURPAgente,CURPEntrenador,Fecha,HorasAsistencia) VALUES (149,4,'YEI079256PP6',118,2,2,'JWQ926542NXHWQ53','CPI302573GVVDN91','2021-07-24',1);
INSERT INTO AsistenciaCurso(IdAsistenciaCurso,IdCurso,RFCCliente,IdSala,IdPiso,IdEdificio,CURPAgente,CURPEntrenador,Fecha,HorasAsistencia) VALUES (150,3,'BAP039629UR8',41,9,1,'HGL199031TFSWT52','KQJ109191WTWRZ35','2021-07-17',1);
INSERT INTO AsistenciaCurso(IdAsistenciaCurso,IdCurso,RFCCliente,IdSala,IdPiso,IdEdificio,CURPAgente,CURPEntrenador,Fecha,HorasAsistencia) VALUES (151,3,'BAP039629UR8',41,9,1,'AVZ590726EALHT78','KQJ109191WTWRZ35','2021-07-17',1);
INSERT INTO AsistenciaCurso(IdAsistenciaCurso,IdCurso,RFCCliente,IdSala,IdPiso,IdEdificio,CURPAgente,CURPEntrenador,Fecha,HorasAsistencia) VALUES (152,5,'AAD282786GE0',38,3,1,'DCN935610QCQSN81','EJW320090LUIRX20','2021-07-16',1);
INSERT INTO AsistenciaCurso(IdAsistenciaCurso,IdCurso,RFCCliente,IdSala,IdPiso,IdEdificio,CURPAgente,CURPEntrenador,Fecha,HorasAsistencia) VALUES (153,1,'HCE678692PS6',62,15,1,'DCN935610QCQSN81','VJQ037276TPCXX98','2021-07-24',1);
INSERT INTO AsistenciaCurso(IdAsistenciaCurso,IdCurso,RFCCliente,IdSala,IdPiso,IdEdificio,CURPAgente,CURPEntrenador,Fecha,HorasAsistencia) VALUES (155,5,'AAD282786GE0',38,3,1,'UUG515651SUHOH93','EJW320090LUIRX20','2021-07-23',3);
INSERT INTO AsistenciaCurso(IdAsistenciaCurso,IdCurso,RFCCliente,IdSala,IdPiso,IdEdificio,CURPAgente,CURPEntrenador,Fecha,HorasAsistencia) VALUES (156,5,'AAD282786GE0',38,3,1,'IHI886614WBDZM63','EJW320090LUIRX20','2021-07-16',2);
INSERT INTO AsistenciaCurso(IdAsistenciaCurso,IdCurso,RFCCliente,IdSala,IdPiso,IdEdificio,CURPAgente,CURPEntrenador,Fecha,HorasAsistencia) VALUES (157,5,'AAD282786GE0',38,3,1,'AVZ590726EALHT78','EJW320090LUIRX20','2021-07-23',1);
INSERT INTO AsistenciaCurso(IdAsistenciaCurso,IdCurso,RFCCliente,IdSala,IdPiso,IdEdificio,CURPAgente,CURPEntrenador,Fecha,HorasAsistencia) VALUES (158,5,'AAD282786GE0',38,3,1,'DRV108706GCNNQ13','EJW320090LUIRX20','2021-07-17',1);
INSERT INTO AsistenciaCurso(IdAsistenciaCurso,IdCurso,RFCCliente,IdSala,IdPiso,IdEdificio,CURPAgente,CURPEntrenador,Fecha,HorasAsistencia) VALUES (159,2,'BQNV154049LX8',124,14,2,'ZDS335551UZLQZ38','ZQT637913WDFHB36','2021-07-23',2);
INSERT INTO AsistenciaCurso(IdAsistenciaCurso,IdCurso,RFCCliente,IdSala,IdPiso,IdEdificio,CURPAgente,CURPEntrenador,Fecha,HorasAsistencia) VALUES (160,4,'YEI079256PP6',118,2,2,'DMP218440HEPSF41','CPI302573GVVDN91','2021-07-23',3);
INSERT INTO AsistenciaCurso(IdAsistenciaCurso,IdCurso,RFCCliente,IdSala,IdPiso,IdEdificio,CURPAgente,CURPEntrenador,Fecha,HorasAsistencia) VALUES (161,3,'BAP039629UR8',41,9,1,'FJA318424ILUIT82','KQJ109191WTWRZ35','2021-07-24',2);
INSERT INTO AsistenciaCurso(IdAsistenciaCurso,IdCurso,RFCCliente,IdSala,IdPiso,IdEdificio,CURPAgente,CURPEntrenador,Fecha,HorasAsistencia) VALUES (162,2,'BQNV154049LX8',124,14,2,'UUG515651SUHOH93','ZQT637913WDFHB36','2021-07-24',2);
INSERT INTO AsistenciaCurso(IdAsistenciaCurso,IdCurso,RFCCliente,IdSala,IdPiso,IdEdificio,CURPAgente,CURPEntrenador,Fecha,HorasAsistencia) VALUES (163,1,'HCE678692PS6',62,15,1,'VWY891661RWUNE21','VJQ037276TPCXX98','2021-07-17',1);
INSERT INTO AsistenciaCurso(IdAsistenciaCurso,IdCurso,RFCCliente,IdSala,IdPiso,IdEdificio,CURPAgente,CURPEntrenador,Fecha,HorasAsistencia) VALUES (164,5,'AAD282786GE0',38,3,1,'IHI886614WBDZM63','EJW320090LUIRX20','2021-07-17',1);
INSERT INTO AsistenciaCurso(IdAsistenciaCurso,IdCurso,RFCCliente,IdSala,IdPiso,IdEdificio,CURPAgente,CURPEntrenador,Fecha,HorasAsistencia) VALUES (165,5,'AAD282786GE0',38,3,1,'DRE494254SQQFR92','EJW320090LUIRX20','2021-07-24',2);
INSERT INTO AsistenciaCurso(IdAsistenciaCurso,IdCurso,RFCCliente,IdSala,IdPiso,IdEdificio,CURPAgente,CURPEntrenador,Fecha,HorasAsistencia) VALUES (166,1,'HCE678692PS6',62,15,1,'IML125538AGBXV99','VJQ037276TPCXX98','2021-07-16',2);
INSERT INTO AsistenciaCurso(IdAsistenciaCurso,IdCurso,RFCCliente,IdSala,IdPiso,IdEdificio,CURPAgente,CURPEntrenador,Fecha,HorasAsistencia) VALUES (167,2,'BQNV154049LX8',124,14,2,'ZDS335551UZLQZ38','ZQT637913WDFHB36','2021-07-24',2);
INSERT INTO AsistenciaCurso(IdAsistenciaCurso,IdCurso,RFCCliente,IdSala,IdPiso,IdEdificio,CURPAgente,CURPEntrenador,Fecha,HorasAsistencia) VALUES (168,2,'BQNV154049LX8',124,14,2,'OLL278741LFBNK78','ZQT637913WDFHB36','2021-07-17',1);
INSERT INTO AsistenciaCurso(IdAsistenciaCurso,IdCurso,RFCCliente,IdSala,IdPiso,IdEdificio,CURPAgente,CURPEntrenador,Fecha,HorasAsistencia) VALUES (169,4,'YEI079256PP6',118,2,2,'AVZ590726EALHT78','CPI302573GVVDN91','2021-07-24',2);
INSERT INTO AsistenciaCurso(IdAsistenciaCurso,IdCurso,RFCCliente,IdSala,IdPiso,IdEdificio,CURPAgente,CURPEntrenador,Fecha,HorasAsistencia) VALUES (170,4,'YEI079256PP6',118,2,2,'IML125538AGBXV99','CPI302573GVVDN91','2021-07-23',3);
INSERT INTO AsistenciaCurso(IdAsistenciaCurso,IdCurso,RFCCliente,IdSala,IdPiso,IdEdificio,CURPAgente,CURPEntrenador,Fecha,HorasAsistencia) VALUES (171,2,'BQNV154049LX8',124,14,2,'OLL278741LFBNK78','ZQT637913WDFHB36','2021-07-24',2);
INSERT INTO AsistenciaCurso(IdAsistenciaCurso,IdCurso,RFCCliente,IdSala,IdPiso,IdEdificio,CURPAgente,CURPEntrenador,Fecha,HorasAsistencia) VALUES (172,4,'YEI079256PP6',118,2,2,'DXG253433WWGTR38','CPI302573GVVDN91','2021-07-23',1);
INSERT INTO AsistenciaCurso(IdAsistenciaCurso,IdCurso,RFCCliente,IdSala,IdPiso,IdEdificio,CURPAgente,CURPEntrenador,Fecha,HorasAsistencia) VALUES (173,3,'BAP039629UR8',41,9,1,'DXG253433WWGTR38','KQJ109191WTWRZ35','2021-07-24',2);
INSERT INTO AsistenciaCurso(IdAsistenciaCurso,IdCurso,RFCCliente,IdSala,IdPiso,IdEdificio,CURPAgente,CURPEntrenador,Fecha,HorasAsistencia) VALUES (174,3,'BAP039629UR8',41,9,1,'RZM680317IUQOI91','KQJ109191WTWRZ35','2021-07-16',3);
INSERT INTO AsistenciaCurso(IdAsistenciaCurso,IdCurso,RFCCliente,IdSala,IdPiso,IdEdificio,CURPAgente,CURPEntrenador,Fecha,HorasAsistencia) VALUES (175,5,'AAD282786GE0',38,3,1,'ZDS335551UZLQZ38','EJW320090LUIRX20','2021-07-17',2);
INSERT INTO AsistenciaCurso(IdAsistenciaCurso,IdCurso,RFCCliente,IdSala,IdPiso,IdEdificio,CURPAgente,CURPEntrenador,Fecha,HorasAsistencia) VALUES (176,3,'BAP039629UR8',41,9,1,'AVZ590726EALHT78','KQJ109191WTWRZ35','2021-07-16',2);
INSERT INTO AsistenciaCurso(IdAsistenciaCurso,IdCurso,RFCCliente,IdSala,IdPiso,IdEdificio,CURPAgente,CURPEntrenador,Fecha,HorasAsistencia) VALUES (177,4,'YEI079256PP6',118,2,2,'VWY891661RWUNE21','CPI302573GVVDN91','2021-07-16',3);
INSERT INTO AsistenciaCurso(IdAsistenciaCurso,IdCurso,RFCCliente,IdSala,IdPiso,IdEdificio,CURPAgente,CURPEntrenador,Fecha,HorasAsistencia) VALUES (178,5,'AAD282786GE0',38,3,1,'DRE494254SQQFR92','EJW320090LUIRX20','2021-07-23',1);
INSERT INTO AsistenciaCurso(IdAsistenciaCurso,IdCurso,RFCCliente,IdSala,IdPiso,IdEdificio,CURPAgente,CURPEntrenador,Fecha,HorasAsistencia) VALUES (179,4,'YEI079256PP6',118,2,2,'DRV108706GCNNQ13','CPI302573GVVDN91','2021-07-24',3);
INSERT INTO AsistenciaCurso(IdAsistenciaCurso,IdCurso,RFCCliente,IdSala,IdPiso,IdEdificio,CURPAgente,CURPEntrenador,Fecha,HorasAsistencia) VALUES (180,3,'BAP039629UR8',41,9,1,'IML125538AGBXV99','KQJ109191WTWRZ35','2021-07-24',2);
INSERT INTO AsistenciaCurso(IdAsistenciaCurso,IdCurso,RFCCliente,IdSala,IdPiso,IdEdificio,CURPAgente,CURPEntrenador,Fecha,HorasAsistencia) VALUES (181,4,'YEI079256PP6',118,2,2,'UFS284225XDKUR13','CPI302573GVVDN91','2021-07-23',2);
INSERT INTO AsistenciaCurso(IdAsistenciaCurso,IdCurso,RFCCliente,IdSala,IdPiso,IdEdificio,CURPAgente,CURPEntrenador,Fecha,HorasAsistencia) VALUES (182,2,'BQNV154049LX8',124,14,2,'DCN935610QCQSN81','ZQT637913WDFHB36','2021-07-23',2);
INSERT INTO AsistenciaCurso(IdAsistenciaCurso,IdCurso,RFCCliente,IdSala,IdPiso,IdEdificio,CURPAgente,CURPEntrenador,Fecha,HorasAsistencia) VALUES (183,2,'BQNV154049LX8',124,14,2,'PNO292698JVWEW14','ZQT637913WDFHB36','2021-07-24',2);
INSERT INTO AsistenciaCurso(IdAsistenciaCurso,IdCurso,RFCCliente,IdSala,IdPiso,IdEdificio,CURPAgente,CURPEntrenador,Fecha,HorasAsistencia) VALUES (184,1,'HCE678692PS6',62,15,1,'AVZ590726EALHT78','VJQ037276TPCXX98','2021-07-17',1);
INSERT INTO AsistenciaCurso(IdAsistenciaCurso,IdCurso,RFCCliente,IdSala,IdPiso,IdEdificio,CURPAgente,CURPEntrenador,Fecha,HorasAsistencia) VALUES (185,2,'BQNV154049LX8',124,14,2,'VWY891661RWUNE21','ZQT637913WDFHB36','2021-07-23',1);
INSERT INTO AsistenciaCurso(IdAsistenciaCurso,IdCurso,RFCCliente,IdSala,IdPiso,IdEdificio,CURPAgente,CURPEntrenador,Fecha,HorasAsistencia) VALUES (186,4,'YEI079256PP6',118,2,2,'PNO292698JVWEW14','CPI302573GVVDN91','2021-07-23',3);
INSERT INTO AsistenciaCurso(IdAsistenciaCurso,IdCurso,RFCCliente,IdSala,IdPiso,IdEdificio,CURPAgente,CURPEntrenador,Fecha,HorasAsistencia) VALUES (187,2,'BQNV154049LX8',124,14,2,'JWQ926542NXHWQ53','ZQT637913WDFHB36','2021-07-23',2);
INSERT INTO AsistenciaCurso(IdAsistenciaCurso,IdCurso,RFCCliente,IdSala,IdPiso,IdEdificio,CURPAgente,CURPEntrenador,Fecha,HorasAsistencia) VALUES (188,3,'BAP039629UR8',41,9,1,'DCG842926ACADM12','KQJ109191WTWRZ35','2021-07-24',1);
INSERT INTO AsistenciaCurso(IdAsistenciaCurso,IdCurso,RFCCliente,IdSala,IdPiso,IdEdificio,CURPAgente,CURPEntrenador,Fecha,HorasAsistencia) VALUES (189,5,'AAD282786GE0',38,3,1,'MOZ572863ZCZLT42','EJW320090LUIRX20','2021-07-16',2);
INSERT INTO AsistenciaCurso(IdAsistenciaCurso,IdCurso,RFCCliente,IdSala,IdPiso,IdEdificio,CURPAgente,CURPEntrenador,Fecha,HorasAsistencia) VALUES (190,4,'YEI079256PP6',118,2,2,'PES814498YNZVJ68','CPI302573GVVDN91','2021-07-24',1);
INSERT INTO AsistenciaCurso(IdAsistenciaCurso,IdCurso,RFCCliente,IdSala,IdPiso,IdEdificio,CURPAgente,CURPEntrenador,Fecha,HorasAsistencia) VALUES (191,4,'YEI079256PP6',118,2,2,'DCG842926ACADM12','CPI302573GVVDN91','2021-07-16',1);
INSERT INTO AsistenciaCurso(IdAsistenciaCurso,IdCurso,RFCCliente,IdSala,IdPiso,IdEdificio,CURPAgente,CURPEntrenador,Fecha,HorasAsistencia) VALUES (192,1,'HCE678692PS6',62,15,1,'QXQ636579ZIIRM52','VJQ037276TPCXX98','2021-07-17',2);
INSERT INTO AsistenciaCurso(IdAsistenciaCurso,IdCurso,RFCCliente,IdSala,IdPiso,IdEdificio,CURPAgente,CURPEntrenador,Fecha,HorasAsistencia) VALUES (193,3,'BAP039629UR8',41,9,1,'CGK424976WXHRW76','KQJ109191WTWRZ35','2021-07-17',2);
INSERT INTO AsistenciaCurso(IdAsistenciaCurso,IdCurso,RFCCliente,IdSala,IdPiso,IdEdificio,CURPAgente,CURPEntrenador,Fecha,HorasAsistencia) VALUES (194,1,'HCE678692PS6',62,15,1,'MOZ572863ZCZLT42','VJQ037276TPCXX98','2021-07-23',2);
INSERT INTO AsistenciaCurso(IdAsistenciaCurso,IdCurso,RFCCliente,IdSala,IdPiso,IdEdificio,CURPAgente,CURPEntrenador,Fecha,HorasAsistencia) VALUES (195,4,'YEI079256PP6',118,2,2,'XOU764871JGIMD53','CPI302573GVVDN91','2021-07-23',2);
INSERT INTO AsistenciaCurso(IdAsistenciaCurso,IdCurso,RFCCliente,IdSala,IdPiso,IdEdificio,CURPAgente,CURPEntrenador,Fecha,HorasAsistencia) VALUES (196,4,'YEI079256PP6',118,2,2,'XOU764871JGIMD53','CPI302573GVVDN91','2021-07-17',3);
INSERT INTO AsistenciaCurso(IdAsistenciaCurso,IdCurso,RFCCliente,IdSala,IdPiso,IdEdificio,CURPAgente,CURPEntrenador,Fecha,HorasAsistencia) VALUES (197,5,'AAD282786GE0',38,3,1,'CGK424976WXHRW76','EJW320090LUIRX20','2021-07-16',1);
INSERT INTO AsistenciaCurso(IdAsistenciaCurso,IdCurso,RFCCliente,IdSala,IdPiso,IdEdificio,CURPAgente,CURPEntrenador,Fecha,HorasAsistencia) VALUES (198,2,'BQNV154049LX8',124,14,2,'PES814498YNZVJ68','ZQT637913WDFHB36','2021-07-16',3);
INSERT INTO AsistenciaCurso(IdAsistenciaCurso,IdCurso,RFCCliente,IdSala,IdPiso,IdEdificio,CURPAgente,CURPEntrenador,Fecha,HorasAsistencia) VALUES (199,2,'BQNV154049LX8',124,14,2,'YDE357105ULASF58','ZQT637913WDFHB36','2021-07-24',1);
INSERT INTO AsistenciaCurso(IdAsistenciaCurso,IdCurso,RFCCliente,IdSala,IdPiso,IdEdificio,CURPAgente,CURPEntrenador,Fecha,HorasAsistencia) VALUES (200,5,'AAD282786GE0',38,3,1,'XOU764871JGIMD53','EJW320090LUIRX20','2021-07-24',3);
INSERT INTO AsistenciaCurso(IdAsistenciaCurso,IdCurso,RFCCliente,IdSala,IdPiso,IdEdificio,CURPAgente,CURPEntrenador,Fecha,HorasAsistencia) VALUES (201,5,'AAD282786GE0',38,3,1,'DCG842926ACADM12','EJW320090LUIRX20','2021-07-23',3);
INSERT INTO AsistenciaCurso(IdAsistenciaCurso,IdCurso,RFCCliente,IdSala,IdPiso,IdEdificio,CURPAgente,CURPEntrenador,Fecha,HorasAsistencia) VALUES (202,2,'BQNV154049LX8',124,14,2,'PES814498YNZVJ68','ZQT637913WDFHB36','2021-07-23',3);
INSERT INTO AsistenciaCurso(IdAsistenciaCurso,IdCurso,RFCCliente,IdSala,IdPiso,IdEdificio,CURPAgente,CURPEntrenador,Fecha,HorasAsistencia) VALUES (203,2,'BQNV154049LX8',124,14,2,'YDE357105ULASF58','ZQT637913WDFHB36','2021-07-16',2);
INSERT INTO AsistenciaCurso(IdAsistenciaCurso,IdCurso,RFCCliente,IdSala,IdPiso,IdEdificio,CURPAgente,CURPEntrenador,Fecha,HorasAsistencia) VALUES (204,3,'BAP039629UR8',41,9,1,'DCG842926ACADM12','KQJ109191WTWRZ35','2021-07-17',3);
INSERT INTO AsistenciaCurso(IdAsistenciaCurso,IdCurso,RFCCliente,IdSala,IdPiso,IdEdificio,CURPAgente,CURPEntrenador,Fecha,HorasAsistencia) VALUES (205,5,'AAD282786GE0',38,3,1,'XOU764871JGIMD53','EJW320090LUIRX20','2021-07-16',1);
INSERT INTO AsistenciaCurso(IdAsistenciaCurso,IdCurso,RFCCliente,IdSala,IdPiso,IdEdificio,CURPAgente,CURPEntrenador,Fecha,HorasAsistencia) VALUES (206,5,'AAD282786GE0',38,3,1,'QXQ636579ZIIRM52','EJW320090LUIRX20','2021-07-24',1);
INSERT INTO AsistenciaCurso(IdAsistenciaCurso,IdCurso,RFCCliente,IdSala,IdPiso,IdEdificio,CURPAgente,CURPEntrenador,Fecha,HorasAsistencia) VALUES (207,3,'BAP039629UR8',41,9,1,'CGK424976WXHRW76','KQJ109191WTWRZ35','2021-07-23',3);
INSERT INTO AsistenciaCurso(IdAsistenciaCurso,IdCurso,RFCCliente,IdSala,IdPiso,IdEdificio,CURPAgente,CURPEntrenador,Fecha,HorasAsistencia) VALUES (208,2,'BQNV154049LX8',124,14,2,'PES814498YNZVJ68','ZQT637913WDFHB36','2021-07-17',3);
INSERT INTO AsistenciaCurso(IdAsistenciaCurso,IdCurso,RFCCliente,IdSala,IdPiso,IdEdificio,CURPAgente,CURPEntrenador,Fecha,HorasAsistencia) VALUES (209,4,'YEI079256PP6',118,2,2,'ZEF860439JJHOE64','CPI302573GVVDN91','2021-07-23',2);
INSERT INTO AsistenciaCurso(IdAsistenciaCurso,IdCurso,RFCCliente,IdSala,IdPiso,IdEdificio,CURPAgente,CURPEntrenador,Fecha,HorasAsistencia) VALUES (210,3,'BAP039629UR8',41,9,1,'YDE357105ULASF58','KQJ109191WTWRZ35','2021-07-23',3);
INSERT INTO AsistenciaCurso(IdAsistenciaCurso,IdCurso,RFCCliente,IdSala,IdPiso,IdEdificio,CURPAgente,CURPEntrenador,Fecha,HorasAsistencia) VALUES (211,1,'HCE678692PS6',62,15,1,'EOR696891DKKHD67','VJQ037276TPCXX98','2021-08-16',3);
INSERT INTO AsistenciaCurso(IdAsistenciaCurso,IdCurso,RFCCliente,IdSala,IdPiso,IdEdificio,CURPAgente,CURPEntrenador,Fecha,HorasAsistencia) VALUES (212,2,'BQNV154049LX8',124,14,2,'LOQ010207SFNTW02','ZQT637913WDFHB36','2021-08-23',3);
INSERT INTO AsistenciaCurso(IdAsistenciaCurso,IdCurso,RFCCliente,IdSala,IdPiso,IdEdificio,CURPAgente,CURPEntrenador,Fecha,HorasAsistencia) VALUES (213,4,'YEI079256PP6',118,2,2,'CTC040122ALHKF52','CPI302573GVVDN91','2021-08-25',2);
INSERT INTO AsistenciaCurso(IdAsistenciaCurso,IdCurso,RFCCliente,IdSala,IdPiso,IdEdificio,CURPAgente,CURPEntrenador,Fecha,HorasAsistencia) VALUES (214,4,'YEI079256PP6',118,2,2,'WLT767843NYVCC69','CPI302573GVVDN91','2021-08-16',2);
INSERT INTO AsistenciaCurso(IdAsistenciaCurso,IdCurso,RFCCliente,IdSala,IdPiso,IdEdificio,CURPAgente,CURPEntrenador,Fecha,HorasAsistencia) VALUES (215,3,'BAP039629UR8',41,9,1,'TSO214831QPFML32','KQJ109191WTWRZ35','2021-08-19',1);
INSERT INTO AsistenciaCurso(IdAsistenciaCurso,IdCurso,RFCCliente,IdSala,IdPiso,IdEdificio,CURPAgente,CURPEntrenador,Fecha,HorasAsistencia) VALUES (216,3,'BAP039629UR8',41,9,1,'DRT834312VOHXU67','KQJ109191WTWRZ35','2021-08-25',1);
INSERT INTO AsistenciaCurso(IdAsistenciaCurso,IdCurso,RFCCliente,IdSala,IdPiso,IdEdificio,CURPAgente,CURPEntrenador,Fecha,HorasAsistencia) VALUES (217,2,'BQNV154049LX8',124,14,2,'WLY504922LLLCQ76','ZQT637913WDFHB36','2021-08-16',1);
INSERT INTO AsistenciaCurso(IdAsistenciaCurso,IdCurso,RFCCliente,IdSala,IdPiso,IdEdificio,CURPAgente,CURPEntrenador,Fecha,HorasAsistencia) VALUES (218,3,'BAP039629UR8',41,9,1,'CTC040122ALHKF52','KQJ109191WTWRZ35','2021-08-16',2);
INSERT INTO AsistenciaCurso(IdAsistenciaCurso,IdCurso,RFCCliente,IdSala,IdPiso,IdEdificio,CURPAgente,CURPEntrenador,Fecha,HorasAsistencia) VALUES (219,2,'BQNV154049LX8',124,14,2,'TSO214831QPFML32','ZQT637913WDFHB36','2021-08-25',1);
INSERT INTO AsistenciaCurso(IdAsistenciaCurso,IdCurso,RFCCliente,IdSala,IdPiso,IdEdificio,CURPAgente,CURPEntrenador,Fecha,HorasAsistencia) VALUES (220,5,'AAD282786GE0',38,3,1,'EOR696891DKKHD67','EJW320090LUIRX20','2021-08-25',2);
INSERT INTO AsistenciaCurso(IdAsistenciaCurso,IdCurso,RFCCliente,IdSala,IdPiso,IdEdificio,CURPAgente,CURPEntrenador,Fecha,HorasAsistencia) VALUES (221,3,'BAP039629UR8',41,9,1,'EOR696891DKKHD67','KQJ109191WTWRZ35','2021-08-19',1);
INSERT INTO AsistenciaCurso(IdAsistenciaCurso,IdCurso,RFCCliente,IdSala,IdPiso,IdEdificio,CURPAgente,CURPEntrenador,Fecha,HorasAsistencia) VALUES (222,2,'BQNV154049LX8',124,14,2,'GSD335987XRSIK75','ZQT637913WDFHB36','2021-08-23',2);
INSERT INTO AsistenciaCurso(IdAsistenciaCurso,IdCurso,RFCCliente,IdSala,IdPiso,IdEdificio,CURPAgente,CURPEntrenador,Fecha,HorasAsistencia) VALUES (223,3,'BAP039629UR8',41,9,1,'WLT767843NYVCC69','KQJ109191WTWRZ35','2021-08-23',1);
INSERT INTO AsistenciaCurso(IdAsistenciaCurso,IdCurso,RFCCliente,IdSala,IdPiso,IdEdificio,CURPAgente,CURPEntrenador,Fecha,HorasAsistencia) VALUES (224,3,'BAP039629UR8',41,9,1,'WLY504922LLLCQ76','KQJ109191WTWRZ35','2021-08-23',3);
INSERT INTO AsistenciaCurso(IdAsistenciaCurso,IdCurso,RFCCliente,IdSala,IdPiso,IdEdificio,CURPAgente,CURPEntrenador,Fecha,HorasAsistencia) VALUES (225,5,'AAD282786GE0',38,3,1,'DRT834312VOHXU67','EJW320090LUIRX20','2021-08-16',2);
INSERT INTO AsistenciaCurso(IdAsistenciaCurso,IdCurso,RFCCliente,IdSala,IdPiso,IdEdificio,CURPAgente,CURPEntrenador,Fecha,HorasAsistencia) VALUES (226,5,'AAD282786GE0',38,3,1,'OXV275093SBUKL93','EJW320090LUIRX20','2021-08-19',1);
INSERT INTO AsistenciaCurso(IdAsistenciaCurso,IdCurso,RFCCliente,IdSala,IdPiso,IdEdificio,CURPAgente,CURPEntrenador,Fecha,HorasAsistencia) VALUES (227,3,'BAP039629UR8',41,9,1,'EOR696891DKKHD67','KQJ109191WTWRZ35','2021-08-23',3);
INSERT INTO AsistenciaCurso(IdAsistenciaCurso,IdCurso,RFCCliente,IdSala,IdPiso,IdEdificio,CURPAgente,CURPEntrenador,Fecha,HorasAsistencia) VALUES (228,3,'BAP039629UR8',41,9,1,'WLT767843NYVCC69','KQJ109191WTWRZ35','2021-08-19',3);
INSERT INTO AsistenciaCurso(IdAsistenciaCurso,IdCurso,RFCCliente,IdSala,IdPiso,IdEdificio,CURPAgente,CURPEntrenador,Fecha,HorasAsistencia) VALUES (229,4,'YEI079256PP6',118,2,2,'LOQ010207SFNTW02','CPI302573GVVDN91','2021-08-19',2);
INSERT INTO AsistenciaCurso(IdAsistenciaCurso,IdCurso,RFCCliente,IdSala,IdPiso,IdEdificio,CURPAgente,CURPEntrenador,Fecha,HorasAsistencia) VALUES (230,1,'HCE678692PS6',62,15,1,'ZBE452918KZRHG23','VJQ037276TPCXX98','2021-08-23',3);
INSERT INTO AsistenciaCurso(IdAsistenciaCurso,IdCurso,RFCCliente,IdSala,IdPiso,IdEdificio,CURPAgente,CURPEntrenador,Fecha,HorasAsistencia) VALUES (231,3,'BAP039629UR8',41,9,1,'GSD335987XRSIK75','KQJ109191WTWRZ35','2021-08-25',2);
INSERT INTO AsistenciaCurso(IdAsistenciaCurso,IdCurso,RFCCliente,IdSala,IdPiso,IdEdificio,CURPAgente,CURPEntrenador,Fecha,HorasAsistencia) VALUES (232,4,'YEI079256PP6',118,2,2,'CTC040122ALHKF52','CPI302573GVVDN91','2021-08-23',1);
INSERT INTO AsistenciaCurso(IdAsistenciaCurso,IdCurso,RFCCliente,IdSala,IdPiso,IdEdificio,CURPAgente,CURPEntrenador,Fecha,HorasAsistencia) VALUES (233,5,'AAD282786GE0',38,3,1,'OXV275093SBUKL93','EJW320090LUIRX20','2021-08-16',3);
INSERT INTO AsistenciaCurso(IdAsistenciaCurso,IdCurso,RFCCliente,IdSala,IdPiso,IdEdificio,CURPAgente,CURPEntrenador,Fecha,HorasAsistencia) VALUES (234,3,'BAP039629UR8',41,9,1,'ZBE452918KZRHG23','KQJ109191WTWRZ35','2021-08-16',2);
INSERT INTO AsistenciaCurso(IdAsistenciaCurso,IdCurso,RFCCliente,IdSala,IdPiso,IdEdificio,CURPAgente,CURPEntrenador,Fecha,HorasAsistencia) VALUES (235,5,'AAD282786GE0',38,3,1,'WLT767843NYVCC69','EJW320090LUIRX20','2021-08-25',1);
INSERT INTO AsistenciaCurso(IdAsistenciaCurso,IdCurso,RFCCliente,IdSala,IdPiso,IdEdificio,CURPAgente,CURPEntrenador,Fecha,HorasAsistencia) VALUES (236,1,'HCE678692PS6',62,15,1,'QTS105478OXHCL20','VJQ037276TPCXX98','2021-08-25',3);
INSERT INTO AsistenciaCurso(IdAsistenciaCurso,IdCurso,RFCCliente,IdSala,IdPiso,IdEdificio,CURPAgente,CURPEntrenador,Fecha,HorasAsistencia) VALUES (237,4,'YEI079256PP6',118,2,2,'OXV275093SBUKL93','CPI302573GVVDN91','2021-08-23',3);
INSERT INTO AsistenciaCurso(IdAsistenciaCurso,IdCurso,RFCCliente,IdSala,IdPiso,IdEdificio,CURPAgente,CURPEntrenador,Fecha,HorasAsistencia) VALUES (238,5,'AAD282786GE0',38,3,1,'QTS105478OXHCL20','EJW320090LUIRX20','2021-08-23',3);
INSERT INTO AsistenciaCurso(IdAsistenciaCurso,IdCurso,RFCCliente,IdSala,IdPiso,IdEdificio,CURPAgente,CURPEntrenador,Fecha,HorasAsistencia) VALUES (239,2,'BQNV154049LX8',124,14,2,'WLY504922LLLCQ76','ZQT637913WDFHB36','2021-08-16',2);
INSERT INTO AsistenciaCurso(IdAsistenciaCurso,IdCurso,RFCCliente,IdSala,IdPiso,IdEdificio,CURPAgente,CURPEntrenador,Fecha,HorasAsistencia) VALUES (240,4,'YEI079256PP6',118,2,2,'OXV275093SBUKL93','CPI302573GVVDN91','2021-08-25',3);
INSERT INTO AsistenciaCurso(IdAsistenciaCurso,IdCurso,RFCCliente,IdSala,IdPiso,IdEdificio,CURPAgente,CURPEntrenador,Fecha,HorasAsistencia) VALUES (241,4,'YEI079256PP6',118,2,2,'LOQ010207SFNTW02','CPI302573GVVDN91','2021-08-25',3);
INSERT INTO AsistenciaCurso(IdAsistenciaCurso,IdCurso,RFCCliente,IdSala,IdPiso,IdEdificio,CURPAgente,CURPEntrenador,Fecha,HorasAsistencia) VALUES (242,5,'AAD282786GE0',38,3,1,'LOQ010207SFNTW02','EJW320090LUIRX20','2021-08-16',3);
INSERT INTO AsistenciaCurso(IdAsistenciaCurso,IdCurso,RFCCliente,IdSala,IdPiso,IdEdificio,CURPAgente,CURPEntrenador,Fecha,HorasAsistencia) VALUES (243,1,'HCE678692PS6',62,15,1,'CTC040122ALHKF52','VJQ037276TPCXX98','2021-08-19',2);
INSERT INTO AsistenciaCurso(IdAsistenciaCurso,IdCurso,RFCCliente,IdSala,IdPiso,IdEdificio,CURPAgente,CURPEntrenador,Fecha,HorasAsistencia) VALUES (244,5,'AAD282786GE0',38,3,1,'WLY504922LLLCQ76','EJW320090LUIRX20','2021-08-19',1);
INSERT INTO AsistenciaCurso(IdAsistenciaCurso,IdCurso,RFCCliente,IdSala,IdPiso,IdEdificio,CURPAgente,CURPEntrenador,Fecha,HorasAsistencia) VALUES (245,3,'BAP039629UR8',41,9,1,'WLY504922LLLCQ76','KQJ109191WTWRZ35','2021-08-25',3);
INSERT INTO AsistenciaCurso(IdAsistenciaCurso,IdCurso,RFCCliente,IdSala,IdPiso,IdEdificio,CURPAgente,CURPEntrenador,Fecha,HorasAsistencia) VALUES (246,4,'YEI079256PP6',118,2,2,'GSD335987XRSIK75','CPI302573GVVDN91','2021-08-19',3);
INSERT INTO AsistenciaCurso(IdAsistenciaCurso,IdCurso,RFCCliente,IdSala,IdPiso,IdEdificio,CURPAgente,CURPEntrenador,Fecha,HorasAsistencia) VALUES (247,3,'BAP039629UR8',41,9,1,'ZBE452918KZRHG23','KQJ109191WTWRZ35','2021-08-19',3);
INSERT INTO AsistenciaCurso(IdAsistenciaCurso,IdCurso,RFCCliente,IdSala,IdPiso,IdEdificio,CURPAgente,CURPEntrenador,Fecha,HorasAsistencia) VALUES (248,2,'BQNV154049LX8',124,14,2,'VXH165592ZUQEZ07','ZQT637913WDFHB36','2021-08-23',1);
INSERT INTO AsistenciaCurso(IdAsistenciaCurso,IdCurso,RFCCliente,IdSala,IdPiso,IdEdificio,CURPAgente,CURPEntrenador,Fecha,HorasAsistencia) VALUES (249,5,'AAD282786GE0',38,3,1,'AZS735697MIAUJ08','EJW320090LUIRX20','2021-08-19',2);
INSERT INTO AsistenciaCurso(IdAsistenciaCurso,IdCurso,RFCCliente,IdSala,IdPiso,IdEdificio,CURPAgente,CURPEntrenador,Fecha,HorasAsistencia) VALUES (250,3,'BAP039629UR8',41,9,1,'OHM227005QOPEZ13','KQJ109191WTWRZ35','2021-08-25',3);
INSERT INTO AsistenciaCurso(IdAsistenciaCurso,IdCurso,RFCCliente,IdSala,IdPiso,IdEdificio,CURPAgente,CURPEntrenador,Fecha,HorasAsistencia) VALUES (251,3,'BAP039629UR8',41,9,1,'RNZ151443NADGN17','KQJ109191WTWRZ35','2021-08-16',3);
INSERT INTO AsistenciaCurso(IdAsistenciaCurso,IdCurso,RFCCliente,IdSala,IdPiso,IdEdificio,CURPAgente,CURPEntrenador,Fecha,HorasAsistencia) VALUES (252,2,'BQNV154049LX8',124,14,2,'PSA367043ZURLI77','ZQT637913WDFHB36','2021-08-23',1);
INSERT INTO AsistenciaCurso(IdAsistenciaCurso,IdCurso,RFCCliente,IdSala,IdPiso,IdEdificio,CURPAgente,CURPEntrenador,Fecha,HorasAsistencia) VALUES (253,5,'AAD282786GE0',38,3,1,'HYU976378BOEJZ74','EJW320090LUIRX20','2021-08-19',1);
INSERT INTO AsistenciaCurso(IdAsistenciaCurso,IdCurso,RFCCliente,IdSala,IdPiso,IdEdificio,CURPAgente,CURPEntrenador,Fecha,HorasAsistencia) VALUES (254,5,'AAD282786GE0',38,3,1,'IVE308369MNFVN55','EJW320090LUIRX20','2021-08-25',1);
INSERT INTO AsistenciaCurso(IdAsistenciaCurso,IdCurso,RFCCliente,IdSala,IdPiso,IdEdificio,CURPAgente,CURPEntrenador,Fecha,HorasAsistencia) VALUES (255,3,'BAP039629UR8',41,9,1,'VXH165592ZUQEZ07','KQJ109191WTWRZ35','2021-08-16',3);
INSERT INTO AsistenciaCurso(IdAsistenciaCurso,IdCurso,RFCCliente,IdSala,IdPiso,IdEdificio,CURPAgente,CURPEntrenador,Fecha,HorasAsistencia) VALUES (256,5,'AAD282786GE0',38,3,1,'AZS735697MIAUJ08','EJW320090LUIRX20','2021-08-23',1);
INSERT INTO AsistenciaCurso(IdAsistenciaCurso,IdCurso,RFCCliente,IdSala,IdPiso,IdEdificio,CURPAgente,CURPEntrenador,Fecha,HorasAsistencia) VALUES (257,2,'BQNV154049LX8',124,14,2,'OHM227005QOPEZ13','ZQT637913WDFHB36','2021-08-19',2);
INSERT INTO AsistenciaCurso(IdAsistenciaCurso,IdCurso,RFCCliente,IdSala,IdPiso,IdEdificio,CURPAgente,CURPEntrenador,Fecha,HorasAsistencia) VALUES (258,3,'BAP039629UR8',41,9,1,'RNZ151443NADGN17','KQJ109191WTWRZ35','2021-08-25',2);
INSERT INTO AsistenciaCurso(IdAsistenciaCurso,IdCurso,RFCCliente,IdSala,IdPiso,IdEdificio,CURPAgente,CURPEntrenador,Fecha,HorasAsistencia) VALUES (259,4,'YEI079256PP6',118,2,2,'PSA367043ZURLI77','CPI302573GVVDN91','2021-08-16',1);
INSERT INTO AsistenciaCurso(IdAsistenciaCurso,IdCurso,RFCCliente,IdSala,IdPiso,IdEdificio,CURPAgente,CURPEntrenador,Fecha,HorasAsistencia) VALUES (260,1,'HCE678692PS6',62,15,1,'HYU976378BOEJZ74','VJQ037276TPCXX98','2021-08-23',1);
INSERT INTO AsistenciaCurso(IdAsistenciaCurso,IdCurso,RFCCliente,IdSala,IdPiso,IdEdificio,CURPAgente,CURPEntrenador,Fecha,HorasAsistencia) VALUES (261,4,'YEI079256PP6',118,2,2,'IVE308369MNFVN55','CPI302573GVVDN91','2021-08-19',3);
INSERT INTO AsistenciaCurso(IdAsistenciaCurso,IdCurso,RFCCliente,IdSala,IdPiso,IdEdificio,CURPAgente,CURPEntrenador,Fecha,HorasAsistencia) VALUES (262,3,'BAP039629UR8',41,9,1,'VXH165592ZUQEZ07','KQJ109191WTWRZ35','2021-08-25',3);
INSERT INTO AsistenciaCurso(IdAsistenciaCurso,IdCurso,RFCCliente,IdSala,IdPiso,IdEdificio,CURPAgente,CURPEntrenador,Fecha,HorasAsistencia) VALUES (263,4,'YEI079256PP6',118,2,2,'AZS735697MIAUJ08','CPI302573GVVDN91','2021-08-16',3);
INSERT INTO AsistenciaCurso(IdAsistenciaCurso,IdCurso,RFCCliente,IdSala,IdPiso,IdEdificio,CURPAgente,CURPEntrenador,Fecha,HorasAsistencia) VALUES (264,4,'YEI079256PP6',118,2,2,'OHM227005QOPEZ13','CPI302573GVVDN91','2021-08-23',1);
INSERT INTO AsistenciaCurso(IdAsistenciaCurso,IdCurso,RFCCliente,IdSala,IdPiso,IdEdificio,CURPAgente,CURPEntrenador,Fecha,HorasAsistencia) VALUES (265,5,'AAD282786GE0',38,3,1,'RNZ151443NADGN17','EJW320090LUIRX20','2021-08-19',2);
INSERT INTO AsistenciaCurso(IdAsistenciaCurso,IdCurso,RFCCliente,IdSala,IdPiso,IdEdificio,CURPAgente,CURPEntrenador,Fecha,HorasAsistencia) VALUES (266,3,'BAP039629UR8',41,9,1,'PSA367043ZURLI77','KQJ109191WTWRZ35','2021-08-25',2);
INSERT INTO AsistenciaCurso(IdAsistenciaCurso,IdCurso,RFCCliente,IdSala,IdPiso,IdEdificio,CURPAgente,CURPEntrenador,Fecha,HorasAsistencia) VALUES (267,2,'BQNV154049LX8',124,14,2,'IVE308369MNFVN55','ZQT637913WDFHB36','2021-08-23',2);
INSERT INTO AsistenciaCurso(IdAsistenciaCurso,IdCurso,RFCCliente,IdSala,IdPiso,IdEdificio,CURPAgente,CURPEntrenador,Fecha,HorasAsistencia) VALUES (268,5,'AAD282786GE0',38,3,1,'VXH165592ZUQEZ07','EJW320090LUIRX20','2021-08-19',3);
INSERT INTO AsistenciaCurso(IdAsistenciaCurso,IdCurso,RFCCliente,IdSala,IdPiso,IdEdificio,CURPAgente,CURPEntrenador,Fecha,HorasAsistencia) VALUES (269,2,'BQNV154049LX8',124,14,2,'AZS735697MIAUJ08','ZQT637913WDFHB36','2021-08-25',3);
INSERT INTO AsistenciaCurso(IdAsistenciaCurso,IdCurso,RFCCliente,IdSala,IdPiso,IdEdificio,CURPAgente,CURPEntrenador,Fecha,HorasAsistencia) VALUES (270,1,'HCE678692PS6',62,15,1,'OHM227005QOPEZ13','VJQ037276TPCXX98','2021-08-16',2);
INSERT INTO AsistenciaCurso(IdAsistenciaCurso,IdCurso,RFCCliente,IdSala,IdPiso,IdEdificio,CURPAgente,CURPEntrenador,Fecha,HorasAsistencia) VALUES (271,5,'AAD282786GE0',38,3,1,'RNZ151443NADGN17','EJW320090LUIRX20','2021-08-23',1);
INSERT INTO AsistenciaCurso(IdAsistenciaCurso,IdCurso,RFCCliente,IdSala,IdPiso,IdEdificio,CURPAgente,CURPEntrenador,Fecha,HorasAsistencia) VALUES (272,3,'BAP039629UR8',41,9,1,'PSA367043ZURLI77','KQJ109191WTWRZ35','2021-08-19',3);
INSERT INTO AsistenciaCurso(IdAsistenciaCurso,IdCurso,RFCCliente,IdSala,IdPiso,IdEdificio,CURPAgente,CURPEntrenador,Fecha,HorasAsistencia) VALUES (273,5,'AAD282786GE0',38,3,1,'HYU976378BOEJZ74','EJW320090LUIRX20','2021-08-25',2);
INSERT INTO AsistenciaCurso(IdAsistenciaCurso,IdCurso,RFCCliente,IdSala,IdPiso,IdEdificio,CURPAgente,CURPEntrenador,Fecha,HorasAsistencia) VALUES (274,2,'BQNV154049LX8',124,14,2,'OEI903702NITNJ23','ZQT637913WDFHB36','2020-09-28',2);
INSERT INTO AsistenciaCurso(IdAsistenciaCurso,IdCurso,RFCCliente,IdSala,IdPiso,IdEdificio,CURPAgente,CURPEntrenador,Fecha,HorasAsistencia) VALUES (275,5,'AAD282786GE0',38,3,1,'ORA414287QQAJD79','EJW320090LUIRX20','2020-09-23',3);
INSERT INTO AsistenciaCurso(IdAsistenciaCurso,IdCurso,RFCCliente,IdSala,IdPiso,IdEdificio,CURPAgente,CURPEntrenador,Fecha,HorasAsistencia) VALUES (276,3,'BAP039629UR8',41,9,1,'NLP603731YFBNS52','KQJ109191WTWRZ35','2020-09-29',2);
INSERT INTO AsistenciaCurso(IdAsistenciaCurso,IdCurso,RFCCliente,IdSala,IdPiso,IdEdificio,CURPAgente,CURPEntrenador,Fecha,HorasAsistencia) VALUES (277,3,'BAP039629UR8',41,9,1,'OBD495035EXSXD46','KQJ109191WTWRZ35','2020-09-21',2);
INSERT INTO AsistenciaCurso(IdAsistenciaCurso,IdCurso,RFCCliente,IdSala,IdPiso,IdEdificio,CURPAgente,CURPEntrenador,Fecha,HorasAsistencia) VALUES (278,2,'BQNV154049LX8',124,14,2,'CTA377842UXQXZ34','ZQT637913WDFHB36','2020-09-28',2);
INSERT INTO AsistenciaCurso(IdAsistenciaCurso,IdCurso,RFCCliente,IdSala,IdPiso,IdEdificio,CURPAgente,CURPEntrenador,Fecha,HorasAsistencia) VALUES (279,4,'YEI079256PP6',118,2,2,'PCG815329MWXCL33','CPI302573GVVDN91','2020-09-23',1);
INSERT INTO AsistenciaCurso(IdAsistenciaCurso,IdCurso,RFCCliente,IdSala,IdPiso,IdEdificio,CURPAgente,CURPEntrenador,Fecha,HorasAsistencia) VALUES (280,1,'HCE678692PS6',62,15,1,'JFQ888764OWFKM52','VJQ037276TPCXX98','2020-09-29',1);
INSERT INTO AsistenciaCurso(IdAsistenciaCurso,IdCurso,RFCCliente,IdSala,IdPiso,IdEdificio,CURPAgente,CURPEntrenador,Fecha,HorasAsistencia) VALUES (281,3,'BAP039629UR8',41,9,1,'DWY025072YWCLB74','KQJ109191WTWRZ35','2020-09-21',1);
INSERT INTO AsistenciaCurso(IdAsistenciaCurso,IdCurso,RFCCliente,IdSala,IdPiso,IdEdificio,CURPAgente,CURPEntrenador,Fecha,HorasAsistencia) VALUES (282,3,'BAP039629UR8',41,9,1,'TMY191674DLVHD02','KQJ109191WTWRZ35','2020-09-28',1);
INSERT INTO AsistenciaCurso(IdAsistenciaCurso,IdCurso,RFCCliente,IdSala,IdPiso,IdEdificio,CURPAgente,CURPEntrenador,Fecha,HorasAsistencia) VALUES (283,4,'YEI079256PP6',118,2,2,'EDQ308723AETVE79','CPI302573GVVDN91','2020-09-23',1);
INSERT INTO AsistenciaCurso(IdAsistenciaCurso,IdCurso,RFCCliente,IdSala,IdPiso,IdEdificio,CURPAgente,CURPEntrenador,Fecha,HorasAsistencia) VALUES (284,5,'AAD282786GE0',38,3,1,'IZJ075876GCBEV92','EJW320090LUIRX20','2020-09-21',3);
INSERT INTO AsistenciaCurso(IdAsistenciaCurso,IdCurso,RFCCliente,IdSala,IdPiso,IdEdificio,CURPAgente,CURPEntrenador,Fecha,HorasAsistencia) VALUES (285,1,'HCE678692PS6',62,15,1,'PAD083239MDAAK08','VJQ037276TPCXX98','2020-09-21',3);
INSERT INTO AsistenciaCurso(IdAsistenciaCurso,IdCurso,RFCCliente,IdSala,IdPiso,IdEdificio,CURPAgente,CURPEntrenador,Fecha,HorasAsistencia) VALUES (286,4,'YEI079256PP6',118,2,2,'CSU438640YZZNK79','CPI302573GVVDN91','2020-09-21',2);
INSERT INTO AsistenciaCurso(IdAsistenciaCurso,IdCurso,RFCCliente,IdSala,IdPiso,IdEdificio,CURPAgente,CURPEntrenador,Fecha,HorasAsistencia) VALUES (287,2,'BQNV154049LX8',124,14,2,'QYW626492VHTTJ44','ZQT637913WDFHB36','2020-09-21',1);
INSERT INTO AsistenciaCurso(IdAsistenciaCurso,IdCurso,RFCCliente,IdSala,IdPiso,IdEdificio,CURPAgente,CURPEntrenador,Fecha,HorasAsistencia) VALUES (288,3,'BAP039629UR8',41,9,1,'IZJ075876GCBEV92','KQJ109191WTWRZ35','2020-09-28',1);
INSERT INTO AsistenciaCurso(IdAsistenciaCurso,IdCurso,RFCCliente,IdSala,IdPiso,IdEdificio,CURPAgente,CURPEntrenador,Fecha,HorasAsistencia) VALUES (289,2,'BQNV154049LX8',124,14,2,'PAD083239MDAAK08','ZQT637913WDFHB36','2020-09-28',1);
INSERT INTO AsistenciaCurso(IdAsistenciaCurso,IdCurso,RFCCliente,IdSala,IdPiso,IdEdificio,CURPAgente,CURPEntrenador,Fecha,HorasAsistencia) VALUES (290,5,'AAD282786GE0',38,3,1,'CSU438640YZZNK79','EJW320090LUIRX20','2020-09-28',3);
INSERT INTO AsistenciaCurso(IdAsistenciaCurso,IdCurso,RFCCliente,IdSala,IdPiso,IdEdificio,CURPAgente,CURPEntrenador,Fecha,HorasAsistencia) VALUES (291,1,'HCE678692PS6',62,15,1,'QYW626492VHTTJ44','VJQ037276TPCXX98','2020-09-20',3);
INSERT INTO AsistenciaCurso(IdAsistenciaCurso,IdCurso,RFCCliente,IdSala,IdPiso,IdEdificio,CURPAgente,CURPEntrenador,Fecha,HorasAsistencia) VALUES (292,3,'BAP039629UR8',41,9,1,'IZJ075876GCBEV92','KQJ109191WTWRZ35','2020-09-23',1);
INSERT INTO AsistenciaCurso(IdAsistenciaCurso,IdCurso,RFCCliente,IdSala,IdPiso,IdEdificio,CURPAgente,CURPEntrenador,Fecha,HorasAsistencia) VALUES (293,4,'YEI079256PP6',118,2,2,'PAD083239MDAAK08','CPI302573GVVDN91','2020-09-23',2);
INSERT INTO AsistenciaCurso(IdAsistenciaCurso,IdCurso,RFCCliente,IdSala,IdPiso,IdEdificio,CURPAgente,CURPEntrenador,Fecha,HorasAsistencia) VALUES (294,5,'AAD282786GE0',38,3,1,'CSU438640YZZNK79','EJW320090LUIRX20','2020-09-23',2);
INSERT INTO AsistenciaCurso(IdAsistenciaCurso,IdCurso,RFCCliente,IdSala,IdPiso,IdEdificio,CURPAgente,CURPEntrenador,Fecha,HorasAsistencia) VALUES (295,4,'YEI079256PP6',118,2,2,'QYW626492VHTTJ44','CPI302573GVVDN91','2020-09-23',2);
INSERT INTO AsistenciaCurso(IdAsistenciaCurso,IdCurso,RFCCliente,IdSala,IdPiso,IdEdificio,CURPAgente,CURPEntrenador,Fecha,HorasAsistencia) VALUES (296,3,'BAP039629UR8',41,9,1,'IZJ075876GCBEV92','KQJ109191WTWRZ35','2020-09-29',2);
INSERT INTO AsistenciaCurso(IdAsistenciaCurso,IdCurso,RFCCliente,IdSala,IdPiso,IdEdificio,CURPAgente,CURPEntrenador,Fecha,HorasAsistencia) VALUES (297,1,'HCE678692PS6',62,15,1,'PAD083239MDAAK08','VJQ037276TPCXX98','2020-09-29',3);
INSERT INTO AsistenciaCurso(IdAsistenciaCurso,IdCurso,RFCCliente,IdSala,IdPiso,IdEdificio,CURPAgente,CURPEntrenador,Fecha,HorasAsistencia) VALUES (298,3,'BAP039629UR8',41,9,1,'CSU438640YZZNK79','KQJ109191WTWRZ35','2020-09-29',2);

INSERT INTO Horario(FechaIncio,FechaFin,CURPEntrenador,Horas) VALUES ('2021-11-29','2021-12-05','VJQ037276TPCXX98',5);
INSERT INTO Horario(FechaIncio,FechaFin,CURPEntrenador,Horas) VALUES ('2022-01-03','2022-01-09','ZQT637913WDFHB36',5);
INSERT INTO Horario(FechaIncio,FechaFin,CURPEntrenador,Horas) VALUES ('2021-07-16','2021-07-22','KQJ109191WTWRZ35',5);
INSERT INTO Horario(FechaIncio,FechaFin,CURPEntrenador,Horas) VALUES ('2021-08-16','2021-08-22','CPI302573GVVDN91',5);
INSERT INTO Horario(FechaIncio,FechaFin,CURPEntrenador,Horas) VALUES ('2020-09-21','2020-09-27','EJW320090LUIRX20',3);
INSERT INTO Horario(FechaIncio,FechaFin,CURPEntrenador,Horas) VALUES ('2022-01-31','2022-02-06','XWW423231UQVSD52',3);
INSERT INTO Horario(FechaIncio,FechaFin,CURPEntrenador,Horas) VALUES ('2021-03-03','2021-03-09','WSS911198MSYKR95',5);
INSERT INTO Horario(FechaIncio,FechaFin,CURPEntrenador,Horas) VALUES ('2020-05-26','2020-06-01','FIR195136JFNOM04',5);
INSERT INTO Horario(FechaIncio,FechaFin,CURPEntrenador,Horas) VALUES ('2021-04-16','2021-04-22','AGF262218JSYAS52',5);
INSERT INTO Horario(FechaIncio,FechaFin,CURPEntrenador,Horas) VALUES ('2021-12-13','2021-12-19','VKC396851PZUSS78',6);
INSERT INTO Horario(FechaIncio,FechaFin,CURPEntrenador,Horas) VALUES ('2022-08-15','2022-08-21','GWV175274ENWLD85',4);
INSERT INTO Horario(FechaIncio,FechaFin,CURPEntrenador,Horas) VALUES ('2020-12-01','2020-12-07','TCH244832HAXDF25',6);
INSERT INTO Horario(FechaIncio,FechaFin,CURPEntrenador,Horas) VALUES ('2021-04-19','2021-04-25','QEN814644OYPHL55',5);
INSERT INTO Horario(FechaIncio,FechaFin,CURPEntrenador,Horas) VALUES ('2020-08-19','2020-08-25','TAQ428086GZPKS54',5);
INSERT INTO Horario(FechaIncio,FechaFin,CURPEntrenador,Horas) VALUES ('2020-11-08','2020-11-14','CAT677486DUZAV68',5);
INSERT INTO Horario(FechaIncio,FechaFin,CURPEntrenador,Horas) VALUES ('2022-07-25','2022-07-31','ZUE040057TRDHY06',4);
INSERT INTO Horario(FechaIncio,FechaFin,CURPEntrenador,Horas) VALUES ('2021-10-25','2021-10-31','EAW400648SMAPI82',3);
INSERT INTO Horario(FechaIncio,FechaFin,CURPEntrenador,Horas) VALUES ('2020-08-15','2020-08-21','RHH127823KFNNS45',3);
INSERT INTO Horario(FechaIncio,FechaFin,CURPEntrenador,Horas) VALUES ('2020-10-03','2020-10-09','REU470442TSFUU39',5);
INSERT INTO Horario(FechaIncio,FechaFin,CURPEntrenador,Horas) VALUES ('2022-02-22','2022-02-28','ORQ365372JLRYR52',4);
INSERT INTO Horario(FechaIncio,FechaFin,CURPEntrenador,Horas) VALUES ('2021-12-01','2021-12-07','WWY573679SBXKZ31',6);
INSERT INTO Horario(FechaIncio,FechaFin,CURPEntrenador,Horas) VALUES ('2022-03-18','2022-03-24','YCJ704875KAGQT54',6);
INSERT INTO Horario(FechaIncio,FechaFin,CURPEntrenador,Horas) VALUES ('2022-11-03','2022-11-09','NJS917038YLRDL30',5);
INSERT INTO Horario(FechaIncio,FechaFin,CURPEntrenador,Horas) VALUES ('2020-05-05','2020-05-11','QQN334567YKQZO53',4);
INSERT INTO Horario(FechaIncio,FechaFin,CURPEntrenador,Horas) VALUES ('2021-05-22','2021-05-28','HEA594437TYEIU56',6);
INSERT INTO Horario(FechaIncio,FechaFin,CURPEntrenador,Horas) VALUES ('2022-07-15','2022-07-21','LQG261342SCJPV30',4);
INSERT INTO Horario(FechaIncio,FechaFin,CURPEntrenador,Horas) VALUES ('2022-06-17','2022-06-23','JGY037041RBHBK19',4);
INSERT INTO Horario(FechaIncio,FechaFin,CURPEntrenador,Horas) VALUES ('2022-06-26','2022-07-02','HEC989232PDZSP98',4);
INSERT INTO Horario(FechaIncio,FechaFin,CURPEntrenador,Horas) VALUES ('2021-11-18','2021-11-24','NJY045686YYWTR53',5);
INSERT INTO Horario(FechaIncio,FechaFin,CURPEntrenador,Horas) VALUES ('2020-11-12','2020-11-18','WIH406037RDOQA98',5);
INSERT INTO Horario(FechaIncio,FechaFin,CURPEntrenador,Horas) VALUES ('2021-05-06','2021-05-12','WOO150950WQAXD49',6);
INSERT INTO Horario(FechaIncio,FechaFin,CURPEntrenador,Horas) VALUES ('2022-08-30','2022-09-05','AWT850703RMQGD26',5);
INSERT INTO Horario(FechaIncio,FechaFin,CURPEntrenador,Horas) VALUES ('2021-11-20','2021-11-26','RRG962204QHTBP55',3);
INSERT INTO Horario(FechaIncio,FechaFin,CURPEntrenador,Horas) VALUES ('2021-03-02','2021-03-08','PRE118948AFDLX14',5);
INSERT INTO Horario(FechaIncio,FechaFin,CURPEntrenador,Horas) VALUES ('2022-08-07','2022-08-13','XBJ078612ZWORL26',6);
INSERT INTO Horario(FechaIncio,FechaFin,CURPEntrenador,Horas) VALUES ('2021-12-20','2021-12-26','MPD878895GZTZE00',6);
INSERT INTO Horario(FechaIncio,FechaFin,CURPEntrenador,Horas) VALUES ('2021-06-23','2021-06-29','RYW270591TFCGR63',4);
INSERT INTO Horario(FechaIncio,FechaFin,CURPEntrenador,Horas) VALUES ('2022-04-19','2022-04-25','WBV909927JHAJU50',4);
INSERT INTO Horario(FechaIncio,FechaFin,CURPEntrenador,Horas) VALUES ('2021-07-22','2021-07-28','BAW272063KOCRC34',3);
INSERT INTO Horario(FechaIncio,FechaFin,CURPEntrenador,Horas) VALUES ('2022-04-11','2022-04-17','VFJ352385HEKFT60',6);
INSERT INTO Horario(FechaIncio,FechaFin,CURPEntrenador,Horas) VALUES ('2021-03-31','2021-04-06','UCS239022YMPHQ82',4);
INSERT INTO Horario(FechaIncio,FechaFin,CURPEntrenador,Horas) VALUES ('2021-03-29','2021-04-04','HWB924504ZWTGN01',5);
INSERT INTO Horario(FechaIncio,FechaFin,CURPEntrenador,Horas) VALUES ('2022-05-16','2022-05-22','ITA335533NYRPO76',4);
INSERT INTO Horario(FechaIncio,FechaFin,CURPEntrenador,Horas) VALUES ('2021-01-19','2021-01-25','PVE448692VZUEB83',5);
INSERT INTO Horario(FechaIncio,FechaFin,CURPEntrenador,Horas) VALUES ('2020-06-09','2020-06-15','TIL958384FGLTJ20',6);
INSERT INTO Horario(FechaIncio,FechaFin,CURPEntrenador,Horas) VALUES ('2021-04-12','2021-04-18','EYI050753SDJXR73',4);
INSERT INTO Horario(FechaIncio,FechaFin,CURPEntrenador,Horas) VALUES ('2021-05-07','2021-05-13','BQA218318FCEUN89',3);
INSERT INTO Horario(FechaIncio,FechaFin,CURPEntrenador,Horas) VALUES ('2021-02-13','2021-02-19','BIH318724DFZHF88',4);
INSERT INTO Horario(FechaIncio,FechaFin,CURPEntrenador,Horas) VALUES ('2022-07-02','2022-07-08','FHY232712HQQFR54',6);
INSERT INTO Horario(FechaIncio,FechaFin,CURPEntrenador,Horas) VALUES ('2020-06-22','2020-06-28','WIN256809IKFEZ67',4);
INSERT INTO Horario(FechaIncio,FechaFin,CURPEntrenador,Horas) VALUES ('2021-12-06','2021-12-12','VJQ037276TPCXX98',5);
INSERT INTO Horario(FechaIncio,FechaFin,CURPEntrenador,Horas) VALUES ('2022-01-10','2022-01-16','ZQT637913WDFHB36',4);
INSERT INTO Horario(FechaIncio,FechaFin,CURPEntrenador,Horas) VALUES ('2021-07-23','2021-07-29','KQJ109191WTWRZ35',6);
INSERT INTO Horario(FechaIncio,FechaFin,CURPEntrenador,Horas) VALUES ('2021-08-23','2021-08-29','CPI302573GVVDN91',4);
INSERT INTO Horario(FechaIncio,FechaFin,CURPEntrenador,Horas) VALUES ('2020-09-28','2020-10-04','EJW320090LUIRX20',5);
INSERT INTO Horario(FechaIncio,FechaFin,CURPEntrenador,Horas) VALUES ('2022-02-07','2022-02-13','XWW423231UQVSD52',3);
INSERT INTO Horario(FechaIncio,FechaFin,CURPEntrenador,Horas) VALUES ('2021-03-10','2021-03-16','WSS911198MSYKR95',3);
INSERT INTO Horario(FechaIncio,FechaFin,CURPEntrenador,Horas) VALUES ('2020-06-02','2020-06-08','FIR195136JFNOM04',5);
INSERT INTO Horario(FechaIncio,FechaFin,CURPEntrenador,Horas) VALUES ('2021-04-23','2021-04-29','AGF262218JSYAS52',4);
INSERT INTO Horario(FechaIncio,FechaFin,CURPEntrenador,Horas) VALUES ('2021-12-20','2021-12-26','VKC396851PZUSS78',3);
INSERT INTO Horario(FechaIncio,FechaFin,CURPEntrenador,Horas) VALUES ('2022-08-22','2022-08-28','GWV175274ENWLD85',5);
INSERT INTO Horario(FechaIncio,FechaFin,CURPEntrenador,Horas) VALUES ('2020-12-08','2020-12-14','TCH244832HAXDF25',3);
INSERT INTO Horario(FechaIncio,FechaFin,CURPEntrenador,Horas) VALUES ('2021-04-26','2021-05-02','QEN814644OYPHL55',5);
INSERT INTO Horario(FechaIncio,FechaFin,CURPEntrenador,Horas) VALUES ('2020-08-26','2020-09-01','TAQ428086GZPKS54',4);
INSERT INTO Horario(FechaIncio,FechaFin,CURPEntrenador,Horas) VALUES ('2020-11-15','2020-11-21','CAT677486DUZAV68',6);
INSERT INTO Horario(FechaIncio,FechaFin,CURPEntrenador,Horas) VALUES ('2022-08-01','2022-08-07','ZUE040057TRDHY06',3);
INSERT INTO Horario(FechaIncio,FechaFin,CURPEntrenador,Horas) VALUES ('2021-11-01','2021-11-07','EAW400648SMAPI82',4);
INSERT INTO Horario(FechaIncio,FechaFin,CURPEntrenador,Horas) VALUES ('2020-08-22','2020-08-28','RHH127823KFNNS45',4);
INSERT INTO Horario(FechaIncio,FechaFin,CURPEntrenador,Horas) VALUES ('2020-10-10','2020-10-16','REU470442TSFUU39',4);
INSERT INTO Horario(FechaIncio,FechaFin,CURPEntrenador,Horas) VALUES ('2022-03-01','2022-03-07','ORQ365372JLRYR52',4);
INSERT INTO Horario(FechaIncio,FechaFin,CURPEntrenador,Horas) VALUES ('2021-12-08','2021-12-14','WWY573679SBXKZ31',4);
INSERT INTO Horario(FechaIncio,FechaFin,CURPEntrenador,Horas) VALUES ('2022-03-25','2022-03-31','YCJ704875KAGQT54',3);
INSERT INTO Horario(FechaIncio,FechaFin,CURPEntrenador,Horas) VALUES ('2022-11-10','2022-11-16','NJS917038YLRDL30',6);
INSERT INTO Horario(FechaIncio,FechaFin,CURPEntrenador,Horas) VALUES ('2020-05-12','2020-05-18','QQN334567YKQZO53',3);
INSERT INTO Horario(FechaIncio,FechaFin,CURPEntrenador,Horas) VALUES ('2021-05-29','2021-06-04','HEA594437TYEIU56',6);
INSERT INTO Horario(FechaIncio,FechaFin,CURPEntrenador,Horas) VALUES ('2022-07-22','2022-07-28','LQG261342SCJPV30',3);
INSERT INTO Horario(FechaIncio,FechaFin,CURPEntrenador,Horas) VALUES ('2022-06-24','2022-06-30','JGY037041RBHBK19',6);
INSERT INTO Horario(FechaIncio,FechaFin,CURPEntrenador,Horas) VALUES ('2022-07-03','2022-07-09','HEC989232PDZSP98',4);
INSERT INTO Horario(FechaIncio,FechaFin,CURPEntrenador,Horas) VALUES ('2021-11-25','2021-12-01','NJY045686YYWTR53',3);
INSERT INTO Horario(FechaIncio,FechaFin,CURPEntrenador,Horas) VALUES ('2020-11-19','2020-11-25','WIH406037RDOQA98',3);
INSERT INTO Horario(FechaIncio,FechaFin,CURPEntrenador,Horas) VALUES ('2021-05-13','2021-05-19','WOO150950WQAXD49',4);
INSERT INTO Horario(FechaIncio,FechaFin,CURPEntrenador,Horas) VALUES ('2022-09-06','2022-09-12','AWT850703RMQGD26',5);
INSERT INTO Horario(FechaIncio,FechaFin,CURPEntrenador,Horas) VALUES ('2021-11-27','2021-12-03','RRG962204QHTBP55',6);
INSERT INTO Horario(FechaIncio,FechaFin,CURPEntrenador,Horas) VALUES ('2021-03-09','2021-03-15','PRE118948AFDLX14',6);
INSERT INTO Horario(FechaIncio,FechaFin,CURPEntrenador,Horas) VALUES ('2022-08-14','2022-08-20','XBJ078612ZWORL26',4);
INSERT INTO Horario(FechaIncio,FechaFin,CURPEntrenador,Horas) VALUES ('2021-12-27','2022-01-02','MPD878895GZTZE00',4);
INSERT INTO Horario(FechaIncio,FechaFin,CURPEntrenador,Horas) VALUES ('2021-06-30','2021-07-06','RYW270591TFCGR63',4);
INSERT INTO Horario(FechaIncio,FechaFin,CURPEntrenador,Horas) VALUES ('2022-04-26','2022-05-02','WBV909927JHAJU50',3);
INSERT INTO Horario(FechaIncio,FechaFin,CURPEntrenador,Horas) VALUES ('2021-07-29','2021-08-04','BAW272063KOCRC34',6);
INSERT INTO Horario(FechaIncio,FechaFin,CURPEntrenador,Horas) VALUES ('2022-04-18','2022-04-24','VFJ352385HEKFT60',4);
INSERT INTO Horario(FechaIncio,FechaFin,CURPEntrenador,Horas) VALUES ('2021-04-07','2021-04-13','UCS239022YMPHQ82',5);
INSERT INTO Horario(FechaIncio,FechaFin,CURPEntrenador,Horas) VALUES ('2021-04-05','2021-04-11','HWB924504ZWTGN01',3);
INSERT INTO Horario(FechaIncio,FechaFin,CURPEntrenador,Horas) VALUES ('2022-05-23','2022-05-29','ITA335533NYRPO76',3);
INSERT INTO Horario(FechaIncio,FechaFin,CURPEntrenador,Horas) VALUES ('2021-01-26','2021-02-01','PVE448692VZUEB83',3);
INSERT INTO Horario(FechaIncio,FechaFin,CURPEntrenador,Horas) VALUES ('2020-06-16','2020-06-22','TIL958384FGLTJ20',6);
INSERT INTO Horario(FechaIncio,FechaFin,CURPEntrenador,Horas) VALUES ('2021-04-19','2021-04-25','EYI050753SDJXR73',6);
INSERT INTO Horario(FechaIncio,FechaFin,CURPEntrenador,Horas) VALUES ('2021-05-14','2021-05-20','BQA218318FCEUN89',6);
INSERT INTO Horario(FechaIncio,FechaFin,CURPEntrenador,Horas) VALUES ('2021-02-20','2021-02-26','BIH318724DFZHF88',5);
INSERT INTO Horario(FechaIncio,FechaFin,CURPEntrenador,Horas) VALUES ('2022-07-09','2022-07-15','FHY232712HQQFR54',6);
INSERT INTO Horario(FechaIncio,FechaFin,CURPEntrenador,Horas) VALUES ('2020-06-29','2020-07-05','WIN256809IKFEZ67',4);

INSERT INTO EntradaEntrenador(FechaEntradaEntrenador,CURPEntrenador) VALUES ('2021-11-29 09:00:00','VJQ037276TPCXX98');
INSERT INTO EntradaEntrenador(FechaEntradaEntrenador,CURPEntrenador) VALUES ('2022-01-03 09:00:00','ZQT637913WDFHB36');
INSERT INTO EntradaEntrenador(FechaEntradaEntrenador,CURPEntrenador) VALUES ('2021-07-16 11:00:00','KQJ109191WTWRZ35');
INSERT INTO EntradaEntrenador(FechaEntradaEntrenador,CURPEntrenador) VALUES ('2021-08-16 11:00:00','CPI302573GVVDN91');
INSERT INTO EntradaEntrenador(FechaEntradaEntrenador,CURPEntrenador) VALUES ('2020-09-21 11:00:00','EJW320090LUIRX20');
INSERT INTO EntradaEntrenador(FechaEntradaEntrenador,CURPEntrenador) VALUES ('2022-01-31 08:00:00','XWW423231UQVSD52');
INSERT INTO EntradaEntrenador(FechaEntradaEntrenador,CURPEntrenador) VALUES ('2021-03-03 08:00:00','WSS911198MSYKR95');
INSERT INTO EntradaEntrenador(FechaEntradaEntrenador,CURPEntrenador) VALUES ('2020-05-26 08:00:00','FIR195136JFNOM04');
INSERT INTO EntradaEntrenador(FechaEntradaEntrenador,CURPEntrenador) VALUES ('2021-04-16 12:00:00','AGF262218JSYAS52');
INSERT INTO EntradaEntrenador(FechaEntradaEntrenador,CURPEntrenador) VALUES ('2021-12-13 12:00:00','VKC396851PZUSS78');
INSERT INTO EntradaEntrenador(FechaEntradaEntrenador,CURPEntrenador) VALUES ('2022-08-15 09:00:00','GWV175274ENWLD85');
INSERT INTO EntradaEntrenador(FechaEntradaEntrenador,CURPEntrenador) VALUES ('2020-12-01 10:00:00','TCH244832HAXDF25');
INSERT INTO EntradaEntrenador(FechaEntradaEntrenador,CURPEntrenador) VALUES ('2021-04-19 10:00:00','QEN814644OYPHL55');
INSERT INTO EntradaEntrenador(FechaEntradaEntrenador,CURPEntrenador) VALUES ('2020-08-19 08:00:00','TAQ428086GZPKS54');
INSERT INTO EntradaEntrenador(FechaEntradaEntrenador,CURPEntrenador) VALUES ('2020-11-08 09:00:00','CAT677486DUZAV68');
INSERT INTO EntradaEntrenador(FechaEntradaEntrenador,CURPEntrenador) VALUES ('2022-07-25 12:00:00','ZUE040057TRDHY06');
INSERT INTO EntradaEntrenador(FechaEntradaEntrenador,CURPEntrenador) VALUES ('2021-10-25 10:00:00','EAW400648SMAPI82');
INSERT INTO EntradaEntrenador(FechaEntradaEntrenador,CURPEntrenador) VALUES ('2020-08-15 08:00:00','RHH127823KFNNS45');
INSERT INTO EntradaEntrenador(FechaEntradaEntrenador,CURPEntrenador) VALUES ('2020-10-03 11:00:00','REU470442TSFUU39');
INSERT INTO EntradaEntrenador(FechaEntradaEntrenador,CURPEntrenador) VALUES ('2022-02-22 12:00:00','ORQ365372JLRYR52');
INSERT INTO EntradaEntrenador(FechaEntradaEntrenador,CURPEntrenador) VALUES ('2021-12-01 09:00:00','WWY573679SBXKZ31');
INSERT INTO EntradaEntrenador(FechaEntradaEntrenador,CURPEntrenador) VALUES ('2022-03-18 09:00:00','YCJ704875KAGQT54');
INSERT INTO EntradaEntrenador(FechaEntradaEntrenador,CURPEntrenador) VALUES ('2022-11-03 10:00:00','NJS917038YLRDL30');
INSERT INTO EntradaEntrenador(FechaEntradaEntrenador,CURPEntrenador) VALUES ('2020-05-05 09:00:00','QQN334567YKQZO53');
INSERT INTO EntradaEntrenador(FechaEntradaEntrenador,CURPEntrenador) VALUES ('2021-05-22 12:00:00','HEA594437TYEIU56');
INSERT INTO EntradaEntrenador(FechaEntradaEntrenador,CURPEntrenador) VALUES ('2022-07-15 12:00:00','LQG261342SCJPV30');
INSERT INTO EntradaEntrenador(FechaEntradaEntrenador,CURPEntrenador) VALUES ('2022-06-17 09:00:00','JGY037041RBHBK19');
INSERT INTO EntradaEntrenador(FechaEntradaEntrenador,CURPEntrenador) VALUES ('2022-06-26 08:00:00','HEC989232PDZSP98');
INSERT INTO EntradaEntrenador(FechaEntradaEntrenador,CURPEntrenador) VALUES ('2021-11-18 12:00:00','NJY045686YYWTR53');
INSERT INTO EntradaEntrenador(FechaEntradaEntrenador,CURPEntrenador) VALUES ('2020-11-12 10:00:00','WIH406037RDOQA98');
INSERT INTO EntradaEntrenador(FechaEntradaEntrenador,CURPEntrenador) VALUES ('2021-05-06 09:00:00','WOO150950WQAXD49');
INSERT INTO EntradaEntrenador(FechaEntradaEntrenador,CURPEntrenador) VALUES ('2022-08-30 10:00:00','AWT850703RMQGD26');
INSERT INTO EntradaEntrenador(FechaEntradaEntrenador,CURPEntrenador) VALUES ('2021-11-20 12:00:00','RRG962204QHTBP55');
INSERT INTO EntradaEntrenador(FechaEntradaEntrenador,CURPEntrenador) VALUES ('2021-03-02 10:00:00','PRE118948AFDLX14');
INSERT INTO EntradaEntrenador(FechaEntradaEntrenador,CURPEntrenador) VALUES ('2022-08-07 09:00:00','XBJ078612ZWORL26');
INSERT INTO EntradaEntrenador(FechaEntradaEntrenador,CURPEntrenador) VALUES ('2021-12-20 10:00:00','MPD878895GZTZE00');
INSERT INTO EntradaEntrenador(FechaEntradaEntrenador,CURPEntrenador) VALUES ('2021-06-23 09:00:00','RYW270591TFCGR63');
INSERT INTO EntradaEntrenador(FechaEntradaEntrenador,CURPEntrenador) VALUES ('2022-04-19 12:00:00','WBV909927JHAJU50');
INSERT INTO EntradaEntrenador(FechaEntradaEntrenador,CURPEntrenador) VALUES ('2021-07-22 09:00:00','BAW272063KOCRC34');
INSERT INTO EntradaEntrenador(FechaEntradaEntrenador,CURPEntrenador) VALUES ('2022-04-11 12:00:00','VFJ352385HEKFT60');
INSERT INTO EntradaEntrenador(FechaEntradaEntrenador,CURPEntrenador) VALUES ('2021-03-31 12:00:00','UCS239022YMPHQ82');
INSERT INTO EntradaEntrenador(FechaEntradaEntrenador,CURPEntrenador) VALUES ('2021-03-29 12:00:00','HWB924504ZWTGN01');
INSERT INTO EntradaEntrenador(FechaEntradaEntrenador,CURPEntrenador) VALUES ('2022-05-16 12:00:00','ITA335533NYRPO76');
INSERT INTO EntradaEntrenador(FechaEntradaEntrenador,CURPEntrenador) VALUES ('2021-01-19 10:00:00','PVE448692VZUEB83');
INSERT INTO EntradaEntrenador(FechaEntradaEntrenador,CURPEntrenador) VALUES ('2020-06-09 10:00:00','TIL958384FGLTJ20');
INSERT INTO EntradaEntrenador(FechaEntradaEntrenador,CURPEntrenador) VALUES ('2021-04-12 12:00:00','EYI050753SDJXR73');
INSERT INTO EntradaEntrenador(FechaEntradaEntrenador,CURPEntrenador) VALUES ('2021-05-07 08:00:00','BQA218318FCEUN89');
INSERT INTO EntradaEntrenador(FechaEntradaEntrenador,CURPEntrenador) VALUES ('2021-02-13 12:00:00','BIH318724DFZHF88');
INSERT INTO EntradaEntrenador(FechaEntradaEntrenador,CURPEntrenador) VALUES ('2022-07-02 08:00:00','FHY232712HQQFR54');
INSERT INTO EntradaEntrenador(FechaEntradaEntrenador,CURPEntrenador) VALUES ('2020-06-22 08:00:00','WIN256809IKFEZ67');
INSERT INTO EntradaEntrenador(FechaEntradaEntrenador,CURPEntrenador) VALUES ('2021-12-06 10:00:00','VJQ037276TPCXX98');
INSERT INTO EntradaEntrenador(FechaEntradaEntrenador,CURPEntrenador) VALUES ('2022-01-10 11:00:00','ZQT637913WDFHB36');
INSERT INTO EntradaEntrenador(FechaEntradaEntrenador,CURPEntrenador) VALUES ('2021-07-23 10:00:00','KQJ109191WTWRZ35');
INSERT INTO EntradaEntrenador(FechaEntradaEntrenador,CURPEntrenador) VALUES ('2021-08-23 09:00:00','CPI302573GVVDN91');
INSERT INTO EntradaEntrenador(FechaEntradaEntrenador,CURPEntrenador) VALUES ('2020-09-28 11:00:00','EJW320090LUIRX20');
INSERT INTO EntradaEntrenador(FechaEntradaEntrenador,CURPEntrenador) VALUES ('2022-02-07 09:00:00','XWW423231UQVSD52');
INSERT INTO EntradaEntrenador(FechaEntradaEntrenador,CURPEntrenador) VALUES ('2021-03-10 11:00:00','WSS911198MSYKR95');
INSERT INTO EntradaEntrenador(FechaEntradaEntrenador,CURPEntrenador) VALUES ('2020-06-02 12:00:00','FIR195136JFNOM04');
INSERT INTO EntradaEntrenador(FechaEntradaEntrenador,CURPEntrenador) VALUES ('2021-04-23 11:00:00','AGF262218JSYAS52');
INSERT INTO EntradaEntrenador(FechaEntradaEntrenador,CURPEntrenador) VALUES ('2021-12-20 10:00:00','VKC396851PZUSS78');
INSERT INTO EntradaEntrenador(FechaEntradaEntrenador,CURPEntrenador) VALUES ('2022-08-22 10:00:00','GWV175274ENWLD85');
INSERT INTO EntradaEntrenador(FechaEntradaEntrenador,CURPEntrenador) VALUES ('2020-12-08 09:00:00','TCH244832HAXDF25');
INSERT INTO EntradaEntrenador(FechaEntradaEntrenador,CURPEntrenador) VALUES ('2021-04-26 09:00:00','QEN814644OYPHL55');
INSERT INTO EntradaEntrenador(FechaEntradaEntrenador,CURPEntrenador) VALUES ('2020-08-26 08:00:00','TAQ428086GZPKS54');
INSERT INTO EntradaEntrenador(FechaEntradaEntrenador,CURPEntrenador) VALUES ('2020-11-15 11:00:00','CAT677486DUZAV68');
INSERT INTO EntradaEntrenador(FechaEntradaEntrenador,CURPEntrenador) VALUES ('2022-08-01 11:00:00','ZUE040057TRDHY06');
INSERT INTO EntradaEntrenador(FechaEntradaEntrenador,CURPEntrenador) VALUES ('2021-11-01 11:00:00','EAW400648SMAPI82');
INSERT INTO EntradaEntrenador(FechaEntradaEntrenador,CURPEntrenador) VALUES ('2020-08-22 11:00:00','RHH127823KFNNS45');
INSERT INTO EntradaEntrenador(FechaEntradaEntrenador,CURPEntrenador) VALUES ('2020-10-10 09:00:00','REU470442TSFUU39');
INSERT INTO EntradaEntrenador(FechaEntradaEntrenador,CURPEntrenador) VALUES ('2022-03-01 12:00:00','ORQ365372JLRYR52');
INSERT INTO EntradaEntrenador(FechaEntradaEntrenador,CURPEntrenador) VALUES ('2021-12-08 09:00:00','WWY573679SBXKZ31');
INSERT INTO EntradaEntrenador(FechaEntradaEntrenador,CURPEntrenador) VALUES ('2022-03-25 09:00:00','YCJ704875KAGQT54');
INSERT INTO EntradaEntrenador(FechaEntradaEntrenador,CURPEntrenador) VALUES ('2022-11-10 11:00:00','NJS917038YLRDL30');
INSERT INTO EntradaEntrenador(FechaEntradaEntrenador,CURPEntrenador) VALUES ('2020-05-12 09:00:00','QQN334567YKQZO53');
INSERT INTO EntradaEntrenador(FechaEntradaEntrenador,CURPEntrenador) VALUES ('2021-05-29 10:00:00','HEA594437TYEIU56');
INSERT INTO EntradaEntrenador(FechaEntradaEntrenador,CURPEntrenador) VALUES ('2022-07-22 10:00:00','LQG261342SCJPV30');
INSERT INTO EntradaEntrenador(FechaEntradaEntrenador,CURPEntrenador) VALUES ('2022-06-24 08:00:00','JGY037041RBHBK19');
INSERT INTO EntradaEntrenador(FechaEntradaEntrenador,CURPEntrenador) VALUES ('2022-07-03 09:00:00','HEC989232PDZSP98');
INSERT INTO EntradaEntrenador(FechaEntradaEntrenador,CURPEntrenador) VALUES ('2021-11-25 10:00:00','NJY045686YYWTR53');
INSERT INTO EntradaEntrenador(FechaEntradaEntrenador,CURPEntrenador) VALUES ('2020-11-19 11:00:00','WIH406037RDOQA98');
INSERT INTO EntradaEntrenador(FechaEntradaEntrenador,CURPEntrenador) VALUES ('2021-05-13 11:00:00','WOO150950WQAXD49');
INSERT INTO EntradaEntrenador(FechaEntradaEntrenador,CURPEntrenador) VALUES ('2022-09-06 12:00:00','AWT850703RMQGD26');
INSERT INTO EntradaEntrenador(FechaEntradaEntrenador,CURPEntrenador) VALUES ('2021-11-27 08:00:00','RRG962204QHTBP55');
INSERT INTO EntradaEntrenador(FechaEntradaEntrenador,CURPEntrenador) VALUES ('2021-03-09 12:00:00','PRE118948AFDLX14');
INSERT INTO EntradaEntrenador(FechaEntradaEntrenador,CURPEntrenador) VALUES ('2022-08-14 11:00:00','XBJ078612ZWORL26');
INSERT INTO EntradaEntrenador(FechaEntradaEntrenador,CURPEntrenador) VALUES ('2021-12-27 12:00:00','MPD878895GZTZE00');
INSERT INTO EntradaEntrenador(FechaEntradaEntrenador,CURPEntrenador) VALUES ('2021-06-30 11:00:00','RYW270591TFCGR63');
INSERT INTO EntradaEntrenador(FechaEntradaEntrenador,CURPEntrenador) VALUES ('2022-04-26 12:00:00','WBV909927JHAJU50');
INSERT INTO EntradaEntrenador(FechaEntradaEntrenador,CURPEntrenador) VALUES ('2021-07-29 12:00:00','BAW272063KOCRC34');
INSERT INTO EntradaEntrenador(FechaEntradaEntrenador,CURPEntrenador) VALUES ('2022-04-18 08:00:00','VFJ352385HEKFT60');
INSERT INTO EntradaEntrenador(FechaEntradaEntrenador,CURPEntrenador) VALUES ('2021-04-07 11:00:00','UCS239022YMPHQ82');
INSERT INTO EntradaEntrenador(FechaEntradaEntrenador,CURPEntrenador) VALUES ('2021-04-05 09:00:00','HWB924504ZWTGN01');
INSERT INTO EntradaEntrenador(FechaEntradaEntrenador,CURPEntrenador) VALUES ('2022-05-23 09:00:00','ITA335533NYRPO76');
INSERT INTO EntradaEntrenador(FechaEntradaEntrenador,CURPEntrenador) VALUES ('2021-01-26 10:00:00','PVE448692VZUEB83');
INSERT INTO EntradaEntrenador(FechaEntradaEntrenador,CURPEntrenador) VALUES ('2020-06-16 12:00:00','TIL958384FGLTJ20');
INSERT INTO EntradaEntrenador(FechaEntradaEntrenador,CURPEntrenador) VALUES ('2021-04-19 08:00:00','EYI050753SDJXR73');
INSERT INTO EntradaEntrenador(FechaEntradaEntrenador,CURPEntrenador) VALUES ('2021-05-14 08:00:00','BQA218318FCEUN89');
INSERT INTO EntradaEntrenador(FechaEntradaEntrenador,CURPEntrenador) VALUES ('2021-02-20 08:00:00','BIH318724DFZHF88');
INSERT INTO EntradaEntrenador(FechaEntradaEntrenador,CURPEntrenador) VALUES ('2022-07-09 08:00:00','FHY232712HQQFR54');
INSERT INTO EntradaEntrenador(FechaEntradaEntrenador,CURPEntrenador) VALUES ('2020-06-29 08:00:00','WIN256809IKFEZ67');
INSERT INTO EntradaEntrenador(FechaEntradaEntrenador,CURPEntrenador) VALUES ('2021-12-02 08:00:00','VJQ037276TPCXX98');
INSERT INTO EntradaEntrenador(FechaEntradaEntrenador,CURPEntrenador) VALUES ('2022-01-06 10:00:00','ZQT637913WDFHB36');
INSERT INTO EntradaEntrenador(FechaEntradaEntrenador,CURPEntrenador) VALUES ('2021-07-17 10:00:00','KQJ109191WTWRZ35');
INSERT INTO EntradaEntrenador(FechaEntradaEntrenador,CURPEntrenador) VALUES ('2021-08-19 12:00:00','CPI302573GVVDN91');
INSERT INTO EntradaEntrenador(FechaEntradaEntrenador,CURPEntrenador) VALUES ('2020-09-23 10:00:00','EJW320090LUIRX20');
INSERT INTO EntradaEntrenador(FechaEntradaEntrenador,CURPEntrenador) VALUES ('2022-02-01 09:00:00','XWW423231UQVSD52');
INSERT INTO EntradaEntrenador(FechaEntradaEntrenador,CURPEntrenador) VALUES ('2021-03-04 08:00:00','WSS911198MSYKR95');
INSERT INTO EntradaEntrenador(FechaEntradaEntrenador,CURPEntrenador) VALUES ('2020-05-28 11:00:00','FIR195136JFNOM04');
INSERT INTO EntradaEntrenador(FechaEntradaEntrenador,CURPEntrenador) VALUES ('2021-04-18 08:00:00','AGF262218JSYAS52');
INSERT INTO EntradaEntrenador(FechaEntradaEntrenador,CURPEntrenador) VALUES ('2021-12-15 09:00:00','VKC396851PZUSS78');
INSERT INTO EntradaEntrenador(FechaEntradaEntrenador,CURPEntrenador) VALUES ('2022-08-17 11:00:00','GWV175274ENWLD85');
INSERT INTO EntradaEntrenador(FechaEntradaEntrenador,CURPEntrenador) VALUES ('2020-12-02 10:00:00','TCH244832HAXDF25');
INSERT INTO EntradaEntrenador(FechaEntradaEntrenador,CURPEntrenador) VALUES ('2021-04-20 10:00:00','QEN814644OYPHL55');
INSERT INTO EntradaEntrenador(FechaEntradaEntrenador,CURPEntrenador) VALUES ('2020-08-20 09:00:00','TAQ428086GZPKS54');
INSERT INTO EntradaEntrenador(FechaEntradaEntrenador,CURPEntrenador) VALUES ('2020-11-11 10:00:00','CAT677486DUZAV68');
INSERT INTO EntradaEntrenador(FechaEntradaEntrenador,CURPEntrenador) VALUES ('2022-07-27 09:00:00','ZUE040057TRDHY06');
INSERT INTO EntradaEntrenador(FechaEntradaEntrenador,CURPEntrenador) VALUES ('2021-10-28 09:00:00','EAW400648SMAPI82');
INSERT INTO EntradaEntrenador(FechaEntradaEntrenador,CURPEntrenador) VALUES ('2020-08-18 09:00:00','RHH127823KFNNS45');
INSERT INTO EntradaEntrenador(FechaEntradaEntrenador,CURPEntrenador) VALUES ('2020-10-04 11:00:00','REU470442TSFUU39');
INSERT INTO EntradaEntrenador(FechaEntradaEntrenador,CURPEntrenador) VALUES ('2022-02-23 08:00:00','ORQ365372JLRYR52');
INSERT INTO EntradaEntrenador(FechaEntradaEntrenador,CURPEntrenador) VALUES ('2021-12-03 12:00:00','WWY573679SBXKZ31');
INSERT INTO EntradaEntrenador(FechaEntradaEntrenador,CURPEntrenador) VALUES ('2022-03-19 12:00:00','YCJ704875KAGQT54');
INSERT INTO EntradaEntrenador(FechaEntradaEntrenador,CURPEntrenador) VALUES ('2022-11-04 11:00:00','NJS917038YLRDL30');
INSERT INTO EntradaEntrenador(FechaEntradaEntrenador,CURPEntrenador) VALUES ('2020-05-07 09:00:00','QQN334567YKQZO53');
INSERT INTO EntradaEntrenador(FechaEntradaEntrenador,CURPEntrenador) VALUES ('2021-05-24 10:00:00','HEA594437TYEIU56');
INSERT INTO EntradaEntrenador(FechaEntradaEntrenador,CURPEntrenador) VALUES ('2022-07-16 12:00:00','LQG261342SCJPV30');
INSERT INTO EntradaEntrenador(FechaEntradaEntrenador,CURPEntrenador) VALUES ('2022-06-20 11:00:00','JGY037041RBHBK19');
INSERT INTO EntradaEntrenador(FechaEntradaEntrenador,CURPEntrenador) VALUES ('2022-06-28 12:00:00','HEC989232PDZSP98');
INSERT INTO EntradaEntrenador(FechaEntradaEntrenador,CURPEntrenador) VALUES ('2021-11-21 11:00:00','NJY045686YYWTR53');
INSERT INTO EntradaEntrenador(FechaEntradaEntrenador,CURPEntrenador) VALUES ('2020-11-15 09:00:00','WIH406037RDOQA98');
INSERT INTO EntradaEntrenador(FechaEntradaEntrenador,CURPEntrenador) VALUES ('2021-05-09 08:00:00','WOO150950WQAXD49');
INSERT INTO EntradaEntrenador(FechaEntradaEntrenador,CURPEntrenador) VALUES ('2022-09-02 09:00:00','AWT850703RMQGD26');
INSERT INTO EntradaEntrenador(FechaEntradaEntrenador,CURPEntrenador) VALUES ('2021-11-22 08:00:00','RRG962204QHTBP55');
INSERT INTO EntradaEntrenador(FechaEntradaEntrenador,CURPEntrenador) VALUES ('2021-03-04 09:00:00','PRE118948AFDLX14');
INSERT INTO EntradaEntrenador(FechaEntradaEntrenador,CURPEntrenador) VALUES ('2022-08-08 09:00:00','XBJ078612ZWORL26');
INSERT INTO EntradaEntrenador(FechaEntradaEntrenador,CURPEntrenador) VALUES ('2021-12-22 09:00:00','MPD878895GZTZE00');
INSERT INTO EntradaEntrenador(FechaEntradaEntrenador,CURPEntrenador) VALUES ('2021-06-26 09:00:00','RYW270591TFCGR63');
INSERT INTO EntradaEntrenador(FechaEntradaEntrenador,CURPEntrenador) VALUES ('2022-04-21 11:00:00','WBV909927JHAJU50');
INSERT INTO EntradaEntrenador(FechaEntradaEntrenador,CURPEntrenador) VALUES ('2021-07-24 12:00:00','BAW272063KOCRC34');
INSERT INTO EntradaEntrenador(FechaEntradaEntrenador,CURPEntrenador) VALUES ('2022-04-13 11:00:00','VFJ352385HEKFT60');
INSERT INTO EntradaEntrenador(FechaEntradaEntrenador,CURPEntrenador) VALUES ('2021-04-03 12:00:00','UCS239022YMPHQ82');
INSERT INTO EntradaEntrenador(FechaEntradaEntrenador,CURPEntrenador) VALUES ('2021-04-01 11:00:00','HWB924504ZWTGN01');
INSERT INTO EntradaEntrenador(FechaEntradaEntrenador,CURPEntrenador) VALUES ('2022-05-17 11:00:00','ITA335533NYRPO76');
INSERT INTO EntradaEntrenador(FechaEntradaEntrenador,CURPEntrenador) VALUES ('2021-01-21 08:00:00','PVE448692VZUEB83');
INSERT INTO EntradaEntrenador(FechaEntradaEntrenador,CURPEntrenador) VALUES ('2020-06-10 09:00:00','TIL958384FGLTJ20');
INSERT INTO EntradaEntrenador(FechaEntradaEntrenador,CURPEntrenador) VALUES ('2021-04-13 12:00:00','EYI050753SDJXR73');
INSERT INTO EntradaEntrenador(FechaEntradaEntrenador,CURPEntrenador) VALUES ('2021-05-09 08:00:00','BQA218318FCEUN89');
INSERT INTO EntradaEntrenador(FechaEntradaEntrenador,CURPEntrenador) VALUES ('2021-02-15 08:00:00','BIH318724DFZHF88');
INSERT INTO EntradaEntrenador(FechaEntradaEntrenador,CURPEntrenador) VALUES ('2022-07-03 10:00:00','FHY232712HQQFR54');
INSERT INTO EntradaEntrenador(FechaEntradaEntrenador,CURPEntrenador) VALUES ('2020-06-23 10:00:00','WIN256809IKFEZ67');
INSERT INTO EntradaEntrenador(FechaEntradaEntrenador,CURPEntrenador) VALUES ('2021-12-08 12:00:00','VJQ037276TPCXX98');
INSERT INTO EntradaEntrenador(FechaEntradaEntrenador,CURPEntrenador) VALUES ('2022-01-11 12:00:00','ZQT637913WDFHB36');
INSERT INTO EntradaEntrenador(FechaEntradaEntrenador,CURPEntrenador) VALUES ('2021-07-24 11:00:00','KQJ109191WTWRZ35');
INSERT INTO EntradaEntrenador(FechaEntradaEntrenador,CURPEntrenador) VALUES ('2021-08-25 10:00:00','CPI302573GVVDN91');
INSERT INTO EntradaEntrenador(FechaEntradaEntrenador,CURPEntrenador) VALUES ('2020-09-29 12:00:00','EJW320090LUIRX20');
INSERT INTO EntradaEntrenador(FechaEntradaEntrenador,CURPEntrenador) VALUES ('2022-02-10 11:00:00','XWW423231UQVSD52');
INSERT INTO EntradaEntrenador(FechaEntradaEntrenador,CURPEntrenador) VALUES ('2021-03-13 12:00:00','WSS911198MSYKR95');
INSERT INTO EntradaEntrenador(FechaEntradaEntrenador,CURPEntrenador) VALUES ('2020-06-04 10:00:00','FIR195136JFNOM04');
INSERT INTO EntradaEntrenador(FechaEntradaEntrenador,CURPEntrenador) VALUES ('2021-04-26 09:00:00','AGF262218JSYAS52');
INSERT INTO EntradaEntrenador(FechaEntradaEntrenador,CURPEntrenador) VALUES ('2021-12-23 08:00:00','VKC396851PZUSS78');
INSERT INTO EntradaEntrenador(FechaEntradaEntrenador,CURPEntrenador) VALUES ('2022-08-25 12:00:00','GWV175274ENWLD85');
INSERT INTO EntradaEntrenador(FechaEntradaEntrenador,CURPEntrenador) VALUES ('2020-12-11 11:00:00','TCH244832HAXDF25');
INSERT INTO EntradaEntrenador(FechaEntradaEntrenador,CURPEntrenador) VALUES ('2021-04-29 08:00:00','QEN814644OYPHL55');
INSERT INTO EntradaEntrenador(FechaEntradaEntrenador,CURPEntrenador) VALUES ('2020-08-28 11:00:00','TAQ428086GZPKS54');
INSERT INTO EntradaEntrenador(FechaEntradaEntrenador,CURPEntrenador) VALUES ('2020-11-16 12:00:00','CAT677486DUZAV68');
INSERT INTO EntradaEntrenador(FechaEntradaEntrenador,CURPEntrenador) VALUES ('2022-08-04 11:00:00','ZUE040057TRDHY06');
INSERT INTO EntradaEntrenador(FechaEntradaEntrenador,CURPEntrenador) VALUES ('2021-11-03 11:00:00','EAW400648SMAPI82');
INSERT INTO EntradaEntrenador(FechaEntradaEntrenador,CURPEntrenador) VALUES ('2020-08-23 08:00:00','RHH127823KFNNS45');
INSERT INTO EntradaEntrenador(FechaEntradaEntrenador,CURPEntrenador) VALUES ('2020-10-11 12:00:00','REU470442TSFUU39');
INSERT INTO EntradaEntrenador(FechaEntradaEntrenador,CURPEntrenador) VALUES ('2022-03-03 09:00:00','ORQ365372JLRYR52');
INSERT INTO EntradaEntrenador(FechaEntradaEntrenador,CURPEntrenador) VALUES ('2021-12-10 09:00:00','WWY573679SBXKZ31');
INSERT INTO EntradaEntrenador(FechaEntradaEntrenador,CURPEntrenador) VALUES ('2022-03-26 09:00:00','YCJ704875KAGQT54');
INSERT INTO EntradaEntrenador(FechaEntradaEntrenador,CURPEntrenador) VALUES ('2022-11-11 10:00:00','NJS917038YLRDL30');
INSERT INTO EntradaEntrenador(FechaEntradaEntrenador,CURPEntrenador) VALUES ('2020-05-14 12:00:00','QQN334567YKQZO53');
INSERT INTO EntradaEntrenador(FechaEntradaEntrenador,CURPEntrenador) VALUES ('2021-05-31 08:00:00','HEA594437TYEIU56');
INSERT INTO EntradaEntrenador(FechaEntradaEntrenador,CURPEntrenador) VALUES ('2022-07-25 08:00:00','LQG261342SCJPV30');
INSERT INTO EntradaEntrenador(FechaEntradaEntrenador,CURPEntrenador) VALUES ('2022-06-27 08:00:00','JGY037041RBHBK19');
INSERT INTO EntradaEntrenador(FechaEntradaEntrenador,CURPEntrenador) VALUES ('2022-07-05 11:00:00','HEC989232PDZSP98');
INSERT INTO EntradaEntrenador(FechaEntradaEntrenador,CURPEntrenador) VALUES ('2021-11-26 11:00:00','NJY045686YYWTR53');
INSERT INTO EntradaEntrenador(FechaEntradaEntrenador,CURPEntrenador) VALUES ('2020-11-22 09:00:00','WIH406037RDOQA98');
INSERT INTO EntradaEntrenador(FechaEntradaEntrenador,CURPEntrenador) VALUES ('2021-05-14 11:00:00','WOO150950WQAXD49');
INSERT INTO EntradaEntrenador(FechaEntradaEntrenador,CURPEntrenador) VALUES ('2022-09-07 09:00:00','AWT850703RMQGD26');
INSERT INTO EntradaEntrenador(FechaEntradaEntrenador,CURPEntrenador) VALUES ('2021-11-29 08:00:00','RRG962204QHTBP55');
INSERT INTO EntradaEntrenador(FechaEntradaEntrenador,CURPEntrenador) VALUES ('2021-03-11 11:00:00','PRE118948AFDLX14');
INSERT INTO EntradaEntrenador(FechaEntradaEntrenador,CURPEntrenador) VALUES ('2022-08-15 12:00:00','XBJ078612ZWORL26');
INSERT INTO EntradaEntrenador(FechaEntradaEntrenador,CURPEntrenador) VALUES ('2021-12-30 08:00:00','MPD878895GZTZE00');
INSERT INTO EntradaEntrenador(FechaEntradaEntrenador,CURPEntrenador) VALUES ('2021-07-02 10:00:00','RYW270591TFCGR63');
INSERT INTO EntradaEntrenador(FechaEntradaEntrenador,CURPEntrenador) VALUES ('2022-04-28 08:00:00','WBV909927JHAJU50');
INSERT INTO EntradaEntrenador(FechaEntradaEntrenador,CURPEntrenador) VALUES ('2021-08-01 08:00:00','BAW272063KOCRC34');
INSERT INTO EntradaEntrenador(FechaEntradaEntrenador,CURPEntrenador) VALUES ('2022-04-21 09:00:00','VFJ352385HEKFT60');
INSERT INTO EntradaEntrenador(FechaEntradaEntrenador,CURPEntrenador) VALUES ('2021-04-08 11:00:00','UCS239022YMPHQ82');
INSERT INTO EntradaEntrenador(FechaEntradaEntrenador,CURPEntrenador) VALUES ('2021-04-07 10:00:00','HWB924504ZWTGN01');
INSERT INTO EntradaEntrenador(FechaEntradaEntrenador,CURPEntrenador) VALUES ('2022-05-26 09:00:00','ITA335533NYRPO76');
INSERT INTO EntradaEntrenador(FechaEntradaEntrenador,CURPEntrenador) VALUES ('2021-01-29 09:00:00','PVE448692VZUEB83');
INSERT INTO EntradaEntrenador(FechaEntradaEntrenador,CURPEntrenador) VALUES ('2020-06-18 09:00:00','TIL958384FGLTJ20');
INSERT INTO EntradaEntrenador(FechaEntradaEntrenador,CURPEntrenador) VALUES ('2021-04-22 08:00:00','EYI050753SDJXR73');
INSERT INTO EntradaEntrenador(FechaEntradaEntrenador,CURPEntrenador) VALUES ('2021-05-15 11:00:00','BQA218318FCEUN89');
INSERT INTO EntradaEntrenador(FechaEntradaEntrenador,CURPEntrenador) VALUES ('2021-02-21 10:00:00','BIH318724DFZHF88');
INSERT INTO EntradaEntrenador(FechaEntradaEntrenador,CURPEntrenador) VALUES ('2022-07-12 11:00:00','FHY232712HQQFR54');
INSERT INTO EntradaEntrenador(FechaEntradaEntrenador,CURPEntrenador) VALUES ('2020-07-01 09:00:00','WIN256809IKFEZ67');

INSERT INTO SalidaEntrenador(FechaSalidaEntrenador,CURPEntrenador) VALUES ('2021-11-29 12:00:00','VJQ037276TPCXX98');
INSERT INTO SalidaEntrenador(FechaSalidaEntrenador,CURPEntrenador) VALUES ('2022-01-03 13:00:00','ZQT637913WDFHB36');
INSERT INTO SalidaEntrenador(FechaSalidaEntrenador,CURPEntrenador) VALUES ('2021-07-16 16:00:00','KQJ109191WTWRZ35');
INSERT INTO SalidaEntrenador(FechaSalidaEntrenador,CURPEntrenador) VALUES ('2021-08-16 17:00:00','CPI302573GVVDN91');
INSERT INTO SalidaEntrenador(FechaSalidaEntrenador,CURPEntrenador) VALUES ('2020-09-21 17:00:00','EJW320090LUIRX20');
INSERT INTO SalidaEntrenador(FechaSalidaEntrenador,CURPEntrenador) VALUES ('2022-01-31 13:00:00','XWW423231UQVSD52');
INSERT INTO SalidaEntrenador(FechaSalidaEntrenador,CURPEntrenador) VALUES ('2021-03-03 14:00:00','WSS911198MSYKR95');
INSERT INTO SalidaEntrenador(FechaSalidaEntrenador,CURPEntrenador) VALUES ('2020-05-26 12:00:00','FIR195136JFNOM04');
INSERT INTO SalidaEntrenador(FechaSalidaEntrenador,CURPEntrenador) VALUES ('2021-04-16 15:00:00','AGF262218JSYAS52');
INSERT INTO SalidaEntrenador(FechaSalidaEntrenador,CURPEntrenador) VALUES ('2021-12-13 17:00:00','VKC396851PZUSS78');
INSERT INTO SalidaEntrenador(FechaSalidaEntrenador,CURPEntrenador) VALUES ('2022-08-15 12:00:00','GWV175274ENWLD85');
INSERT INTO SalidaEntrenador(FechaSalidaEntrenador,CURPEntrenador) VALUES ('2020-12-01 15:00:00','TCH244832HAXDF25');
INSERT INTO SalidaEntrenador(FechaSalidaEntrenador,CURPEntrenador) VALUES ('2021-04-19 16:00:00','QEN814644OYPHL55');
INSERT INTO SalidaEntrenador(FechaSalidaEntrenador,CURPEntrenador) VALUES ('2020-08-19 11:00:00','TAQ428086GZPKS54');
INSERT INTO SalidaEntrenador(FechaSalidaEntrenador,CURPEntrenador) VALUES ('2020-11-08 13:00:00','CAT677486DUZAV68');
INSERT INTO SalidaEntrenador(FechaSalidaEntrenador,CURPEntrenador) VALUES ('2022-07-25 16:00:00','ZUE040057TRDHY06');
INSERT INTO SalidaEntrenador(FechaSalidaEntrenador,CURPEntrenador) VALUES ('2021-10-25 15:00:00','EAW400648SMAPI82');
INSERT INTO SalidaEntrenador(FechaSalidaEntrenador,CURPEntrenador) VALUES ('2020-08-15 12:00:00','RHH127823KFNNS45');
INSERT INTO SalidaEntrenador(FechaSalidaEntrenador,CURPEntrenador) VALUES ('2020-10-03 17:00:00','REU470442TSFUU39');
INSERT INTO SalidaEntrenador(FechaSalidaEntrenador,CURPEntrenador) VALUES ('2022-02-22 18:00:00','ORQ365372JLRYR52');
INSERT INTO SalidaEntrenador(FechaSalidaEntrenador,CURPEntrenador) VALUES ('2021-12-01 15:00:00','WWY573679SBXKZ31');
INSERT INTO SalidaEntrenador(FechaSalidaEntrenador,CURPEntrenador) VALUES ('2022-03-18 12:00:00','YCJ704875KAGQT54');
INSERT INTO SalidaEntrenador(FechaSalidaEntrenador,CURPEntrenador) VALUES ('2022-11-03 16:00:00','NJS917038YLRDL30');
INSERT INTO SalidaEntrenador(FechaSalidaEntrenador,CURPEntrenador) VALUES ('2020-05-05 12:00:00','QQN334567YKQZO53');
INSERT INTO SalidaEntrenador(FechaSalidaEntrenador,CURPEntrenador) VALUES ('2021-05-22 17:00:00','HEA594437TYEIU56');
INSERT INTO SalidaEntrenador(FechaSalidaEntrenador,CURPEntrenador) VALUES ('2022-07-15 18:00:00','LQG261342SCJPV30');
INSERT INTO SalidaEntrenador(FechaSalidaEntrenador,CURPEntrenador) VALUES ('2022-06-17 14:00:00','JGY037041RBHBK19');
INSERT INTO SalidaEntrenador(FechaSalidaEntrenador,CURPEntrenador) VALUES ('2022-06-26 14:00:00','HEC989232PDZSP98');
INSERT INTO SalidaEntrenador(FechaSalidaEntrenador,CURPEntrenador) VALUES ('2021-11-18 16:00:00','NJY045686YYWTR53');
INSERT INTO SalidaEntrenador(FechaSalidaEntrenador,CURPEntrenador) VALUES ('2020-11-12 13:00:00','WIH406037RDOQA98');
INSERT INTO SalidaEntrenador(FechaSalidaEntrenador,CURPEntrenador) VALUES ('2021-05-06 15:00:00','WOO150950WQAXD49');
INSERT INTO SalidaEntrenador(FechaSalidaEntrenador,CURPEntrenador) VALUES ('2022-08-30 14:00:00','AWT850703RMQGD26');
INSERT INTO SalidaEntrenador(FechaSalidaEntrenador,CURPEntrenador) VALUES ('2021-11-20 18:00:00','RRG962204QHTBP55');
INSERT INTO SalidaEntrenador(FechaSalidaEntrenador,CURPEntrenador) VALUES ('2021-03-02 15:00:00','PRE118948AFDLX14');
INSERT INTO SalidaEntrenador(FechaSalidaEntrenador,CURPEntrenador) VALUES ('2022-08-07 15:00:00','XBJ078612ZWORL26');
INSERT INTO SalidaEntrenador(FechaSalidaEntrenador,CURPEntrenador) VALUES ('2021-12-20 13:00:00','MPD878895GZTZE00');
INSERT INTO SalidaEntrenador(FechaSalidaEntrenador,CURPEntrenador) VALUES ('2021-06-23 13:00:00','RYW270591TFCGR63');
INSERT INTO SalidaEntrenador(FechaSalidaEntrenador,CURPEntrenador) VALUES ('2022-04-19 15:00:00','WBV909927JHAJU50');
INSERT INTO SalidaEntrenador(FechaSalidaEntrenador,CURPEntrenador) VALUES ('2021-07-22 14:00:00','BAW272063KOCRC34');
INSERT INTO SalidaEntrenador(FechaSalidaEntrenador,CURPEntrenador) VALUES ('2022-04-11 15:00:00','VFJ352385HEKFT60');
INSERT INTO SalidaEntrenador(FechaSalidaEntrenador,CURPEntrenador) VALUES ('2021-03-31 16:00:00','UCS239022YMPHQ82');
INSERT INTO SalidaEntrenador(FechaSalidaEntrenador,CURPEntrenador) VALUES ('2021-03-29 18:00:00','HWB924504ZWTGN01');
INSERT INTO SalidaEntrenador(FechaSalidaEntrenador,CURPEntrenador) VALUES ('2022-05-16 15:00:00','ITA335533NYRPO76');
INSERT INTO SalidaEntrenador(FechaSalidaEntrenador,CURPEntrenador) VALUES ('2021-01-19 16:00:00','PVE448692VZUEB83');
INSERT INTO SalidaEntrenador(FechaSalidaEntrenador,CURPEntrenador) VALUES ('2020-06-09 14:00:00','TIL958384FGLTJ20');
INSERT INTO SalidaEntrenador(FechaSalidaEntrenador,CURPEntrenador) VALUES ('2021-04-12 15:00:00','EYI050753SDJXR73');
INSERT INTO SalidaEntrenador(FechaSalidaEntrenador,CURPEntrenador) VALUES ('2021-05-07 13:00:00','BQA218318FCEUN89');
INSERT INTO SalidaEntrenador(FechaSalidaEntrenador,CURPEntrenador) VALUES ('2021-02-13 16:00:00','BIH318724DFZHF88');
INSERT INTO SalidaEntrenador(FechaSalidaEntrenador,CURPEntrenador) VALUES ('2022-07-02 13:00:00','FHY232712HQQFR54');
INSERT INTO SalidaEntrenador(FechaSalidaEntrenador,CURPEntrenador) VALUES ('2020-06-22 13:00:00','WIN256809IKFEZ67');
INSERT INTO SalidaEntrenador(FechaSalidaEntrenador,CURPEntrenador) VALUES ('2021-12-06 14:00:00','VJQ037276TPCXX98');
INSERT INTO SalidaEntrenador(FechaSalidaEntrenador,CURPEntrenador) VALUES ('2022-01-10 17:00:00','ZQT637913WDFHB36');
INSERT INTO SalidaEntrenador(FechaSalidaEntrenador,CURPEntrenador) VALUES ('2021-07-23 15:00:00','KQJ109191WTWRZ35');
INSERT INTO SalidaEntrenador(FechaSalidaEntrenador,CURPEntrenador) VALUES ('2021-08-23 15:00:00','CPI302573GVVDN91');
INSERT INTO SalidaEntrenador(FechaSalidaEntrenador,CURPEntrenador) VALUES ('2020-09-28 14:00:00','EJW320090LUIRX20');
INSERT INTO SalidaEntrenador(FechaSalidaEntrenador,CURPEntrenador) VALUES ('2022-02-07 15:00:00','XWW423231UQVSD52');
INSERT INTO SalidaEntrenador(FechaSalidaEntrenador,CURPEntrenador) VALUES ('2021-03-10 17:00:00','WSS911198MSYKR95');
INSERT INTO SalidaEntrenador(FechaSalidaEntrenador,CURPEntrenador) VALUES ('2020-06-02 17:00:00','FIR195136JFNOM04');
INSERT INTO SalidaEntrenador(FechaSalidaEntrenador,CURPEntrenador) VALUES ('2021-04-23 15:00:00','AGF262218JSYAS52');
INSERT INTO SalidaEntrenador(FechaSalidaEntrenador,CURPEntrenador) VALUES ('2021-12-20 14:00:00','VKC396851PZUSS78');
INSERT INTO SalidaEntrenador(FechaSalidaEntrenador,CURPEntrenador) VALUES ('2022-08-22 16:00:00','GWV175274ENWLD85');
INSERT INTO SalidaEntrenador(FechaSalidaEntrenador,CURPEntrenador) VALUES ('2020-12-08 15:00:00','TCH244832HAXDF25');
INSERT INTO SalidaEntrenador(FechaSalidaEntrenador,CURPEntrenador) VALUES ('2021-04-26 13:00:00','QEN814644OYPHL55');
INSERT INTO SalidaEntrenador(FechaSalidaEntrenador,CURPEntrenador) VALUES ('2020-08-26 13:00:00','TAQ428086GZPKS54');
INSERT INTO SalidaEntrenador(FechaSalidaEntrenador,CURPEntrenador) VALUES ('2020-11-15 17:00:00','CAT677486DUZAV68');
INSERT INTO SalidaEntrenador(FechaSalidaEntrenador,CURPEntrenador) VALUES ('2022-08-01 17:00:00','ZUE040057TRDHY06');
INSERT INTO SalidaEntrenador(FechaSalidaEntrenador,CURPEntrenador) VALUES ('2021-11-01 14:00:00','EAW400648SMAPI82');
INSERT INTO SalidaEntrenador(FechaSalidaEntrenador,CURPEntrenador) VALUES ('2020-08-22 16:00:00','RHH127823KFNNS45');
INSERT INTO SalidaEntrenador(FechaSalidaEntrenador,CURPEntrenador) VALUES ('2020-10-10 15:00:00','REU470442TSFUU39');
INSERT INTO SalidaEntrenador(FechaSalidaEntrenador,CURPEntrenador) VALUES ('2022-03-01 17:00:00','ORQ365372JLRYR52');
INSERT INTO SalidaEntrenador(FechaSalidaEntrenador,CURPEntrenador) VALUES ('2021-12-08 13:00:00','WWY573679SBXKZ31');
INSERT INTO SalidaEntrenador(FechaSalidaEntrenador,CURPEntrenador) VALUES ('2022-03-25 15:00:00','YCJ704875KAGQT54');
INSERT INTO SalidaEntrenador(FechaSalidaEntrenador,CURPEntrenador) VALUES ('2022-11-10 14:00:00','NJS917038YLRDL30');
INSERT INTO SalidaEntrenador(FechaSalidaEntrenador,CURPEntrenador) VALUES ('2020-05-12 13:00:00','QQN334567YKQZO53');
INSERT INTO SalidaEntrenador(FechaSalidaEntrenador,CURPEntrenador) VALUES ('2021-05-29 15:00:00','HEA594437TYEIU56');
INSERT INTO SalidaEntrenador(FechaSalidaEntrenador,CURPEntrenador) VALUES ('2022-07-22 14:00:00','LQG261342SCJPV30');
INSERT INTO SalidaEntrenador(FechaSalidaEntrenador,CURPEntrenador) VALUES ('2022-06-24 11:00:00','JGY037041RBHBK19');
INSERT INTO SalidaEntrenador(FechaSalidaEntrenador,CURPEntrenador) VALUES ('2022-07-03 14:00:00','HEC989232PDZSP98');
INSERT INTO SalidaEntrenador(FechaSalidaEntrenador,CURPEntrenador) VALUES ('2021-11-25 14:00:00','NJY045686YYWTR53');
INSERT INTO SalidaEntrenador(FechaSalidaEntrenador,CURPEntrenador) VALUES ('2020-11-19 17:00:00','WIH406037RDOQA98');
INSERT INTO SalidaEntrenador(FechaSalidaEntrenador,CURPEntrenador) VALUES ('2021-05-13 14:00:00','WOO150950WQAXD49');
INSERT INTO SalidaEntrenador(FechaSalidaEntrenador,CURPEntrenador) VALUES ('2022-09-06 17:00:00','AWT850703RMQGD26');
INSERT INTO SalidaEntrenador(FechaSalidaEntrenador,CURPEntrenador) VALUES ('2021-11-27 13:00:00','RRG962204QHTBP55');
INSERT INTO SalidaEntrenador(FechaSalidaEntrenador,CURPEntrenador) VALUES ('2021-03-09 16:00:00','PRE118948AFDLX14');
INSERT INTO SalidaEntrenador(FechaSalidaEntrenador,CURPEntrenador) VALUES ('2022-08-14 16:00:00','XBJ078612ZWORL26');
INSERT INTO SalidaEntrenador(FechaSalidaEntrenador,CURPEntrenador) VALUES ('2021-12-27 15:00:00','MPD878895GZTZE00');
INSERT INTO SalidaEntrenador(FechaSalidaEntrenador,CURPEntrenador) VALUES ('2021-06-30 16:00:00','RYW270591TFCGR63');
INSERT INTO SalidaEntrenador(FechaSalidaEntrenador,CURPEntrenador) VALUES ('2022-04-26 15:00:00','WBV909927JHAJU50');
INSERT INTO SalidaEntrenador(FechaSalidaEntrenador,CURPEntrenador) VALUES ('2021-07-29 18:00:00','BAW272063KOCRC34');
INSERT INTO SalidaEntrenador(FechaSalidaEntrenador,CURPEntrenador) VALUES ('2022-04-18 12:00:00','VFJ352385HEKFT60');
INSERT INTO SalidaEntrenador(FechaSalidaEntrenador,CURPEntrenador) VALUES ('2021-04-07 14:00:00','UCS239022YMPHQ82');
INSERT INTO SalidaEntrenador(FechaSalidaEntrenador,CURPEntrenador) VALUES ('2021-04-05 15:00:00','HWB924504ZWTGN01');
INSERT INTO SalidaEntrenador(FechaSalidaEntrenador,CURPEntrenador) VALUES ('2022-05-23 12:00:00','ITA335533NYRPO76');
INSERT INTO SalidaEntrenador(FechaSalidaEntrenador,CURPEntrenador) VALUES ('2021-01-26 13:00:00','PVE448692VZUEB83');
INSERT INTO SalidaEntrenador(FechaSalidaEntrenador,CURPEntrenador) VALUES ('2020-06-16 17:00:00','TIL958384FGLTJ20');
INSERT INTO SalidaEntrenador(FechaSalidaEntrenador,CURPEntrenador) VALUES ('2021-04-19 12:00:00','EYI050753SDJXR73');
INSERT INTO SalidaEntrenador(FechaSalidaEntrenador,CURPEntrenador) VALUES ('2021-05-14 14:00:00','BQA218318FCEUN89');
INSERT INTO SalidaEntrenador(FechaSalidaEntrenador,CURPEntrenador) VALUES ('2021-02-20 13:00:00','BIH318724DFZHF88');
INSERT INTO SalidaEntrenador(FechaSalidaEntrenador,CURPEntrenador) VALUES ('2022-07-09 13:00:00','FHY232712HQQFR54');
INSERT INTO SalidaEntrenador(FechaSalidaEntrenador,CURPEntrenador) VALUES ('2020-06-29 13:00:00','WIN256809IKFEZ67');
INSERT INTO SalidaEntrenador(FechaSalidaEntrenador,CURPEntrenador) VALUES ('2021-12-02 12:00:00','VJQ037276TPCXX98');
INSERT INTO SalidaEntrenador(FechaSalidaEntrenador,CURPEntrenador) VALUES ('2022-01-06 13:00:00','ZQT637913WDFHB36');
INSERT INTO SalidaEntrenador(FechaSalidaEntrenador,CURPEntrenador) VALUES ('2021-07-17 16:00:00','KQJ109191WTWRZ35');
INSERT INTO SalidaEntrenador(FechaSalidaEntrenador,CURPEntrenador) VALUES ('2021-08-19 17:00:00','CPI302573GVVDN91');
INSERT INTO SalidaEntrenador(FechaSalidaEntrenador,CURPEntrenador) VALUES ('2020-09-23 16:00:00','EJW320090LUIRX20');
INSERT INTO SalidaEntrenador(FechaSalidaEntrenador,CURPEntrenador) VALUES ('2022-02-01 15:00:00','XWW423231UQVSD52');
INSERT INTO SalidaEntrenador(FechaSalidaEntrenador,CURPEntrenador) VALUES ('2021-03-04 14:00:00','WSS911198MSYKR95');
INSERT INTO SalidaEntrenador(FechaSalidaEntrenador,CURPEntrenador) VALUES ('2020-05-28 16:00:00','FIR195136JFNOM04');
INSERT INTO SalidaEntrenador(FechaSalidaEntrenador,CURPEntrenador) VALUES ('2021-04-18 13:00:00','AGF262218JSYAS52');
INSERT INTO SalidaEntrenador(FechaSalidaEntrenador,CURPEntrenador) VALUES ('2021-12-15 13:00:00','VKC396851PZUSS78');
INSERT INTO SalidaEntrenador(FechaSalidaEntrenador,CURPEntrenador) VALUES ('2022-08-17 17:00:00','GWV175274ENWLD85');
INSERT INTO SalidaEntrenador(FechaSalidaEntrenador,CURPEntrenador) VALUES ('2020-12-02 14:00:00','TCH244832HAXDF25');
INSERT INTO SalidaEntrenador(FechaSalidaEntrenador,CURPEntrenador) VALUES ('2021-04-20 15:00:00','QEN814644OYPHL55');
INSERT INTO SalidaEntrenador(FechaSalidaEntrenador,CURPEntrenador) VALUES ('2020-08-20 12:00:00','TAQ428086GZPKS54');
INSERT INTO SalidaEntrenador(FechaSalidaEntrenador,CURPEntrenador) VALUES ('2020-11-11 13:00:00','CAT677486DUZAV68');
INSERT INTO SalidaEntrenador(FechaSalidaEntrenador,CURPEntrenador) VALUES ('2022-07-27 12:00:00','ZUE040057TRDHY06');
INSERT INTO SalidaEntrenador(FechaSalidaEntrenador,CURPEntrenador) VALUES ('2021-10-28 13:00:00','EAW400648SMAPI82');
INSERT INTO SalidaEntrenador(FechaSalidaEntrenador,CURPEntrenador) VALUES ('2020-08-18 12:00:00','RHH127823KFNNS45');
INSERT INTO SalidaEntrenador(FechaSalidaEntrenador,CURPEntrenador) VALUES ('2020-10-04 14:00:00','REU470442TSFUU39');
INSERT INTO SalidaEntrenador(FechaSalidaEntrenador,CURPEntrenador) VALUES ('2022-02-23 11:00:00','ORQ365372JLRYR52');
INSERT INTO SalidaEntrenador(FechaSalidaEntrenador,CURPEntrenador) VALUES ('2021-12-03 16:00:00','WWY573679SBXKZ31');
INSERT INTO SalidaEntrenador(FechaSalidaEntrenador,CURPEntrenador) VALUES ('2022-03-19 16:00:00','YCJ704875KAGQT54');
INSERT INTO SalidaEntrenador(FechaSalidaEntrenador,CURPEntrenador) VALUES ('2022-11-04 14:00:00','NJS917038YLRDL30');
INSERT INTO SalidaEntrenador(FechaSalidaEntrenador,CURPEntrenador) VALUES ('2020-05-07 14:00:00','QQN334567YKQZO53');
INSERT INTO SalidaEntrenador(FechaSalidaEntrenador,CURPEntrenador) VALUES ('2021-05-24 15:00:00','HEA594437TYEIU56');
INSERT INTO SalidaEntrenador(FechaSalidaEntrenador,CURPEntrenador) VALUES ('2022-07-16 17:00:00','LQG261342SCJPV30');
INSERT INTO SalidaEntrenador(FechaSalidaEntrenador,CURPEntrenador) VALUES ('2022-06-20 15:00:00','JGY037041RBHBK19');
INSERT INTO SalidaEntrenador(FechaSalidaEntrenador,CURPEntrenador) VALUES ('2022-06-28 17:00:00','HEC989232PDZSP98');
INSERT INTO SalidaEntrenador(FechaSalidaEntrenador,CURPEntrenador) VALUES ('2021-11-21 16:00:00','NJY045686YYWTR53');
INSERT INTO SalidaEntrenador(FechaSalidaEntrenador,CURPEntrenador) VALUES ('2020-11-15 15:00:00','WIH406037RDOQA98');
INSERT INTO SalidaEntrenador(FechaSalidaEntrenador,CURPEntrenador) VALUES ('2021-05-09 14:00:00','WOO150950WQAXD49');
INSERT INTO SalidaEntrenador(FechaSalidaEntrenador,CURPEntrenador) VALUES ('2022-09-02 14:00:00','AWT850703RMQGD26');
INSERT INTO SalidaEntrenador(FechaSalidaEntrenador,CURPEntrenador) VALUES ('2021-11-22 11:00:00','RRG962204QHTBP55');
INSERT INTO SalidaEntrenador(FechaSalidaEntrenador,CURPEntrenador) VALUES ('2021-03-04 13:00:00','PRE118948AFDLX14');
INSERT INTO SalidaEntrenador(FechaSalidaEntrenador,CURPEntrenador) VALUES ('2022-08-08 13:00:00','XBJ078612ZWORL26');
INSERT INTO SalidaEntrenador(FechaSalidaEntrenador,CURPEntrenador) VALUES ('2021-12-22 14:00:00','MPD878895GZTZE00');
INSERT INTO SalidaEntrenador(FechaSalidaEntrenador,CURPEntrenador) VALUES ('2021-06-26 14:00:00','RYW270591TFCGR63');
INSERT INTO SalidaEntrenador(FechaSalidaEntrenador,CURPEntrenador) VALUES ('2022-04-21 14:00:00','WBV909927JHAJU50');
INSERT INTO SalidaEntrenador(FechaSalidaEntrenador,CURPEntrenador) VALUES ('2021-07-24 16:00:00','BAW272063KOCRC34');
INSERT INTO SalidaEntrenador(FechaSalidaEntrenador,CURPEntrenador) VALUES ('2022-04-13 16:00:00','VFJ352385HEKFT60');
INSERT INTO SalidaEntrenador(FechaSalidaEntrenador,CURPEntrenador) VALUES ('2021-04-03 18:00:00','UCS239022YMPHQ82');
INSERT INTO SalidaEntrenador(FechaSalidaEntrenador,CURPEntrenador) VALUES ('2021-04-01 15:00:00','HWB924504ZWTGN01');
INSERT INTO SalidaEntrenador(FechaSalidaEntrenador,CURPEntrenador) VALUES ('2022-05-17 14:00:00','ITA335533NYRPO76');
INSERT INTO SalidaEntrenador(FechaSalidaEntrenador,CURPEntrenador) VALUES ('2021-01-21 14:00:00','PVE448692VZUEB83');
INSERT INTO SalidaEntrenador(FechaSalidaEntrenador,CURPEntrenador) VALUES ('2020-06-10 15:00:00','TIL958384FGLTJ20');
INSERT INTO SalidaEntrenador(FechaSalidaEntrenador,CURPEntrenador) VALUES ('2021-04-13 15:00:00','EYI050753SDJXR73');
INSERT INTO SalidaEntrenador(FechaSalidaEntrenador,CURPEntrenador) VALUES ('2021-05-09 11:00:00','BQA218318FCEUN89');
INSERT INTO SalidaEntrenador(FechaSalidaEntrenador,CURPEntrenador) VALUES ('2021-02-15 13:00:00','BIH318724DFZHF88');
INSERT INTO SalidaEntrenador(FechaSalidaEntrenador,CURPEntrenador) VALUES ('2022-07-03 14:00:00','FHY232712HQQFR54');
INSERT INTO SalidaEntrenador(FechaSalidaEntrenador,CURPEntrenador) VALUES ('2020-06-23 14:00:00','WIN256809IKFEZ67');
INSERT INTO SalidaEntrenador(FechaSalidaEntrenador,CURPEntrenador) VALUES ('2021-12-08 15:00:00','VJQ037276TPCXX98');
INSERT INTO SalidaEntrenador(FechaSalidaEntrenador,CURPEntrenador) VALUES ('2022-01-11 17:00:00','ZQT637913WDFHB36');
INSERT INTO SalidaEntrenador(FechaSalidaEntrenador,CURPEntrenador) VALUES ('2021-07-24 17:00:00','KQJ109191WTWRZ35');
INSERT INTO SalidaEntrenador(FechaSalidaEntrenador,CURPEntrenador) VALUES ('2021-08-25 16:00:00','CPI302573GVVDN91');
INSERT INTO SalidaEntrenador(FechaSalidaEntrenador,CURPEntrenador) VALUES ('2020-09-29 18:00:00','EJW320090LUIRX20');
INSERT INTO SalidaEntrenador(FechaSalidaEntrenador,CURPEntrenador) VALUES ('2022-02-10 14:00:00','XWW423231UQVSD52');
INSERT INTO SalidaEntrenador(FechaSalidaEntrenador,CURPEntrenador) VALUES ('2021-03-13 15:00:00','WSS911198MSYKR95');
INSERT INTO SalidaEntrenador(FechaSalidaEntrenador,CURPEntrenador) VALUES ('2020-06-04 15:00:00','FIR195136JFNOM04');
INSERT INTO SalidaEntrenador(FechaSalidaEntrenador,CURPEntrenador) VALUES ('2021-04-26 12:00:00','AGF262218JSYAS52');
INSERT INTO SalidaEntrenador(FechaSalidaEntrenador,CURPEntrenador) VALUES ('2021-12-23 13:00:00','VKC396851PZUSS78');
INSERT INTO SalidaEntrenador(FechaSalidaEntrenador,CURPEntrenador) VALUES ('2022-08-25 16:00:00','GWV175274ENWLD85');
INSERT INTO SalidaEntrenador(FechaSalidaEntrenador,CURPEntrenador) VALUES ('2020-12-11 14:00:00','TCH244832HAXDF25');
INSERT INTO SalidaEntrenador(FechaSalidaEntrenador,CURPEntrenador) VALUES ('2021-04-29 14:00:00','QEN814644OYPHL55');
INSERT INTO SalidaEntrenador(FechaSalidaEntrenador,CURPEntrenador) VALUES ('2020-08-28 14:00:00','TAQ428086GZPKS54');
INSERT INTO SalidaEntrenador(FechaSalidaEntrenador,CURPEntrenador) VALUES ('2020-11-16 16:00:00','CAT677486DUZAV68');
INSERT INTO SalidaEntrenador(FechaSalidaEntrenador,CURPEntrenador) VALUES ('2022-08-04 15:00:00','ZUE040057TRDHY06');
INSERT INTO SalidaEntrenador(FechaSalidaEntrenador,CURPEntrenador) VALUES ('2021-11-03 15:00:00','EAW400648SMAPI82');
INSERT INTO SalidaEntrenador(FechaSalidaEntrenador,CURPEntrenador) VALUES ('2020-08-23 11:00:00','RHH127823KFNNS45');
INSERT INTO SalidaEntrenador(FechaSalidaEntrenador,CURPEntrenador) VALUES ('2020-10-11 16:00:00','REU470442TSFUU39');
INSERT INTO SalidaEntrenador(FechaSalidaEntrenador,CURPEntrenador) VALUES ('2022-03-03 13:00:00','ORQ365372JLRYR52');
INSERT INTO SalidaEntrenador(FechaSalidaEntrenador,CURPEntrenador) VALUES ('2021-12-10 15:00:00','WWY573679SBXKZ31');
INSERT INTO SalidaEntrenador(FechaSalidaEntrenador,CURPEntrenador) VALUES ('2022-03-26 12:00:00','YCJ704875KAGQT54');
INSERT INTO SalidaEntrenador(FechaSalidaEntrenador,CURPEntrenador) VALUES ('2022-11-11 15:00:00','NJS917038YLRDL30');
INSERT INTO SalidaEntrenador(FechaSalidaEntrenador,CURPEntrenador) VALUES ('2020-05-14 17:00:00','QQN334567YKQZO53');
INSERT INTO SalidaEntrenador(FechaSalidaEntrenador,CURPEntrenador) VALUES ('2021-05-31 13:00:00','HEA594437TYEIU56');
INSERT INTO SalidaEntrenador(FechaSalidaEntrenador,CURPEntrenador) VALUES ('2022-07-25 11:00:00','LQG261342SCJPV30');
INSERT INTO SalidaEntrenador(FechaSalidaEntrenador,CURPEntrenador) VALUES ('2022-06-27 12:00:00','JGY037041RBHBK19');
INSERT INTO SalidaEntrenador(FechaSalidaEntrenador,CURPEntrenador) VALUES ('2022-07-05 15:00:00','HEC989232PDZSP98');
INSERT INTO SalidaEntrenador(FechaSalidaEntrenador,CURPEntrenador) VALUES ('2021-11-26 16:00:00','NJY045686YYWTR53');
INSERT INTO SalidaEntrenador(FechaSalidaEntrenador,CURPEntrenador) VALUES ('2020-11-22 12:00:00','WIH406037RDOQA98');
INSERT INTO SalidaEntrenador(FechaSalidaEntrenador,CURPEntrenador) VALUES ('2021-05-14 16:00:00','WOO150950WQAXD49');
INSERT INTO SalidaEntrenador(FechaSalidaEntrenador,CURPEntrenador) VALUES ('2022-09-07 12:00:00','AWT850703RMQGD26');
INSERT INTO SalidaEntrenador(FechaSalidaEntrenador,CURPEntrenador) VALUES ('2021-11-29 12:00:00','RRG962204QHTBP55');
INSERT INTO SalidaEntrenador(FechaSalidaEntrenador,CURPEntrenador) VALUES ('2021-03-11 15:00:00','PRE118948AFDLX14');
INSERT INTO SalidaEntrenador(FechaSalidaEntrenador,CURPEntrenador) VALUES ('2022-08-15 15:00:00','XBJ078612ZWORL26');
INSERT INTO SalidaEntrenador(FechaSalidaEntrenador,CURPEntrenador) VALUES ('2021-12-30 13:00:00','MPD878895GZTZE00');
INSERT INTO SalidaEntrenador(FechaSalidaEntrenador,CURPEntrenador) VALUES ('2021-07-02 15:00:00','RYW270591TFCGR63');
INSERT INTO SalidaEntrenador(FechaSalidaEntrenador,CURPEntrenador) VALUES ('2022-04-28 14:00:00','WBV909927JHAJU50');
INSERT INTO SalidaEntrenador(FechaSalidaEntrenador,CURPEntrenador) VALUES ('2021-08-01 11:00:00','BAW272063KOCRC34');
INSERT INTO SalidaEntrenador(FechaSalidaEntrenador,CURPEntrenador) VALUES ('2022-04-21 12:00:00','VFJ352385HEKFT60');
INSERT INTO SalidaEntrenador(FechaSalidaEntrenador,CURPEntrenador) VALUES ('2021-04-08 15:00:00','UCS239022YMPHQ82');
INSERT INTO SalidaEntrenador(FechaSalidaEntrenador,CURPEntrenador) VALUES ('2021-04-07 16:00:00','HWB924504ZWTGN01');
INSERT INTO SalidaEntrenador(FechaSalidaEntrenador,CURPEntrenador) VALUES ('2022-05-26 15:00:00','ITA335533NYRPO76');
INSERT INTO SalidaEntrenador(FechaSalidaEntrenador,CURPEntrenador) VALUES ('2021-01-29 13:00:00','PVE448692VZUEB83');
INSERT INTO SalidaEntrenador(FechaSalidaEntrenador,CURPEntrenador) VALUES ('2020-06-18 13:00:00','TIL958384FGLTJ20');
INSERT INTO SalidaEntrenador(FechaSalidaEntrenador,CURPEntrenador) VALUES ('2021-04-22 13:00:00','EYI050753SDJXR73');
INSERT INTO SalidaEntrenador(FechaSalidaEntrenador,CURPEntrenador) VALUES ('2021-05-15 14:00:00','BQA218318FCEUN89');
INSERT INTO SalidaEntrenador(FechaSalidaEntrenador,CURPEntrenador) VALUES ('2021-02-21 16:00:00','BIH318724DFZHF88');
INSERT INTO SalidaEntrenador(FechaSalidaEntrenador,CURPEntrenador) VALUES ('2022-07-12 17:00:00','FHY232712HQQFR54');
INSERT INTO SalidaEntrenador(FechaSalidaEntrenador,CURPEntrenador) VALUES ('2020-07-01 15:00:00','WIN256809IKFEZ67');

INSERT INTO EntradaAgente(FechaEntradaAgente,CURPAgente) VALUES ('2021-12-06 12:00:00','LXY599411EJYLA07');
INSERT INTO EntradaAgente(FechaEntradaAgente,CURPAgente) VALUES ('2021-12-02 12:00:00','VQJ097493AQEYL88');
INSERT INTO EntradaAgente(FechaEntradaAgente,CURPAgente) VALUES ('2021-11-29 11:00:00','QTN612376PKLIN27');
INSERT INTO EntradaAgente(FechaEntradaAgente,CURPAgente) VALUES ('2021-11-29 10:00:00','LXY599411EJYLA07');
INSERT INTO EntradaAgente(FechaEntradaAgente,CURPAgente) VALUES ('2021-12-08 10:00:00','YVH704698EHIZX06');
INSERT INTO EntradaAgente(FechaEntradaAgente,CURPAgente) VALUES ('2021-12-02 11:00:00','LXY599411EJYLA07');
INSERT INTO EntradaAgente(FechaEntradaAgente,CURPAgente) VALUES ('2021-12-02 09:00:00','AWT902812HIFRE96');
INSERT INTO EntradaAgente(FechaEntradaAgente,CURPAgente) VALUES ('2021-12-06 12:00:00','VQJ097493AQEYL88');
INSERT INTO EntradaAgente(FechaEntradaAgente,CURPAgente) VALUES ('2021-11-29 12:00:00','VQJ097493AQEYL88');
INSERT INTO EntradaAgente(FechaEntradaAgente,CURPAgente) VALUES ('2021-12-08 12:00:00','AWT902812HIFRE96');
INSERT INTO EntradaAgente(FechaEntradaAgente,CURPAgente) VALUES ('2021-11-29 08:00:00','AWT902812HIFRE96');
INSERT INTO EntradaAgente(FechaEntradaAgente,CURPAgente) VALUES ('2021-12-02 12:00:00','IGU003788CGJUB79');
INSERT INTO EntradaAgente(FechaEntradaAgente,CURPAgente) VALUES ('2021-12-06 09:00:00','QTN612376PKLIN27');
INSERT INTO EntradaAgente(FechaEntradaAgente,CURPAgente) VALUES ('2021-12-06 09:00:00','YVH704698EHIZX06');
INSERT INTO EntradaAgente(FechaEntradaAgente,CURPAgente) VALUES ('2021-12-02 11:00:00','OSG630507ZCPUL36');
INSERT INTO EntradaAgente(FechaEntradaAgente,CURPAgente) VALUES ('2021-12-08 12:00:00','QTN612376PKLIN27');
INSERT INTO EntradaAgente(FechaEntradaAgente,CURPAgente) VALUES ('2021-11-29 11:00:00','YVH704698EHIZX06');
INSERT INTO EntradaAgente(FechaEntradaAgente,CURPAgente) VALUES ('2021-12-02 09:00:00','QTN612376PKLIN27');
INSERT INTO EntradaAgente(FechaEntradaAgente,CURPAgente) VALUES ('2021-12-08 09:00:00','OSG630507ZCPUL36');
INSERT INTO EntradaAgente(FechaEntradaAgente,CURPAgente) VALUES ('2021-12-02 08:00:00','MPS691833FWCEB71');
INSERT INTO EntradaAgente(FechaEntradaAgente,CURPAgente) VALUES ('2021-12-08 09:00:00','LXY599411EJYLA07');
INSERT INTO EntradaAgente(FechaEntradaAgente,CURPAgente) VALUES ('2021-12-06 11:00:00','MPS691833FWCEB71');
INSERT INTO EntradaAgente(FechaEntradaAgente,CURPAgente) VALUES ('2021-12-08 09:00:00','IGU003788CGJUB79');
INSERT INTO EntradaAgente(FechaEntradaAgente,CURPAgente) VALUES ('2021-12-08 09:00:00','LVY046256QXJDN01');
INSERT INTO EntradaAgente(FechaEntradaAgente,CURPAgente) VALUES ('2021-12-08 08:00:00','OPP925651CLUSR18');
INSERT INTO EntradaAgente(FechaEntradaAgente,CURPAgente) VALUES ('2021-11-29 12:00:00','RFX276754JBFRD28');
INSERT INTO EntradaAgente(FechaEntradaAgente,CURPAgente) VALUES ('2021-12-06 08:00:00','OIP403792IPQPE66');
INSERT INTO EntradaAgente(FechaEntradaAgente,CURPAgente) VALUES ('2021-11-29 11:00:00','OPP925651CLUSR18');
INSERT INTO EntradaAgente(FechaEntradaAgente,CURPAgente) VALUES ('2021-12-02 08:00:00','SFC502226PVOYW22');
INSERT INTO EntradaAgente(FechaEntradaAgente,CURPAgente) VALUES ('2021-12-02 12:00:00','AKX785454WLDTQ22');
INSERT INTO EntradaAgente(FechaEntradaAgente,CURPAgente) VALUES ('2021-12-06 11:00:00','CJB569360RZPWG00');
INSERT INTO EntradaAgente(FechaEntradaAgente,CURPAgente) VALUES ('2021-12-02 08:00:00','LOH824075NATPR65');
INSERT INTO EntradaAgente(FechaEntradaAgente,CURPAgente) VALUES ('2021-12-02 10:00:00','ASQ565820PISXW15');
INSERT INTO EntradaAgente(FechaEntradaAgente,CURPAgente) VALUES ('2021-12-08 11:00:00','OIP403792IPQPE66');
INSERT INTO EntradaAgente(FechaEntradaAgente,CURPAgente) VALUES ('2021-12-06 10:00:00','AKX785454WLDTQ22');
INSERT INTO EntradaAgente(FechaEntradaAgente,CURPAgente) VALUES ('2021-12-06 12:00:00','OPP925651CLUSR18');
INSERT INTO EntradaAgente(FechaEntradaAgente,CURPAgente) VALUES ('2021-11-29 08:00:00','OIP403792IPQPE66');
INSERT INTO EntradaAgente(FechaEntradaAgente,CURPAgente) VALUES ('2021-12-02 08:00:00','NKS351612VMEXV31');
INSERT INTO EntradaAgente(FechaEntradaAgente,CURPAgente) VALUES ('2021-12-06 09:00:00','DIT592580KPFDT66');
INSERT INTO EntradaAgente(FechaEntradaAgente,CURPAgente) VALUES ('2021-12-02 09:00:00','OIP403792IPQPE66');
INSERT INTO EntradaAgente(FechaEntradaAgente,CURPAgente) VALUES ('2021-12-08 12:00:00','CJB569360RZPWG00');
INSERT INTO EntradaAgente(FechaEntradaAgente,CURPAgente) VALUES ('2021-12-06 11:00:00','RFX276754JBFRD28');
INSERT INTO EntradaAgente(FechaEntradaAgente,CURPAgente) VALUES ('2021-12-08 11:00:00','ASQ565820PISXW15');
INSERT INTO EntradaAgente(FechaEntradaAgente,CURPAgente) VALUES ('2021-11-29 12:00:00','QFI629702FWCQK39');
INSERT INTO EntradaAgente(FechaEntradaAgente,CURPAgente) VALUES ('2021-12-02 11:00:00','DIT592580KPFDT66');
INSERT INTO EntradaAgente(FechaEntradaAgente,CURPAgente) VALUES ('2021-11-29 10:00:00','AKX785454WLDTQ22');
INSERT INTO EntradaAgente(FechaEntradaAgente,CURPAgente) VALUES ('2021-12-06 10:00:00','QFI629702FWCQK39');
INSERT INTO EntradaAgente(FechaEntradaAgente,CURPAgente) VALUES ('2021-12-08 10:00:00','SFC502226PVOYW22');
INSERT INTO EntradaAgente(FechaEntradaAgente,CURPAgente) VALUES ('2021-11-29 09:00:00','NKS351612VMEXV31');
INSERT INTO EntradaAgente(FechaEntradaAgente,CURPAgente) VALUES ('2021-12-02 10:00:00','CJB569360RZPWG00');
INSERT INTO EntradaAgente(FechaEntradaAgente,CURPAgente) VALUES ('2021-12-08 11:00:00','QFI629702FWCQK39');
INSERT INTO EntradaAgente(FechaEntradaAgente,CURPAgente) VALUES ('2021-12-02 12:00:00','LVY046256QXJDN01');
INSERT INTO EntradaAgente(FechaEntradaAgente,CURPAgente) VALUES ('2021-12-06 09:00:00','SFC502226PVOYW22');
INSERT INTO EntradaAgente(FechaEntradaAgente,CURPAgente) VALUES ('2021-11-29 11:00:00','ASQ565820PISXW15');
INSERT INTO EntradaAgente(FechaEntradaAgente,CURPAgente) VALUES ('2021-12-06 08:00:00','ASQ565820PISXW15');
INSERT INTO EntradaAgente(FechaEntradaAgente,CURPAgente) VALUES ('2021-12-08 10:00:00','OPP925651CLUSR18');
INSERT INTO EntradaAgente(FechaEntradaAgente,CURPAgente) VALUES ('2021-12-08 12:00:00','LOH824075NATPR65');
INSERT INTO EntradaAgente(FechaEntradaAgente,CURPAgente) VALUES ('2021-12-06 12:00:00','TCE395788FBOBH38');
INSERT INTO EntradaAgente(FechaEntradaAgente,CURPAgente) VALUES ('2022-01-11 10:00:00','CSL452181XIYWF11');
INSERT INTO EntradaAgente(FechaEntradaAgente,CURPAgente) VALUES ('2022-01-06 08:00:00','PAD732458DLYNM08');
INSERT INTO EntradaAgente(FechaEntradaAgente,CURPAgente) VALUES ('2022-01-11 09:00:00','RVA407320RBXQL75');
INSERT INTO EntradaAgente(FechaEntradaAgente,CURPAgente) VALUES ('2022-01-11 10:00:00','LGD784683IXAYG98');
INSERT INTO EntradaAgente(FechaEntradaAgente,CURPAgente) VALUES ('2022-01-10 12:00:00','RVA407320RBXQL75');
INSERT INTO EntradaAgente(FechaEntradaAgente,CURPAgente) VALUES ('2022-01-03 09:00:00','RVA407320RBXQL75');
INSERT INTO EntradaAgente(FechaEntradaAgente,CURPAgente) VALUES ('2022-01-10 10:00:00','LGD784683IXAYG98');
INSERT INTO EntradaAgente(FechaEntradaAgente,CURPAgente) VALUES ('2022-01-03 11:00:00','XUL371177HGQIX32');
INSERT INTO EntradaAgente(FechaEntradaAgente,CURPAgente) VALUES ('2022-01-03 08:00:00','BUZ383525MJTQM94');
INSERT INTO EntradaAgente(FechaEntradaAgente,CURPAgente) VALUES ('2022-01-10 12:00:00','CSL452181XIYWF11');
INSERT INTO EntradaAgente(FechaEntradaAgente,CURPAgente) VALUES ('2022-01-11 11:00:00','XUL371177HGQIX32');
INSERT INTO EntradaAgente(FechaEntradaAgente,CURPAgente) VALUES ('2022-01-03 11:00:00','NYN129609FTIYZ96');
INSERT INTO EntradaAgente(FechaEntradaAgente,CURPAgente) VALUES ('2022-01-06 08:00:00','RVA407320RBXQL75');
INSERT INTO EntradaAgente(FechaEntradaAgente,CURPAgente) VALUES ('2022-01-06 11:00:00','CSL452181XIYWF11');
INSERT INTO EntradaAgente(FechaEntradaAgente,CURPAgente) VALUES ('2022-01-10 11:00:00','BUZ383525MJTQM94');
INSERT INTO EntradaAgente(FechaEntradaAgente,CURPAgente) VALUES ('2022-01-06 08:00:00','BUZ383525MJTQM94');
INSERT INTO EntradaAgente(FechaEntradaAgente,CURPAgente) VALUES ('2022-01-03 12:00:00','XUL371177HGQIX32');
INSERT INTO EntradaAgente(FechaEntradaAgente,CURPAgente) VALUES ('2022-01-10 11:00:00','NYN129609FTIYZ96');
INSERT INTO EntradaAgente(FechaEntradaAgente,CURPAgente) VALUES ('2022-01-11 08:00:00','XUL371177HGQIX32');
INSERT INTO EntradaAgente(FechaEntradaAgente,CURPAgente) VALUES ('2022-01-10 10:00:00','PAD732458DLYNM08');
INSERT INTO EntradaAgente(FechaEntradaAgente,CURPAgente) VALUES ('2022-01-03 08:00:00','LGD784683IXAYG98');
INSERT INTO EntradaAgente(FechaEntradaAgente,CURPAgente) VALUES ('2022-01-03 12:00:00','CGF044994CTAEY79');
INSERT INTO EntradaAgente(FechaEntradaAgente,CURPAgente) VALUES ('2022-01-11 11:00:00','NYN129609FTIYZ96');
INSERT INTO EntradaAgente(FechaEntradaAgente,CURPAgente) VALUES ('2022-01-06 12:00:00','LGD784683IXAYG98');
INSERT INTO EntradaAgente(FechaEntradaAgente,CURPAgente) VALUES ('2022-01-11 10:00:00','CGF044994CTAEY79');
INSERT INTO EntradaAgente(FechaEntradaAgente,CURPAgente) VALUES ('2022-01-11 10:00:00','EVT388989FKEGI97');
INSERT INTO EntradaAgente(FechaEntradaAgente,CURPAgente) VALUES ('2022-01-03 08:00:00','CSL452181XIYWF11');
INSERT INTO EntradaAgente(FechaEntradaAgente,CURPAgente) VALUES ('2022-01-06 11:00:00','CGF044994CTAEY79');
INSERT INTO EntradaAgente(FechaEntradaAgente,CURPAgente) VALUES ('2022-01-06 11:00:00','NYN129609FTIYZ96');
INSERT INTO EntradaAgente(FechaEntradaAgente,CURPAgente) VALUES ('2022-01-06 09:00:00','XUL371177HGQIX32');
INSERT INTO EntradaAgente(FechaEntradaAgente,CURPAgente) VALUES ('2022-01-03 10:00:00','PAD732458DLYNM08');
INSERT INTO EntradaAgente(FechaEntradaAgente,CURPAgente) VALUES ('2022-01-11 11:00:00','PAD732458DLYNM08');
INSERT INTO EntradaAgente(FechaEntradaAgente,CURPAgente) VALUES ('2022-01-10 08:00:00','CGF044994CTAEY79');
INSERT INTO EntradaAgente(FechaEntradaAgente,CURPAgente) VALUES ('2022-01-11 12:00:00','XOB400838YACET66');
INSERT INTO EntradaAgente(FechaEntradaAgente,CURPAgente) VALUES ('2022-01-10 11:00:00','KEJ515126ZJPTH20');
INSERT INTO EntradaAgente(FechaEntradaAgente,CURPAgente) VALUES ('2022-01-03 08:00:00','NLQ668850IAXLM76');
INSERT INTO EntradaAgente(FechaEntradaAgente,CURPAgente) VALUES ('2022-01-03 11:00:00','KEJ515126ZJPTH20');
INSERT INTO EntradaAgente(FechaEntradaAgente,CURPAgente) VALUES ('2022-01-06 11:00:00','XOB400838YACET66');
INSERT INTO EntradaAgente(FechaEntradaAgente,CURPAgente) VALUES ('2022-01-03 12:00:00','WZR512185RBWIU34');
INSERT INTO EntradaAgente(FechaEntradaAgente,CURPAgente) VALUES ('2022-01-10 09:00:00','XOB400838YACET66');
INSERT INTO EntradaAgente(FechaEntradaAgente,CURPAgente) VALUES ('2022-01-11 11:00:00','VTA219151PMMEG22');
INSERT INTO EntradaAgente(FechaEntradaAgente,CURPAgente) VALUES ('2022-01-10 08:00:00','NLQ668850IAXLM76');
INSERT INTO EntradaAgente(FechaEntradaAgente,CURPAgente) VALUES ('2022-01-06 12:00:00','WZR512185RBWIU34');
INSERT INTO EntradaAgente(FechaEntradaAgente,CURPAgente) VALUES ('2022-01-11 09:00:00','WZR512185RBWIU34');
INSERT INTO EntradaAgente(FechaEntradaAgente,CURPAgente) VALUES ('2022-01-10 09:00:00','RTC443654YSZGC43');
INSERT INTO EntradaAgente(FechaEntradaAgente,CURPAgente) VALUES ('2022-01-03 11:00:00','XOB400838YACET66');
INSERT INTO EntradaAgente(FechaEntradaAgente,CURPAgente) VALUES ('2022-01-06 10:00:00','VTA219151PMMEG22');
INSERT INTO EntradaAgente(FechaEntradaAgente,CURPAgente) VALUES ('2022-01-06 12:00:00','RTC443654YSZGC43');
INSERT INTO EntradaAgente(FechaEntradaAgente,CURPAgente) VALUES ('2022-01-06 10:00:00','NLQ668850IAXLM76');
INSERT INTO EntradaAgente(FechaEntradaAgente,CURPAgente) VALUES ('2022-01-11 09:00:00','NLQ668850IAXLM76');
INSERT INTO EntradaAgente(FechaEntradaAgente,CURPAgente) VALUES ('2022-01-03 08:00:00','RTC443654YSZGC43');
INSERT INTO EntradaAgente(FechaEntradaAgente,CURPAgente) VALUES ('2021-07-23 08:00:00','IHI886614WBDZM63');
INSERT INTO EntradaAgente(FechaEntradaAgente,CURPAgente) VALUES ('2021-07-16 10:00:00','JWQ926542NXHWQ53');
INSERT INTO EntradaAgente(FechaEntradaAgente,CURPAgente) VALUES ('2021-07-16 09:00:00','ZDS335551UZLQZ38');
INSERT INTO EntradaAgente(FechaEntradaAgente,CURPAgente) VALUES ('2021-07-17 08:00:00','UFS284225XDKUR13');
INSERT INTO EntradaAgente(FechaEntradaAgente,CURPAgente) VALUES ('2021-07-23 08:00:00','XUS864344JANHF31');
INSERT INTO EntradaAgente(FechaEntradaAgente,CURPAgente) VALUES ('2021-07-16 10:00:00','DMP218440HEPSF41');
INSERT INTO EntradaAgente(FechaEntradaAgente,CURPAgente) VALUES ('2021-07-23 10:00:00','FJA318424ILUIT82');
INSERT INTO EntradaAgente(FechaEntradaAgente,CURPAgente) VALUES ('2021-07-16 09:00:00','UFS284225XDKUR13');
INSERT INTO EntradaAgente(FechaEntradaAgente,CURPAgente) VALUES ('2021-07-23 10:00:00','VWY891661RWUNE21');
INSERT INTO EntradaAgente(FechaEntradaAgente,CURPAgente) VALUES ('2021-07-16 11:00:00','HGL199031TFSWT52');
INSERT INTO EntradaAgente(FechaEntradaAgente,CURPAgente) VALUES ('2021-07-16 12:00:00','XUS864344JANHF31');
INSERT INTO EntradaAgente(FechaEntradaAgente,CURPAgente) VALUES ('2021-07-24 12:00:00','UFS284225XDKUR13');
INSERT INTO EntradaAgente(FechaEntradaAgente,CURPAgente) VALUES ('2021-07-24 11:00:00','CGU302283XPUFK97');
INSERT INTO EntradaAgente(FechaEntradaAgente,CURPAgente) VALUES ('2021-07-16 10:00:00','FJA318424ILUIT82');
INSERT INTO EntradaAgente(FechaEntradaAgente,CURPAgente) VALUES ('2021-07-23 12:00:00','CGU302283XPUFK97');
INSERT INTO EntradaAgente(FechaEntradaAgente,CURPAgente) VALUES ('2021-07-23 08:00:00','HGL199031TFSWT52');
INSERT INTO EntradaAgente(FechaEntradaAgente,CURPAgente) VALUES ('2021-07-24 10:00:00','XUS864344JANHF31');
INSERT INTO EntradaAgente(FechaEntradaAgente,CURPAgente) VALUES ('2021-07-16 08:00:00','UUG515651SUHOH93');
INSERT INTO EntradaAgente(FechaEntradaAgente,CURPAgente) VALUES ('2021-07-24 11:00:00','HGL199031TFSWT52');
INSERT INTO EntradaAgente(FechaEntradaAgente,CURPAgente) VALUES ('2021-07-17 10:00:00','IML125538AGBXV99');
INSERT INTO EntradaAgente(FechaEntradaAgente,CURPAgente) VALUES ('2021-07-17 10:00:00','DCN935610QCQSN81');
INSERT INTO EntradaAgente(FechaEntradaAgente,CURPAgente) VALUES ('2021-07-23 12:00:00','DRV108706GCNNQ13');
INSERT INTO EntradaAgente(FechaEntradaAgente,CURPAgente) VALUES ('2021-07-17 09:00:00','DMP218440HEPSF41');
INSERT INTO EntradaAgente(FechaEntradaAgente,CURPAgente) VALUES ('2021-07-17 11:00:00','JWQ926542NXHWQ53');
INSERT INTO EntradaAgente(FechaEntradaAgente,CURPAgente) VALUES ('2021-07-17 12:00:00','FJA318424ILUIT82');
INSERT INTO EntradaAgente(FechaEntradaAgente,CURPAgente) VALUES ('2021-07-16 08:00:00','PNO292698JVWEW14');
INSERT INTO EntradaAgente(FechaEntradaAgente,CURPAgente) VALUES ('2021-07-17 10:00:00','CGU302283XPUFK97');
INSERT INTO EntradaAgente(FechaEntradaAgente,CURPAgente) VALUES ('2021-07-17 11:00:00','PNO292698JVWEW14');
INSERT INTO EntradaAgente(FechaEntradaAgente,CURPAgente) VALUES ('2021-07-17 08:00:00','UUG515651SUHOH93');
INSERT INTO EntradaAgente(FechaEntradaAgente,CURPAgente) VALUES ('2021-07-16 08:00:00','DRV108706GCNNQ13');
INSERT INTO EntradaAgente(FechaEntradaAgente,CURPAgente) VALUES ('2021-07-24 08:00:00','DMP218440HEPSF41');
INSERT INTO EntradaAgente(FechaEntradaAgente,CURPAgente) VALUES ('2021-07-17 09:00:00','XUS864344JANHF31');
INSERT INTO EntradaAgente(FechaEntradaAgente,CURPAgente) VALUES ('2021-07-16 11:00:00','CGU302283XPUFK97');
INSERT INTO EntradaAgente(FechaEntradaAgente,CURPAgente) VALUES ('2021-07-16 12:00:00','OLL278741LFBNK78');
INSERT INTO EntradaAgente(FechaEntradaAgente,CURPAgente) VALUES ('2021-07-24 10:00:00','IHI886614WBDZM63');
INSERT INTO EntradaAgente(FechaEntradaAgente,CURPAgente) VALUES ('2021-07-24 10:00:00','JWQ926542NXHWQ53');
INSERT INTO EntradaAgente(FechaEntradaAgente,CURPAgente) VALUES ('2021-07-17 09:00:00','HGL199031TFSWT52');
INSERT INTO EntradaAgente(FechaEntradaAgente,CURPAgente) VALUES ('2021-07-17 11:00:00','AVZ590726EALHT78');
INSERT INTO EntradaAgente(FechaEntradaAgente,CURPAgente) VALUES ('2021-07-16 08:00:00','DCN935610QCQSN81');
INSERT INTO EntradaAgente(FechaEntradaAgente,CURPAgente) VALUES ('2021-07-24 10:00:00','DCN935610QCQSN81');
INSERT INTO EntradaAgente(FechaEntradaAgente,CURPAgente) VALUES ('2021-07-23 12:00:00','UUG515651SUHOH93');
INSERT INTO EntradaAgente(FechaEntradaAgente,CURPAgente) VALUES ('2021-07-16 09:00:00','IHI886614WBDZM63');
INSERT INTO EntradaAgente(FechaEntradaAgente,CURPAgente) VALUES ('2021-07-23 11:00:00','AVZ590726EALHT78');
INSERT INTO EntradaAgente(FechaEntradaAgente,CURPAgente) VALUES ('2021-07-17 11:00:00','DRV108706GCNNQ13');
INSERT INTO EntradaAgente(FechaEntradaAgente,CURPAgente) VALUES ('2021-07-23 08:00:00','ZDS335551UZLQZ38');
INSERT INTO EntradaAgente(FechaEntradaAgente,CURPAgente) VALUES ('2021-07-23 10:00:00','DMP218440HEPSF41');
INSERT INTO EntradaAgente(FechaEntradaAgente,CURPAgente) VALUES ('2021-07-24 10:00:00','FJA318424ILUIT82');
INSERT INTO EntradaAgente(FechaEntradaAgente,CURPAgente) VALUES ('2021-07-24 12:00:00','UUG515651SUHOH93');
INSERT INTO EntradaAgente(FechaEntradaAgente,CURPAgente) VALUES ('2021-07-17 08:00:00','VWY891661RWUNE21');
INSERT INTO EntradaAgente(FechaEntradaAgente,CURPAgente) VALUES ('2021-07-17 08:00:00','IHI886614WBDZM63');
INSERT INTO EntradaAgente(FechaEntradaAgente,CURPAgente) VALUES ('2021-07-24 12:00:00','DRE494254SQQFR92');
INSERT INTO EntradaAgente(FechaEntradaAgente,CURPAgente) VALUES ('2021-07-16 12:00:00','IML125538AGBXV99');
INSERT INTO EntradaAgente(FechaEntradaAgente,CURPAgente) VALUES ('2021-07-24 09:00:00','ZDS335551UZLQZ38');
INSERT INTO EntradaAgente(FechaEntradaAgente,CURPAgente) VALUES ('2021-07-17 08:00:00','OLL278741LFBNK78');
INSERT INTO EntradaAgente(FechaEntradaAgente,CURPAgente) VALUES ('2021-07-24 10:00:00','AVZ590726EALHT78');
INSERT INTO EntradaAgente(FechaEntradaAgente,CURPAgente) VALUES ('2021-07-23 09:00:00','IML125538AGBXV99');
INSERT INTO EntradaAgente(FechaEntradaAgente,CURPAgente) VALUES ('2021-07-24 10:00:00','OLL278741LFBNK78');
INSERT INTO EntradaAgente(FechaEntradaAgente,CURPAgente) VALUES ('2021-07-23 08:00:00','DXG253433WWGTR38');
INSERT INTO EntradaAgente(FechaEntradaAgente,CURPAgente) VALUES ('2021-07-24 08:00:00','DXG253433WWGTR38');
INSERT INTO EntradaAgente(FechaEntradaAgente,CURPAgente) VALUES ('2021-07-16 08:00:00','RZM680317IUQOI91');
INSERT INTO EntradaAgente(FechaEntradaAgente,CURPAgente) VALUES ('2021-07-17 10:00:00','ZDS335551UZLQZ38');
INSERT INTO EntradaAgente(FechaEntradaAgente,CURPAgente) VALUES ('2021-07-16 10:00:00','AVZ590726EALHT78');
INSERT INTO EntradaAgente(FechaEntradaAgente,CURPAgente) VALUES ('2021-07-16 11:00:00','VWY891661RWUNE21');
INSERT INTO EntradaAgente(FechaEntradaAgente,CURPAgente) VALUES ('2021-07-23 10:00:00','DRE494254SQQFR92');
INSERT INTO EntradaAgente(FechaEntradaAgente,CURPAgente) VALUES ('2021-07-24 09:00:00','DRV108706GCNNQ13');
INSERT INTO EntradaAgente(FechaEntradaAgente,CURPAgente) VALUES ('2021-07-24 12:00:00','IML125538AGBXV99');
INSERT INTO EntradaAgente(FechaEntradaAgente,CURPAgente) VALUES ('2021-07-23 12:00:00','UFS284225XDKUR13');
INSERT INTO EntradaAgente(FechaEntradaAgente,CURPAgente) VALUES ('2021-07-23 08:00:00','DCN935610QCQSN81');
INSERT INTO EntradaAgente(FechaEntradaAgente,CURPAgente) VALUES ('2021-07-24 12:00:00','PNO292698JVWEW14');
INSERT INTO EntradaAgente(FechaEntradaAgente,CURPAgente) VALUES ('2021-07-17 08:00:00','AVZ590726EALHT78');
INSERT INTO EntradaAgente(FechaEntradaAgente,CURPAgente) VALUES ('2021-07-23 08:00:00','VWY891661RWUNE21');
INSERT INTO EntradaAgente(FechaEntradaAgente,CURPAgente) VALUES ('2021-07-23 09:00:00','PNO292698JVWEW14');
INSERT INTO EntradaAgente(FechaEntradaAgente,CURPAgente) VALUES ('2021-07-23 09:00:00','JWQ926542NXHWQ53');
INSERT INTO EntradaAgente(FechaEntradaAgente,CURPAgente) VALUES ('2021-07-24 09:00:00','DCG842926ACADM12');
INSERT INTO EntradaAgente(FechaEntradaAgente,CURPAgente) VALUES ('2021-07-16 11:00:00','MOZ572863ZCZLT42');
INSERT INTO EntradaAgente(FechaEntradaAgente,CURPAgente) VALUES ('2021-07-24 09:00:00','PES814498YNZVJ68');
INSERT INTO EntradaAgente(FechaEntradaAgente,CURPAgente) VALUES ('2021-07-16 08:00:00','DCG842926ACADM12');
INSERT INTO EntradaAgente(FechaEntradaAgente,CURPAgente) VALUES ('2021-07-17 09:00:00','QXQ636579ZIIRM52');
INSERT INTO EntradaAgente(FechaEntradaAgente,CURPAgente) VALUES ('2021-07-17 09:00:00','CGK424976WXHRW76');
INSERT INTO EntradaAgente(FechaEntradaAgente,CURPAgente) VALUES ('2021-07-23 10:00:00','MOZ572863ZCZLT42');
INSERT INTO EntradaAgente(FechaEntradaAgente,CURPAgente) VALUES ('2021-07-23 11:00:00','XOU764871JGIMD53');
INSERT INTO EntradaAgente(FechaEntradaAgente,CURPAgente) VALUES ('2021-07-17 11:00:00','XOU764871JGIMD53');
INSERT INTO EntradaAgente(FechaEntradaAgente,CURPAgente) VALUES ('2021-07-16 10:00:00','CGK424976WXHRW76');
INSERT INTO EntradaAgente(FechaEntradaAgente,CURPAgente) VALUES ('2021-07-16 10:00:00','PES814498YNZVJ68');
INSERT INTO EntradaAgente(FechaEntradaAgente,CURPAgente) VALUES ('2021-07-24 10:00:00','YDE357105ULASF58');
INSERT INTO EntradaAgente(FechaEntradaAgente,CURPAgente) VALUES ('2021-07-24 08:00:00','XOU764871JGIMD53');
INSERT INTO EntradaAgente(FechaEntradaAgente,CURPAgente) VALUES ('2021-07-23 12:00:00','DCG842926ACADM12');
INSERT INTO EntradaAgente(FechaEntradaAgente,CURPAgente) VALUES ('2021-07-23 12:00:00','PES814498YNZVJ68');
INSERT INTO EntradaAgente(FechaEntradaAgente,CURPAgente) VALUES ('2021-07-16 08:00:00','YDE357105ULASF58');
INSERT INTO EntradaAgente(FechaEntradaAgente,CURPAgente) VALUES ('2021-07-17 12:00:00','DCG842926ACADM12');
INSERT INTO EntradaAgente(FechaEntradaAgente,CURPAgente) VALUES ('2021-07-16 12:00:00','XOU764871JGIMD53');
INSERT INTO EntradaAgente(FechaEntradaAgente,CURPAgente) VALUES ('2021-07-24 10:00:00','QXQ636579ZIIRM52');
INSERT INTO EntradaAgente(FechaEntradaAgente,CURPAgente) VALUES ('2021-07-23 12:00:00','CGK424976WXHRW76');
INSERT INTO EntradaAgente(FechaEntradaAgente,CURPAgente) VALUES ('2021-07-17 12:00:00','PES814498YNZVJ68');
INSERT INTO EntradaAgente(FechaEntradaAgente,CURPAgente) VALUES ('2021-07-23 09:00:00','ZEF860439JJHOE64');
INSERT INTO EntradaAgente(FechaEntradaAgente,CURPAgente) VALUES ('2021-07-23 09:00:00','YDE357105ULASF58');
INSERT INTO EntradaAgente(FechaEntradaAgente,CURPAgente) VALUES ('2021-08-16 12:00:00','EOR696891DKKHD67');
INSERT INTO EntradaAgente(FechaEntradaAgente,CURPAgente) VALUES ('2021-08-23 09:00:00','LOQ010207SFNTW02');
INSERT INTO EntradaAgente(FechaEntradaAgente,CURPAgente) VALUES ('2021-08-25 10:00:00','CTC040122ALHKF52');
INSERT INTO EntradaAgente(FechaEntradaAgente,CURPAgente) VALUES ('2021-08-16 11:00:00','WLT767843NYVCC69');
INSERT INTO EntradaAgente(FechaEntradaAgente,CURPAgente) VALUES ('2021-08-19 10:00:00','TSO214831QPFML32');
INSERT INTO EntradaAgente(FechaEntradaAgente,CURPAgente) VALUES ('2021-08-25 09:00:00','DRT834312VOHXU67');
INSERT INTO EntradaAgente(FechaEntradaAgente,CURPAgente) VALUES ('2021-08-16 12:00:00','WLY504922LLLCQ76');
INSERT INTO EntradaAgente(FechaEntradaAgente,CURPAgente) VALUES ('2021-08-16 10:00:00','CTC040122ALHKF52');
INSERT INTO EntradaAgente(FechaEntradaAgente,CURPAgente) VALUES ('2021-08-25 12:00:00','TSO214831QPFML32');
INSERT INTO EntradaAgente(FechaEntradaAgente,CURPAgente) VALUES ('2021-08-25 10:00:00','EOR696891DKKHD67');
INSERT INTO EntradaAgente(FechaEntradaAgente,CURPAgente) VALUES ('2021-08-19 08:00:00','EOR696891DKKHD67');
INSERT INTO EntradaAgente(FechaEntradaAgente,CURPAgente) VALUES ('2021-08-23 11:00:00','GSD335987XRSIK75');
INSERT INTO EntradaAgente(FechaEntradaAgente,CURPAgente) VALUES ('2021-08-23 12:00:00','WLT767843NYVCC69');
INSERT INTO EntradaAgente(FechaEntradaAgente,CURPAgente) VALUES ('2021-08-23 11:00:00','WLY504922LLLCQ76');
INSERT INTO EntradaAgente(FechaEntradaAgente,CURPAgente) VALUES ('2021-08-16 10:00:00','DRT834312VOHXU67');
INSERT INTO EntradaAgente(FechaEntradaAgente,CURPAgente) VALUES ('2021-08-19 12:00:00','OXV275093SBUKL93');
INSERT INTO EntradaAgente(FechaEntradaAgente,CURPAgente) VALUES ('2021-08-23 11:00:00','EOR696891DKKHD67');
INSERT INTO EntradaAgente(FechaEntradaAgente,CURPAgente) VALUES ('2021-08-19 12:00:00','WLT767843NYVCC69');
INSERT INTO EntradaAgente(FechaEntradaAgente,CURPAgente) VALUES ('2021-08-19 09:00:00','LOQ010207SFNTW02');
INSERT INTO EntradaAgente(FechaEntradaAgente,CURPAgente) VALUES ('2021-08-23 10:00:00','ZBE452918KZRHG23');
INSERT INTO EntradaAgente(FechaEntradaAgente,CURPAgente) VALUES ('2021-08-25 10:00:00','GSD335987XRSIK75');
INSERT INTO EntradaAgente(FechaEntradaAgente,CURPAgente) VALUES ('2021-08-23 09:00:00','CTC040122ALHKF52');
INSERT INTO EntradaAgente(FechaEntradaAgente,CURPAgente) VALUES ('2021-08-16 09:00:00','OXV275093SBUKL93');
INSERT INTO EntradaAgente(FechaEntradaAgente,CURPAgente) VALUES ('2021-08-16 08:00:00','ZBE452918KZRHG23');
INSERT INTO EntradaAgente(FechaEntradaAgente,CURPAgente) VALUES ('2021-08-25 11:00:00','WLT767843NYVCC69');
INSERT INTO EntradaAgente(FechaEntradaAgente,CURPAgente) VALUES ('2021-08-25 12:00:00','QTS105478OXHCL20');
INSERT INTO EntradaAgente(FechaEntradaAgente,CURPAgente) VALUES ('2021-08-23 12:00:00','OXV275093SBUKL93');
INSERT INTO EntradaAgente(FechaEntradaAgente,CURPAgente) VALUES ('2021-08-23 08:00:00','QTS105478OXHCL20');
INSERT INTO EntradaAgente(FechaEntradaAgente,CURPAgente) VALUES ('2021-08-16 10:00:00','WLY504922LLLCQ76');
INSERT INTO EntradaAgente(FechaEntradaAgente,CURPAgente) VALUES ('2021-08-25 12:00:00','OXV275093SBUKL93');
INSERT INTO EntradaAgente(FechaEntradaAgente,CURPAgente) VALUES ('2021-08-25 10:00:00','LOQ010207SFNTW02');
INSERT INTO EntradaAgente(FechaEntradaAgente,CURPAgente) VALUES ('2021-08-16 08:00:00','LOQ010207SFNTW02');
INSERT INTO EntradaAgente(FechaEntradaAgente,CURPAgente) VALUES ('2021-08-19 11:00:00','CTC040122ALHKF52');
INSERT INTO EntradaAgente(FechaEntradaAgente,CURPAgente) VALUES ('2021-08-19 12:00:00','WLY504922LLLCQ76');
INSERT INTO EntradaAgente(FechaEntradaAgente,CURPAgente) VALUES ('2021-08-25 08:00:00','WLY504922LLLCQ76');
INSERT INTO EntradaAgente(FechaEntradaAgente,CURPAgente) VALUES ('2021-08-19 08:00:00','GSD335987XRSIK75');
INSERT INTO EntradaAgente(FechaEntradaAgente,CURPAgente) VALUES ('2021-08-19 11:00:00','ZBE452918KZRHG23');
INSERT INTO EntradaAgente(FechaEntradaAgente,CURPAgente) VALUES ('2021-08-23 08:00:00','VXH165592ZUQEZ07');
INSERT INTO EntradaAgente(FechaEntradaAgente,CURPAgente) VALUES ('2021-08-19 11:00:00','AZS735697MIAUJ08');
INSERT INTO EntradaAgente(FechaEntradaAgente,CURPAgente) VALUES ('2021-08-25 11:00:00','OHM227005QOPEZ13');
INSERT INTO EntradaAgente(FechaEntradaAgente,CURPAgente) VALUES ('2021-08-16 12:00:00','RNZ151443NADGN17');
INSERT INTO EntradaAgente(FechaEntradaAgente,CURPAgente) VALUES ('2021-08-23 11:00:00','PSA367043ZURLI77');
INSERT INTO EntradaAgente(FechaEntradaAgente,CURPAgente) VALUES ('2021-08-19 12:00:00','HYU976378BOEJZ74');
INSERT INTO EntradaAgente(FechaEntradaAgente,CURPAgente) VALUES ('2021-08-25 09:00:00','IVE308369MNFVN55');
INSERT INTO EntradaAgente(FechaEntradaAgente,CURPAgente) VALUES ('2021-08-16 09:00:00','VXH165592ZUQEZ07');
INSERT INTO EntradaAgente(FechaEntradaAgente,CURPAgente) VALUES ('2021-08-23 10:00:00','AZS735697MIAUJ08');
INSERT INTO EntradaAgente(FechaEntradaAgente,CURPAgente) VALUES ('2021-08-19 08:00:00','OHM227005QOPEZ13');
INSERT INTO EntradaAgente(FechaEntradaAgente,CURPAgente) VALUES ('2021-08-25 10:00:00','RNZ151443NADGN17');
INSERT INTO EntradaAgente(FechaEntradaAgente,CURPAgente) VALUES ('2021-08-16 08:00:00','PSA367043ZURLI77');
INSERT INTO EntradaAgente(FechaEntradaAgente,CURPAgente) VALUES ('2021-08-23 11:00:00','HYU976378BOEJZ74');
INSERT INTO EntradaAgente(FechaEntradaAgente,CURPAgente) VALUES ('2021-08-19 08:00:00','IVE308369MNFVN55');
INSERT INTO EntradaAgente(FechaEntradaAgente,CURPAgente) VALUES ('2021-08-25 08:00:00','VXH165592ZUQEZ07');
INSERT INTO EntradaAgente(FechaEntradaAgente,CURPAgente) VALUES ('2021-08-16 09:00:00','AZS735697MIAUJ08');
INSERT INTO EntradaAgente(FechaEntradaAgente,CURPAgente) VALUES ('2021-08-23 11:00:00','OHM227005QOPEZ13');
INSERT INTO EntradaAgente(FechaEntradaAgente,CURPAgente) VALUES ('2021-08-19 09:00:00','RNZ151443NADGN17');
INSERT INTO EntradaAgente(FechaEntradaAgente,CURPAgente) VALUES ('2021-08-25 12:00:00','PSA367043ZURLI77');
INSERT INTO EntradaAgente(FechaEntradaAgente,CURPAgente) VALUES ('2021-08-23 11:00:00','IVE308369MNFVN55');
INSERT INTO EntradaAgente(FechaEntradaAgente,CURPAgente) VALUES ('2021-08-19 09:00:00','VXH165592ZUQEZ07');
INSERT INTO EntradaAgente(FechaEntradaAgente,CURPAgente) VALUES ('2021-08-25 11:00:00','AZS735697MIAUJ08');
INSERT INTO EntradaAgente(FechaEntradaAgente,CURPAgente) VALUES ('2021-08-16 11:00:00','OHM227005QOPEZ13');
INSERT INTO EntradaAgente(FechaEntradaAgente,CURPAgente) VALUES ('2021-08-23 09:00:00','RNZ151443NADGN17');
INSERT INTO EntradaAgente(FechaEntradaAgente,CURPAgente) VALUES ('2021-08-19 08:00:00','PSA367043ZURLI77');
INSERT INTO EntradaAgente(FechaEntradaAgente,CURPAgente) VALUES ('2021-08-25 11:00:00','HYU976378BOEJZ74');
INSERT INTO EntradaAgente(FechaEntradaAgente,CURPAgente) VALUES ('2020-09-28 12:00:00','OEI903702NITNJ23');
INSERT INTO EntradaAgente(FechaEntradaAgente,CURPAgente) VALUES ('2020-09-23 11:00:00','ORA414287QQAJD79');
INSERT INTO EntradaAgente(FechaEntradaAgente,CURPAgente) VALUES ('2020-09-29 11:00:00','NLP603731YFBNS52');
INSERT INTO EntradaAgente(FechaEntradaAgente,CURPAgente) VALUES ('2020-09-21 10:00:00','OBD495035EXSXD46');
INSERT INTO EntradaAgente(FechaEntradaAgente,CURPAgente) VALUES ('2020-09-28 11:00:00','CTA377842UXQXZ34');
INSERT INTO EntradaAgente(FechaEntradaAgente,CURPAgente) VALUES ('2020-09-23 12:00:00','PCG815329MWXCL33');
INSERT INTO EntradaAgente(FechaEntradaAgente,CURPAgente) VALUES ('2020-09-29 08:00:00','JFQ888764OWFKM52');
INSERT INTO EntradaAgente(FechaEntradaAgente,CURPAgente) VALUES ('2020-09-21 11:00:00','DWY025072YWCLB74');
INSERT INTO EntradaAgente(FechaEntradaAgente,CURPAgente) VALUES ('2020-09-28 11:00:00','TMY191674DLVHD02');
INSERT INTO EntradaAgente(FechaEntradaAgente,CURPAgente) VALUES ('2020-09-23 10:00:00','EDQ308723AETVE79');
INSERT INTO EntradaAgente(FechaEntradaAgente,CURPAgente) VALUES ('2020-09-21 11:00:00','IZJ075876GCBEV92');
INSERT INTO EntradaAgente(FechaEntradaAgente,CURPAgente) VALUES ('2020-09-21 10:00:00','PAD083239MDAAK08');
INSERT INTO EntradaAgente(FechaEntradaAgente,CURPAgente) VALUES ('2020-09-21 09:00:00','CSU438640YZZNK79');
INSERT INTO EntradaAgente(FechaEntradaAgente,CURPAgente) VALUES ('2020-09-21 08:00:00','QYW626492VHTTJ44');
INSERT INTO EntradaAgente(FechaEntradaAgente,CURPAgente) VALUES ('2020-09-28 11:00:00','IZJ075876GCBEV92');
INSERT INTO EntradaAgente(FechaEntradaAgente,CURPAgente) VALUES ('2020-09-28 12:00:00','PAD083239MDAAK08');
INSERT INTO EntradaAgente(FechaEntradaAgente,CURPAgente) VALUES ('2020-09-28 11:00:00','CSU438640YZZNK79');
INSERT INTO EntradaAgente(FechaEntradaAgente,CURPAgente) VALUES ('2020-09-20 09:00:00','QYW626492VHTTJ44');
INSERT INTO EntradaAgente(FechaEntradaAgente,CURPAgente) VALUES ('2020-09-23 09:00:00','IZJ075876GCBEV92');
INSERT INTO EntradaAgente(FechaEntradaAgente,CURPAgente) VALUES ('2020-09-23 10:00:00','PAD083239MDAAK08');
INSERT INTO EntradaAgente(FechaEntradaAgente,CURPAgente) VALUES ('2020-09-23 08:00:00','CSU438640YZZNK79');
INSERT INTO EntradaAgente(FechaEntradaAgente,CURPAgente) VALUES ('2020-09-23 09:00:00','QYW626492VHTTJ44');
INSERT INTO EntradaAgente(FechaEntradaAgente,CURPAgente) VALUES ('2020-09-29 12:00:00','IZJ075876GCBEV92');
INSERT INTO EntradaAgente(FechaEntradaAgente,CURPAgente) VALUES ('2020-09-29 12:00:00','PAD083239MDAAK08');
INSERT INTO EntradaAgente(FechaEntradaAgente,CURPAgente) VALUES ('2020-09-29 08:00:00','CSU438640YZZNK79');

INSERT INTO SalidaAgente(FechaSalidaAgente,CURPAgente) VALUES ('2021-12-06 15:00:00','LXY599411EJYLA07');
INSERT INTO SalidaAgente(FechaSalidaAgente,CURPAgente) VALUES ('2021-12-02 15:00:00','VQJ097493AQEYL88');
INSERT INTO SalidaAgente(FechaSalidaAgente,CURPAgente) VALUES ('2021-11-29 14:00:00','QTN612376PKLIN27');
INSERT INTO SalidaAgente(FechaSalidaAgente,CURPAgente) VALUES ('2021-11-29 14:00:00','LXY599411EJYLA07');
INSERT INTO SalidaAgente(FechaSalidaAgente,CURPAgente) VALUES ('2021-12-08 13:00:00','YVH704698EHIZX06');
INSERT INTO SalidaAgente(FechaSalidaAgente,CURPAgente) VALUES ('2021-12-02 14:00:00','LXY599411EJYLA07');
INSERT INTO SalidaAgente(FechaSalidaAgente,CURPAgente) VALUES ('2021-12-02 12:00:00','AWT902812HIFRE96');
INSERT INTO SalidaAgente(FechaSalidaAgente,CURPAgente) VALUES ('2021-12-06 15:00:00','VQJ097493AQEYL88');
INSERT INTO SalidaAgente(FechaSalidaAgente,CURPAgente) VALUES ('2021-11-29 16:00:00','VQJ097493AQEYL88');
INSERT INTO SalidaAgente(FechaSalidaAgente,CURPAgente) VALUES ('2021-12-08 15:00:00','AWT902812HIFRE96');
INSERT INTO SalidaAgente(FechaSalidaAgente,CURPAgente) VALUES ('2021-11-29 12:00:00','AWT902812HIFRE96');
INSERT INTO SalidaAgente(FechaSalidaAgente,CURPAgente) VALUES ('2021-12-02 16:00:00','IGU003788CGJUB79');
INSERT INTO SalidaAgente(FechaSalidaAgente,CURPAgente) VALUES ('2021-12-06 13:00:00','QTN612376PKLIN27');
INSERT INTO SalidaAgente(FechaSalidaAgente,CURPAgente) VALUES ('2021-12-06 13:00:00','YVH704698EHIZX06');
INSERT INTO SalidaAgente(FechaSalidaAgente,CURPAgente) VALUES ('2021-12-02 14:00:00','OSG630507ZCPUL36');
INSERT INTO SalidaAgente(FechaSalidaAgente,CURPAgente) VALUES ('2021-12-08 15:00:00','QTN612376PKLIN27');
INSERT INTO SalidaAgente(FechaSalidaAgente,CURPAgente) VALUES ('2021-11-29 15:00:00','YVH704698EHIZX06');
INSERT INTO SalidaAgente(FechaSalidaAgente,CURPAgente) VALUES ('2021-12-02 12:00:00','QTN612376PKLIN27');
INSERT INTO SalidaAgente(FechaSalidaAgente,CURPAgente) VALUES ('2021-12-08 13:00:00','OSG630507ZCPUL36');
INSERT INTO SalidaAgente(FechaSalidaAgente,CURPAgente) VALUES ('2021-12-02 12:00:00','MPS691833FWCEB71');
INSERT INTO SalidaAgente(FechaSalidaAgente,CURPAgente) VALUES ('2021-12-08 13:00:00','LXY599411EJYLA07');
INSERT INTO SalidaAgente(FechaSalidaAgente,CURPAgente) VALUES ('2021-12-06 14:00:00','MPS691833FWCEB71');
INSERT INTO SalidaAgente(FechaSalidaAgente,CURPAgente) VALUES ('2021-12-08 13:00:00','IGU003788CGJUB79');
INSERT INTO SalidaAgente(FechaSalidaAgente,CURPAgente) VALUES ('2021-12-08 13:00:00','LVY046256QXJDN01');
INSERT INTO SalidaAgente(FechaSalidaAgente,CURPAgente) VALUES ('2021-12-08 11:00:00','OPP925651CLUSR18');
INSERT INTO SalidaAgente(FechaSalidaAgente,CURPAgente) VALUES ('2021-11-29 16:00:00','RFX276754JBFRD28');
INSERT INTO SalidaAgente(FechaSalidaAgente,CURPAgente) VALUES ('2021-12-06 11:00:00','OIP403792IPQPE66');
INSERT INTO SalidaAgente(FechaSalidaAgente,CURPAgente) VALUES ('2021-11-29 15:00:00','OPP925651CLUSR18');
INSERT INTO SalidaAgente(FechaSalidaAgente,CURPAgente) VALUES ('2021-12-02 12:00:00','SFC502226PVOYW22');
INSERT INTO SalidaAgente(FechaSalidaAgente,CURPAgente) VALUES ('2021-12-02 16:00:00','AKX785454WLDTQ22');
INSERT INTO SalidaAgente(FechaSalidaAgente,CURPAgente) VALUES ('2021-12-06 14:00:00','CJB569360RZPWG00');
INSERT INTO SalidaAgente(FechaSalidaAgente,CURPAgente) VALUES ('2021-12-02 11:00:00','LOH824075NATPR65');
INSERT INTO SalidaAgente(FechaSalidaAgente,CURPAgente) VALUES ('2021-12-02 14:00:00','ASQ565820PISXW15');
INSERT INTO SalidaAgente(FechaSalidaAgente,CURPAgente) VALUES ('2021-12-08 15:00:00','OIP403792IPQPE66');
INSERT INTO SalidaAgente(FechaSalidaAgente,CURPAgente) VALUES ('2021-12-06 14:00:00','AKX785454WLDTQ22');
INSERT INTO SalidaAgente(FechaSalidaAgente,CURPAgente) VALUES ('2021-12-06 15:00:00','OPP925651CLUSR18');
INSERT INTO SalidaAgente(FechaSalidaAgente,CURPAgente) VALUES ('2021-11-29 12:00:00','OIP403792IPQPE66');
INSERT INTO SalidaAgente(FechaSalidaAgente,CURPAgente) VALUES ('2021-12-02 12:00:00','NKS351612VMEXV31');
INSERT INTO SalidaAgente(FechaSalidaAgente,CURPAgente) VALUES ('2021-12-06 13:00:00','DIT592580KPFDT66');
INSERT INTO SalidaAgente(FechaSalidaAgente,CURPAgente) VALUES ('2021-12-02 13:00:00','OIP403792IPQPE66');
INSERT INTO SalidaAgente(FechaSalidaAgente,CURPAgente) VALUES ('2021-12-08 16:00:00','CJB569360RZPWG00');
INSERT INTO SalidaAgente(FechaSalidaAgente,CURPAgente) VALUES ('2021-12-06 15:00:00','RFX276754JBFRD28');
INSERT INTO SalidaAgente(FechaSalidaAgente,CURPAgente) VALUES ('2021-12-08 15:00:00','ASQ565820PISXW15');
INSERT INTO SalidaAgente(FechaSalidaAgente,CURPAgente) VALUES ('2021-11-29 16:00:00','QFI629702FWCQK39');
INSERT INTO SalidaAgente(FechaSalidaAgente,CURPAgente) VALUES ('2021-12-02 14:00:00','DIT592580KPFDT66');
INSERT INTO SalidaAgente(FechaSalidaAgente,CURPAgente) VALUES ('2021-11-29 13:00:00','AKX785454WLDTQ22');
INSERT INTO SalidaAgente(FechaSalidaAgente,CURPAgente) VALUES ('2021-12-06 14:00:00','QFI629702FWCQK39');
INSERT INTO SalidaAgente(FechaSalidaAgente,CURPAgente) VALUES ('2021-12-08 13:00:00','SFC502226PVOYW22');
INSERT INTO SalidaAgente(FechaSalidaAgente,CURPAgente) VALUES ('2021-11-29 12:00:00','NKS351612VMEXV31');
INSERT INTO SalidaAgente(FechaSalidaAgente,CURPAgente) VALUES ('2021-12-02 14:00:00','CJB569360RZPWG00');
INSERT INTO SalidaAgente(FechaSalidaAgente,CURPAgente) VALUES ('2021-12-08 14:00:00','QFI629702FWCQK39');
INSERT INTO SalidaAgente(FechaSalidaAgente,CURPAgente) VALUES ('2021-12-02 16:00:00','LVY046256QXJDN01');
INSERT INTO SalidaAgente(FechaSalidaAgente,CURPAgente) VALUES ('2021-12-06 12:00:00','SFC502226PVOYW22');
INSERT INTO SalidaAgente(FechaSalidaAgente,CURPAgente) VALUES ('2021-11-29 14:00:00','ASQ565820PISXW15');
INSERT INTO SalidaAgente(FechaSalidaAgente,CURPAgente) VALUES ('2021-12-06 12:00:00','ASQ565820PISXW15');
INSERT INTO SalidaAgente(FechaSalidaAgente,CURPAgente) VALUES ('2021-12-08 13:00:00','OPP925651CLUSR18');
INSERT INTO SalidaAgente(FechaSalidaAgente,CURPAgente) VALUES ('2021-12-08 15:00:00','LOH824075NATPR65');
INSERT INTO SalidaAgente(FechaSalidaAgente,CURPAgente) VALUES ('2021-12-06 15:00:00','TCE395788FBOBH38');
INSERT INTO SalidaAgente(FechaSalidaAgente,CURPAgente) VALUES ('2022-01-11 13:00:00','CSL452181XIYWF11');
INSERT INTO SalidaAgente(FechaSalidaAgente,CURPAgente) VALUES ('2022-01-06 11:00:00','PAD732458DLYNM08');
INSERT INTO SalidaAgente(FechaSalidaAgente,CURPAgente) VALUES ('2022-01-11 12:00:00','RVA407320RBXQL75');
INSERT INTO SalidaAgente(FechaSalidaAgente,CURPAgente) VALUES ('2022-01-11 14:00:00','LGD784683IXAYG98');
INSERT INTO SalidaAgente(FechaSalidaAgente,CURPAgente) VALUES ('2022-01-10 16:00:00','RVA407320RBXQL75');
INSERT INTO SalidaAgente(FechaSalidaAgente,CURPAgente) VALUES ('2022-01-03 13:00:00','RVA407320RBXQL75');
INSERT INTO SalidaAgente(FechaSalidaAgente,CURPAgente) VALUES ('2022-01-10 14:00:00','LGD784683IXAYG98');
INSERT INTO SalidaAgente(FechaSalidaAgente,CURPAgente) VALUES ('2022-01-03 15:00:00','XUL371177HGQIX32');
INSERT INTO SalidaAgente(FechaSalidaAgente,CURPAgente) VALUES ('2022-01-03 11:00:00','BUZ383525MJTQM94');
INSERT INTO SalidaAgente(FechaSalidaAgente,CURPAgente) VALUES ('2022-01-10 15:00:00','CSL452181XIYWF11');
INSERT INTO SalidaAgente(FechaSalidaAgente,CURPAgente) VALUES ('2022-01-11 15:00:00','XUL371177HGQIX32');
INSERT INTO SalidaAgente(FechaSalidaAgente,CURPAgente) VALUES ('2022-01-03 14:00:00','NYN129609FTIYZ96');
INSERT INTO SalidaAgente(FechaSalidaAgente,CURPAgente) VALUES ('2022-01-06 12:00:00','RVA407320RBXQL75');
INSERT INTO SalidaAgente(FechaSalidaAgente,CURPAgente) VALUES ('2022-01-06 15:00:00','CSL452181XIYWF11');
INSERT INTO SalidaAgente(FechaSalidaAgente,CURPAgente) VALUES ('2022-01-10 14:00:00','BUZ383525MJTQM94');
INSERT INTO SalidaAgente(FechaSalidaAgente,CURPAgente) VALUES ('2022-01-06 12:00:00','BUZ383525MJTQM94');
INSERT INTO SalidaAgente(FechaSalidaAgente,CURPAgente) VALUES ('2022-01-03 15:00:00','XUL371177HGQIX32');
INSERT INTO SalidaAgente(FechaSalidaAgente,CURPAgente) VALUES ('2022-01-10 14:00:00','NYN129609FTIYZ96');
INSERT INTO SalidaAgente(FechaSalidaAgente,CURPAgente) VALUES ('2022-01-11 12:00:00','XUL371177HGQIX32');
INSERT INTO SalidaAgente(FechaSalidaAgente,CURPAgente) VALUES ('2022-01-10 13:00:00','PAD732458DLYNM08');
INSERT INTO SalidaAgente(FechaSalidaAgente,CURPAgente) VALUES ('2022-01-03 12:00:00','LGD784683IXAYG98');
INSERT INTO SalidaAgente(FechaSalidaAgente,CURPAgente) VALUES ('2022-01-03 15:00:00','CGF044994CTAEY79');
INSERT INTO SalidaAgente(FechaSalidaAgente,CURPAgente) VALUES ('2022-01-11 15:00:00','NYN129609FTIYZ96');
INSERT INTO SalidaAgente(FechaSalidaAgente,CURPAgente) VALUES ('2022-01-06 16:00:00','LGD784683IXAYG98');
INSERT INTO SalidaAgente(FechaSalidaAgente,CURPAgente) VALUES ('2022-01-11 14:00:00','CGF044994CTAEY79');
INSERT INTO SalidaAgente(FechaSalidaAgente,CURPAgente) VALUES ('2022-01-11 13:00:00','EVT388989FKEGI97');
INSERT INTO SalidaAgente(FechaSalidaAgente,CURPAgente) VALUES ('2022-01-03 12:00:00','CSL452181XIYWF11');
INSERT INTO SalidaAgente(FechaSalidaAgente,CURPAgente) VALUES ('2022-01-06 15:00:00','CGF044994CTAEY79');
INSERT INTO SalidaAgente(FechaSalidaAgente,CURPAgente) VALUES ('2022-01-06 14:00:00','NYN129609FTIYZ96');
INSERT INTO SalidaAgente(FechaSalidaAgente,CURPAgente) VALUES ('2022-01-06 13:00:00','XUL371177HGQIX32');
INSERT INTO SalidaAgente(FechaSalidaAgente,CURPAgente) VALUES ('2022-01-03 14:00:00','PAD732458DLYNM08');
INSERT INTO SalidaAgente(FechaSalidaAgente,CURPAgente) VALUES ('2022-01-11 14:00:00','PAD732458DLYNM08');
INSERT INTO SalidaAgente(FechaSalidaAgente,CURPAgente) VALUES ('2022-01-10 11:00:00','CGF044994CTAEY79');
INSERT INTO SalidaAgente(FechaSalidaAgente,CURPAgente) VALUES ('2022-01-11 15:00:00','XOB400838YACET66');
INSERT INTO SalidaAgente(FechaSalidaAgente,CURPAgente) VALUES ('2022-01-10 14:00:00','KEJ515126ZJPTH20');
INSERT INTO SalidaAgente(FechaSalidaAgente,CURPAgente) VALUES ('2022-01-03 12:00:00','NLQ668850IAXLM76');
INSERT INTO SalidaAgente(FechaSalidaAgente,CURPAgente) VALUES ('2022-01-03 15:00:00','KEJ515126ZJPTH20');
INSERT INTO SalidaAgente(FechaSalidaAgente,CURPAgente) VALUES ('2022-01-06 15:00:00','XOB400838YACET66');
INSERT INTO SalidaAgente(FechaSalidaAgente,CURPAgente) VALUES ('2022-01-03 15:00:00','WZR512185RBWIU34');
INSERT INTO SalidaAgente(FechaSalidaAgente,CURPAgente) VALUES ('2022-01-10 13:00:00','XOB400838YACET66');
INSERT INTO SalidaAgente(FechaSalidaAgente,CURPAgente) VALUES ('2022-01-11 14:00:00','VTA219151PMMEG22');
INSERT INTO SalidaAgente(FechaSalidaAgente,CURPAgente) VALUES ('2022-01-10 12:00:00','NLQ668850IAXLM76');
INSERT INTO SalidaAgente(FechaSalidaAgente,CURPAgente) VALUES ('2022-01-06 15:00:00','WZR512185RBWIU34');
INSERT INTO SalidaAgente(FechaSalidaAgente,CURPAgente) VALUES ('2022-01-11 13:00:00','WZR512185RBWIU34');
INSERT INTO SalidaAgente(FechaSalidaAgente,CURPAgente) VALUES ('2022-01-10 13:00:00','RTC443654YSZGC43');
INSERT INTO SalidaAgente(FechaSalidaAgente,CURPAgente) VALUES ('2022-01-03 14:00:00','XOB400838YACET66');
INSERT INTO SalidaAgente(FechaSalidaAgente,CURPAgente) VALUES ('2022-01-06 14:00:00','VTA219151PMMEG22');
INSERT INTO SalidaAgente(FechaSalidaAgente,CURPAgente) VALUES ('2022-01-06 15:00:00','RTC443654YSZGC43');
INSERT INTO SalidaAgente(FechaSalidaAgente,CURPAgente) VALUES ('2022-01-06 14:00:00','NLQ668850IAXLM76');
INSERT INTO SalidaAgente(FechaSalidaAgente,CURPAgente) VALUES ('2022-01-11 12:00:00','NLQ668850IAXLM76');
INSERT INTO SalidaAgente(FechaSalidaAgente,CURPAgente) VALUES ('2022-01-03 12:00:00','RTC443654YSZGC43');
INSERT INTO SalidaAgente(FechaSalidaAgente,CURPAgente) VALUES ('2021-07-23 12:00:00','IHI886614WBDZM63');
INSERT INTO SalidaAgente(FechaSalidaAgente,CURPAgente) VALUES ('2021-07-16 14:00:00','JWQ926542NXHWQ53');
INSERT INTO SalidaAgente(FechaSalidaAgente,CURPAgente) VALUES ('2021-07-16 12:00:00','ZDS335551UZLQZ38');
INSERT INTO SalidaAgente(FechaSalidaAgente,CURPAgente) VALUES ('2021-07-17 12:00:00','UFS284225XDKUR13');
INSERT INTO SalidaAgente(FechaSalidaAgente,CURPAgente) VALUES ('2021-07-23 12:00:00','XUS864344JANHF31');
INSERT INTO SalidaAgente(FechaSalidaAgente,CURPAgente) VALUES ('2021-07-16 14:00:00','DMP218440HEPSF41');
INSERT INTO SalidaAgente(FechaSalidaAgente,CURPAgente) VALUES ('2021-07-23 13:00:00','FJA318424ILUIT82');
INSERT INTO SalidaAgente(FechaSalidaAgente,CURPAgente) VALUES ('2021-07-16 13:00:00','UFS284225XDKUR13');
INSERT INTO SalidaAgente(FechaSalidaAgente,CURPAgente) VALUES ('2021-07-23 14:00:00','VWY891661RWUNE21');
INSERT INTO SalidaAgente(FechaSalidaAgente,CURPAgente) VALUES ('2021-07-16 14:00:00','HGL199031TFSWT52');
INSERT INTO SalidaAgente(FechaSalidaAgente,CURPAgente) VALUES ('2021-07-16 16:00:00','XUS864344JANHF31');
INSERT INTO SalidaAgente(FechaSalidaAgente,CURPAgente) VALUES ('2021-07-24 16:00:00','UFS284225XDKUR13');
INSERT INTO SalidaAgente(FechaSalidaAgente,CURPAgente) VALUES ('2021-07-24 14:00:00','CGU302283XPUFK97');
INSERT INTO SalidaAgente(FechaSalidaAgente,CURPAgente) VALUES ('2021-07-16 13:00:00','FJA318424ILUIT82');
INSERT INTO SalidaAgente(FechaSalidaAgente,CURPAgente) VALUES ('2021-07-23 15:00:00','CGU302283XPUFK97');
INSERT INTO SalidaAgente(FechaSalidaAgente,CURPAgente) VALUES ('2021-07-23 11:00:00','HGL199031TFSWT52');
INSERT INTO SalidaAgente(FechaSalidaAgente,CURPAgente) VALUES ('2021-07-24 14:00:00','XUS864344JANHF31');
INSERT INTO SalidaAgente(FechaSalidaAgente,CURPAgente) VALUES ('2021-07-16 12:00:00','UUG515651SUHOH93');
INSERT INTO SalidaAgente(FechaSalidaAgente,CURPAgente) VALUES ('2021-07-24 15:00:00','HGL199031TFSWT52');
INSERT INTO SalidaAgente(FechaSalidaAgente,CURPAgente) VALUES ('2021-07-17 13:00:00','IML125538AGBXV99');
INSERT INTO SalidaAgente(FechaSalidaAgente,CURPAgente) VALUES ('2021-07-17 14:00:00','DCN935610QCQSN81');
INSERT INTO SalidaAgente(FechaSalidaAgente,CURPAgente) VALUES ('2021-07-23 15:00:00','DRV108706GCNNQ13');
INSERT INTO SalidaAgente(FechaSalidaAgente,CURPAgente) VALUES ('2021-07-17 12:00:00','DMP218440HEPSF41');
INSERT INTO SalidaAgente(FechaSalidaAgente,CURPAgente) VALUES ('2021-07-17 15:00:00','JWQ926542NXHWQ53');
INSERT INTO SalidaAgente(FechaSalidaAgente,CURPAgente) VALUES ('2021-07-17 15:00:00','FJA318424ILUIT82');
INSERT INTO SalidaAgente(FechaSalidaAgente,CURPAgente) VALUES ('2021-07-16 11:00:00','PNO292698JVWEW14');
INSERT INTO SalidaAgente(FechaSalidaAgente,CURPAgente) VALUES ('2021-07-17 14:00:00','CGU302283XPUFK97');
INSERT INTO SalidaAgente(FechaSalidaAgente,CURPAgente) VALUES ('2021-07-17 14:00:00','PNO292698JVWEW14');
INSERT INTO SalidaAgente(FechaSalidaAgente,CURPAgente) VALUES ('2021-07-17 12:00:00','UUG515651SUHOH93');
INSERT INTO SalidaAgente(FechaSalidaAgente,CURPAgente) VALUES ('2021-07-16 12:00:00','DRV108706GCNNQ13');
INSERT INTO SalidaAgente(FechaSalidaAgente,CURPAgente) VALUES ('2021-07-24 11:00:00','DMP218440HEPSF41');
INSERT INTO SalidaAgente(FechaSalidaAgente,CURPAgente) VALUES ('2021-07-17 13:00:00','XUS864344JANHF31');
INSERT INTO SalidaAgente(FechaSalidaAgente,CURPAgente) VALUES ('2021-07-16 14:00:00','CGU302283XPUFK97');
INSERT INTO SalidaAgente(FechaSalidaAgente,CURPAgente) VALUES ('2021-07-16 15:00:00','OLL278741LFBNK78');
INSERT INTO SalidaAgente(FechaSalidaAgente,CURPAgente) VALUES ('2021-07-24 14:00:00','IHI886614WBDZM63');
INSERT INTO SalidaAgente(FechaSalidaAgente,CURPAgente) VALUES ('2021-07-24 14:00:00','JWQ926542NXHWQ53');
INSERT INTO SalidaAgente(FechaSalidaAgente,CURPAgente) VALUES ('2021-07-17 12:00:00','HGL199031TFSWT52');
INSERT INTO SalidaAgente(FechaSalidaAgente,CURPAgente) VALUES ('2021-07-17 14:00:00','AVZ590726EALHT78');
INSERT INTO SalidaAgente(FechaSalidaAgente,CURPAgente) VALUES ('2021-07-16 11:00:00','DCN935610QCQSN81');
INSERT INTO SalidaAgente(FechaSalidaAgente,CURPAgente) VALUES ('2021-07-24 14:00:00','DCN935610QCQSN81');
INSERT INTO SalidaAgente(FechaSalidaAgente,CURPAgente) VALUES ('2021-07-23 15:00:00','UUG515651SUHOH93');
INSERT INTO SalidaAgente(FechaSalidaAgente,CURPAgente) VALUES ('2021-07-16 12:00:00','IHI886614WBDZM63');
INSERT INTO SalidaAgente(FechaSalidaAgente,CURPAgente) VALUES ('2021-07-23 14:00:00','AVZ590726EALHT78');
INSERT INTO SalidaAgente(FechaSalidaAgente,CURPAgente) VALUES ('2021-07-17 14:00:00','DRV108706GCNNQ13');
INSERT INTO SalidaAgente(FechaSalidaAgente,CURPAgente) VALUES ('2021-07-23 11:00:00','ZDS335551UZLQZ38');
INSERT INTO SalidaAgente(FechaSalidaAgente,CURPAgente) VALUES ('2021-07-23 13:00:00','DMP218440HEPSF41');
INSERT INTO SalidaAgente(FechaSalidaAgente,CURPAgente) VALUES ('2021-07-24 13:00:00','FJA318424ILUIT82');
INSERT INTO SalidaAgente(FechaSalidaAgente,CURPAgente) VALUES ('2021-07-24 15:00:00','UUG515651SUHOH93');
INSERT INTO SalidaAgente(FechaSalidaAgente,CURPAgente) VALUES ('2021-07-17 11:00:00','VWY891661RWUNE21');
INSERT INTO SalidaAgente(FechaSalidaAgente,CURPAgente) VALUES ('2021-07-17 11:00:00','IHI886614WBDZM63');
INSERT INTO SalidaAgente(FechaSalidaAgente,CURPAgente) VALUES ('2021-07-24 15:00:00','DRE494254SQQFR92');
INSERT INTO SalidaAgente(FechaSalidaAgente,CURPAgente) VALUES ('2021-07-16 15:00:00','IML125538AGBXV99');
INSERT INTO SalidaAgente(FechaSalidaAgente,CURPAgente) VALUES ('2021-07-24 12:00:00','ZDS335551UZLQZ38');
INSERT INTO SalidaAgente(FechaSalidaAgente,CURPAgente) VALUES ('2021-07-17 11:00:00','OLL278741LFBNK78');
INSERT INTO SalidaAgente(FechaSalidaAgente,CURPAgente) VALUES ('2021-07-24 13:00:00','AVZ590726EALHT78');
INSERT INTO SalidaAgente(FechaSalidaAgente,CURPAgente) VALUES ('2021-07-23 13:00:00','IML125538AGBXV99');
INSERT INTO SalidaAgente(FechaSalidaAgente,CURPAgente) VALUES ('2021-07-24 13:00:00','OLL278741LFBNK78');
INSERT INTO SalidaAgente(FechaSalidaAgente,CURPAgente) VALUES ('2021-07-23 11:00:00','DXG253433WWGTR38');
INSERT INTO SalidaAgente(FechaSalidaAgente,CURPAgente) VALUES ('2021-07-24 11:00:00','DXG253433WWGTR38');
INSERT INTO SalidaAgente(FechaSalidaAgente,CURPAgente) VALUES ('2021-07-16 11:00:00','RZM680317IUQOI91');
INSERT INTO SalidaAgente(FechaSalidaAgente,CURPAgente) VALUES ('2021-07-17 13:00:00','ZDS335551UZLQZ38');
INSERT INTO SalidaAgente(FechaSalidaAgente,CURPAgente) VALUES ('2021-07-16 13:00:00','AVZ590726EALHT78');
INSERT INTO SalidaAgente(FechaSalidaAgente,CURPAgente) VALUES ('2021-07-16 15:00:00','VWY891661RWUNE21');
INSERT INTO SalidaAgente(FechaSalidaAgente,CURPAgente) VALUES ('2021-07-23 13:00:00','DRE494254SQQFR92');
INSERT INTO SalidaAgente(FechaSalidaAgente,CURPAgente) VALUES ('2021-07-24 13:00:00','DRV108706GCNNQ13');
INSERT INTO SalidaAgente(FechaSalidaAgente,CURPAgente) VALUES ('2021-07-24 16:00:00','IML125538AGBXV99');
INSERT INTO SalidaAgente(FechaSalidaAgente,CURPAgente) VALUES ('2021-07-23 15:00:00','UFS284225XDKUR13');
INSERT INTO SalidaAgente(FechaSalidaAgente,CURPAgente) VALUES ('2021-07-23 12:00:00','DCN935610QCQSN81');
INSERT INTO SalidaAgente(FechaSalidaAgente,CURPAgente) VALUES ('2021-07-24 15:00:00','PNO292698JVWEW14');
INSERT INTO SalidaAgente(FechaSalidaAgente,CURPAgente) VALUES ('2021-07-17 12:00:00','AVZ590726EALHT78');
INSERT INTO SalidaAgente(FechaSalidaAgente,CURPAgente) VALUES ('2021-07-23 12:00:00','VWY891661RWUNE21');
INSERT INTO SalidaAgente(FechaSalidaAgente,CURPAgente) VALUES ('2021-07-23 13:00:00','PNO292698JVWEW14');
INSERT INTO SalidaAgente(FechaSalidaAgente,CURPAgente) VALUES ('2021-07-23 12:00:00','JWQ926542NXHWQ53');
INSERT INTO SalidaAgente(FechaSalidaAgente,CURPAgente) VALUES ('2021-07-24 13:00:00','DCG842926ACADM12');
INSERT INTO SalidaAgente(FechaSalidaAgente,CURPAgente) VALUES ('2021-07-16 14:00:00','MOZ572863ZCZLT42');
INSERT INTO SalidaAgente(FechaSalidaAgente,CURPAgente) VALUES ('2021-07-24 12:00:00','PES814498YNZVJ68');
INSERT INTO SalidaAgente(FechaSalidaAgente,CURPAgente) VALUES ('2021-07-16 12:00:00','DCG842926ACADM12');
INSERT INTO SalidaAgente(FechaSalidaAgente,CURPAgente) VALUES ('2021-07-17 13:00:00','QXQ636579ZIIRM52');
INSERT INTO SalidaAgente(FechaSalidaAgente,CURPAgente) VALUES ('2021-07-17 12:00:00','CGK424976WXHRW76');
INSERT INTO SalidaAgente(FechaSalidaAgente,CURPAgente) VALUES ('2021-07-23 14:00:00','MOZ572863ZCZLT42');
INSERT INTO SalidaAgente(FechaSalidaAgente,CURPAgente) VALUES ('2021-07-23 14:00:00','XOU764871JGIMD53');
INSERT INTO SalidaAgente(FechaSalidaAgente,CURPAgente) VALUES ('2021-07-17 15:00:00','XOU764871JGIMD53');
INSERT INTO SalidaAgente(FechaSalidaAgente,CURPAgente) VALUES ('2021-07-16 13:00:00','CGK424976WXHRW76');
INSERT INTO SalidaAgente(FechaSalidaAgente,CURPAgente) VALUES ('2021-07-16 14:00:00','PES814498YNZVJ68');
INSERT INTO SalidaAgente(FechaSalidaAgente,CURPAgente) VALUES ('2021-07-24 14:00:00','YDE357105ULASF58');
INSERT INTO SalidaAgente(FechaSalidaAgente,CURPAgente) VALUES ('2021-07-24 11:00:00','XOU764871JGIMD53');
INSERT INTO SalidaAgente(FechaSalidaAgente,CURPAgente) VALUES ('2021-07-23 15:00:00','DCG842926ACADM12');
INSERT INTO SalidaAgente(FechaSalidaAgente,CURPAgente) VALUES ('2021-07-23 16:00:00','PES814498YNZVJ68');
INSERT INTO SalidaAgente(FechaSalidaAgente,CURPAgente) VALUES ('2021-07-16 11:00:00','YDE357105ULASF58');
INSERT INTO SalidaAgente(FechaSalidaAgente,CURPAgente) VALUES ('2021-07-17 15:00:00','DCG842926ACADM12');
INSERT INTO SalidaAgente(FechaSalidaAgente,CURPAgente) VALUES ('2021-07-16 15:00:00','XOU764871JGIMD53');
INSERT INTO SalidaAgente(FechaSalidaAgente,CURPAgente) VALUES ('2021-07-24 13:00:00','QXQ636579ZIIRM52');
INSERT INTO SalidaAgente(FechaSalidaAgente,CURPAgente) VALUES ('2021-07-23 15:00:00','CGK424976WXHRW76');
INSERT INTO SalidaAgente(FechaSalidaAgente,CURPAgente) VALUES ('2021-07-17 15:00:00','PES814498YNZVJ68');
INSERT INTO SalidaAgente(FechaSalidaAgente,CURPAgente) VALUES ('2021-07-23 13:00:00','ZEF860439JJHOE64');
INSERT INTO SalidaAgente(FechaSalidaAgente,CURPAgente) VALUES ('2021-07-23 12:00:00','YDE357105ULASF58');
INSERT INTO SalidaAgente(FechaSalidaAgente,CURPAgente) VALUES ('2021-08-16 16:00:00','EOR696891DKKHD67');
INSERT INTO SalidaAgente(FechaSalidaAgente,CURPAgente) VALUES ('2021-08-23 13:00:00','LOQ010207SFNTW02');
INSERT INTO SalidaAgente(FechaSalidaAgente,CURPAgente) VALUES ('2021-08-25 13:00:00','CTC040122ALHKF52');
INSERT INTO SalidaAgente(FechaSalidaAgente,CURPAgente) VALUES ('2021-08-16 14:00:00','WLT767843NYVCC69');
INSERT INTO SalidaAgente(FechaSalidaAgente,CURPAgente) VALUES ('2021-08-19 13:00:00','TSO214831QPFML32');
INSERT INTO SalidaAgente(FechaSalidaAgente,CURPAgente) VALUES ('2021-08-25 13:00:00','DRT834312VOHXU67');
INSERT INTO SalidaAgente(FechaSalidaAgente,CURPAgente) VALUES ('2021-08-16 15:00:00','WLY504922LLLCQ76');
INSERT INTO SalidaAgente(FechaSalidaAgente,CURPAgente) VALUES ('2021-08-16 13:00:00','CTC040122ALHKF52');
INSERT INTO SalidaAgente(FechaSalidaAgente,CURPAgente) VALUES ('2021-08-25 16:00:00','TSO214831QPFML32');
INSERT INTO SalidaAgente(FechaSalidaAgente,CURPAgente) VALUES ('2021-08-25 14:00:00','EOR696891DKKHD67');
INSERT INTO SalidaAgente(FechaSalidaAgente,CURPAgente) VALUES ('2021-08-19 12:00:00','EOR696891DKKHD67');
INSERT INTO SalidaAgente(FechaSalidaAgente,CURPAgente) VALUES ('2021-08-23 15:00:00','GSD335987XRSIK75');
INSERT INTO SalidaAgente(FechaSalidaAgente,CURPAgente) VALUES ('2021-08-23 15:00:00','WLT767843NYVCC69');
INSERT INTO SalidaAgente(FechaSalidaAgente,CURPAgente) VALUES ('2021-08-23 15:00:00','WLY504922LLLCQ76');
INSERT INTO SalidaAgente(FechaSalidaAgente,CURPAgente) VALUES ('2021-08-16 13:00:00','DRT834312VOHXU67');
INSERT INTO SalidaAgente(FechaSalidaAgente,CURPAgente) VALUES ('2021-08-19 15:00:00','OXV275093SBUKL93');
INSERT INTO SalidaAgente(FechaSalidaAgente,CURPAgente) VALUES ('2021-08-23 15:00:00','EOR696891DKKHD67');
INSERT INTO SalidaAgente(FechaSalidaAgente,CURPAgente) VALUES ('2021-08-19 15:00:00','WLT767843NYVCC69');
INSERT INTO SalidaAgente(FechaSalidaAgente,CURPAgente) VALUES ('2021-08-19 13:00:00','LOQ010207SFNTW02');
INSERT INTO SalidaAgente(FechaSalidaAgente,CURPAgente) VALUES ('2021-08-23 14:00:00','ZBE452918KZRHG23');
INSERT INTO SalidaAgente(FechaSalidaAgente,CURPAgente) VALUES ('2021-08-25 13:00:00','GSD335987XRSIK75');
INSERT INTO SalidaAgente(FechaSalidaAgente,CURPAgente) VALUES ('2021-08-23 13:00:00','CTC040122ALHKF52');
INSERT INTO SalidaAgente(FechaSalidaAgente,CURPAgente) VALUES ('2021-08-16 13:00:00','OXV275093SBUKL93');
INSERT INTO SalidaAgente(FechaSalidaAgente,CURPAgente) VALUES ('2021-08-16 12:00:00','ZBE452918KZRHG23');
INSERT INTO SalidaAgente(FechaSalidaAgente,CURPAgente) VALUES ('2021-08-25 14:00:00','WLT767843NYVCC69');
INSERT INTO SalidaAgente(FechaSalidaAgente,CURPAgente) VALUES ('2021-08-25 16:00:00','QTS105478OXHCL20');
INSERT INTO SalidaAgente(FechaSalidaAgente,CURPAgente) VALUES ('2021-08-23 16:00:00','OXV275093SBUKL93');
INSERT INTO SalidaAgente(FechaSalidaAgente,CURPAgente) VALUES ('2021-08-23 11:00:00','QTS105478OXHCL20');
INSERT INTO SalidaAgente(FechaSalidaAgente,CURPAgente) VALUES ('2021-08-16 13:00:00','WLY504922LLLCQ76');
INSERT INTO SalidaAgente(FechaSalidaAgente,CURPAgente) VALUES ('2021-08-25 15:00:00','OXV275093SBUKL93');
INSERT INTO SalidaAgente(FechaSalidaAgente,CURPAgente) VALUES ('2021-08-25 14:00:00','LOQ010207SFNTW02');
INSERT INTO SalidaAgente(FechaSalidaAgente,CURPAgente) VALUES ('2021-08-16 12:00:00','LOQ010207SFNTW02');
INSERT INTO SalidaAgente(FechaSalidaAgente,CURPAgente) VALUES ('2021-08-19 14:00:00','CTC040122ALHKF52');
INSERT INTO SalidaAgente(FechaSalidaAgente,CURPAgente) VALUES ('2021-08-19 16:00:00','WLY504922LLLCQ76');
INSERT INTO SalidaAgente(FechaSalidaAgente,CURPAgente) VALUES ('2021-08-25 12:00:00','WLY504922LLLCQ76');
INSERT INTO SalidaAgente(FechaSalidaAgente,CURPAgente) VALUES ('2021-08-19 12:00:00','GSD335987XRSIK75');
INSERT INTO SalidaAgente(FechaSalidaAgente,CURPAgente) VALUES ('2021-08-19 15:00:00','ZBE452918KZRHG23');
INSERT INTO SalidaAgente(FechaSalidaAgente,CURPAgente) VALUES ('2021-08-23 12:00:00','VXH165592ZUQEZ07');
INSERT INTO SalidaAgente(FechaSalidaAgente,CURPAgente) VALUES ('2021-08-19 14:00:00','AZS735697MIAUJ08');
INSERT INTO SalidaAgente(FechaSalidaAgente,CURPAgente) VALUES ('2021-08-25 15:00:00','OHM227005QOPEZ13');
INSERT INTO SalidaAgente(FechaSalidaAgente,CURPAgente) VALUES ('2021-08-16 16:00:00','RNZ151443NADGN17');
INSERT INTO SalidaAgente(FechaSalidaAgente,CURPAgente) VALUES ('2021-08-23 15:00:00','PSA367043ZURLI77');
INSERT INTO SalidaAgente(FechaSalidaAgente,CURPAgente) VALUES ('2021-08-19 15:00:00','HYU976378BOEJZ74');
INSERT INTO SalidaAgente(FechaSalidaAgente,CURPAgente) VALUES ('2021-08-25 13:00:00','IVE308369MNFVN55');
INSERT INTO SalidaAgente(FechaSalidaAgente,CURPAgente) VALUES ('2021-08-16 13:00:00','VXH165592ZUQEZ07');
INSERT INTO SalidaAgente(FechaSalidaAgente,CURPAgente) VALUES ('2021-08-23 14:00:00','AZS735697MIAUJ08');
INSERT INTO SalidaAgente(FechaSalidaAgente,CURPAgente) VALUES ('2021-08-19 11:00:00','OHM227005QOPEZ13');
INSERT INTO SalidaAgente(FechaSalidaAgente,CURPAgente) VALUES ('2021-08-25 13:00:00','RNZ151443NADGN17');
INSERT INTO SalidaAgente(FechaSalidaAgente,CURPAgente) VALUES ('2021-08-16 11:00:00','PSA367043ZURLI77');
INSERT INTO SalidaAgente(FechaSalidaAgente,CURPAgente) VALUES ('2021-08-23 15:00:00','HYU976378BOEJZ74');
INSERT INTO SalidaAgente(FechaSalidaAgente,CURPAgente) VALUES ('2021-08-19 11:00:00','IVE308369MNFVN55');
INSERT INTO SalidaAgente(FechaSalidaAgente,CURPAgente) VALUES ('2021-08-25 12:00:00','VXH165592ZUQEZ07');
INSERT INTO SalidaAgente(FechaSalidaAgente,CURPAgente) VALUES ('2021-08-16 13:00:00','AZS735697MIAUJ08');
INSERT INTO SalidaAgente(FechaSalidaAgente,CURPAgente) VALUES ('2021-08-23 15:00:00','OHM227005QOPEZ13');
INSERT INTO SalidaAgente(FechaSalidaAgente,CURPAgente) VALUES ('2021-08-19 12:00:00','RNZ151443NADGN17');
INSERT INTO SalidaAgente(FechaSalidaAgente,CURPAgente) VALUES ('2021-08-25 15:00:00','PSA367043ZURLI77');
INSERT INTO SalidaAgente(FechaSalidaAgente,CURPAgente) VALUES ('2021-08-23 15:00:00','IVE308369MNFVN55');
INSERT INTO SalidaAgente(FechaSalidaAgente,CURPAgente) VALUES ('2021-08-19 13:00:00','VXH165592ZUQEZ07');
INSERT INTO SalidaAgente(FechaSalidaAgente,CURPAgente) VALUES ('2021-08-25 14:00:00','AZS735697MIAUJ08');
INSERT INTO SalidaAgente(FechaSalidaAgente,CURPAgente) VALUES ('2021-08-16 14:00:00','OHM227005QOPEZ13');
INSERT INTO SalidaAgente(FechaSalidaAgente,CURPAgente) VALUES ('2021-08-23 12:00:00','RNZ151443NADGN17');
INSERT INTO SalidaAgente(FechaSalidaAgente,CURPAgente) VALUES ('2021-08-19 12:00:00','PSA367043ZURLI77');
INSERT INTO SalidaAgente(FechaSalidaAgente,CURPAgente) VALUES ('2021-08-25 14:00:00','HYU976378BOEJZ74');
INSERT INTO SalidaAgente(FechaSalidaAgente,CURPAgente) VALUES ('2020-09-28 16:00:00','OEI903702NITNJ23');
INSERT INTO SalidaAgente(FechaSalidaAgente,CURPAgente) VALUES ('2020-09-23 15:00:00','ORA414287QQAJD79');
INSERT INTO SalidaAgente(FechaSalidaAgente,CURPAgente) VALUES ('2020-09-29 14:00:00','NLP603731YFBNS52');
INSERT INTO SalidaAgente(FechaSalidaAgente,CURPAgente) VALUES ('2020-09-21 13:00:00','OBD495035EXSXD46');
INSERT INTO SalidaAgente(FechaSalidaAgente,CURPAgente) VALUES ('2020-09-28 15:00:00','CTA377842UXQXZ34');
INSERT INTO SalidaAgente(FechaSalidaAgente,CURPAgente) VALUES ('2020-09-23 16:00:00','PCG815329MWXCL33');
INSERT INTO SalidaAgente(FechaSalidaAgente,CURPAgente) VALUES ('2020-09-29 12:00:00','JFQ888764OWFKM52');
INSERT INTO SalidaAgente(FechaSalidaAgente,CURPAgente) VALUES ('2020-09-21 15:00:00','DWY025072YWCLB74');
INSERT INTO SalidaAgente(FechaSalidaAgente,CURPAgente) VALUES ('2020-09-28 14:00:00','TMY191674DLVHD02');
INSERT INTO SalidaAgente(FechaSalidaAgente,CURPAgente) VALUES ('2020-09-23 13:00:00','EDQ308723AETVE79');
INSERT INTO SalidaAgente(FechaSalidaAgente,CURPAgente) VALUES ('2020-09-21 15:00:00','IZJ075876GCBEV92');
INSERT INTO SalidaAgente(FechaSalidaAgente,CURPAgente) VALUES ('2020-09-21 14:00:00','PAD083239MDAAK08');
INSERT INTO SalidaAgente(FechaSalidaAgente,CURPAgente) VALUES ('2020-09-21 13:00:00','CSU438640YZZNK79');
INSERT INTO SalidaAgente(FechaSalidaAgente,CURPAgente) VALUES ('2020-09-21 12:00:00','QYW626492VHTTJ44');
INSERT INTO SalidaAgente(FechaSalidaAgente,CURPAgente) VALUES ('2020-09-28 14:00:00','IZJ075876GCBEV92');
INSERT INTO SalidaAgente(FechaSalidaAgente,CURPAgente) VALUES ('2020-09-28 16:00:00','PAD083239MDAAK08');
INSERT INTO SalidaAgente(FechaSalidaAgente,CURPAgente) VALUES ('2020-09-28 15:00:00','CSU438640YZZNK79');
INSERT INTO SalidaAgente(FechaSalidaAgente,CURPAgente) VALUES ('2020-09-20 12:00:00','QYW626492VHTTJ44');
INSERT INTO SalidaAgente(FechaSalidaAgente,CURPAgente) VALUES ('2020-09-23 13:00:00','IZJ075876GCBEV92');
INSERT INTO SalidaAgente(FechaSalidaAgente,CURPAgente) VALUES ('2020-09-23 13:00:00','PAD083239MDAAK08');
INSERT INTO SalidaAgente(FechaSalidaAgente,CURPAgente) VALUES ('2020-09-23 11:00:00','CSU438640YZZNK79');
INSERT INTO SalidaAgente(FechaSalidaAgente,CURPAgente) VALUES ('2020-09-23 13:00:00','QYW626492VHTTJ44');
INSERT INTO SalidaAgente(FechaSalidaAgente,CURPAgente) VALUES ('2020-09-29 16:00:00','IZJ075876GCBEV92');
INSERT INTO SalidaAgente(FechaSalidaAgente,CURPAgente) VALUES ('2020-09-29 16:00:00','PAD083239MDAAK08');
INSERT INTO SalidaAgente(FechaSalidaAgente,CURPAgente) VALUES ('2020-09-29 11:00:00','CSU438640YZZNK79');
