INSERT INTO Edificio(IdEdificio,Pais,Estado,Ciudad,Calle,Numero,CP) VALUES (1,'Mexico','CDMX','CDMX','Calle Madero',03239,31540);
INSERT INTO Edificio(IdEdificio,Pais,Estado,Ciudad,Calle,Numero,CP) VALUES (2,'Mexico','CDMX','CDMX','Avenida Juárez',91151,41640);
INSERT INTO Edificio(IdEdificio,Pais,Estado,Ciudad,Calle,Numero,CP) VALUES (3,'Mexico','CDMX','CDMX','Paseo de la Reforma',06603,78436);
INSERT INTO Edificio(IdEdificio,Pais,Estado,Ciudad,Calle,Numero,CP) VALUES (4,'Mexico','CDMX','CDMX','Avenida Álvaro Obregón',2,83450);
INSERT INTO Edificio(IdEdificio,Pais,Estado,Ciudad,Calle,Numero,CP) VALUES (5,'Mexico','CDMX','CDMX','Calle Génova',2,39266);
INSERT INTO Edificio(IdEdificio,Pais,Estado,Ciudad,Calle,Numero,CP) VALUES (6,'Mexico','CDMX','CDMX','Avenida Juárez',84569,29020);
INSERT INTO Edificio(IdEdificio,Pais,Estado,Ciudad,Calle,Numero,CP) VALUES (7,'Mexico','CDMX','CDMX','Calle Madero',95631,72089);
INSERT INTO Edificio(IdEdificio,Pais,Estado,Ciudad,Calle,Numero,CP) VALUES (8,'Mexico','CDMX','CDMX','Calle Génova',230,74960);
INSERT INTO Edificio(IdEdificio,Pais,Estado,Ciudad,Calle,Numero,CP) VALUES (9,'Mexico','CDMX','CDMX','Paseo de la Reforma',997,40070);
INSERT INTO Edificio(IdEdificio,Pais,Estado,Ciudad,Calle,Numero,CP) VALUES (10,'Mexico','CDMX','CDMX','Avenida Álvaro Obregón',888,94724);

INSERT INTO Piso(IdEdificio,IdPiso,Estatus) VALUES (1,1,'Disponible');
INSERT INTO Piso(IdEdificio,IdPiso,Estatus) VALUES (2,2,'Ocupado');
INSERT INTO Piso(IdEdificio,IdPiso,Estatus) VALUES (3,3,'Disponible');
INSERT INTO Piso(IdEdificio,IdPiso,Estatus) VALUES (4,4,'Ocupado');
INSERT INTO Piso(IdEdificio,IdPiso,Estatus) VALUES (5,5,'Ocupado');
INSERT INTO Piso(IdEdificio,IdPiso,Estatus) VALUES (6,6,'Disponible');
INSERT INTO Piso(IdEdificio,IdPiso,Estatus) VALUES (7,7,'Disponible');
INSERT INTO Piso(IdEdificio,IdPiso,Estatus) VALUES (8,8,'Disponible');
INSERT INTO Piso(IdEdificio,IdPiso,Estatus) VALUES (9,9,'Ocupado');
INSERT INTO Piso(IdEdificio,IdPiso,Estatus) VALUES (10,10,'Disponible');
INSERT INTO Piso(IdEdificio,IdPiso,Estatus) VALUES (1,11,'Disponible');
INSERT INTO Piso(IdEdificio,IdPiso,Estatus) VALUES (2,12,'Ocupado');
INSERT INTO Piso(IdEdificio,IdPiso,Estatus) VALUES (3,13,'Ocupado');
INSERT INTO Piso(IdEdificio,IdPiso,Estatus) VALUES (4,14,'Ocupado');
INSERT INTO Piso(IdEdificio,IdPiso,Estatus) VALUES (5,15,'Disponible');
INSERT INTO Piso(IdEdificio,IdPiso,Estatus) VALUES (6,16,'Ocupado');
INSERT INTO Piso(IdEdificio,IdPiso,Estatus) VALUES (7,17,'Disponible');
INSERT INTO Piso(IdEdificio,IdPiso,Estatus) VALUES (8,18,'Ocupado');
INSERT INTO Piso(IdEdificio,IdPiso,Estatus) VALUES (9,19,'Ocupado');
INSERT INTO Piso(IdEdificio,IdPiso,Estatus) VALUES (10,20,'Ocupado');
INSERT INTO Piso(IdEdificio,IdPiso,Estatus) VALUES (1,21,'Disponible');
INSERT INTO Piso(IdEdificio,IdPiso,Estatus) VALUES (2,22,'Ocupado');
INSERT INTO Piso(IdEdificio,IdPiso,Estatus) VALUES (3,23,'Disponible');
INSERT INTO Piso(IdEdificio,IdPiso,Estatus) VALUES (4,24,'Ocupado');
INSERT INTO Piso(IdEdificio,IdPiso,Estatus) VALUES (5,25,'Ocupado');
INSERT INTO Piso(IdEdificio,IdPiso,Estatus) VALUES (6,26,'Disponible');
INSERT INTO Piso(IdEdificio,IdPiso,Estatus) VALUES (7,27,'Disponible');
INSERT INTO Piso(IdEdificio,IdPiso,Estatus) VALUES (8,28,'Disponible');
INSERT INTO Piso(IdEdificio,IdPiso,Estatus) VALUES (9,29,'Ocupado');
INSERT INTO Piso(IdEdificio,IdPiso,Estatus) VALUES (10,30,'Ocupado');
INSERT INTO Piso(IdEdificio,IdPiso,Estatus) VALUES (1,31,'Disponible');
INSERT INTO Piso(IdEdificio,IdPiso,Estatus) VALUES (2,32,'Disponible');
INSERT INTO Piso(IdEdificio,IdPiso,Estatus) VALUES (3,33,'Ocupado');
INSERT INTO Piso(IdEdificio,IdPiso,Estatus) VALUES (4,34,'Disponible');
INSERT INTO Piso(IdEdificio,IdPiso,Estatus) VALUES (5,35,'Disponible');
INSERT INTO Piso(IdEdificio,IdPiso,Estatus) VALUES (6,36,'Disponible');
INSERT INTO Piso(IdEdificio,IdPiso,Estatus) VALUES (7,37,'Ocupado');
INSERT INTO Piso(IdEdificio,IdPiso,Estatus) VALUES (8,38,'Ocupado');
INSERT INTO Piso(IdEdificio,IdPiso,Estatus) VALUES (9,39,'Disponible');
INSERT INTO Piso(IdEdificio,IdPiso,Estatus) VALUES (10,40,'Ocupado');
INSERT INTO Piso(IdEdificio,IdPiso,Estatus) VALUES (1,41,'Ocupado');
INSERT INTO Piso(IdEdificio,IdPiso,Estatus) VALUES (2,42,'Ocupado');
INSERT INTO Piso(IdEdificio,IdPiso,Estatus) VALUES (3,43,'Ocupado');
INSERT INTO Piso(IdEdificio,IdPiso,Estatus) VALUES (4,44,'Disponible');
INSERT INTO Piso(IdEdificio,IdPiso,Estatus) VALUES (5,45,'Ocupado');
INSERT INTO Piso(IdEdificio,IdPiso,Estatus) VALUES (6,46,'Disponible');
INSERT INTO Piso(IdEdificio,IdPiso,Estatus) VALUES (7,47,'Disponible');
INSERT INTO Piso(IdEdificio,IdPiso,Estatus) VALUES (8,48,'Disponible');
INSERT INTO Piso(IdEdificio,IdPiso,Estatus) VALUES (9,49,'Disponible');
INSERT INTO Piso(IdEdificio,IdPiso,Estatus) VALUES (10,50,'Ocupado');
INSERT INTO Piso(IdEdificio,IdPiso,Estatus) VALUES (1,51,'Ocupado');
INSERT INTO Piso(IdEdificio,IdPiso,Estatus) VALUES (2,52,'Disponible');
INSERT INTO Piso(IdEdificio,IdPiso,Estatus) VALUES (3,53,'Disponible');
INSERT INTO Piso(IdEdificio,IdPiso,Estatus) VALUES (4,54,'Ocupado');
INSERT INTO Piso(IdEdificio,IdPiso,Estatus) VALUES (5,55,'Ocupado');
INSERT INTO Piso(IdEdificio,IdPiso,Estatus) VALUES (6,56,'Disponible');
INSERT INTO Piso(IdEdificio,IdPiso,Estatus) VALUES (7,57,'Disponible');
INSERT INTO Piso(IdEdificio,IdPiso,Estatus) VALUES (8,58,'Ocupado');
INSERT INTO Piso(IdEdificio,IdPiso,Estatus) VALUES (9,59,'Ocupado');
INSERT INTO Piso(IdEdificio,IdPiso,Estatus) VALUES (10,60,'Ocupado');
INSERT INTO Piso(IdEdificio,IdPiso,Estatus) VALUES (1,61,'Disponible');
INSERT INTO Piso(IdEdificio,IdPiso,Estatus) VALUES (2,62,'Disponible');
INSERT INTO Piso(IdEdificio,IdPiso,Estatus) VALUES (3,63,'Ocupado');
INSERT INTO Piso(IdEdificio,IdPiso,Estatus) VALUES (4,64,'Disponible');
INSERT INTO Piso(IdEdificio,IdPiso,Estatus) VALUES (5,65,'Disponible');
INSERT INTO Piso(IdEdificio,IdPiso,Estatus) VALUES (6,66,'Disponible');
INSERT INTO Piso(IdEdificio,IdPiso,Estatus) VALUES (7,67,'Ocupado');
INSERT INTO Piso(IdEdificio,IdPiso,Estatus) VALUES (8,68,'Disponible');
INSERT INTO Piso(IdEdificio,IdPiso,Estatus) VALUES (9,69,'Disponible');
INSERT INTO Piso(IdEdificio,IdPiso,Estatus) VALUES (10,70,'Disponible');
INSERT INTO Piso(IdEdificio,IdPiso,Estatus) VALUES (1,71,'Disponible');
INSERT INTO Piso(IdEdificio,IdPiso,Estatus) VALUES (2,72,'Disponible');
INSERT INTO Piso(IdEdificio,IdPiso,Estatus) VALUES (3,73,'Disponible');
INSERT INTO Piso(IdEdificio,IdPiso,Estatus) VALUES (4,74,'Ocupado');
INSERT INTO Piso(IdEdificio,IdPiso,Estatus) VALUES (5,75,'Ocupado');
INSERT INTO Piso(IdEdificio,IdPiso,Estatus) VALUES (6,76,'Disponible');
INSERT INTO Piso(IdEdificio,IdPiso,Estatus) VALUES (7,77,'Ocupado');
INSERT INTO Piso(IdEdificio,IdPiso,Estatus) VALUES (8,78,'Ocupado');
INSERT INTO Piso(IdEdificio,IdPiso,Estatus) VALUES (9,79,'Ocupado');
INSERT INTO Piso(IdEdificio,IdPiso,Estatus) VALUES (10,80,'Disponible');
INSERT INTO Piso(IdEdificio,IdPiso,Estatus) VALUES (1,81,'Disponible');
INSERT INTO Piso(IdEdificio,IdPiso,Estatus) VALUES (2,82,'Disponible');
INSERT INTO Piso(IdEdificio,IdPiso,Estatus) VALUES (3,83,'Ocupado');
INSERT INTO Piso(IdEdificio,IdPiso,Estatus) VALUES (4,84,'Disponible');
INSERT INTO Piso(IdEdificio,IdPiso,Estatus) VALUES (5,85,'Disponible');
INSERT INTO Piso(IdEdificio,IdPiso,Estatus) VALUES (6,86,'Disponible');
INSERT INTO Piso(IdEdificio,IdPiso,Estatus) VALUES (7,87,'Disponible');
INSERT INTO Piso(IdEdificio,IdPiso,Estatus) VALUES (8,88,'Disponible');
INSERT INTO Piso(IdEdificio,IdPiso,Estatus) VALUES (9,89,'Disponible');
INSERT INTO Piso(IdEdificio,IdPiso,Estatus) VALUES (10,90,'Disponible');

INSERT INTO Cliente(RFC,AliasCliente,RazonSocial) VALUES ('AVH966179VU3','Rodriguez Inc','Moral');
INSERT INTO Cliente(RFC,AliasCliente,RazonSocial) VALUES ('NQX396228SR8','Beatty and Sons','Moral');
INSERT INTO Cliente(RFC,AliasCliente,RazonSocial) VALUES ('SQQ248665GM8','Muller Inc','Moral');
INSERT INTO Cliente(RFC,AliasCliente,RazonSocial) VALUES ('AOW198194KU1','Feil-Wisoky','Moral');
INSERT INTO Cliente(RFC,AliasCliente,RazonSocial) VALUES ('HCE678692PS6','Hamill-Yost','Moral');
INSERT INTO Cliente(RFC,AliasCliente,RazonSocial) VALUES ('WWN937733OA5','Konopelski Group','Moral');
INSERT INTO Cliente(RFC,AliasCliente,RazonSocial) VALUES ('HXJ526211YH1','Toy LLC','Moral');
INSERT INTO Cliente(RFC,AliasCliente,RazonSocial) VALUES ('MIO164172DV0','Cormier-Huel','Moral');
INSERT INTO Cliente(RFC,AliasCliente,RazonSocial) VALUES ('CTC550898QF6','Klein-Satterfield','Moral');
INSERT INTO Cliente(RFC,AliasCliente,RazonSocial) VALUES ('FZG219355AR0','Daniel, Heathcote and McLaughlin','Moral');
INSERT INTO Cliente(RFC,AliasCliente,RazonSocial) VALUES ('JDQ968514YW6','Walsh and Sons','Moral');
INSERT INTO Cliente(RFC,AliasCliente,RazonSocial) VALUES ('AAD282786GE0','Herman-Schuppe','Moral');
INSERT INTO Cliente(RFC,AliasCliente,RazonSocial) VALUES ('OXK139385WS8','Luettgen Inc','Moral');
INSERT INTO Cliente(RFC,AliasCliente,RazonSocial) VALUES ('MIO403599ZD1','Stark, Gislason and Schmitt','Moral');
INSERT INTO Cliente(RFC,AliasCliente,RazonSocial) VALUES ('VEU123014UC8','Yundt LLC','Moral');
INSERT INTO Cliente(RFC,AliasCliente,RazonSocial) VALUES ('WLL744199TL7','Wintheiser Group','Moral');
INSERT INTO Cliente(RFC,AliasCliente,RazonSocial) VALUES ('SMG420620IM0','Rowe-Stamm','Moral');
INSERT INTO Cliente(RFC,AliasCliente,RazonSocial) VALUES ('SVP239927CS3','Green, Reynolds and Parisian','Moral');
INSERT INTO Cliente(RFC,AliasCliente,RazonSocial) VALUES ('YEI079256PP6','Howell Group','Moral');
INSERT INTO Cliente(RFC,AliasCliente,RazonSocial) VALUES ('LHN030582QC7','Ondricka-Hodkiewicz','Moral');
INSERT INTO Cliente(RFC,AliasCliente,RazonSocial) VALUES ('IXC842486NW0','Nolan-Beer','Moral');
INSERT INTO Cliente(RFC,AliasCliente,RazonSocial) VALUES ('WRE571305RL8','Bahringer-Jast','Moral');
INSERT INTO Cliente(RFC,AliasCliente,RazonSocial) VALUES ('PCZ980857RT4','Quitzon, Murray and Goldner','Moral');
INSERT INTO Cliente(RFC,AliasCliente,RazonSocial) VALUES ('ZNC957506UX5','Lemke-Watsica','Moral');
INSERT INTO Cliente(RFC,AliasCliente,RazonSocial) VALUES ('QMX123970GV4','Schamberger Group','Moral');
INSERT INTO Cliente(RFC,AliasCliente,RazonSocial) VALUES ('AYV586349VT4','Mann-Bruen','Moral');
INSERT INTO Cliente(RFC,AliasCliente,RazonSocial) VALUES ('EPE900470OW0','Dicki Group','Moral');
INSERT INTO Cliente(RFC,AliasCliente,RazonSocial) VALUES ('HWJ748136QR1','Bernhard LLC','Moral');
INSERT INTO Cliente(RFC,AliasCliente,RazonSocial) VALUES ('DCG003607TG4','Hyatt-Connelly','Moral');
INSERT INTO Cliente(RFC,AliasCliente,RazonSocial) VALUES ('LWZ806839RO9','Dach Inc','Moral');
INSERT INTO Cliente(RFC,AliasCliente,RazonSocial) VALUES ('APW322997ZP5','Zulauf, McClure and Howe','Moral');
INSERT INTO Cliente(RFC,AliasCliente,RazonSocial) VALUES ('EIO210693FV2','Streich, Mann and Kilback','Moral');
INSERT INTO Cliente(RFC,AliasCliente,RazonSocial) VALUES ('JCA866433UU6','Kris LLC','Moral');
INSERT INTO Cliente(RFC,AliasCliente,RazonSocial) VALUES ('FLJ697396FL4','Greenholt, Labadie and Satterfield','Moral');
INSERT INTO Cliente(RFC,AliasCliente,RazonSocial) VALUES ('MVW329070HA8','Wilderman, Koepp and Buckridge','Moral');
INSERT INTO Cliente(RFC,AliasCliente,RazonSocial) VALUES ('ZMJ244195NN2','Schaden Group','Moral');
INSERT INTO Cliente(RFC,AliasCliente,RazonSocial) VALUES ('NBT933444FV3','Streich, Sawayn and Shields','Moral');
INSERT INTO Cliente(RFC,AliasCliente,RazonSocial) VALUES ('FNI560713UZ9','O''Hara and Sons','Moral');
INSERT INTO Cliente(RFC,AliasCliente,RazonSocial) VALUES ('JKP394099AG3','Schulist, Gutmann and Beer','Moral');
INSERT INTO Cliente(RFC,AliasCliente,RazonSocial) VALUES ('WHE037717RU4','Wisozk LLC','Moral');
INSERT INTO Cliente(RFC,AliasCliente,RazonSocial) VALUES ('BAP039629UR8','Wilderman, Crona and Yost','Moral');
INSERT INTO Cliente(RFC,AliasCliente,RazonSocial) VALUES ('KBT457112LM7','Borer-Ortiz','Moral');
INSERT INTO Cliente(RFC,AliasCliente,RazonSocial) VALUES ('MDP556636DU3','Swift, Ratke and Rogahn','Moral');
INSERT INTO Cliente(RFC,AliasCliente,RazonSocial) VALUES ('ZUB816706NZ1','Brown, Murphy and Rodriguez','Moral');
INSERT INTO Cliente(RFC,AliasCliente,RazonSocial) VALUES ('QZF349892RY2','Williamson Inc','Moral');
INSERT INTO Cliente(RFC,AliasCliente,RazonSocial) VALUES ('XZP238901BB8','Ebert, Friesen and Armstrong','Moral');
INSERT INTO Cliente(RFC,AliasCliente,RazonSocial) VALUES ('WCH573222HO2','Johns-Green','Moral');
INSERT INTO Cliente(RFC,AliasCliente,RazonSocial) VALUES ('VLE743753FK7','Rosenbaum-Runolfsson','Moral');
INSERT INTO Cliente(RFC,AliasCliente,RazonSocial) VALUES ('YKO754020SP4','Bergstrom, Prohaska and Bins','Moral');
INSERT INTO Cliente(RFC,AliasCliente,RazonSocial) VALUES ('BXT219468ZV6','Conn, Kertzmann and Greenfelder','Moral');
INSERT INTO Cliente(RFC,AliasCliente,RazonSocial) VALUES ('NNMA569580AB2','Foster Espadate','Fisica');
INSERT INTO Cliente(RFC,AliasCliente,RazonSocial) VALUES ('SFJQ095845WA5','Morgan Werndley','Fisica');
INSERT INTO Cliente(RFC,AliasCliente,RazonSocial) VALUES ('WAOB761783DA4','Heda Rendle','Fisica');
INSERT INTO Cliente(RFC,AliasCliente,RazonSocial) VALUES ('BYVT562970MI8','Micheline Gamon','Fisica');
INSERT INTO Cliente(RFC,AliasCliente,RazonSocial) VALUES ('QRHT620547EU2','Colas Priestland','Fisica');
INSERT INTO Cliente(RFC,AliasCliente,RazonSocial) VALUES ('PNUI354225OD2','Alisander Hegg','Fisica');
INSERT INTO Cliente(RFC,AliasCliente,RazonSocial) VALUES ('UGOP522220CW0','Amby Malcolmson','Fisica');
INSERT INTO Cliente(RFC,AliasCliente,RazonSocial) VALUES ('FKDM392393UY1','Sloane Lidstone','Fisica');
INSERT INTO Cliente(RFC,AliasCliente,RazonSocial) VALUES ('IPZQ697400OV6','Wendye Itzik','Fisica');
INSERT INTO Cliente(RFC,AliasCliente,RazonSocial) VALUES ('JQHY832553EI1','Zared Grinyer','Fisica');
INSERT INTO Cliente(RFC,AliasCliente,RazonSocial) VALUES ('BOYH966301RU9','Alex Enriques','Fisica');
INSERT INTO Cliente(RFC,AliasCliente,RazonSocial) VALUES ('EKYI807067KJ3','Zuzana Conradsen','Fisica');
INSERT INTO Cliente(RFC,AliasCliente,RazonSocial) VALUES ('OQWJ133221QE3','Othella Biggadike','Fisica');
INSERT INTO Cliente(RFC,AliasCliente,RazonSocial) VALUES ('OCAL635108QX6','Malina Prys','Fisica');
INSERT INTO Cliente(RFC,AliasCliente,RazonSocial) VALUES ('SFHY573671ZP9','Remington Stellin','Fisica');
INSERT INTO Cliente(RFC,AliasCliente,RazonSocial) VALUES ('DPSU952343VL2','D''arcy Scrivner','Fisica');
INSERT INTO Cliente(RFC,AliasCliente,RazonSocial) VALUES ('HLUH550978JX5','Goddart Yarranton','Fisica');
INSERT INTO Cliente(RFC,AliasCliente,RazonSocial) VALUES ('TYNT274671NO3','Mariana McCloughlin','Fisica');
INSERT INTO Cliente(RFC,AliasCliente,RazonSocial) VALUES ('AQNR797727DV8','Taylor Ledson','Fisica');
INSERT INTO Cliente(RFC,AliasCliente,RazonSocial) VALUES ('KFUM175094EM4','Colman Gabler','Fisica');
INSERT INTO Cliente(RFC,AliasCliente,RazonSocial) VALUES ('TFLO462377UN1','Shara Guilfoyle','Fisica');
INSERT INTO Cliente(RFC,AliasCliente,RazonSocial) VALUES ('RNVT001628VF7','Damian Clericoates','Fisica');
INSERT INTO Cliente(RFC,AliasCliente,RazonSocial) VALUES ('NLCN454554FM1','Lyssa Landes','Fisica');
INSERT INTO Cliente(RFC,AliasCliente,RazonSocial) VALUES ('IXSY890325ZJ0','Jasmine Weine','Fisica');
INSERT INTO Cliente(RFC,AliasCliente,RazonSocial) VALUES ('VDWA621024LZ4','Burke Pomeroy','Fisica');
INSERT INTO Cliente(RFC,AliasCliente,RazonSocial) VALUES ('BDTS984650YM0','Quintina Veldstra','Fisica');
INSERT INTO Cliente(RFC,AliasCliente,RazonSocial) VALUES ('LWZJ169651IC9','Graeme De Roeck','Fisica');
INSERT INTO Cliente(RFC,AliasCliente,RazonSocial) VALUES ('SZRO194608QR6','Chery Garatty','Fisica');
INSERT INTO Cliente(RFC,AliasCliente,RazonSocial) VALUES ('IIVF912303RJ5','Petunia Capstake','Fisica');
INSERT INTO Cliente(RFC,AliasCliente,RazonSocial) VALUES ('KZXN304447XR4','Jacynth Hedditch','Fisica');
INSERT INTO Cliente(RFC,AliasCliente,RazonSocial) VALUES ('UCSW025857RR0','Kit Vicarey','Fisica');
INSERT INTO Cliente(RFC,AliasCliente,RazonSocial) VALUES ('ZPVR048726VW8','Linnea Handke','Fisica');
INSERT INTO Cliente(RFC,AliasCliente,RazonSocial) VALUES ('GZKO134439BG3','Helga Desson','Fisica');
INSERT INTO Cliente(RFC,AliasCliente,RazonSocial) VALUES ('PFSB269733OQ2','Merilyn Vell','Fisica');
INSERT INTO Cliente(RFC,AliasCliente,RazonSocial) VALUES ('HPPS228827ER8','Sherman Hadrill','Fisica');
INSERT INTO Cliente(RFC,AliasCliente,RazonSocial) VALUES ('IABM529168ZV9','Roberto Stichall','Fisica');
INSERT INTO Cliente(RFC,AliasCliente,RazonSocial) VALUES ('IALG988505AS3','Esme Prothero','Fisica');
INSERT INTO Cliente(RFC,AliasCliente,RazonSocial) VALUES ('CYKJ885879DT8','Agretha Mc Grath','Fisica');
INSERT INTO Cliente(RFC,AliasCliente,RazonSocial) VALUES ('RUHE115160XH5','Lucina Markwell','Fisica');
INSERT INTO Cliente(RFC,AliasCliente,RazonSocial) VALUES ('FKNN265079XJ3','Tristam Simnor','Fisica');
INSERT INTO Cliente(RFC,AliasCliente,RazonSocial) VALUES ('GTTW461015SZ9','Elliott Linskill','Fisica');
INSERT INTO Cliente(RFC,AliasCliente,RazonSocial) VALUES ('RZEF895741EH9','Maxine Jacquemy','Fisica');
INSERT INTO Cliente(RFC,AliasCliente,RazonSocial) VALUES ('GKTC275685XG9','Nichol Delacour','Fisica');
INSERT INTO Cliente(RFC,AliasCliente,RazonSocial) VALUES ('YYIV886222CI7','Yvor Dewfall','Fisica');
INSERT INTO Cliente(RFC,AliasCliente,RazonSocial) VALUES ('MJAI693914ZP0','Enrichetta Vasiltsov','Fisica');
INSERT INTO Cliente(RFC,AliasCliente,RazonSocial) VALUES ('JUMW741966IA2','Anabelle McIan','Fisica');
INSERT INTO Cliente(RFC,AliasCliente,RazonSocial) VALUES ('BQNV154049LX8','Muhammad Lewisham','Fisica');
INSERT INTO Cliente(RFC,AliasCliente,RazonSocial) VALUES ('ZVEQ607855WO6','Victoria Shorbrook','Fisica');
INSERT INTO Cliente(RFC,AliasCliente,RazonSocial) VALUES ('GSMK107276KA6','Arron Campbell-Dunlop','Fisica');
INSERT INTO Cliente(RFC,AliasCliente,RazonSocial) VALUES ('NITJ102243RJ0','Florencia Bourgaize','Fisica');

INSERT INTO TelefonoCliente(RFCCliente,TelefonoCliente) VALUES ('IIVF912303RJ5',1033404492);
INSERT INTO TelefonoCliente(RFCCliente,TelefonoCliente) VALUES ('JQHY832553EI1',8659162297);
INSERT INTO TelefonoCliente(RFCCliente,TelefonoCliente) VALUES ('NNMA569580AB2',6771550585);
INSERT INTO TelefonoCliente(RFCCliente,TelefonoCliente) VALUES ('WAOB761783DA4',9396965341);
INSERT INTO TelefonoCliente(RFCCliente,TelefonoCliente) VALUES ('EPE900470OW0',1258430604);
INSERT INTO TelefonoCliente(RFCCliente,TelefonoCliente) VALUES ('GSMK107276KA6',1616732382);
INSERT INTO TelefonoCliente(RFCCliente,TelefonoCliente) VALUES ('JCA866433UU6',1179535882);
INSERT INTO TelefonoCliente(RFCCliente,TelefonoCliente) VALUES ('WRE571305RL8',6716034102);
INSERT INTO TelefonoCliente(RFCCliente,TelefonoCliente) VALUES ('KFUM175094EM4',1881914778);
INSERT INTO TelefonoCliente(RFCCliente,TelefonoCliente) VALUES ('AQNR797727DV8',8086104263);
INSERT INTO TelefonoCliente(RFCCliente,TelefonoCliente) VALUES ('LWZJ169651IC9',1918207353);
INSERT INTO TelefonoCliente(RFCCliente,TelefonoCliente) VALUES ('EKYI807067KJ3',3643125739);
INSERT INTO TelefonoCliente(RFCCliente,TelefonoCliente) VALUES ('RZEF895741EH9',5524447667);
INSERT INTO TelefonoCliente(RFCCliente,TelefonoCliente) VALUES ('RZEF895741EH9',2336428992);
INSERT INTO TelefonoCliente(RFCCliente,TelefonoCliente) VALUES ('MJAI693914ZP0',6423460322);
INSERT INTO TelefonoCliente(RFCCliente,TelefonoCliente) VALUES ('JDQ968514YW6',2558515948);
INSERT INTO TelefonoCliente(RFCCliente,TelefonoCliente) VALUES ('FLJ697396FL4',2654111770);
INSERT INTO TelefonoCliente(RFCCliente,TelefonoCliente) VALUES ('KFUM175094EM4',9669096354);
INSERT INTO TelefonoCliente(RFCCliente,TelefonoCliente) VALUES ('SZRO194608QR6',3791784380);
INSERT INTO TelefonoCliente(RFCCliente,TelefonoCliente) VALUES ('AYV586349VT4',6148540743);
INSERT INTO TelefonoCliente(RFCCliente,TelefonoCliente) VALUES ('GSMK107276KA6',5667461337);
INSERT INTO TelefonoCliente(RFCCliente,TelefonoCliente) VALUES ('UCSW025857RR0',1921222006);
INSERT INTO TelefonoCliente(RFCCliente,TelefonoCliente) VALUES ('OXK139385WS8',9753528287);
INSERT INTO TelefonoCliente(RFCCliente,TelefonoCliente) VALUES ('JUMW741966IA2',2589014829);
INSERT INTO TelefonoCliente(RFCCliente,TelefonoCliente) VALUES ('JQHY832553EI1',3988026062);
INSERT INTO TelefonoCliente(RFCCliente,TelefonoCliente) VALUES ('JQHY832553EI1',7749904011);
INSERT INTO TelefonoCliente(RFCCliente,TelefonoCliente) VALUES ('HXJ526211YH1',6013256867);
INSERT INTO TelefonoCliente(RFCCliente,TelefonoCliente) VALUES ('ZUB816706NZ1',1305455524);
INSERT INTO TelefonoCliente(RFCCliente,TelefonoCliente) VALUES ('QRHT620547EU2',6362917711);
INSERT INTO TelefonoCliente(RFCCliente,TelefonoCliente) VALUES ('BOYH966301RU9',1539719257);
INSERT INTO TelefonoCliente(RFCCliente,TelefonoCliente) VALUES ('LWZ806839RO9',9544174053);
INSERT INTO TelefonoCliente(RFCCliente,TelefonoCliente) VALUES ('BQNV154049LX8',6658907580);
INSERT INTO TelefonoCliente(RFCCliente,TelefonoCliente) VALUES ('AOW198194KU1',1415316157);
INSERT INTO TelefonoCliente(RFCCliente,TelefonoCliente) VALUES ('AOW198194KU1',3738968642);
INSERT INTO TelefonoCliente(RFCCliente,TelefonoCliente) VALUES ('VDWA621024LZ4',7225007680);
INSERT INTO TelefonoCliente(RFCCliente,TelefonoCliente) VALUES ('AOW198194KU1',3862696985);
INSERT INTO TelefonoCliente(RFCCliente,TelefonoCliente) VALUES ('QZF349892RY2',1679125644);
INSERT INTO TelefonoCliente(RFCCliente,TelefonoCliente) VALUES ('BDTS984650YM0',1593057342);
INSERT INTO TelefonoCliente(RFCCliente,TelefonoCliente) VALUES ('APW322997ZP5',6194864260);
INSERT INTO TelefonoCliente(RFCCliente,TelefonoCliente) VALUES ('YEI079256PP6',2676375774);
INSERT INTO TelefonoCliente(RFCCliente,TelefonoCliente) VALUES ('FKNN265079XJ3',6864298200);
INSERT INTO TelefonoCliente(RFCCliente,TelefonoCliente) VALUES ('OQWJ133221QE3',2132424194);
INSERT INTO TelefonoCliente(RFCCliente,TelefonoCliente) VALUES ('KBT457112LM7',9321088975);
INSERT INTO TelefonoCliente(RFCCliente,TelefonoCliente) VALUES ('TYNT274671NO3',8512052345);
INSERT INTO TelefonoCliente(RFCCliente,TelefonoCliente) VALUES ('KBT457112LM7',1557790125);
INSERT INTO TelefonoCliente(RFCCliente,TelefonoCliente) VALUES ('DCG003607TG4',1091641609);
INSERT INTO TelefonoCliente(RFCCliente,TelefonoCliente) VALUES ('WCH573222HO2',4285542509);
INSERT INTO TelefonoCliente(RFCCliente,TelefonoCliente) VALUES ('KBT457112LM7',1165208593);
INSERT INTO TelefonoCliente(RFCCliente,TelefonoCliente) VALUES ('WRE571305RL8',5412161670);
INSERT INTO TelefonoCliente(RFCCliente,TelefonoCliente) VALUES ('CYKJ885879DT8',5104014368);
INSERT INTO TelefonoCliente(RFCCliente,TelefonoCliente) VALUES ('UCSW025857RR0',1988353949);
INSERT INTO TelefonoCliente(RFCCliente,TelefonoCliente) VALUES ('IXSY890325ZJ0',5599779580);
INSERT INTO TelefonoCliente(RFCCliente,TelefonoCliente) VALUES ('PCZ980857RT4',6414451432);
INSERT INTO TelefonoCliente(RFCCliente,TelefonoCliente) VALUES ('PFSB269733OQ2',3953410170);
INSERT INTO TelefonoCliente(RFCCliente,TelefonoCliente) VALUES ('LHN030582QC7',1032481531);
INSERT INTO TelefonoCliente(RFCCliente,TelefonoCliente) VALUES ('HXJ526211YH1',8055007904);
INSERT INTO TelefonoCliente(RFCCliente,TelefonoCliente) VALUES ('TYNT274671NO3',6677555240);
INSERT INTO TelefonoCliente(RFCCliente,TelefonoCliente) VALUES ('BXT219468ZV6',6248699769);
INSERT INTO TelefonoCliente(RFCCliente,TelefonoCliente) VALUES ('RUHE115160XH5',4978849429);
INSERT INTO TelefonoCliente(RFCCliente,TelefonoCliente) VALUES ('NLCN454554FM1',8264690333);
INSERT INTO TelefonoCliente(RFCCliente,TelefonoCliente) VALUES ('VLE743753FK7',3611508743);
INSERT INTO TelefonoCliente(RFCCliente,TelefonoCliente) VALUES ('CTC550898QF6',6849302317);
INSERT INTO TelefonoCliente(RFCCliente,TelefonoCliente) VALUES ('DCG003607TG4',8333937668);
INSERT INTO TelefonoCliente(RFCCliente,TelefonoCliente) VALUES ('PNUI354225OD2',6869902493);
INSERT INTO TelefonoCliente(RFCCliente,TelefonoCliente) VALUES ('HPPS228827ER8',5547941338);
INSERT INTO TelefonoCliente(RFCCliente,TelefonoCliente) VALUES ('QMX123970GV4',4531226885);
INSERT INTO TelefonoCliente(RFCCliente,TelefonoCliente) VALUES ('XZP238901BB8',7844914665);
INSERT INTO TelefonoCliente(RFCCliente,TelefonoCliente) VALUES ('LHN030582QC7',2584828733);
INSERT INTO TelefonoCliente(RFCCliente,TelefonoCliente) VALUES ('DPSU952343VL2',3522094793);
INSERT INTO TelefonoCliente(RFCCliente,TelefonoCliente) VALUES ('VEU123014UC8',2545929041);
INSERT INTO TelefonoCliente(RFCCliente,TelefonoCliente) VALUES ('BAP039629UR8',7722547612);
INSERT INTO TelefonoCliente(RFCCliente,TelefonoCliente) VALUES ('MIO164172DV0',1944943011);
INSERT INTO TelefonoCliente(RFCCliente,TelefonoCliente) VALUES ('SVP239927CS3',1757073031);
INSERT INTO TelefonoCliente(RFCCliente,TelefonoCliente) VALUES ('BOYH966301RU9',4451205779);
INSERT INTO TelefonoCliente(RFCCliente,TelefonoCliente) VALUES ('EKYI807067KJ3',1257481013);
INSERT INTO TelefonoCliente(RFCCliente,TelefonoCliente) VALUES ('KZXN304447XR4',4533587898);
INSERT INTO TelefonoCliente(RFCCliente,TelefonoCliente) VALUES ('IABM529168ZV9',7411739284);
INSERT INTO TelefonoCliente(RFCCliente,TelefonoCliente) VALUES ('YYIV886222CI7',4493586176);
INSERT INTO TelefonoCliente(RFCCliente,TelefonoCliente) VALUES ('SVP239927CS3',5677080230);
INSERT INTO TelefonoCliente(RFCCliente,TelefonoCliente) VALUES ('FLJ697396FL4',1306493847);
INSERT INTO TelefonoCliente(RFCCliente,TelefonoCliente) VALUES ('NITJ102243RJ0',3393416523);
INSERT INTO TelefonoCliente(RFCCliente,TelefonoCliente) VALUES ('PFSB269733OQ2',1622445112);
INSERT INTO TelefonoCliente(RFCCliente,TelefonoCliente) VALUES ('WWN937733OA5',8694612333);
INSERT INTO TelefonoCliente(RFCCliente,TelefonoCliente) VALUES ('RUHE115160XH5',9339780408);
INSERT INTO TelefonoCliente(RFCCliente,TelefonoCliente) VALUES ('HXJ526211YH1',1719979303);
INSERT INTO TelefonoCliente(RFCCliente,TelefonoCliente) VALUES ('VDWA621024LZ4',5486047102);
INSERT INTO TelefonoCliente(RFCCliente,TelefonoCliente) VALUES ('FLJ697396FL4',6099407174);
INSERT INTO TelefonoCliente(RFCCliente,TelefonoCliente) VALUES ('ZNC957506UX5',2289320582);
INSERT INTO TelefonoCliente(RFCCliente,TelefonoCliente) VALUES ('RUHE115160XH5',1646285440);
INSERT INTO TelefonoCliente(RFCCliente,TelefonoCliente) VALUES ('NITJ102243RJ0',8487758486);
INSERT INTO TelefonoCliente(RFCCliente,TelefonoCliente) VALUES ('SFJQ095845WA5',4688265208);
INSERT INTO TelefonoCliente(RFCCliente,TelefonoCliente) VALUES ('YYIV886222CI7',9436663224);
INSERT INTO TelefonoCliente(RFCCliente,TelefonoCliente) VALUES ('EKYI807067KJ3',4758481136);
INSERT INTO TelefonoCliente(RFCCliente,TelefonoCliente) VALUES ('WCH573222HO2',9981737519);
INSERT INTO TelefonoCliente(RFCCliente,TelefonoCliente) VALUES ('IABM529168ZV9',9274104257);
INSERT INTO TelefonoCliente(RFCCliente,TelefonoCliente) VALUES ('MJAI693914ZP0',5649422256);
INSERT INTO TelefonoCliente(RFCCliente,TelefonoCliente) VALUES ('IPZQ697400OV6',1957167800);
INSERT INTO TelefonoCliente(RFCCliente,TelefonoCliente) VALUES ('AVH966179VU3',1225271022);
INSERT INTO TelefonoCliente(RFCCliente,TelefonoCliente) VALUES ('QRHT620547EU2',6267208067);
INSERT INTO TelefonoCliente(RFCCliente,TelefonoCliente) VALUES ('NITJ102243RJ0',6256316493);



INSERT INTO Entrenador(CURPEntrenador,IdPiso,IdEdificio,NombreC,FechaNac,FechaIngreso,NumeroSeguroSoc,Fotografia,CP,Ciudad,Estado,Numero,Calle,Pais) VALUES ('WOG080074EFKWD22',84,4,'Justin Wace','1997-11-19','2022-07-18','DCUUZAZG','http://dummyimage.com/108x100.png/cc0000/ffffff','35488','Mexico','CDMX','CDMX','Avenida Ámsterdam','Mexico');
INSERT INTO Entrenador(CURPEntrenador,IdPiso,IdEdificio,NombreC,FechaNac,FechaIngreso,NumeroSeguroSoc,Fotografia,CP,Ciudad,Estado,Numero,Calle,Pais) VALUES ('TZS026246EAUBM29',66,6,'Hermie Fullicks','1985-12-20','2021-12-20','QHQBQGAZ','http://dummyimage.com/235x100.png/dddddd/000000','30478','Mexico','CDMX','CDMX','Avenida Álvaro Obregón','Mexico');
INSERT INTO Entrenador(CURPEntrenador,IdPiso,IdEdificio,NombreC,FechaNac,FechaIngreso,NumeroSeguroSoc,Fotografia,CP,Ciudad,Estado,Numero,Calle,Pais) VALUES ('VZF562093PRNKZ21',18,8,'Nicol Jimpson','1998-06-25','2021-10-10','BVOLJQEN','http://dummyimage.com/200x100.png/cc0000/ffffff','36200','Mexico','CDMX','CDMX','Avenida Juárez','Mexico');
INSERT INTO Entrenador(CURPEntrenador,IdPiso,IdEdificio,NombreC,FechaNac,FechaIngreso,NumeroSeguroSoc,Fotografia,CP,Ciudad,Estado,Numero,Calle,Pais) VALUES ('RIK651276YUQJQ41',14,4,'Nollie Tasch','1981-12-29','2021-05-31','FXYBMXBX','http://dummyimage.com/221x100.png/ff4444/ffffff','70762','Mexico','CDMX','CDMX','Calle Regina','Mexico');
INSERT INTO Entrenador(CURPEntrenador,IdPiso,IdEdificio,NombreC,FechaNac,FechaIngreso,NumeroSeguroSoc,Fotografia,CP,Ciudad,Estado,Numero,Calle,Pais) VALUES ('FJI373637HUYAD17',67,7,'Van Lightowler','1987-08-29','2022-05-18','NGYWMDSN','http://dummyimage.com/190x100.png/dddddd/000000','29952','Mexico','CDMX','CDMX','Avenida Ámsterdam','Mexico');
INSERT INTO Entrenador(CURPEntrenador,IdPiso,IdEdificio,NombreC,FechaNac,FechaIngreso,NumeroSeguroSoc,Fotografia,CP,Ciudad,Estado,Numero,Calle,Pais) VALUES ('ONK559785DVRFA20',85,5,'Denys Popeley','1995-07-03','2020-07-21','MYESTSJY','http://dummyimage.com/250x100.png/ff4444/ffffff','29094','Mexico','CDMX','CDMX','Calle Regina','Mexico');
INSERT INTO Entrenador(CURPEntrenador,IdPiso,IdEdificio,NombreC,FechaNac,FechaIngreso,NumeroSeguroSoc,Fotografia,CP,Ciudad,Estado,Numero,Calle,Pais) VALUES ('PTT793522ISLWY26',63,3,'Neda Rimbault','1991-04-12','2021-11-17','DFQFZHYH','http://dummyimage.com/152x100.png/cc0000/ffffff','94475','Mexico','CDMX','CDMX','Avenida Presidente Masaryk','Mexico');
INSERT INTO Entrenador(CURPEntrenador,IdPiso,IdEdificio,NombreC,FechaNac,FechaIngreso,NumeroSeguroSoc,Fotografia,CP,Ciudad,Estado,Numero,Calle,Pais) VALUES ('YPZ912594SVIKR40',88,8,'Filip Anespie','1992-12-07','2022-04-04','NXMCOORM','http://dummyimage.com/205x100.png/dddddd/000000','39230','Mexico','CDMX','CDMX','Calle Génova','Mexico');
INSERT INTO Entrenador(CURPEntrenador,IdPiso,IdEdificio,NombreC,FechaNac,FechaIngreso,NumeroSeguroSoc,Fotografia,CP,Ciudad,Estado,Numero,Calle,Pais) VALUES ('CAY568275EYGOR54',41,1,'Tomasina Barringer','1997-08-07','2022-01-09','POWVXOOE','http://dummyimage.com/183x100.png/ff4444/ffffff','96980','Mexico','CDMX','CDMX','Avenida Presidente Masaryk','Mexico');
INSERT INTO Entrenador(CURPEntrenador,IdPiso,IdEdificio,NombreC,FechaNac,FechaIngreso,NumeroSeguroSoc,Fotografia,CP,Ciudad,Estado,Numero,Calle,Pais) VALUES ('FYX543730FSKUZ58',60,10,'Raquel Woodhall','1989-04-20','2021-07-16','CPYACAZA','http://dummyimage.com/147x100.png/ff4444/ffffff','31540','Mexico','CDMX','CDMX','Calle Regina','Mexico');
INSERT INTO Entrenador(CURPEntrenador,IdPiso,IdEdificio,NombreC,FechaNac,FechaIngreso,NumeroSeguroSoc,Fotografia,CP,Ciudad,Estado,Numero,Calle,Pais) VALUES ('XOZ346429AKOMR05',62,2,'Karlik Sydenham','1999-05-23','2020-09-05','VGKGDIVW','http://dummyimage.com/205x100.png/dddddd/000000','93429','Mexico','CDMX','CDMX','Avenida Juárez','Mexico');
INSERT INTO Entrenador(CURPEntrenador,IdPiso,IdEdificio,NombreC,FechaNac,FechaIngreso,NumeroSeguroSoc,Fotografia,CP,Ciudad,Estado,Numero,Calle,Pais) VALUES ('LML147361NYKLY72',79,9,'Diahann Norgan','1982-12-13','2020-07-19','SMPZOCKX','http://dummyimage.com/105x100.png/dddddd/000000','53570','Mexico','CDMX','CDMX','Calle Madero','Mexico');
INSERT INTO Entrenador(CURPEntrenador,IdPiso,IdEdificio,NombreC,FechaNac,FechaIngreso,NumeroSeguroSoc,Fotografia,CP,Ciudad,Estado,Numero,Calle,Pais) VALUES ('MEC129128AZOLW15',56,6,'Rolf Pencost','2002-04-29','2022-11-21','HVEPTQNQ','http://dummyimage.com/195x100.png/cc0000/ffffff','78490','Mexico','CDMX','CDMX','Calle Madero','Mexico');
INSERT INTO Entrenador(CURPEntrenador,IdPiso,IdEdificio,NombreC,FechaNac,FechaIngreso,NumeroSeguroSoc,Fotografia,CP,Ciudad,Estado,Numero,Calle,Pais) VALUES ('AWI213111DRXIN45',78,8,'Melvyn Halfhead','1989-08-14','2020-08-29','DWYWXLJL','http://dummyimage.com/208x100.png/cc0000/ffffff','32628','Mexico','CDMX','CDMX','Paseo de la Reforma','Mexico');
INSERT INTO Entrenador(CURPEntrenador,IdPiso,IdEdificio,NombreC,FechaNac,FechaIngreso,NumeroSeguroSoc,Fotografia,CP,Ciudad,Estado,Numero,Calle,Pais) VALUES ('KQW406638RSKZZ00',74,4,'Flossy Casassa','1981-05-18','2021-08-28','INNLARSE','http://dummyimage.com/163x100.png/dddddd/000000','92015','Mexico','CDMX','CDMX','Calle Génova','Mexico');
INSERT INTO Entrenador(CURPEntrenador,IdPiso,IdEdificio,NombreC,FechaNac,FechaIngreso,NumeroSeguroSoc,Fotografia,CP,Ciudad,Estado,Numero,Calle,Pais) VALUES ('TYQ599043ALAIT25',25,5,'Christie Bumpas','1982-08-12','2022-03-26','QSQJJCMU','http://dummyimage.com/174x100.png/ff4444/ffffff','29920','Mexico','CDMX','CDMX','Avenida Álvaro Obregón','Mexico');
INSERT INTO Entrenador(CURPEntrenador,IdPiso,IdEdificio,NombreC,FechaNac,FechaIngreso,NumeroSeguroSoc,Fotografia,CP,Ciudad,Estado,Numero,Calle,Pais) VALUES ('XZT843826PHZIR29',37,7,'Dreddy Doodney','2002-04-06','2021-01-01','EWCVLZBT','http://dummyimage.com/159x100.png/dddddd/000000','52107','Mexico','CDMX','CDMX','Calle Madero','Mexico');
INSERT INTO Entrenador(CURPEntrenador,IdPiso,IdEdificio,NombreC,FechaNac,FechaIngreso,NumeroSeguroSoc,Fotografia,CP,Ciudad,Estado,Numero,Calle,Pais) VALUES ('ZMI888422VYATR81',77,7,'Salomo Bustin','1999-09-10','2022-03-11','WZCLKCMP','http://dummyimage.com/225x100.png/cc0000/ffffff','39120','Mexico','CDMX','CDMX','Avenida Juárez','Mexico');
INSERT INTO Entrenador(CURPEntrenador,IdPiso,IdEdificio,NombreC,FechaNac,FechaIngreso,NumeroSeguroSoc,Fotografia,CP,Ciudad,Estado,Numero,Calle,Pais) VALUES ('ITM920532XDYVR21',55,5,'Ursulina Balharry','1984-08-10','2021-09-07','AZWBNUAL','http://dummyimage.com/225x100.png/cc0000/ffffff','35156','Mexico','CDMX','CDMX','Calle Madero','Mexico');
INSERT INTO Entrenador(CURPEntrenador,IdPiso,IdEdificio,NombreC,FechaNac,FechaIngreso,NumeroSeguroSoc,Fotografia,CP,Ciudad,Estado,Numero,Calle,Pais) VALUES ('KIC199510TGPGJ31',61,1,'Felic Lindeman','1999-08-10','2022-02-26','LEVJUPUQ','http://dummyimage.com/102x100.png/dddddd/000000','69800','Mexico','CDMX','CDMX','Calle Génova','Mexico');
INSERT INTO Entrenador(CURPEntrenador,IdPiso,IdEdificio,NombreC,FechaNac,FechaIngreso,NumeroSeguroSoc,Fotografia,CP,Ciudad,Estado,Numero,Calle,Pais) VALUES ('CEO748330XEQPS52',52,2,'Mack Nathan','1993-06-11','2021-08-27','BJHXPZDT','http://dummyimage.com/249x100.png/cc0000/ffffff','30800','Mexico','CDMX','CDMX','Avenida Álvaro Obregón','Mexico');
INSERT INTO Entrenador(CURPEntrenador,IdPiso,IdEdificio,NombreC,FechaNac,FechaIngreso,NumeroSeguroSoc,Fotografia,CP,Ciudad,Estado,Numero,Calle,Pais) VALUES ('UUC460850CKXFF05',42,2,'Reynold Huyge','1981-05-02','2022-11-04','NYNMIQGH','http://dummyimage.com/182x100.png/dddddd/000000','88925','Mexico','CDMX','CDMX','Calle Regina','Mexico');
INSERT INTO Entrenador(CURPEntrenador,IdPiso,IdEdificio,NombreC,FechaNac,FechaIngreso,NumeroSeguroSoc,Fotografia,CP,Ciudad,Estado,Numero,Calle,Pais) VALUES ('AZD459224CNFIR11',56,6,'Eldon Brando','2000-02-27','2020-11-30','XOZAIAYB','http://dummyimage.com/106x100.png/5fa2dd/ffffff','92105','Mexico','CDMX','CDMX','Avenida Ámsterdam','Mexico');
INSERT INTO Entrenador(CURPEntrenador,IdPiso,IdEdificio,NombreC,FechaNac,FechaIngreso,NumeroSeguroSoc,Fotografia,CP,Ciudad,Estado,Numero,Calle,Pais) VALUES ('EAB071283YZFGM11',19,9,'Lolly Ivie','1986-06-26','2020-10-21','RQNAYRLB','http://dummyimage.com/130x100.png/dddddd/000000','46175','Mexico','CDMX','CDMX','Avenida Presidente Masaryk','Mexico');
INSERT INTO Entrenador(CURPEntrenador,IdPiso,IdEdificio,NombreC,FechaNac,FechaIngreso,NumeroSeguroSoc,Fotografia,CP,Ciudad,Estado,Numero,Calle,Pais) VALUES ('EAS813201SIJUK70',84,4,'Nicko Fitchett','1987-09-30','2022-09-26','SHEBYBOB','http://dummyimage.com/126x100.png/cc0000/ffffff','30509','Mexico','CDMX','CDMX','Calle Génova','Mexico');
INSERT INTO Entrenador(CURPEntrenador,IdPiso,IdEdificio,NombreC,FechaNac,FechaIngreso,NumeroSeguroSoc,Fotografia,CP,Ciudad,Estado,Numero,Calle,Pais) VALUES ('ZVB564450DRHRT19',33,3,'Broderick Poyntz','1996-03-25','2022-08-02','ASZSYNXB','http://dummyimage.com/121x100.png/dddddd/000000','31210','Mexico','CDMX','CDMX','Paseo de la Reforma','Mexico');
INSERT INTO Entrenador(CURPEntrenador,IdPiso,IdEdificio,NombreC,FechaNac,FechaIngreso,NumeroSeguroSoc,Fotografia,CP,Ciudad,Estado,Numero,Calle,Pais) VALUES ('VZW562168LCJNE79',13,3,'Jori Kentwell','1997-02-28','2020-11-11','FOHCOADC','http://dummyimage.com/234x100.png/5fa2dd/ffffff','87330','Mexico','CDMX','CDMX','Calle Génova','Mexico');
INSERT INTO Entrenador(CURPEntrenador,IdPiso,IdEdificio,NombreC,FechaNac,FechaIngreso,NumeroSeguroSoc,Fotografia,CP,Ciudad,Estado,Numero,Calle,Pais) VALUES ('FAJ710938PJQPV02',50,10,'Bryna Cowdroy','1988-07-09','2022-03-23','KZUSUXFC','http://dummyimage.com/202x100.png/5fa2dd/ffffff','30560','Mexico','CDMX','CDMX','Avenida Juárez','Mexico');
INSERT INTO Entrenador(CURPEntrenador,IdPiso,IdEdificio,NombreC,FechaNac,FechaIngreso,NumeroSeguroSoc,Fotografia,CP,Ciudad,Estado,Numero,Calle,Pais) VALUES ('TEA973561HEROW90',58,8,'Kati McWhorter','2000-06-05','2021-09-28','MFLTFYNT','http://dummyimage.com/198x100.png/cc0000/ffffff','93995','Mexico','CDMX','CDMX','Avenida Presidente Masaryk','Mexico');
INSERT INTO Entrenador(CURPEntrenador,IdPiso,IdEdificio,NombreC,FechaNac,FechaIngreso,NumeroSeguroSoc,Fotografia,CP,Ciudad,Estado,Numero,Calle,Pais) VALUES ('CBS718834VSBAQ08',73,3,'Cynthy Rimer','1984-06-06','2020-05-11','EOZXVZWF','http://dummyimage.com/245x100.png/ff4444/ffffff','53580','Mexico','CDMX','CDMX','Calle Génova','Mexico');
INSERT INTO Entrenador(CURPEntrenador,IdPiso,IdEdificio,NombreC,FechaNac,FechaIngreso,NumeroSeguroSoc,Fotografia,CP,Ciudad,Estado,Numero,Calle,Pais) VALUES ('VOH333205ZGIOA23',3,3,'Huntlee Hadingham','1983-11-20','2022-03-31','XODKJJYM','http://dummyimage.com/219x100.png/5fa2dd/ffffff','92773','Mexico','CDMX','CDMX','Avenida Álvaro Obregón','Mexico');
INSERT INTO Entrenador(CURPEntrenador,IdPiso,IdEdificio,NombreC,FechaNac,FechaIngreso,NumeroSeguroSoc,Fotografia,CP,Ciudad,Estado,Numero,Calle,Pais) VALUES ('BLM730489OTSTO00',62,2,'Sutherlan Ville','2000-01-26','2022-07-08','JCWLCFRM','http://dummyimage.com/182x100.png/dddddd/000000','47203','Mexico','CDMX','CDMX','Avenida Presidente Masaryk','Mexico');
INSERT INTO Entrenador(CURPEntrenador,IdPiso,IdEdificio,NombreC,FechaNac,FechaIngreso,NumeroSeguroSoc,Fotografia,CP,Ciudad,Estado,Numero,Calle,Pais) VALUES ('MYZ432321QCUKZ48',55,5,'Sloane Boarleyson','1992-08-08','2022-06-07','RGHBPWYY','http://dummyimage.com/144x100.png/cc0000/ffffff','88930','Mexico','CDMX','CDMX','Avenida Juárez','Mexico');
INSERT INTO Entrenador(CURPEntrenador,IdPiso,IdEdificio,NombreC,FechaNac,FechaIngreso,NumeroSeguroSoc,Fotografia,CP,Ciudad,Estado,Numero,Calle,Pais) VALUES ('NBQ737538OJEVN57',52,2,'Hersh Andrysiak','1999-06-06','2022-07-28','PXWYNHTI','http://dummyimage.com/168x100.png/ff4444/ffffff','92035','Mexico','CDMX','CDMX','Calle Madero','Mexico');
INSERT INTO Entrenador(CURPEntrenador,IdPiso,IdEdificio,NombreC,FechaNac,FechaIngreso,NumeroSeguroSoc,Fotografia,CP,Ciudad,Estado,Numero,Calle,Pais) VALUES ('ZUH369449YRKWS25',87,7,'Adrian Leupoldt','1999-11-05','2021-07-08','AEVEXCAQ','http://dummyimage.com/156x100.png/5fa2dd/ffffff','74060','Mexico','CDMX','CDMX','Avenida Ámsterdam','Mexico');
INSERT INTO Entrenador(CURPEntrenador,IdPiso,IdEdificio,NombreC,FechaNac,FechaIngreso,NumeroSeguroSoc,Fotografia,CP,Ciudad,Estado,Numero,Calle,Pais) VALUES ('LPY873112XJFUY82',83,3,'Cathrine Gandar','1988-06-09','2021-02-07','ATKLYNGL','http://dummyimage.com/233x100.png/cc0000/ffffff','39280','Mexico','CDMX','CDMX','Avenida Presidente Masaryk','Mexico');
INSERT INTO Entrenador(CURPEntrenador,IdPiso,IdEdificio,NombreC,FechaNac,FechaIngreso,NumeroSeguroSoc,Fotografia,CP,Ciudad,Estado,Numero,Calle,Pais) VALUES ('CPI453192KYPOY52',82,2,'Herby Heinecke','2001-09-26','2022-01-21','DDDTBBFU','http://dummyimage.com/215x100.png/dddddd/000000','57000','Mexico','CDMX','CDMX','Avenida Álvaro Obregón','Mexico');
INSERT INTO Entrenador(CURPEntrenador,IdPiso,IdEdificio,NombreC,FechaNac,FechaIngreso,NumeroSeguroSoc,Fotografia,CP,Ciudad,Estado,Numero,Calle,Pais) VALUES ('HFR092908UJOZM78',55,5,'Drucill Beed','1989-02-25','2022-10-02','JUNIDMDS','http://dummyimage.com/181x100.png/cc0000/ffffff','92105','Mexico','CDMX','CDMX','Avenida Presidente Masaryk','Mexico');
INSERT INTO Entrenador(CURPEntrenador,IdPiso,IdEdificio,NombreC,FechaNac,FechaIngreso,NumeroSeguroSoc,Fotografia,CP,Ciudad,Estado,Numero,Calle,Pais) VALUES ('ZAO217490SHKMQ91',63,3,'Mag Sewell','2000-02-16','2020-10-13','WWZXMJZO','http://dummyimage.com/184x100.png/5fa2dd/ffffff','25290','Mexico','CDMX','CDMX','Paseo de la Reforma','Mexico');
INSERT INTO Entrenador(CURPEntrenador,IdPiso,IdEdificio,NombreC,FechaNac,FechaIngreso,NumeroSeguroSoc,Fotografia,CP,Ciudad,Estado,Numero,Calle,Pais) VALUES ('THR185871XFUDX78',60,10,'Barn Neate','1997-12-22','2022-04-06','JUQMALKK','http://dummyimage.com/181x100.png/dddddd/000000','37360','Mexico','CDMX','CDMX','Paseo de la Reforma','Mexico');
INSERT INTO Entrenador(CURPEntrenador,IdPiso,IdEdificio,NombreC,FechaNac,FechaIngreso,NumeroSeguroSoc,Fotografia,CP,Ciudad,Estado,Numero,Calle,Pais) VALUES ('JRN725344YWZWW30',11,1,'Prisca Tubritt','1989-02-03','2020-10-04','ARPMGFMU','http://dummyimage.com/196x100.png/dddddd/000000','71200','Mexico','CDMX','CDMX','Calle Madero','Mexico');
INSERT INTO Entrenador(CURPEntrenador,IdPiso,IdEdificio,NombreC,FechaNac,FechaIngreso,NumeroSeguroSoc,Fotografia,CP,Ciudad,Estado,Numero,Calle,Pais) VALUES ('NOX090233NJZYN20',16,6,'Rodina Sandcraft','1985-08-08','2020-11-11','AADBUXBP','http://dummyimage.com/241x100.png/ff4444/ffffff','88930','Mexico','CDMX','CDMX','Calle Regina','Mexico');
INSERT INTO Entrenador(CURPEntrenador,IdPiso,IdEdificio,NombreC,FechaNac,FechaIngreso,NumeroSeguroSoc,Fotografia,CP,Ciudad,Estado,Numero,Calle,Pais) VALUES ('ZYR760030OXPSC08',34,4,'Bart D''Adamo','1983-08-14','2020-08-25','XVAFDHUL','http://dummyimage.com/220x100.png/5fa2dd/ffffff','30103','Mexico','CDMX','CDMX','Calle Madero','Mexico');
INSERT INTO Entrenador(CURPEntrenador,IdPiso,IdEdificio,NombreC,FechaNac,FechaIngreso,NumeroSeguroSoc,Fotografia,CP,Ciudad,Estado,Numero,Calle,Pais) VALUES ('BAG518754WHHYU08',71,1,'Wilek Sommerly','1982-09-01','2021-09-22','OSZQZRXT','http://dummyimage.com/141x100.png/ff4444/ffffff','86690','Mexico','CDMX','CDMX','Avenida Ámsterdam','Mexico');
INSERT INTO Entrenador(CURPEntrenador,IdPiso,IdEdificio,NombreC,FechaNac,FechaIngreso,NumeroSeguroSoc,Fotografia,CP,Ciudad,Estado,Numero,Calle,Pais) VALUES ('JZW562377LXVWR86',31,1,'Karalynn McMurdo','1992-07-29','2020-12-25','ULJPFNUL','http://dummyimage.com/160x100.png/ff4444/ffffff','48338','Mexico','CDMX','CDMX','Paseo de la Reforma','Mexico');
INSERT INTO Entrenador(CURPEntrenador,IdPiso,IdEdificio,NombreC,FechaNac,FechaIngreso,NumeroSeguroSoc,Fotografia,CP,Ciudad,Estado,Numero,Calle,Pais) VALUES ('ZLG577937UUPWM85',51,1,'Prentice Deverille','2000-07-02','2020-09-06','RVQMEDIY','http://dummyimage.com/162x100.png/5fa2dd/ffffff','56564','Mexico','CDMX','CDMX','Avenida Álvaro Obregón','Mexico');
INSERT INTO Entrenador(CURPEntrenador,IdPiso,IdEdificio,NombreC,FechaNac,FechaIngreso,NumeroSeguroSoc,Fotografia,CP,Ciudad,Estado,Numero,Calle,Pais) VALUES ('NBV033138NEXNT29',28,8,'Sven Boissieux','1984-11-16','2020-07-03','RCAPXCEV','http://dummyimage.com/197x100.png/ff4444/ffffff','32630','Mexico','CDMX','CDMX','Avenida Ámsterdam','Mexico');
INSERT INTO Entrenador(CURPEntrenador,IdPiso,IdEdificio,NombreC,FechaNac,FechaIngreso,NumeroSeguroSoc,Fotografia,CP,Ciudad,Estado,Numero,Calle,Pais) VALUES ('PVA816317SSJPY06',70,10,'Orbadiah Mc Pake','1998-12-14','2021-01-01','ZXHYMRIW','http://dummyimage.com/226x100.png/ff4444/ffffff','87395','Mexico','CDMX','CDMX','Calle Madero','Mexico');
INSERT INTO Entrenador(CURPEntrenador,IdPiso,IdEdificio,NombreC,FechaNac,FechaIngreso,NumeroSeguroSoc,Fotografia,CP,Ciudad,Estado,Numero,Calle,Pais) VALUES ('IHR865643UHNEL94',73,3,'Tully Dunsire','1982-03-04','2021-12-28','IUBHDQWC','http://dummyimage.com/128x100.png/5fa2dd/ffffff','91664','Mexico','CDMX','CDMX','Avenida Álvaro Obregón','Mexico');
INSERT INTO Entrenador(CURPEntrenador,IdPiso,IdEdificio,NombreC,FechaNac,FechaIngreso,NumeroSeguroSoc,Fotografia,CP,Ciudad,Estado,Numero,Calle,Pais) VALUES ('LIR953611VIHKG83',41,1,'Hershel McClinton','1982-07-26','2021-12-02','JFYDPAIQ','http://dummyimage.com/160x100.png/cc0000/ffffff','40687','Mexico','CDMX','CDMX','Paseo de la Reforma','Mexico');





INSERT INTO TelefonoCelEntrenador(CURPEntrenador,TelefonoCel) VALUES ('PTT793522ISLWY26','7486640381');
INSERT INTO TelefonoCelEntrenador(CURPEntrenador,TelefonoCel) VALUES ('FYX543730FSKUZ58','5844491199');
INSERT INTO TelefonoCelEntrenador(CURPEntrenador,TelefonoCel) VALUES ('EAB071283YZFGM11','8526125262');
INSERT INTO TelefonoCelEntrenador(CURPEntrenador,TelefonoCel) VALUES ('CAY568275EYGOR54','1153768346');
INSERT INTO TelefonoCelEntrenador(CURPEntrenador,TelefonoCel) VALUES ('KQW406638RSKZZ00','5982055449');
INSERT INTO TelefonoCelEntrenador(CURPEntrenador,TelefonoCel) VALUES ('CBS718834VSBAQ08','5576402807');
INSERT INTO TelefonoCelEntrenador(CURPEntrenador,TelefonoCel) VALUES ('EAB071283YZFGM11','9546110216');
INSERT INTO TelefonoCelEntrenador(CURPEntrenador,TelefonoCel) VALUES ('XZT843826PHZIR29','6792910212');
INSERT INTO TelefonoCelEntrenador(CURPEntrenador,TelefonoCel) VALUES ('ZLG577937UUPWM85','6506544792');
INSERT INTO TelefonoCelEntrenador(CURPEntrenador,TelefonoCel) VALUES ('KIC199510TGPGJ31','9352326150');
INSERT INTO TelefonoCelEntrenador(CURPEntrenador,TelefonoCel) VALUES ('IHR865643UHNEL94','7319749979');
INSERT INTO TelefonoCelEntrenador(CURPEntrenador,TelefonoCel) VALUES ('EAS813201SIJUK70','5548385784');
INSERT INTO TelefonoCelEntrenador(CURPEntrenador,TelefonoCel) VALUES ('CPI453192KYPOY52','3058552242');
INSERT INTO TelefonoCelEntrenador(CURPEntrenador,TelefonoCel) VALUES ('FAJ710938PJQPV02','4159583202');
INSERT INTO TelefonoCelEntrenador(CURPEntrenador,TelefonoCel) VALUES ('CEO748330XEQPS52','1855942385');
INSERT INTO TelefonoCelEntrenador(CURPEntrenador,TelefonoCel) VALUES ('BAG518754WHHYU08','6969329053');
INSERT INTO TelefonoCelEntrenador(CURPEntrenador,TelefonoCel) VALUES ('ZMI888422VYATR81','9137975690');
INSERT INTO TelefonoCelEntrenador(CURPEntrenador,TelefonoCel) VALUES ('CEO748330XEQPS52','8784622365');
INSERT INTO TelefonoCelEntrenador(CURPEntrenador,TelefonoCel) VALUES ('LIR953611VIHKG83','4952996372');
INSERT INTO TelefonoCelEntrenador(CURPEntrenador,TelefonoCel) VALUES ('PTT793522ISLWY26','2245750948');
INSERT INTO TelefonoCelEntrenador(CURPEntrenador,TelefonoCel) VALUES ('THR185871XFUDX78','2403256198');
INSERT INTO TelefonoCelEntrenador(CURPEntrenador,TelefonoCel) VALUES ('VZW562168LCJNE79','4144849182');
INSERT INTO TelefonoCelEntrenador(CURPEntrenador,TelefonoCel) VALUES ('MYZ432321QCUKZ48','7693535380');
INSERT INTO TelefonoCelEntrenador(CURPEntrenador,TelefonoCel) VALUES ('MEC129128AZOLW15','3478355911');
INSERT INTO TelefonoCelEntrenador(CURPEntrenador,TelefonoCel) VALUES ('LPY873112XJFUY82','3168066646');
INSERT INTO TelefonoCelEntrenador(CURPEntrenador,TelefonoCel) VALUES ('NBQ737538OJEVN57','3568846360');
INSERT INTO TelefonoCelEntrenador(CURPEntrenador,TelefonoCel) VALUES ('LPY873112XJFUY82','7242186982');
INSERT INTO TelefonoCelEntrenador(CURPEntrenador,TelefonoCel) VALUES ('EAB071283YZFGM11','4601223238');
INSERT INTO TelefonoCelEntrenador(CURPEntrenador,TelefonoCel) VALUES ('LIR953611VIHKG83','8147538466');
INSERT INTO TelefonoCelEntrenador(CURPEntrenador,TelefonoCel) VALUES ('JZW562377LXVWR86','8506067851');
INSERT INTO TelefonoCelEntrenador(CURPEntrenador,TelefonoCel) VALUES ('ZVB564450DRHRT19','4326477894');
INSERT INTO TelefonoCelEntrenador(CURPEntrenador,TelefonoCel) VALUES ('EAS813201SIJUK70','4346575874');
INSERT INTO TelefonoCelEntrenador(CURPEntrenador,TelefonoCel) VALUES ('MEC129128AZOLW15','6506117920');
INSERT INTO TelefonoCelEntrenador(CURPEntrenador,TelefonoCel) VALUES ('TEA973561HEROW90','5977126440');
INSERT INTO TelefonoCelEntrenador(CURPEntrenador,TelefonoCel) VALUES ('CPI453192KYPOY52','8306092513');
INSERT INTO TelefonoCelEntrenador(CURPEntrenador,TelefonoCel) VALUES ('ZMI888422VYATR81','9447223233');
INSERT INTO TelefonoCelEntrenador(CURPEntrenador,TelefonoCel) VALUES ('AZD459224CNFIR11','8659203689');
INSERT INTO TelefonoCelEntrenador(CURPEntrenador,TelefonoCel) VALUES ('ZVB564450DRHRT19','8748837278');
INSERT INTO TelefonoCelEntrenador(CURPEntrenador,TelefonoCel) VALUES ('TEA973561HEROW90','4321051766');
INSERT INTO TelefonoCelEntrenador(CURPEntrenador,TelefonoCel) VALUES ('THR185871XFUDX78','7096166592');
INSERT INTO TelefonoCelEntrenador(CURPEntrenador,TelefonoCel) VALUES ('JZW562377LXVWR86','3448296541');
INSERT INTO TelefonoCelEntrenador(CURPEntrenador,TelefonoCel) VALUES ('FJI373637HUYAD17','5911255329');
INSERT INTO TelefonoCelEntrenador(CURPEntrenador,TelefonoCel) VALUES ('JZW562377LXVWR86','1992358317');
INSERT INTO TelefonoCelEntrenador(CURPEntrenador,TelefonoCel) VALUES ('CBS718834VSBAQ08','1997479310');
INSERT INTO TelefonoCelEntrenador(CURPEntrenador,TelefonoCel) VALUES ('VOH333205ZGIOA23','6104856231');
INSERT INTO TelefonoCelEntrenador(CURPEntrenador,TelefonoCel) VALUES ('VZW562168LCJNE79','1045678709');
INSERT INTO TelefonoCelEntrenador(CURPEntrenador,TelefonoCel) VALUES ('FYX543730FSKUZ58','9253035887');
INSERT INTO TelefonoCelEntrenador(CURPEntrenador,TelefonoCel) VALUES ('RIK651276YUQJQ41','6489736676');
INSERT INTO TelefonoCelEntrenador(CURPEntrenador,TelefonoCel) VALUES ('JRN725344YWZWW30','9038502576');
INSERT INTO TelefonoCelEntrenador(CURPEntrenador,TelefonoCel) VALUES ('CAY568275EYGOR54','7443148793');
INSERT INTO TelefonoCelEntrenador(CURPEntrenador,TelefonoCel) VALUES ('LPY873112XJFUY82','1352966206');
INSERT INTO TelefonoCelEntrenador(CURPEntrenador,TelefonoCel) VALUES ('MYZ432321QCUKZ48','2236173685');
INSERT INTO TelefonoCelEntrenador(CURPEntrenador,TelefonoCel) VALUES ('CBS718834VSBAQ08','3291587871');
INSERT INTO TelefonoCelEntrenador(CURPEntrenador,TelefonoCel) VALUES ('VOH333205ZGIOA23','9412344624');
INSERT INTO TelefonoCelEntrenador(CURPEntrenador,TelefonoCel) VALUES ('HFR092908UJOZM78','9815615598');
INSERT INTO TelefonoCelEntrenador(CURPEntrenador,TelefonoCel) VALUES ('CPI453192KYPOY52','1487044234');
INSERT INTO TelefonoCelEntrenador(CURPEntrenador,TelefonoCel) VALUES ('ZUH369449YRKWS25','9734793099');
INSERT INTO TelefonoCelEntrenador(CURPEntrenador,TelefonoCel) VALUES ('BLM730489OTSTO00','8927638459');
INSERT INTO TelefonoCelEntrenador(CURPEntrenador,TelefonoCel) VALUES ('EAB071283YZFGM11','8737926088');
INSERT INTO TelefonoCelEntrenador(CURPEntrenador,TelefonoCel) VALUES ('WOG080074EFKWD22','6023788399');
INSERT INTO TelefonoCelEntrenador(CURPEntrenador,TelefonoCel) VALUES ('FJI373637HUYAD17','1771596794');
INSERT INTO TelefonoCelEntrenador(CURPEntrenador,TelefonoCel) VALUES ('ZYR760030OXPSC08','5906712137');
INSERT INTO TelefonoCelEntrenador(CURPEntrenador,TelefonoCel) VALUES ('NBQ737538OJEVN57','4275683087');
INSERT INTO TelefonoCelEntrenador(CURPEntrenador,TelefonoCel) VALUES ('BAG518754WHHYU08','9021571900');
INSERT INTO TelefonoCelEntrenador(CURPEntrenador,TelefonoCel) VALUES ('ZAO217490SHKMQ91','5033906304');
INSERT INTO TelefonoCelEntrenador(CURPEntrenador,TelefonoCel) VALUES ('LIR953611VIHKG83','7933988912');
INSERT INTO TelefonoCelEntrenador(CURPEntrenador,TelefonoCel) VALUES ('ITM920532XDYVR21','6804249274');
INSERT INTO TelefonoCelEntrenador(CURPEntrenador,TelefonoCel) VALUES ('FYX543730FSKUZ58','4973251314');
INSERT INTO TelefonoCelEntrenador(CURPEntrenador,TelefonoCel) VALUES ('CEO748330XEQPS52','8851341658');
INSERT INTO TelefonoCelEntrenador(CURPEntrenador,TelefonoCel) VALUES ('NBQ737538OJEVN57','3866820282');
INSERT INTO TelefonoCelEntrenador(CURPEntrenador,TelefonoCel) VALUES ('ZAO217490SHKMQ91','3133258385');
INSERT INTO TelefonoCelEntrenador(CURPEntrenador,TelefonoCel) VALUES ('CEO748330XEQPS52','6544683716');
INSERT INTO TelefonoCelEntrenador(CURPEntrenador,TelefonoCel) VALUES ('TYQ599043ALAIT25','9392969111');
INSERT INTO TelefonoCelEntrenador(CURPEntrenador,TelefonoCel) VALUES ('BLM730489OTSTO00','5797440918');
INSERT INTO TelefonoCelEntrenador(CURPEntrenador,TelefonoCel) VALUES ('YPZ912594SVIKR40','4702163929');
INSERT INTO TelefonoCelEntrenador(CURPEntrenador,TelefonoCel) VALUES ('KQW406638RSKZZ00','2793250038');
INSERT INTO TelefonoCelEntrenador(CURPEntrenador,TelefonoCel) VALUES ('BAG518754WHHYU08','7166254140');
INSERT INTO TelefonoCelEntrenador(CURPEntrenador,TelefonoCel) VALUES ('CPI453192KYPOY52','5187297854');
INSERT INTO TelefonoCelEntrenador(CURPEntrenador,TelefonoCel) VALUES ('UUC460850CKXFF05','1405886745');
INSERT INTO TelefonoCelEntrenador(CURPEntrenador,TelefonoCel) VALUES ('BAG518754WHHYU08','6569410063');
INSERT INTO TelefonoCelEntrenador(CURPEntrenador,TelefonoCel) VALUES ('RIK651276YUQJQ41','6369837856');
INSERT INTO TelefonoCelEntrenador(CURPEntrenador,TelefonoCel) VALUES ('ITM920532XDYVR21','8004256207');
INSERT INTO TelefonoCelEntrenador(CURPEntrenador,TelefonoCel) VALUES ('AZD459224CNFIR11','2745154649');
INSERT INTO TelefonoCelEntrenador(CURPEntrenador,TelefonoCel) VALUES ('MEC129128AZOLW15','2484870387');
INSERT INTO TelefonoCelEntrenador(CURPEntrenador,TelefonoCel) VALUES ('BAG518754WHHYU08','6673866133');
INSERT INTO TelefonoCelEntrenador(CURPEntrenador,TelefonoCel) VALUES ('JRN725344YWZWW30','9587667836');
INSERT INTO TelefonoCelEntrenador(CURPEntrenador,TelefonoCel) VALUES ('CAY568275EYGOR54','9709773656');
INSERT INTO TelefonoCelEntrenador(CURPEntrenador,TelefonoCel) VALUES ('CAY568275EYGOR54','1837280708');
INSERT INTO TelefonoCelEntrenador(CURPEntrenador,TelefonoCel) VALUES ('XOZ346429AKOMR05','2105436674');
INSERT INTO TelefonoCelEntrenador(CURPEntrenador,TelefonoCel) VALUES ('ZAO217490SHKMQ91','1593306737');
INSERT INTO TelefonoCelEntrenador(CURPEntrenador,TelefonoCel) VALUES ('CAY568275EYGOR54','7134980810');
INSERT INTO TelefonoCelEntrenador(CURPEntrenador,TelefonoCel) VALUES ('BLM730489OTSTO00','6316111915');
INSERT INTO TelefonoCelEntrenador(CURPEntrenador,TelefonoCel) VALUES ('CAY568275EYGOR54','7607553022');
INSERT INTO TelefonoCelEntrenador(CURPEntrenador,TelefonoCel) VALUES ('CEO748330XEQPS52','6084328916');
INSERT INTO TelefonoCelEntrenador(CURPEntrenador,TelefonoCel) VALUES ('FYX543730FSKUZ58','2598932349');
INSERT INTO TelefonoCelEntrenador(CURPEntrenador,TelefonoCel) VALUES ('VZW562168LCJNE79','4059038242');
INSERT INTO TelefonoCelEntrenador(CURPEntrenador,TelefonoCel) VALUES ('LPY873112XJFUY82','4379968894');
INSERT INTO TelefonoCelEntrenador(CURPEntrenador,TelefonoCel) VALUES ('XOZ346429AKOMR05','4258260477');
INSERT INTO TelefonoCelEntrenador(CURPEntrenador,TelefonoCel) VALUES ('AZD459224CNFIR11','7239296619');
INSERT INTO TelefonoCelEntrenador(CURPEntrenador,TelefonoCel) VALUES ('XZT843826PHZIR29','2465049847');


INSERT INTO CorreoElectronicoEntrenador(CURPEntrenador,CorreoElectronico) VALUES ('AWI213111DRXIN45','cjefferson0@independent.co.uk');
INSERT INTO CorreoElectronicoEntrenador(CURPEntrenador,CorreoElectronico) VALUES ('CAY568275EYGOR54','tfahy1@theatlantic.com');
INSERT INTO CorreoElectronicoEntrenador(CURPEntrenador,CorreoElectronico) VALUES ('KQW406638RSKZZ00','tfeige2@forbes.com');
INSERT INTO CorreoElectronicoEntrenador(CURPEntrenador,CorreoElectronico) VALUES ('JRN725344YWZWW30','selston3@nsw.gov.au');
INSERT INTO CorreoElectronicoEntrenador(CURPEntrenador,CorreoElectronico) VALUES ('ZAO217490SHKMQ91','fjobbins4@icq.com');
INSERT INTO CorreoElectronicoEntrenador(CURPEntrenador,CorreoElectronico) VALUES ('XZT843826PHZIR29','atopaz5@seattletimes.com');
INSERT INTO CorreoElectronicoEntrenador(CURPEntrenador,CorreoElectronico) VALUES ('KIC199510TGPGJ31','alyal6@gov.uk');
INSERT INTO CorreoElectronicoEntrenador(CURPEntrenador,CorreoElectronico) VALUES ('TZS026246EAUBM29','sharly7@pen.io');
INSERT INTO CorreoElectronicoEntrenador(CURPEntrenador,CorreoElectronico) VALUES ('MEC129128AZOLW15','awoehler8@mediafire.com');
INSERT INTO CorreoElectronicoEntrenador(CURPEntrenador,CorreoElectronico) VALUES ('CEO748330XEQPS52','ilukovic9@cnbc.com');
INSERT INTO CorreoElectronicoEntrenador(CURPEntrenador,CorreoElectronico) VALUES ('FYX543730FSKUZ58','scatleya@nationalgeographic.com');
INSERT INTO CorreoElectronicoEntrenador(CURPEntrenador,CorreoElectronico) VALUES ('TYQ599043ALAIT25','bbaultb@nsw.gov.au');
INSERT INTO CorreoElectronicoEntrenador(CURPEntrenador,CorreoElectronico) VALUES ('ZYR760030OXPSC08','bhawickc@nyu.edu');
INSERT INTO CorreoElectronicoEntrenador(CURPEntrenador,CorreoElectronico) VALUES ('BLM730489OTSTO00','cmaclained@yolasite.com');
INSERT INTO CorreoElectronicoEntrenador(CURPEntrenador,CorreoElectronico) VALUES ('ONK559785DVRFA20','srossbrooke@ihg.com');
INSERT INTO CorreoElectronicoEntrenador(CURPEntrenador,CorreoElectronico) VALUES ('ZAO217490SHKMQ91','jpickringf@reddit.com');
INSERT INTO CorreoElectronicoEntrenador(CURPEntrenador,CorreoElectronico) VALUES ('HFR092908UJOZM78','cblondellg@google.com.hk');
INSERT INTO CorreoElectronicoEntrenador(CURPEntrenador,CorreoElectronico) VALUES ('TZS026246EAUBM29','sackersh@alexa.com');
INSERT INTO CorreoElectronicoEntrenador(CURPEntrenador,CorreoElectronico) VALUES ('ZYR760030OXPSC08','ldevriesi@telegraph.co.uk');
INSERT INTO CorreoElectronicoEntrenador(CURPEntrenador,CorreoElectronico) VALUES ('TZS026246EAUBM29','rshurrockj@feedburner.com');
INSERT INTO CorreoElectronicoEntrenador(CURPEntrenador,CorreoElectronico) VALUES ('FYX543730FSKUZ58','areihmk@theglobeandmail.com');
INSERT INTO CorreoElectronicoEntrenador(CURPEntrenador,CorreoElectronico) VALUES ('CBS718834VSBAQ08','gkundtl@who.int');
INSERT INTO CorreoElectronicoEntrenador(CURPEntrenador,CorreoElectronico) VALUES ('NBQ737538OJEVN57','cruppelinm@cpanel.net');
INSERT INTO CorreoElectronicoEntrenador(CURPEntrenador,CorreoElectronico) VALUES ('AZD459224CNFIR11','orobbertsn@apache.org');
INSERT INTO CorreoElectronicoEntrenador(CURPEntrenador,CorreoElectronico) VALUES ('IHR865643UHNEL94','wmaclaigo@arstechnica.com');
INSERT INTO CorreoElectronicoEntrenador(CURPEntrenador,CorreoElectronico) VALUES ('BLM730489OTSTO00','bleftleyp@jalbum.net');
INSERT INTO CorreoElectronicoEntrenador(CURPEntrenador,CorreoElectronico) VALUES ('CEO748330XEQPS52','cposnetteq@photobucket.com');
INSERT INTO CorreoElectronicoEntrenador(CURPEntrenador,CorreoElectronico) VALUES ('KQW406638RSKZZ00','fbottomsr@uiuc.edu');
INSERT INTO CorreoElectronicoEntrenador(CURPEntrenador,CorreoElectronico) VALUES ('VOH333205ZGIOA23','mcotas@liveinternet.ru');
INSERT INTO CorreoElectronicoEntrenador(CURPEntrenador,CorreoElectronico) VALUES ('XZT843826PHZIR29','ftilert@bandcamp.com');
INSERT INTO CorreoElectronicoEntrenador(CURPEntrenador,CorreoElectronico) VALUES ('UUC460850CKXFF05','bdudsonu@gov.uk');
INSERT INTO CorreoElectronicoEntrenador(CURPEntrenador,CorreoElectronico) VALUES ('ITM920532XDYVR21','celmesv@shareasale.com');
INSERT INTO CorreoElectronicoEntrenador(CURPEntrenador,CorreoElectronico) VALUES ('PTT793522ISLWY26','dtigwellw@slate.com');
INSERT INTO CorreoElectronicoEntrenador(CURPEntrenador,CorreoElectronico) VALUES ('XZT843826PHZIR29','amapstonx@sourceforge.net');
INSERT INTO CorreoElectronicoEntrenador(CURPEntrenador,CorreoElectronico) VALUES ('BLM730489OTSTO00','dtomichy@purevolume.com');
INSERT INTO CorreoElectronicoEntrenador(CURPEntrenador,CorreoElectronico) VALUES ('KQW406638RSKZZ00','awellz@360.cn');
INSERT INTO CorreoElectronicoEntrenador(CURPEntrenador,CorreoElectronico) VALUES ('HFR092908UJOZM78','mcamplejohn10@topsy.com');
INSERT INTO CorreoElectronicoEntrenador(CURPEntrenador,CorreoElectronico) VALUES ('MEC129128AZOLW15','ccurme11@devhub.com');
INSERT INTO CorreoElectronicoEntrenador(CURPEntrenador,CorreoElectronico) VALUES ('UUC460850CKXFF05','fallerton12@1und1.de');
INSERT INTO CorreoElectronicoEntrenador(CURPEntrenador,CorreoElectronico) VALUES ('ZVB564450DRHRT19','lcheshire13@webs.com');
INSERT INTO CorreoElectronicoEntrenador(CURPEntrenador,CorreoElectronico) VALUES ('LML147361NYKLY72','salliban14@sciencedaily.com');
INSERT INTO CorreoElectronicoEntrenador(CURPEntrenador,CorreoElectronico) VALUES ('VOH333205ZGIOA23','dsiggee15@vimeo.com');
INSERT INTO CorreoElectronicoEntrenador(CURPEntrenador,CorreoElectronico) VALUES ('ZMI888422VYATR81','graith16@thetimes.co.uk');
INSERT INTO CorreoElectronicoEntrenador(CURPEntrenador,CorreoElectronico) VALUES ('CPI453192KYPOY52','kyanele17@usa.gov');
INSERT INTO CorreoElectronicoEntrenador(CURPEntrenador,CorreoElectronico) VALUES ('XZT843826PHZIR29','afinicj18@baidu.com');
INSERT INTO CorreoElectronicoEntrenador(CURPEntrenador,CorreoElectronico) VALUES ('CBS718834VSBAQ08','fcuseck19@fastcompany.com');
INSERT INTO CorreoElectronicoEntrenador(CURPEntrenador,CorreoElectronico) VALUES ('LPY873112XJFUY82','anoden1a@so-net.ne.jp');
INSERT INTO CorreoElectronicoEntrenador(CURPEntrenador,CorreoElectronico) VALUES ('VOH333205ZGIOA23','fambresin1b@gmpg.org');
INSERT INTO CorreoElectronicoEntrenador(CURPEntrenador,CorreoElectronico) VALUES ('NBQ737538OJEVN57','mvakhrushev1c@elegantthemes.com');
INSERT INTO CorreoElectronicoEntrenador(CURPEntrenador,CorreoElectronico) VALUES ('EAB071283YZFGM11','cprophet1d@over-blog.com');
INSERT INTO CorreoElectronicoEntrenador(CURPEntrenador,CorreoElectronico) VALUES ('NBV033138NEXNT29','bbarmby1e@soup.io');
INSERT INTO CorreoElectronicoEntrenador(CURPEntrenador,CorreoElectronico) VALUES ('LML147361NYKLY72','tmaraga1f@economist.com');
INSERT INTO CorreoElectronicoEntrenador(CURPEntrenador,CorreoElectronico) VALUES ('CEO748330XEQPS52','ejaukovic1g@linkedin.com');
INSERT INTO CorreoElectronicoEntrenador(CURPEntrenador,CorreoElectronico) VALUES ('AWI213111DRXIN45','hmccaughran1h@privacy.gov.au');
INSERT INTO CorreoElectronicoEntrenador(CURPEntrenador,CorreoElectronico) VALUES ('JZW562377LXVWR86','wgronowe1i@ustream.tv');
INSERT INTO CorreoElectronicoEntrenador(CURPEntrenador,CorreoElectronico) VALUES ('PVA816317SSJPY06','efoucar1j@sun.com');
INSERT INTO CorreoElectronicoEntrenador(CURPEntrenador,CorreoElectronico) VALUES ('BLM730489OTSTO00','cbroxap1k@skype.com');
INSERT INTO CorreoElectronicoEntrenador(CURPEntrenador,CorreoElectronico) VALUES ('ZUH369449YRKWS25','ldormand1l@disqus.com');
INSERT INTO CorreoElectronicoEntrenador(CURPEntrenador,CorreoElectronico) VALUES ('PTT793522ISLWY26','pgionettitti1m@gmpg.org');
INSERT INTO CorreoElectronicoEntrenador(CURPEntrenador,CorreoElectronico) VALUES ('ZVB564450DRHRT19','wdeangelo1n@scientificamerican.com');
INSERT INTO CorreoElectronicoEntrenador(CURPEntrenador,CorreoElectronico) VALUES ('XOZ346429AKOMR05','taustin1o@pinterest.com');
INSERT INTO CorreoElectronicoEntrenador(CURPEntrenador,CorreoElectronico) VALUES ('ZMI888422VYATR81','mpuden1p@seesaa.net');
INSERT INTO CorreoElectronicoEntrenador(CURPEntrenador,CorreoElectronico) VALUES ('JRN725344YWZWW30','hpakeman1q@hubpages.com');
INSERT INTO CorreoElectronicoEntrenador(CURPEntrenador,CorreoElectronico) VALUES ('NBQ737538OJEVN57','lchattelaine1r@arstechnica.com');
INSERT INTO CorreoElectronicoEntrenador(CURPEntrenador,CorreoElectronico) VALUES ('NBQ737538OJEVN57','agoodinson1s@ucoz.ru');
INSERT INTO CorreoElectronicoEntrenador(CURPEntrenador,CorreoElectronico) VALUES ('LPY873112XJFUY82','vhalbord1t@dailymail.co.uk');
INSERT INTO CorreoElectronicoEntrenador(CURPEntrenador,CorreoElectronico) VALUES ('HFR092908UJOZM78','tmccorrie1u@example.com');
INSERT INTO CorreoElectronicoEntrenador(CURPEntrenador,CorreoElectronico) VALUES ('UUC460850CKXFF05','djayne1v@tripadvisor.com');
INSERT INTO CorreoElectronicoEntrenador(CURPEntrenador,CorreoElectronico) VALUES ('ZAO217490SHKMQ91','mlorinez1w@google.es');
INSERT INTO CorreoElectronicoEntrenador(CURPEntrenador,CorreoElectronico) VALUES ('AWI213111DRXIN45','mpeggram1x@time.com');
INSERT INTO CorreoElectronicoEntrenador(CURPEntrenador,CorreoElectronico) VALUES ('WOG080074EFKWD22','clanktree1y@blogger.com');
INSERT INTO CorreoElectronicoEntrenador(CURPEntrenador,CorreoElectronico) VALUES ('TZS026246EAUBM29','caspland1z@hatena.ne.jp');
INSERT INTO CorreoElectronicoEntrenador(CURPEntrenador,CorreoElectronico) VALUES ('ZVB564450DRHRT19','jscurrah20@uiuc.edu');
INSERT INTO CorreoElectronicoEntrenador(CURPEntrenador,CorreoElectronico) VALUES ('XZT843826PHZIR29','pgumby21@webeden.co.uk');
INSERT INTO CorreoElectronicoEntrenador(CURPEntrenador,CorreoElectronico) VALUES ('YPZ912594SVIKR40','mfarrey22@opensource.org');
INSERT INTO CorreoElectronicoEntrenador(CURPEntrenador,CorreoElectronico) VALUES ('RIK651276YUQJQ41','thandsheart23@bloglines.com');
INSERT INTO CorreoElectronicoEntrenador(CURPEntrenador,CorreoElectronico) VALUES ('ZLG577937UUPWM85','aandrzejak24@google.cn');
INSERT INTO CorreoElectronicoEntrenador(CURPEntrenador,CorreoElectronico) VALUES ('ZAO217490SHKMQ91','kraspin25@digg.com');
INSERT INTO CorreoElectronicoEntrenador(CURPEntrenador,CorreoElectronico) VALUES ('CPI453192KYPOY52','kleigh26@webmd.com');
INSERT INTO CorreoElectronicoEntrenador(CURPEntrenador,CorreoElectronico) VALUES ('FYX543730FSKUZ58','ddumberrill27@xinhuanet.com');
INSERT INTO CorreoElectronicoEntrenador(CURPEntrenador,CorreoElectronico) VALUES ('JZW562377LXVWR86','aseakin28@zdnet.com');
INSERT INTO CorreoElectronicoEntrenador(CURPEntrenador,CorreoElectronico) VALUES ('VZW562168LCJNE79','dlardeux29@uiuc.edu');
INSERT INTO CorreoElectronicoEntrenador(CURPEntrenador,CorreoElectronico) VALUES ('YPZ912594SVIKR40','mscrease2a@wix.com');
INSERT INTO CorreoElectronicoEntrenador(CURPEntrenador,CorreoElectronico) VALUES ('NBQ737538OJEVN57','lsnar2b@rediff.com');
INSERT INTO CorreoElectronicoEntrenador(CURPEntrenador,CorreoElectronico) VALUES ('CAY568275EYGOR54','serwin2c@livejournal.com');
INSERT INTO CorreoElectronicoEntrenador(CURPEntrenador,CorreoElectronico) VALUES ('TZS026246EAUBM29','dambrosetti2d@unicef.org');
INSERT INTO CorreoElectronicoEntrenador(CURPEntrenador,CorreoElectronico) VALUES ('AWI213111DRXIN45','tessam2e@google.com.br');
INSERT INTO CorreoElectronicoEntrenador(CURPEntrenador,CorreoElectronico) VALUES ('XZT843826PHZIR29','rkarle2f@bizjournals.com');
INSERT INTO CorreoElectronicoEntrenador(CURPEntrenador,CorreoElectronico) VALUES ('NBQ737538OJEVN57','lemmitt2g@bloomberg.com');
INSERT INTO CorreoElectronicoEntrenador(CURPEntrenador,CorreoElectronico) VALUES ('WOG080074EFKWD22','dgommes2h@washington.edu');
INSERT INTO CorreoElectronicoEntrenador(CURPEntrenador,CorreoElectronico) VALUES ('CAY568275EYGOR54','potimony2i@alexa.com');
INSERT INTO CorreoElectronicoEntrenador(CURPEntrenador,CorreoElectronico) VALUES ('AWI213111DRXIN45','cmatijasevic2j@paypal.com');
INSERT INTO CorreoElectronicoEntrenador(CURPEntrenador,CorreoElectronico) VALUES ('MYZ432321QCUKZ48','jserris2k@ted.com');
INSERT INTO CorreoElectronicoEntrenador(CURPEntrenador,CorreoElectronico) VALUES ('VOH333205ZGIOA23','xsantora2l@bloglines.com');
INSERT INTO CorreoElectronicoEntrenador(CURPEntrenador,CorreoElectronico) VALUES ('JZW562377LXVWR86','aholborn2m@google.co.jp');
INSERT INTO CorreoElectronicoEntrenador(CURPEntrenador,CorreoElectronico) VALUES ('JRN725344YWZWW30','shamfleet2n@admin.ch');
INSERT INTO CorreoElectronicoEntrenador(CURPEntrenador,CorreoElectronico) VALUES ('ZVB564450DRHRT19','scrowley2o@usgs.gov');
INSERT INTO CorreoElectronicoEntrenador(CURPEntrenador,CorreoElectronico) VALUES ('CAY568275EYGOR54','wcurrom2p@tamu.edu');
INSERT INTO CorreoElectronicoEntrenador(CURPEntrenador,CorreoElectronico) VALUES ('ONK559785DVRFA20','qjerke2q@diigo.com');
INSERT INTO CorreoElectronicoEntrenador(CURPEntrenador,CorreoElectronico) VALUES ('LML147361NYKLY72','lsennett2r@paginegialle.it');

