INSERT INTO Edificio(IdEdificio,Pais,Estado,Ciudad,Calle,Numero,CP) VALUES (1,'Mexico','CDMX','CDMX','Calle Madero',03239,31540);
INSERT INTO Edificio(IdEdificio,Pais,Estado,Ciudad,Calle,Numero,CP) VALUES (2,'Mexico','CDMX','CDMX','Paseo de la Reforma',997,40070);

INSERT INTO Piso(IdEdificio,IdPiso,Estatus) VALUES (1,1,'Disponible');
INSERT INTO Piso(IdEdificio,IdPiso,Estatus) VALUES (2,2,'Disponible');
INSERT INTO Piso(IdEdificio,IdPiso,Estatus) VALUES (1,3,'Ocupado');
INSERT INTO Piso(IdEdificio,IdPiso,Estatus) VALUES (2,4,'Ocupado');
INSERT INTO Piso(IdEdificio,IdPiso,Estatus) VALUES (1,5,'Disponible');
INSERT INTO Piso(IdEdificio,IdPiso,Estatus) VALUES (2,6,'Disponible');
INSERT INTO Piso(IdEdificio,IdPiso,Estatus) VALUES (1,7,'Ocupado');
INSERT INTO Piso(IdEdificio,IdPiso,Estatus) VALUES (2,8,'Disponible');
INSERT INTO Piso(IdEdificio,IdPiso,Estatus) VALUES (1,9,'Disponible');
INSERT INTO Piso(IdEdificio,IdPiso,Estatus) VALUES (2,10,'Ocupado');
INSERT INTO Piso(IdEdificio,IdPiso,Estatus) VALUES (1,11,'Disponible');
INSERT INTO Piso(IdEdificio,IdPiso,Estatus) VALUES (2,12,'Disponible');
INSERT INTO Piso(IdEdificio,IdPiso,Estatus) VALUES (1,13,'Ocupado');
INSERT INTO Piso(IdEdificio,IdPiso,Estatus) VALUES (2,14,'Disponible');
INSERT INTO Piso(IdEdificio,IdPiso,Estatus) VALUES (1,15,'Disponible');
INSERT INTO Piso(IdEdificio,IdPiso,Estatus) VALUES (2,16,'Disponible');
INSERT INTO Piso(IdEdificio,IdPiso,Estatus) VALUES (1,17,'Ocupado');
INSERT INTO Piso(IdEdificio,IdPiso,Estatus) VALUES (2,18,'Ocupado');

INSERT INTO Sala(IdSala,IdPiso,IdEdificio,Costo,Tipo) VALUES (1,1,1,5000,'Operaciones');
INSERT INTO Sala(IdSala,IdPiso,IdEdificio,Costo,Tipo) VALUES (2,3,1,5000,'Operaciones');
INSERT INTO Sala(IdSala,IdPiso,IdEdificio,Costo,Tipo) VALUES (3,5,1,5000,'Operaciones');
INSERT INTO Sala(IdSala,IdPiso,IdEdificio,Costo,Tipo) VALUES (4,7,1,5000,'Operaciones');
INSERT INTO Sala(IdSala,IdPiso,IdEdificio,Costo,Tipo) VALUES (5,9,1,5000,'Entrenamiento');
INSERT INTO Sala(IdSala,IdPiso,IdEdificio,Costo,Tipo) VALUES (6,11,1,5000,'Entrenamiento');
INSERT INTO Sala(IdSala,IdPiso,IdEdificio,Costo,Tipo) VALUES (7,13,1,5000,'Entrenamiento');
INSERT INTO Sala(IdSala,IdPiso,IdEdificio,Costo,Tipo) VALUES (8,15,1,5000,'Entrenamiento');
INSERT INTO Sala(IdSala,IdPiso,IdEdificio,Costo,Tipo) VALUES (9,17,1,5000,'Entrenamiento');
INSERT INTO Sala(IdSala,IdPiso,IdEdificio,Costo,Tipo) VALUES (10,2,2,5000,'Operaciones');
INSERT INTO Sala(IdSala,IdPiso,IdEdificio,Costo,Tipo) VALUES (11,4,2,5000,'Operaciones');
INSERT INTO Sala(IdSala,IdPiso,IdEdificio,Costo,Tipo) VALUES (12,6,2,5000,'Operaciones');
INSERT INTO Sala(IdSala,IdPiso,IdEdificio,Costo,Tipo) VALUES (13,8,2,5000,'Operaciones');
INSERT INTO Sala(IdSala,IdPiso,IdEdificio,Costo,Tipo) VALUES (14,10,2,5000,'Entrenamiento');
INSERT INTO Sala(IdSala,IdPiso,IdEdificio,Costo,Tipo) VALUES (15,12,2,5000,'Entrenamiento');
INSERT INTO Sala(IdSala,IdPiso,IdEdificio,Costo,Tipo) VALUES (16,14,2,5000,'Entrenamiento');
INSERT INTO Sala(IdSala,IdPiso,IdEdificio,Costo,Tipo) VALUES (17,16,2,5000,'Entrenamiento');
INSERT INTO Sala(IdSala,IdPiso,IdEdificio,Costo,Tipo) VALUES (18,18,2,5000,'Entrenamiento');
INSERT INTO Sala(IdSala,IdPiso,IdEdificio,Costo,Tipo) VALUES (19,1,1,5000,'Operaciones');
INSERT INTO Sala(IdSala,IdPiso,IdEdificio,Costo,Tipo) VALUES (20,3,1,5000,'Operaciones');
INSERT INTO Sala(IdSala,IdPiso,IdEdificio,Costo,Tipo) VALUES (21,5,1,5000,'Operaciones');
INSERT INTO Sala(IdSala,IdPiso,IdEdificio,Costo,Tipo) VALUES (22,7,1,5000,'Operaciones');
INSERT INTO Sala(IdSala,IdPiso,IdEdificio,Costo,Tipo) VALUES (23,9,1,5000,'Entrenamiento');
INSERT INTO Sala(IdSala,IdPiso,IdEdificio,Costo,Tipo) VALUES (24,11,1,5000,'Entrenamiento');
INSERT INTO Sala(IdSala,IdPiso,IdEdificio,Costo,Tipo) VALUES (25,13,1,5000,'Entrenamiento');
INSERT INTO Sala(IdSala,IdPiso,IdEdificio,Costo,Tipo) VALUES (26,15,1,5000,'Entrenamiento');
INSERT INTO Sala(IdSala,IdPiso,IdEdificio,Costo,Tipo) VALUES (27,17,1,5000,'Entrenamiento');
INSERT INTO Sala(IdSala,IdPiso,IdEdificio,Costo,Tipo) VALUES (28,2,2,5000,'Operaciones');
INSERT INTO Sala(IdSala,IdPiso,IdEdificio,Costo,Tipo) VALUES (29,4,2,5000,'Operaciones');
INSERT INTO Sala(IdSala,IdPiso,IdEdificio,Costo,Tipo) VALUES (30,6,2,5000,'Operaciones');
INSERT INTO Sala(IdSala,IdPiso,IdEdificio,Costo,Tipo) VALUES (31,8,2,5000,'Operaciones');
INSERT INTO Sala(IdSala,IdPiso,IdEdificio,Costo,Tipo) VALUES (32,10,2,5000,'Entrenamiento');
INSERT INTO Sala(IdSala,IdPiso,IdEdificio,Costo,Tipo) VALUES (33,12,2,5000,'Entrenamiento');
INSERT INTO Sala(IdSala,IdPiso,IdEdificio,Costo,Tipo) VALUES (34,14,2,5000,'Entrenamiento');
INSERT INTO Sala(IdSala,IdPiso,IdEdificio,Costo,Tipo) VALUES (35,16,2,5000,'Entrenamiento');
INSERT INTO Sala(IdSala,IdPiso,IdEdificio,Costo,Tipo) VALUES (36,18,2,5000,'Entrenamiento');
INSERT INTO Sala(IdSala,IdPiso,IdEdificio,Costo,Tipo) VALUES (37,1,1,5000,'Operaciones');
INSERT INTO Sala(IdSala,IdPiso,IdEdificio,Costo,Tipo) VALUES (38,3,1,5000,'Operaciones');
INSERT INTO Sala(IdSala,IdPiso,IdEdificio,Costo,Tipo) VALUES (39,5,1,5000,'Operaciones');
INSERT INTO Sala(IdSala,IdPiso,IdEdificio,Costo,Tipo) VALUES (40,7,1,5000,'Operaciones');
INSERT INTO Sala(IdSala,IdPiso,IdEdificio,Costo,Tipo) VALUES (41,9,1,5000,'Entrenamiento');
INSERT INTO Sala(IdSala,IdPiso,IdEdificio,Costo,Tipo) VALUES (42,11,1,5000,'Entrenamiento');
INSERT INTO Sala(IdSala,IdPiso,IdEdificio,Costo,Tipo) VALUES (43,13,1,5000,'Entrenamiento');
INSERT INTO Sala(IdSala,IdPiso,IdEdificio,Costo,Tipo) VALUES (44,15,1,5000,'Entrenamiento');
INSERT INTO Sala(IdSala,IdPiso,IdEdificio,Costo,Tipo) VALUES (45,17,1,5000,'Entrenamiento');
INSERT INTO Sala(IdSala,IdPiso,IdEdificio,Costo,Tipo) VALUES (46,2,2,5000,'Operaciones');
INSERT INTO Sala(IdSala,IdPiso,IdEdificio,Costo,Tipo) VALUES (47,4,2,5000,'Operaciones');
INSERT INTO Sala(IdSala,IdPiso,IdEdificio,Costo,Tipo) VALUES (48,6,2,5000,'Operaciones');
INSERT INTO Sala(IdSala,IdPiso,IdEdificio,Costo,Tipo) VALUES (49,8,2,5000,'Operaciones');
INSERT INTO Sala(IdSala,IdPiso,IdEdificio,Costo,Tipo) VALUES (50,10,2,5000,'Entrenamiento');
INSERT INTO Sala(IdSala,IdPiso,IdEdificio,Costo,Tipo) VALUES (51,12,2,5000,'Entrenamiento');
INSERT INTO Sala(IdSala,IdPiso,IdEdificio,Costo,Tipo) VALUES (52,14,2,5000,'Entrenamiento');
INSERT INTO Sala(IdSala,IdPiso,IdEdificio,Costo,Tipo) VALUES (53,16,2,5000,'Entrenamiento');
INSERT INTO Sala(IdSala,IdPiso,IdEdificio,Costo,Tipo) VALUES (54,18,2,5000,'Entrenamiento');
INSERT INTO Sala(IdSala,IdPiso,IdEdificio,Costo,Tipo) VALUES (55,1,1,5000,'Operaciones');
INSERT INTO Sala(IdSala,IdPiso,IdEdificio,Costo,Tipo) VALUES (56,3,1,5000,'Operaciones');
INSERT INTO Sala(IdSala,IdPiso,IdEdificio,Costo,Tipo) VALUES (57,5,1,5000,'Operaciones');
INSERT INTO Sala(IdSala,IdPiso,IdEdificio,Costo,Tipo) VALUES (58,7,1,5000,'Operaciones');
INSERT INTO Sala(IdSala,IdPiso,IdEdificio,Costo,Tipo) VALUES (59,9,1,5000,'Entrenamiento');
INSERT INTO Sala(IdSala,IdPiso,IdEdificio,Costo,Tipo) VALUES (60,11,1,5000,'Entrenamiento');
INSERT INTO Sala(IdSala,IdPiso,IdEdificio,Costo,Tipo) VALUES (61,13,1,5000,'Entrenamiento');
INSERT INTO Sala(IdSala,IdPiso,IdEdificio,Costo,Tipo) VALUES (62,15,1,5000,'Entrenamiento');
INSERT INTO Sala(IdSala,IdPiso,IdEdificio,Costo,Tipo) VALUES (63,17,1,5000,'Entrenamiento');
INSERT INTO Sala(IdSala,IdPiso,IdEdificio,Costo,Tipo) VALUES (64,2,2,5000,'Operaciones');
INSERT INTO Sala(IdSala,IdPiso,IdEdificio,Costo,Tipo) VALUES (65,4,2,5000,'Operaciones');
INSERT INTO Sala(IdSala,IdPiso,IdEdificio,Costo,Tipo) VALUES (66,6,2,5000,'Operaciones');
INSERT INTO Sala(IdSala,IdPiso,IdEdificio,Costo,Tipo) VALUES (67,8,2,5000,'Operaciones');
INSERT INTO Sala(IdSala,IdPiso,IdEdificio,Costo,Tipo) VALUES (68,10,2,5000,'Entrenamiento');
INSERT INTO Sala(IdSala,IdPiso,IdEdificio,Costo,Tipo) VALUES (69,12,2,5000,'Entrenamiento');
INSERT INTO Sala(IdSala,IdPiso,IdEdificio,Costo,Tipo) VALUES (70,14,2,5000,'Entrenamiento');
INSERT INTO Sala(IdSala,IdPiso,IdEdificio,Costo,Tipo) VALUES (71,16,2,5000,'Entrenamiento');
INSERT INTO Sala(IdSala,IdPiso,IdEdificio,Costo,Tipo) VALUES (72,18,2,5000,'Entrenamiento');
INSERT INTO Sala(IdSala,IdPiso,IdEdificio,Costo,Tipo) VALUES (73,1,1,5000,'Entrenamiento');
INSERT INTO Sala(IdSala,IdPiso,IdEdificio,Costo,Tipo) VALUES (74,3,1,5000,'Entrenamiento');
INSERT INTO Sala(IdSala,IdPiso,IdEdificio,Costo,Tipo) VALUES (75,5,1,5000,'Entrenamiento');
INSERT INTO Sala(IdSala,IdPiso,IdEdificio,Costo,Tipo) VALUES (76,7,1,5000,'Entrenamiento');
INSERT INTO Sala(IdSala,IdPiso,IdEdificio,Costo,Tipo) VALUES (77,9,1,5000,'Entrenamiento');
INSERT INTO Sala(IdSala,IdPiso,IdEdificio,Costo,Tipo) VALUES (78,11,1,5000,'Entrenamiento');
INSERT INTO Sala(IdSala,IdPiso,IdEdificio,Costo,Tipo) VALUES (79,13,1,5000,'Entrenamiento');
INSERT INTO Sala(IdSala,IdPiso,IdEdificio,Costo,Tipo) VALUES (80,15,1,5000,'Entrenamiento');
INSERT INTO Sala(IdSala,IdPiso,IdEdificio,Costo,Tipo) VALUES (81,17,1,5000,'Entrenamiento');
INSERT INTO Sala(IdSala,IdPiso,IdEdificio,Costo,Tipo) VALUES (82,2,2,5000,'Entrenamiento');
INSERT INTO Sala(IdSala,IdPiso,IdEdificio,Costo,Tipo) VALUES (83,4,2,5000,'Entrenamiento');
INSERT INTO Sala(IdSala,IdPiso,IdEdificio,Costo,Tipo) VALUES (84,6,2,5000,'Entrenamiento');
INSERT INTO Sala(IdSala,IdPiso,IdEdificio,Costo,Tipo) VALUES (85,8,2,5000,'Entrenamiento');
INSERT INTO Sala(IdSala,IdPiso,IdEdificio,Costo,Tipo) VALUES (86,10,2,5000,'Entrenamiento');
INSERT INTO Sala(IdSala,IdPiso,IdEdificio,Costo,Tipo) VALUES (87,12,2,5000,'Entrenamiento');
INSERT INTO Sala(IdSala,IdPiso,IdEdificio,Costo,Tipo) VALUES (88,14,2,5000,'Entrenamiento');
INSERT INTO Sala(IdSala,IdPiso,IdEdificio,Costo,Tipo) VALUES (89,16,2,5000,'Entrenamiento');
INSERT INTO Sala(IdSala,IdPiso,IdEdificio,Costo,Tipo) VALUES (90,18,2,5000,'Entrenamiento');
INSERT INTO Sala(IdSala,IdPiso,IdEdificio,Costo,Tipo) VALUES (91,1,1,5000,'Entrenamiento');
INSERT INTO Sala(IdSala,IdPiso,IdEdificio,Costo,Tipo) VALUES (92,3,1,5000,'Entrenamiento');
INSERT INTO Sala(IdSala,IdPiso,IdEdificio,Costo,Tipo) VALUES (93,5,1,5000,'Entrenamiento');
INSERT INTO Sala(IdSala,IdPiso,IdEdificio,Costo,Tipo) VALUES (94,7,1,5000,'Entrenamiento');
INSERT INTO Sala(IdSala,IdPiso,IdEdificio,Costo,Tipo) VALUES (95,9,1,5000,'Entrenamiento');
INSERT INTO Sala(IdSala,IdPiso,IdEdificio,Costo,Tipo) VALUES (96,11,1,5000,'Entrenamiento');
INSERT INTO Sala(IdSala,IdPiso,IdEdificio,Costo,Tipo) VALUES (97,13,1,5000,'Entrenamiento');
INSERT INTO Sala(IdSala,IdPiso,IdEdificio,Costo,Tipo) VALUES (98,15,1,5000,'Entrenamiento');
INSERT INTO Sala(IdSala,IdPiso,IdEdificio,Costo,Tipo) VALUES (99,17,1,5000,'Entrenamiento');
INSERT INTO Sala(IdSala,IdPiso,IdEdificio,Costo,Tipo) VALUES (100,2,2,5000,'Entrenamiento');
INSERT INTO Sala(IdSala,IdPiso,IdEdificio,Costo,Tipo) VALUES (101,4,2,5000,'Entrenamiento');
INSERT INTO Sala(IdSala,IdPiso,IdEdificio,Costo,Tipo) VALUES (102,6,2,5000,'Entrenamiento');
INSERT INTO Sala(IdSala,IdPiso,IdEdificio,Costo,Tipo) VALUES (103,8,2,5000,'Entrenamiento');
INSERT INTO Sala(IdSala,IdPiso,IdEdificio,Costo,Tipo) VALUES (104,10,2,5000,'Entrenamiento');
INSERT INTO Sala(IdSala,IdPiso,IdEdificio,Costo,Tipo) VALUES (105,12,2,5000,'Entrenamiento');
INSERT INTO Sala(IdSala,IdPiso,IdEdificio,Costo,Tipo) VALUES (106,14,2,5000,'Entrenamiento');
INSERT INTO Sala(IdSala,IdPiso,IdEdificio,Costo,Tipo) VALUES (107,16,2,5000,'Entrenamiento');
INSERT INTO Sala(IdSala,IdPiso,IdEdificio,Costo,Tipo) VALUES (108,18,2,5000,'Entrenamiento');
INSERT INTO Sala(IdSala,IdPiso,IdEdificio,Costo,Tipo) VALUES (109,1,1,5000,'Entrenamiento');
INSERT INTO Sala(IdSala,IdPiso,IdEdificio,Costo,Tipo) VALUES (110,3,1,5000,'Entrenamiento');
INSERT INTO Sala(IdSala,IdPiso,IdEdificio,Costo,Tipo) VALUES (111,5,1,5000,'Entrenamiento');
INSERT INTO Sala(IdSala,IdPiso,IdEdificio,Costo,Tipo) VALUES (112,7,1,5000,'Entrenamiento');
INSERT INTO Sala(IdSala,IdPiso,IdEdificio,Costo,Tipo) VALUES (113,9,1,5000,'Entrenamiento');
INSERT INTO Sala(IdSala,IdPiso,IdEdificio,Costo,Tipo) VALUES (114,11,1,5000,'Entrenamiento');
INSERT INTO Sala(IdSala,IdPiso,IdEdificio,Costo,Tipo) VALUES (115,13,1,5000,'Entrenamiento');
INSERT INTO Sala(IdSala,IdPiso,IdEdificio,Costo,Tipo) VALUES (116,15,1,5000,'Entrenamiento');
INSERT INTO Sala(IdSala,IdPiso,IdEdificio,Costo,Tipo) VALUES (117,17,1,5000,'Entrenamiento');
INSERT INTO Sala(IdSala,IdPiso,IdEdificio,Costo,Tipo) VALUES (118,2,2,5000,'Entrenamiento');
INSERT INTO Sala(IdSala,IdPiso,IdEdificio,Costo,Tipo) VALUES (119,4,2,5000,'Entrenamiento');
INSERT INTO Sala(IdSala,IdPiso,IdEdificio,Costo,Tipo) VALUES (120,6,2,5000,'Entrenamiento');
INSERT INTO Sala(IdSala,IdPiso,IdEdificio,Costo,Tipo) VALUES (121,8,2,5000,'Entrenamiento');
INSERT INTO Sala(IdSala,IdPiso,IdEdificio,Costo,Tipo) VALUES (122,10,2,5000,'Entrenamiento');
INSERT INTO Sala(IdSala,IdPiso,IdEdificio,Costo,Tipo) VALUES (123,12,2,5000,'Entrenamiento');
INSERT INTO Sala(IdSala,IdPiso,IdEdificio,Costo,Tipo) VALUES (124,14,2,5000,'Entrenamiento');
INSERT INTO Sala(IdSala,IdPiso,IdEdificio,Costo,Tipo) VALUES (125,16,2,5000,'Entrenamiento');
INSERT INTO Sala(IdSala,IdPiso,IdEdificio,Costo,Tipo) VALUES (126,18,2,5000,'Entrenamiento');
INSERT INTO Sala(IdSala,IdPiso,IdEdificio,Costo,Tipo) VALUES (127,1,1,5000,'Entrenamiento');
INSERT INTO Sala(IdSala,IdPiso,IdEdificio,Costo,Tipo) VALUES (128,3,1,5000,'Entrenamiento');
INSERT INTO Sala(IdSala,IdPiso,IdEdificio,Costo,Tipo) VALUES (129,5,1,5000,'Entrenamiento');
INSERT INTO Sala(IdSala,IdPiso,IdEdificio,Costo,Tipo) VALUES (130,7,1,5000,'Entrenamiento');
INSERT INTO Sala(IdSala,IdPiso,IdEdificio,Costo,Tipo) VALUES (131,9,1,5000,'Entrenamiento');
INSERT INTO Sala(IdSala,IdPiso,IdEdificio,Costo,Tipo) VALUES (132,11,1,5000,'Entrenamiento');
INSERT INTO Sala(IdSala,IdPiso,IdEdificio,Costo,Tipo) VALUES (133,13,1,5000,'Entrenamiento');
INSERT INTO Sala(IdSala,IdPiso,IdEdificio,Costo,Tipo) VALUES (134,15,1,5000,'Entrenamiento');
INSERT INTO Sala(IdSala,IdPiso,IdEdificio,Costo,Tipo) VALUES (135,17,1,5000,'Entrenamiento');
INSERT INTO Sala(IdSala,IdPiso,IdEdificio,Costo,Tipo) VALUES (136,2,2,5000,'Entrenamiento');
INSERT INTO Sala(IdSala,IdPiso,IdEdificio,Costo,Tipo) VALUES (137,4,2,5000,'Entrenamiento');
INSERT INTO Sala(IdSala,IdPiso,IdEdificio,Costo,Tipo) VALUES (138,6,2,5000,'Entrenamiento');
INSERT INTO Sala(IdSala,IdPiso,IdEdificio,Costo,Tipo) VALUES (139,8,2,5000,'Entrenamiento');
INSERT INTO Sala(IdSala,IdPiso,IdEdificio,Costo,Tipo) VALUES (140,10,2,5000,'Entrenamiento');
INSERT INTO Sala(IdSala,IdPiso,IdEdificio,Costo,Tipo) VALUES (141,12,2,5000,'Entrenamiento');
INSERT INTO Sala(IdSala,IdPiso,IdEdificio,Costo,Tipo) VALUES (142,14,2,5000,'Entrenamiento');
INSERT INTO Sala(IdSala,IdPiso,IdEdificio,Costo,Tipo) VALUES (143,16,2,5000,'Entrenamiento');
INSERT INTO Sala(IdSala,IdPiso,IdEdificio,Costo,Tipo) VALUES (144,18,2,5000,'Entrenamiento');


INSERT INTO Cliente(RFC,AliasCliente,RazonSocial) VALUES ('AVH966179VU3','Rodriguez Inc','Moral');
INSERT INTO Cliente(RFC,AliasCliente,RazonSocial) VALUES ('NQX396228SR8','Beatty and Sons','Moral');
INSERT INTO Cliente(RFC,AliasCliente,RazonSocial) VALUES ('SQQ248665GM8','Muller Inc','Moral');
INSERT INTO Cliente(RFC,AliasCliente,RazonSocial) VALUES ('AOW198194KU1','Feil-Wisoky','Moral');
INSERT INTO Cliente(RFC,AliasCliente,RazonSocial) VALUES ('HCE678692PS6','Hamill-Yost','Moral');
INSERT INTO Cliente(RFC,AliasCliente,RazonSocial) VALUES ('WWN937733OA5','Konopelski Group','Moral');
INSERT INTO Cliente(RFC,AliasCliente,RazonSocial) VALUES ('HXJ526211YH1','Toy LLC','Moral');
INSERT INTO Cliente(RFC,AliasCliente,RazonSocial) VALUES ('MIO164172DV0','Cormier-Huel','Moral');
INSERT INTO Cliente(RFC,AliasCliente,RazonSocial) VALUES ('CTC550898QF6','Klein-Satterfield','Moral');
INSERT INTO Cliente(RFC,AliasCliente,RazonSocial) VALUES ('FZG219355AR0','Daniel, Heathcote and McLaughlin','Moral');
INSERT INTO Cliente(RFC,AliasCliente,RazonSocial) VALUES ('JDQ968514YW6','Walsh and Sons','Moral');
INSERT INTO Cliente(RFC,AliasCliente,RazonSocial) VALUES ('AAD282786GE0','Herman-Schuppe','Moral');
INSERT INTO Cliente(RFC,AliasCliente,RazonSocial) VALUES ('OXK139385WS8','Luettgen Inc','Moral');
INSERT INTO Cliente(RFC,AliasCliente,RazonSocial) VALUES ('MIO403599ZD1','Stark, Gislason and Schmitt','Moral');
INSERT INTO Cliente(RFC,AliasCliente,RazonSocial) VALUES ('VEU123014UC8','Yundt LLC','Moral');
INSERT INTO Cliente(RFC,AliasCliente,RazonSocial) VALUES ('WLL744199TL7','Wintheiser Group','Moral');
INSERT INTO Cliente(RFC,AliasCliente,RazonSocial) VALUES ('SMG420620IM0','Rowe-Stamm','Moral');
INSERT INTO Cliente(RFC,AliasCliente,RazonSocial) VALUES ('SVP239927CS3','Green, Reynolds and Parisian','Moral');
INSERT INTO Cliente(RFC,AliasCliente,RazonSocial) VALUES ('YEI079256PP6','Howell Group','Moral');
INSERT INTO Cliente(RFC,AliasCliente,RazonSocial) VALUES ('LHN030582QC7','Ondricka-Hodkiewicz','Moral');
INSERT INTO Cliente(RFC,AliasCliente,RazonSocial) VALUES ('IXC842486NW0','Nolan-Beer','Moral');
INSERT INTO Cliente(RFC,AliasCliente,RazonSocial) VALUES ('WRE571305RL8','Bahringer-Jast','Moral');
INSERT INTO Cliente(RFC,AliasCliente,RazonSocial) VALUES ('PCZ980857RT4','Quitzon, Murray and Goldner','Moral');
INSERT INTO Cliente(RFC,AliasCliente,RazonSocial) VALUES ('ZNC957506UX5','Lemke-Watsica','Moral');
INSERT INTO Cliente(RFC,AliasCliente,RazonSocial) VALUES ('QMX123970GV4','Schamberger Group','Moral');
INSERT INTO Cliente(RFC,AliasCliente,RazonSocial) VALUES ('AYV586349VT4','Mann-Bruen','Moral');
INSERT INTO Cliente(RFC,AliasCliente,RazonSocial) VALUES ('EPE900470OW0','Dicki Group','Moral');
INSERT INTO Cliente(RFC,AliasCliente,RazonSocial) VALUES ('HWJ748136QR1','Bernhard LLC','Moral');
INSERT INTO Cliente(RFC,AliasCliente,RazonSocial) VALUES ('DCG003607TG4','Hyatt-Connelly','Moral');
INSERT INTO Cliente(RFC,AliasCliente,RazonSocial) VALUES ('LWZ806839RO9','Dach Inc','Moral');
INSERT INTO Cliente(RFC,AliasCliente,RazonSocial) VALUES ('APW322997ZP5','Zulauf, McClure and Howe','Moral');
INSERT INTO Cliente(RFC,AliasCliente,RazonSocial) VALUES ('EIO210693FV2','Streich, Mann and Kilback','Moral');
INSERT INTO Cliente(RFC,AliasCliente,RazonSocial) VALUES ('JCA866433UU6','Kris LLC','Moral');
INSERT INTO Cliente(RFC,AliasCliente,RazonSocial) VALUES ('FLJ697396FL4','Greenholt, Labadie and Satterfield','Moral');
INSERT INTO Cliente(RFC,AliasCliente,RazonSocial) VALUES ('MVW329070HA8','Wilderman, Koepp and Buckridge','Moral');
INSERT INTO Cliente(RFC,AliasCliente,RazonSocial) VALUES ('ZMJ244195NN2','Schaden Group','Moral');
INSERT INTO Cliente(RFC,AliasCliente,RazonSocial) VALUES ('NBT933444FV3','Streich, Sawayn and Shields','Moral');
INSERT INTO Cliente(RFC,AliasCliente,RazonSocial) VALUES ('FNI560713UZ9','O''Hara and Sons','Moral');
INSERT INTO Cliente(RFC,AliasCliente,RazonSocial) VALUES ('JKP394099AG3','Schulist, Gutmann and Beer','Moral');
INSERT INTO Cliente(RFC,AliasCliente,RazonSocial) VALUES ('WHE037717RU4','Wisozk LLC','Moral');
INSERT INTO Cliente(RFC,AliasCliente,RazonSocial) VALUES ('BAP039629UR8','Wilderman, Crona and Yost','Moral');
INSERT INTO Cliente(RFC,AliasCliente,RazonSocial) VALUES ('RZEF895741EH9','Maxine Jacquemy','Fisica');
INSERT INTO Cliente(RFC,AliasCliente,RazonSocial) VALUES ('GKTC275685XG9','Nichol Delacour','Fisica');
INSERT INTO Cliente(RFC,AliasCliente,RazonSocial) VALUES ('YYIV886222CI7','Yvor Dewfall','Fisica');
INSERT INTO Cliente(RFC,AliasCliente,RazonSocial) VALUES ('MJAI693914ZP0','Enrichetta Vasiltsov','Fisica');
INSERT INTO Cliente(RFC,AliasCliente,RazonSocial) VALUES ('JUMW741966IA2','Anabelle McIan','Fisica');
INSERT INTO Cliente(RFC,AliasCliente,RazonSocial) VALUES ('BQNV154049LX8','Muhammad Lewisham','Fisica');
INSERT INTO Cliente(RFC,AliasCliente,RazonSocial) VALUES ('ZVEQ607855WO6','Victoria Shorbrook','Fisica');
INSERT INTO Cliente(RFC,AliasCliente,RazonSocial) VALUES ('GSMK107276KA6','Arron Campbell-Dunlop','Fisica');
INSERT INTO Cliente(RFC,AliasCliente,RazonSocial) VALUES ('NITJ102243RJ0','Florencia Bourgaize','Fisica');
INSERT INTO Cliente(RFC,AliasCliente,RazonSocial) VALUES ('NNMA569580AB2','Foster Espadate','Fisica');



INSERT INTO Entrenador(CURPEntrenador,IdPiso,IdEdificio,NombreC,FechaNac,FechaIngreso,NumeroSeguroSoc,Fotografia,CP,Ciudad,Estado,Numero,Calle,Pais) VALUES ('VJQ037276TPCXX98',13,1,'Brigham Mingame','1994-01-24','2021-11-29','LYHTSVIG','http://dummyimage.com/227x100.png/dddddd/000000','88930','Mexico','CDMX','CDMX','Avenida Álvaro Obregón','Mexico');
INSERT INTO Entrenador(CURPEntrenador,IdPiso,IdEdificio,NombreC,FechaNac,FechaIngreso,NumeroSeguroSoc,Fotografia,CP,Ciudad,Estado,Numero,Calle,Pais) VALUES ('ZQT637913WDFHB36',8,2,'Erick Ivushkin','1985-03-28','2022-01-03','EMLJTJBL','http://dummyimage.com/107x100.png/cc0000/ffffff','62576','Mexico','CDMX','CDMX','Calle Génova','Mexico');
INSERT INTO Entrenador(CURPEntrenador,IdPiso,IdEdificio,NombreC,FechaNac,FechaIngreso,NumeroSeguroSoc,Fotografia,CP,Ciudad,Estado,Numero,Calle,Pais) VALUES ('KQJ109191WTWRZ35',10,2,'Ronda Enders','1986-03-20','2021-07-16','ZMVHVRHR','http://dummyimage.com/148x100.png/cc0000/ffffff','79783','Mexico','CDMX','CDMX','Avenida Presidente Masaryk','Mexico');
INSERT INTO Entrenador(CURPEntrenador,IdPiso,IdEdificio,NombreC,FechaNac,FechaIngreso,NumeroSeguroSoc,Fotografia,CP,Ciudad,Estado,Numero,Calle,Pais) VALUES ('CPI302573GVVDN91',6,2,'Margo Spraggs','2002-09-02','2021-08-16','PPCKCFQS','http://dummyimage.com/210x100.png/5fa2dd/ffffff','48966','Mexico','CDMX','CDMX','Calle Madero','Mexico');
INSERT INTO Entrenador(CURPEntrenador,IdPiso,IdEdificio,NombreC,FechaNac,FechaIngreso,NumeroSeguroSoc,Fotografia,CP,Ciudad,Estado,Numero,Calle,Pais) VALUES ('EJW320090LUIRX20',15,1,'Leroi Massot','1993-12-16','2020-09-21','ZQPHQPOQ','http://dummyimage.com/155x100.png/cc0000/ffffff','41821','Mexico','CDMX','CDMX','Avenida Juárez','Mexico');
INSERT INTO Entrenador(CURPEntrenador,IdPiso,IdEdificio,NombreC,FechaNac,FechaIngreso,NumeroSeguroSoc,Fotografia,CP,Ciudad,Estado,Numero,Calle,Pais) VALUES ('XWW423231UQVSD52',14,2,'Hogan Carnow','1994-12-13','2022-01-31','WERZYHTM','http://dummyimage.com/183x100.png/ff4444/ffffff','64103','Mexico','CDMX','CDMX','Calle Regina','Mexico');
INSERT INTO Entrenador(CURPEntrenador,IdPiso,IdEdificio,NombreC,FechaNac,FechaIngreso,NumeroSeguroSoc,Fotografia,CP,Ciudad,Estado,Numero,Calle,Pais) VALUES ('WSS911198MSYKR95',1,1,'Ivy Teffrey','1982-11-05','2021-03-03','SBFLNNNI','http://dummyimage.com/208x100.png/ff4444/ffffff','83450','Mexico','CDMX','CDMX','Calle Génova','Mexico');
INSERT INTO Entrenador(CURPEntrenador,IdPiso,IdEdificio,NombreC,FechaNac,FechaIngreso,NumeroSeguroSoc,Fotografia,CP,Ciudad,Estado,Numero,Calle,Pais) VALUES ('FIR195136JFNOM04',6,2,'Cal Garlee','1984-02-29','2020-05-26','CJSEGDBM','http://dummyimage.com/172x100.png/5fa2dd/ffffff','39030','Mexico','CDMX','CDMX','Avenida Álvaro Obregón','Mexico');
INSERT INTO Entrenador(CURPEntrenador,IdPiso,IdEdificio,NombreC,FechaNac,FechaIngreso,NumeroSeguroSoc,Fotografia,CP,Ciudad,Estado,Numero,Calle,Pais) VALUES ('AGF262218JSYAS52',16,2,'Doyle Bleackley','1987-07-03','2021-04-16','FZKERRLQ','http://dummyimage.com/140x100.png/cc0000/ffffff','32883','Mexico','CDMX','CDMX','Avenida Juárez','Mexico');
INSERT INTO Entrenador(CURPEntrenador,IdPiso,IdEdificio,NombreC,FechaNac,FechaIngreso,NumeroSeguroSoc,Fotografia,CP,Ciudad,Estado,Numero,Calle,Pais) VALUES ('VKC396851PZUSS78',8,2,'Grace Pennaman','1993-02-04','2021-12-13','BQYYKYKS','http://dummyimage.com/192x100.png/cc0000/ffffff','52107','Mexico','CDMX','CDMX','Avenida Juárez','Mexico');
INSERT INTO Entrenador(CURPEntrenador,IdPiso,IdEdificio,NombreC,FechaNac,FechaIngreso,NumeroSeguroSoc,Fotografia,CP,Ciudad,Estado,Numero,Calle,Pais) VALUES ('GWV175274ENWLD85',17,1,'Jania Gooding','1987-04-22','2022-08-15','EGGJSFIC','http://dummyimage.com/156x100.png/5fa2dd/ffffff','93429','Mexico','CDMX','CDMX','Avenida Álvaro Obregón','Mexico');
INSERT INTO Entrenador(CURPEntrenador,IdPiso,IdEdificio,NombreC,FechaNac,FechaIngreso,NumeroSeguroSoc,Fotografia,CP,Ciudad,Estado,Numero,Calle,Pais) VALUES ('TCH244832HAXDF25',16,2,'Elna Grenville','2000-01-09','2020-12-01','CFPZXUHO','http://dummyimage.com/133x100.png/cc0000/ffffff','36350','Mexico','CDMX','CDMX','Paseo de la Reforma','Mexico');
INSERT INTO Entrenador(CURPEntrenador,IdPiso,IdEdificio,NombreC,FechaNac,FechaIngreso,NumeroSeguroSoc,Fotografia,CP,Ciudad,Estado,Numero,Calle,Pais) VALUES ('QEN814644OYPHL55',9,1,'Dalston Blazi','2001-04-01','2021-04-19','THDCYEUF','http://dummyimage.com/209x100.png/cc0000/ffffff','37900','Mexico','CDMX','CDMX','Avenida Ámsterdam','Mexico');
INSERT INTO Entrenador(CURPEntrenador,IdPiso,IdEdificio,NombreC,FechaNac,FechaIngreso,NumeroSeguroSoc,Fotografia,CP,Ciudad,Estado,Numero,Calle,Pais) VALUES ('TAQ428086GZPKS54',1,1,'Karolina Burchard','1989-06-10','2020-08-19','TGXLGTEB','http://dummyimage.com/188x100.png/dddddd/000000','39266','Mexico','CDMX','CDMX','Calle Génova','Mexico');
INSERT INTO Entrenador(CURPEntrenador,IdPiso,IdEdificio,NombreC,FechaNac,FechaIngreso,NumeroSeguroSoc,Fotografia,CP,Ciudad,Estado,Numero,Calle,Pais) VALUES ('CAT677486DUZAV68',17,1,'Shermie Barg','1982-05-02','2020-11-08','KDEOTBIH','http://dummyimage.com/105x100.png/ff4444/ffffff','61607','Mexico','CDMX','CDMX','Avenida Juárez','Mexico');
INSERT INTO Entrenador(CURPEntrenador,IdPiso,IdEdificio,NombreC,FechaNac,FechaIngreso,NumeroSeguroSoc,Fotografia,CP,Ciudad,Estado,Numero,Calle,Pais) VALUES ('ZUE040057TRDHY06',8,2,'Deck Hazelby','1987-07-30','2022-07-25','SFGBNOBC','http://dummyimage.com/123x100.png/dddddd/000000','69200','Mexico','CDMX','CDMX','Calle Regina','Mexico');
INSERT INTO Entrenador(CURPEntrenador,IdPiso,IdEdificio,NombreC,FechaNac,FechaIngreso,NumeroSeguroSoc,Fotografia,CP,Ciudad,Estado,Numero,Calle,Pais) VALUES ('EAW400648SMAPI82',2,2,'Ashien Haythorne','1990-01-11','2021-10-25','NTWAUFRQ','http://dummyimage.com/183x100.png/5fa2dd/ffffff','92933','Mexico','CDMX','CDMX','Calle Génova','Mexico');
INSERT INTO Entrenador(CURPEntrenador,IdPiso,IdEdificio,NombreC,FechaNac,FechaIngreso,NumeroSeguroSoc,Fotografia,CP,Ciudad,Estado,Numero,Calle,Pais) VALUES ('RHH127823KFNNS45',18,2,'Janeczka Castiglione','1987-04-14','2020-08-15','HQXMHKZK','http://dummyimage.com/213x100.png/ff4444/ffffff','58880','Mexico','CDMX','CDMX','Avenida Presidente Masaryk','Mexico');
INSERT INTO Entrenador(CURPEntrenador,IdPiso,IdEdificio,NombreC,FechaNac,FechaIngreso,NumeroSeguroSoc,Fotografia,CP,Ciudad,Estado,Numero,Calle,Pais) VALUES ('REU470442TSFUU39',9,1,'Jolene Edleston','1993-05-15','2020-10-03','ONKHIMVN','http://dummyimage.com/204x100.png/ff4444/ffffff','96556','Mexico','CDMX','CDMX','Avenida Álvaro Obregón','Mexico');
INSERT INTO Entrenador(CURPEntrenador,IdPiso,IdEdificio,NombreC,FechaNac,FechaIngreso,NumeroSeguroSoc,Fotografia,CP,Ciudad,Estado,Numero,Calle,Pais) VALUES ('ORQ365372JLRYR52',16,2,'Bond Crownshaw','2001-03-19','2022-02-22','LGCZAIOM','http://dummyimage.com/129x100.png/ff4444/ffffff','40230','Mexico','CDMX','CDMX','Calle Génova','Mexico');
INSERT INTO Entrenador(CURPEntrenador,IdPiso,IdEdificio,NombreC,FechaNac,FechaIngreso,NumeroSeguroSoc,Fotografia,CP,Ciudad,Estado,Numero,Calle,Pais) VALUES ('WWY573679SBXKZ31',9,1,'Allis Hampshire','1991-03-09','2021-12-01','IYVJLLBQ','http://dummyimage.com/126x100.png/5fa2dd/ffffff','41963','Mexico','CDMX','CDMX','Avenida Álvaro Obregón','Mexico');
INSERT INTO Entrenador(CURPEntrenador,IdPiso,IdEdificio,NombreC,FechaNac,FechaIngreso,NumeroSeguroSoc,Fotografia,CP,Ciudad,Estado,Numero,Calle,Pais) VALUES ('YCJ704875KAGQT54',9,1,'Patrick Gaffney','1993-09-18','2022-03-18','NTIVTBNP','http://dummyimage.com/192x100.png/ff4444/ffffff','64103','Mexico','CDMX','CDMX','Calle Madero','Mexico');
INSERT INTO Entrenador(CURPEntrenador,IdPiso,IdEdificio,NombreC,FechaNac,FechaIngreso,NumeroSeguroSoc,Fotografia,CP,Ciudad,Estado,Numero,Calle,Pais) VALUES ('NJS917038YLRDL30',8,2,'Markos Bendig','1992-11-23','2022-11-03','YMTBOSYI','http://dummyimage.com/201x100.png/dddddd/000000','40977','Mexico','CDMX','CDMX','Avenida Álvaro Obregón','Mexico');
INSERT INTO Entrenador(CURPEntrenador,IdPiso,IdEdificio,NombreC,FechaNac,FechaIngreso,NumeroSeguroSoc,Fotografia,CP,Ciudad,Estado,Numero,Calle,Pais) VALUES ('QQN334567YKQZO53',9,1,'Reamonn Adshede','2002-05-27','2020-05-05','YYIOIBRO','http://dummyimage.com/202x100.png/5fa2dd/ffffff','87395','Mexico','CDMX','CDMX','Avenida Presidente Masaryk','Mexico');
INSERT INTO Entrenador(CURPEntrenador,IdPiso,IdEdificio,NombreC,FechaNac,FechaIngreso,NumeroSeguroSoc,Fotografia,CP,Ciudad,Estado,Numero,Calle,Pais) VALUES ('HEA594437TYEIU56',1,1,'Augusto McFaul','1990-02-21','2021-05-22','WNLNTJZE','http://dummyimage.com/135x100.png/ff4444/ffffff','95422','Mexico','CDMX','CDMX','Calle Regina','Mexico');
INSERT INTO Entrenador(CURPEntrenador,IdPiso,IdEdificio,NombreC,FechaNac,FechaIngreso,NumeroSeguroSoc,Fotografia,CP,Ciudad,Estado,Numero,Calle,Pais) VALUES ('LQG261342SCJPV30',11,1,'Appolonia Lorriman','2002-01-16','2022-07-15','RIDSDYAZ','http://dummyimage.com/208x100.png/cc0000/ffffff','71605','Mexico','CDMX','CDMX','Avenida Ámsterdam','Mexico');
INSERT INTO Entrenador(CURPEntrenador,IdPiso,IdEdificio,NombreC,FechaNac,FechaIngreso,NumeroSeguroSoc,Fotografia,CP,Ciudad,Estado,Numero,Calle,Pais) VALUES ('JGY037041RBHBK19',16,2,'Trisha Kelwick','1981-03-07','2022-06-17','SGRAEPQB','http://dummyimage.com/129x100.png/ff4444/ffffff','25050','Mexico','CDMX','CDMX','Avenida Presidente Masaryk','Mexico');
INSERT INTO Entrenador(CURPEntrenador,IdPiso,IdEdificio,NombreC,FechaNac,FechaIngreso,NumeroSeguroSoc,Fotografia,CP,Ciudad,Estado,Numero,Calle,Pais) VALUES ('HEC989232PDZSP98',5,1,'Grantley Cunde','1989-11-21','2022-06-26','GPNLJQOL','http://dummyimage.com/137x100.png/cc0000/ffffff','87024','Mexico','CDMX','CDMX','Calle Regina','Mexico');
INSERT INTO Entrenador(CURPEntrenador,IdPiso,IdEdificio,NombreC,FechaNac,FechaIngreso,NumeroSeguroSoc,Fotografia,CP,Ciudad,Estado,Numero,Calle,Pais) VALUES ('NJY045686YYWTR53',10,2,'Dallis Padly','1991-05-03','2021-11-18','BWIWCMCF','http://dummyimage.com/136x100.png/ff4444/ffffff','51016','Mexico','CDMX','CDMX','Calle Génova','Mexico');
INSERT INTO Entrenador(CURPEntrenador,IdPiso,IdEdificio,NombreC,FechaNac,FechaIngreso,NumeroSeguroSoc,Fotografia,CP,Ciudad,Estado,Numero,Calle,Pais) VALUES ('WIH406037RDOQA98',10,2,'Krissy Couche','1992-01-03','2020-11-12','WYVGZRQH','http://dummyimage.com/221x100.png/cc0000/ffffff','62576','Mexico','CDMX','CDMX','Paseo de la Reforma','Mexico');
INSERT INTO Entrenador(CURPEntrenador,IdPiso,IdEdificio,NombreC,FechaNac,FechaIngreso,NumeroSeguroSoc,Fotografia,CP,Ciudad,Estado,Numero,Calle,Pais) VALUES ('WOO150950WQAXD49',18,2,'Lionello Vearncombe','1986-06-16','2021-05-06','ZLIJWNIH','http://dummyimage.com/135x100.png/5fa2dd/ffffff','48324','Mexico','CDMX','CDMX','Avenida Álvaro Obregón','Mexico');
INSERT INTO Entrenador(CURPEntrenador,IdPiso,IdEdificio,NombreC,FechaNac,FechaIngreso,NumeroSeguroSoc,Fotografia,CP,Ciudad,Estado,Numero,Calle,Pais) VALUES ('AWT850703RMQGD26',5,1,'Mordecai Digan','1998-04-27','2022-08-30','ZOVXZFDB','http://dummyimage.com/202x100.png/ff4444/ffffff','48966','Mexico','CDMX','CDMX','Avenida Álvaro Obregón','Mexico');
INSERT INTO Entrenador(CURPEntrenador,IdPiso,IdEdificio,NombreC,FechaNac,FechaIngreso,NumeroSeguroSoc,Fotografia,CP,Ciudad,Estado,Numero,Calle,Pais) VALUES ('RRG962204QHTBP55',4,2,'Franny Dietz','2001-10-15','2021-11-20','VBJMZYTF','http://dummyimage.com/123x100.png/dddddd/000000','89888','Mexico','CDMX','CDMX','Avenida Presidente Masaryk','Mexico');
INSERT INTO Entrenador(CURPEntrenador,IdPiso,IdEdificio,NombreC,FechaNac,FechaIngreso,NumeroSeguroSoc,Fotografia,CP,Ciudad,Estado,Numero,Calle,Pais) VALUES ('PRE118948AFDLX14',17,1,'Lila McGilleghole','1982-05-17','2021-03-02','XSBLGHKC','http://dummyimage.com/155x100.png/dddddd/000000','82190','Mexico','CDMX','CDMX','Paseo de la Reforma','Mexico');
INSERT INTO Entrenador(CURPEntrenador,IdPiso,IdEdificio,NombreC,FechaNac,FechaIngreso,NumeroSeguroSoc,Fotografia,CP,Ciudad,Estado,Numero,Calle,Pais) VALUES ('XBJ078612ZWORL26',9,1,'Lesley Wolfinger','1990-09-18','2022-08-07','CPSDZCVO','http://dummyimage.com/231x100.png/cc0000/ffffff','96720','Mexico','CDMX','CDMX','Paseo de la Reforma','Mexico');
INSERT INTO Entrenador(CURPEntrenador,IdPiso,IdEdificio,NombreC,FechaNac,FechaIngreso,NumeroSeguroSoc,Fotografia,CP,Ciudad,Estado,Numero,Calle,Pais) VALUES ('MPD878895GZTZE00',18,2,'Mable Cleere','1999-09-18','2021-12-20','YOQCHLHK','http://dummyimage.com/152x100.png/5fa2dd/ffffff','61570','Mexico','CDMX','CDMX','Avenida Ámsterdam','Mexico');
INSERT INTO Entrenador(CURPEntrenador,IdPiso,IdEdificio,NombreC,FechaNac,FechaIngreso,NumeroSeguroSoc,Fotografia,CP,Ciudad,Estado,Numero,Calle,Pais) VALUES ('RYW270591TFCGR63',15,1,'Ashien Battie','1986-10-24','2021-06-23','SZTOSOPO','http://dummyimage.com/151x100.png/5fa2dd/ffffff','59762','Mexico','CDMX','CDMX','Avenida Ámsterdam','Mexico');
INSERT INTO Entrenador(CURPEntrenador,IdPiso,IdEdificio,NombreC,FechaNac,FechaIngreso,NumeroSeguroSoc,Fotografia,CP,Ciudad,Estado,Numero,Calle,Pais) VALUES ('WBV909927JHAJU50',12,2,'Rey Sturgis','1997-11-17','2022-04-19','CSTITXGY','http://dummyimage.com/147x100.png/ff4444/ffffff','41963','Mexico','CDMX','CDMX','Calle Regina','Mexico');
INSERT INTO Entrenador(CURPEntrenador,IdPiso,IdEdificio,NombreC,FechaNac,FechaIngreso,NumeroSeguroSoc,Fotografia,CP,Ciudad,Estado,Numero,Calle,Pais) VALUES ('BAW272063KOCRC34',12,2,'Nickie Sugar','1987-03-31','2021-07-22','EOCKOTLG','http://dummyimage.com/226x100.png/ff4444/ffffff','62984','Mexico','CDMX','CDMX','Calle Regina','Mexico');
INSERT INTO Entrenador(CURPEntrenador,IdPiso,IdEdificio,NombreC,FechaNac,FechaIngreso,NumeroSeguroSoc,Fotografia,CP,Ciudad,Estado,Numero,Calle,Pais) VALUES ('VFJ352385HEKFT60',2,2,'Pate Staveley','1997-04-14','2022-04-11','URMVSKNM','http://dummyimage.com/250x100.png/dddddd/000000','41640','Mexico','CDMX','CDMX','Calle Regina','Mexico');
INSERT INTO Entrenador(CURPEntrenador,IdPiso,IdEdificio,NombreC,FechaNac,FechaIngreso,NumeroSeguroSoc,Fotografia,CP,Ciudad,Estado,Numero,Calle,Pais) VALUES ('UCS239022YMPHQ82',4,2,'Roxana Wolfinger','1990-07-19','2021-03-31','DIIVHDRN','http://dummyimage.com/138x100.png/5fa2dd/ffffff','85936','Mexico','CDMX','CDMX','Avenida Presidente Masaryk','Mexico');
INSERT INTO Entrenador(CURPEntrenador,IdPiso,IdEdificio,NombreC,FechaNac,FechaIngreso,NumeroSeguroSoc,Fotografia,CP,Ciudad,Estado,Numero,Calle,Pais) VALUES ('HWB924504ZWTGN01',6,2,'Mac Gilbee','1990-06-14','2021-03-29','XTHCNCWJ','http://dummyimage.com/163x100.png/dddddd/000000','81426','Mexico','CDMX','CDMX','Avenida Ámsterdam','Mexico');
INSERT INTO Entrenador(CURPEntrenador,IdPiso,IdEdificio,NombreC,FechaNac,FechaIngreso,NumeroSeguroSoc,Fotografia,CP,Ciudad,Estado,Numero,Calle,Pais) VALUES ('ITA335533NYRPO76',12,2,'Padget de Cullip','1982-10-17','2022-05-16','TVXOKSPB','http://dummyimage.com/172x100.png/5fa2dd/ffffff','31210','Mexico','CDMX','CDMX','Avenida Álvaro Obregón','Mexico');
INSERT INTO Entrenador(CURPEntrenador,IdPiso,IdEdificio,NombreC,FechaNac,FechaIngreso,NumeroSeguroSoc,Fotografia,CP,Ciudad,Estado,Numero,Calle,Pais) VALUES ('PVE448692VZUEB83',1,1,'Kalila Climance','1998-02-28','2021-01-19','FUJXVZXS','http://dummyimage.com/109x100.png/ff4444/ffffff','67710','Mexico','CDMX','CDMX','Avenida Álvaro Obregón','Mexico');
INSERT INTO Entrenador(CURPEntrenador,IdPiso,IdEdificio,NombreC,FechaNac,FechaIngreso,NumeroSeguroSoc,Fotografia,CP,Ciudad,Estado,Numero,Calle,Pais) VALUES ('TIL958384FGLTJ20',8,2,'Riordan Burns','2001-07-15','2020-06-09','QYBAALEN','http://dummyimage.com/196x100.png/dddddd/000000','96980','Mexico','CDMX','CDMX','Paseo de la Reforma','Mexico');
INSERT INTO Entrenador(CURPEntrenador,IdPiso,IdEdificio,NombreC,FechaNac,FechaIngreso,NumeroSeguroSoc,Fotografia,CP,Ciudad,Estado,Numero,Calle,Pais) VALUES ('EYI050753SDJXR73',9,1,'Natalie Beernt','1990-04-10','2021-04-12','BPDDDHTF','http://dummyimage.com/223x100.png/cc0000/ffffff','96818','Mexico','CDMX','CDMX','Avenida Álvaro Obregón','Mexico');
INSERT INTO Entrenador(CURPEntrenador,IdPiso,IdEdificio,NombreC,FechaNac,FechaIngreso,NumeroSeguroSoc,Fotografia,CP,Ciudad,Estado,Numero,Calle,Pais) VALUES ('BQA218318FCEUN89',13,1,'Arnold Fricke','1981-07-11','2021-05-07','GTOWYZBP','http://dummyimage.com/100x100.png/ff4444/ffffff','60284','Mexico','CDMX','CDMX','Avenida Álvaro Obregón','Mexico');
INSERT INTO Entrenador(CURPEntrenador,IdPiso,IdEdificio,NombreC,FechaNac,FechaIngreso,NumeroSeguroSoc,Fotografia,CP,Ciudad,Estado,Numero,Calle,Pais) VALUES ('BIH318724DFZHF88',1,1,'Demetre Wanjek','1994-01-14','2021-02-13','VNFDCFBP','http://dummyimage.com/138x100.png/ff4444/ffffff','93350','Mexico','CDMX','CDMX','Avenida Álvaro Obregón','Mexico');
INSERT INTO Entrenador(CURPEntrenador,IdPiso,IdEdificio,NombreC,FechaNac,FechaIngreso,NumeroSeguroSoc,Fotografia,CP,Ciudad,Estado,Numero,Calle,Pais) VALUES ('FHY232712HQQFR54',4,2,'Rabi Southerden','1999-10-11','2022-07-02','YAIFQXUV','http://dummyimage.com/218x100.png/dddddd/000000','93380','Mexico','CDMX','CDMX','Avenida Juárez','Mexico');
INSERT INTO Entrenador(CURPEntrenador,IdPiso,IdEdificio,NombreC,FechaNac,FechaIngreso,NumeroSeguroSoc,Fotografia,CP,Ciudad,Estado,Numero,Calle,Pais) VALUES ('WIN256809IKFEZ67',2,2,'Clarette Brims','1985-09-25','2020-06-22','ORKOCHXL','http://dummyimage.com/164x100.png/cc0000/ffffff','93350','Mexico','CDMX','CDMX','Calle Génova','Mexico');


INSERT INTO Curso(IdCurso,RFCCliente,Idsala,IdPiso,IdEdificio,CURPEntrenador,Nombre,Modalidad,HorasDeEntrenamiento,PagoEntrenador) VALUES (1,'HCE678692PS6',62,15,1,'VJQ037276TPCXX98','Programa de capacitacion Hamill-Yost','en linea',42,70);
INSERT INTO Curso(IdCurso,RFCCliente,Idsala,IdPiso,IdEdificio,CURPEntrenador,Nombre,Modalidad,HorasDeEntrenamiento,PagoEntrenador) VALUES (2,'BQNV154049LX8',124,14,2,'ZQT637913WDFHB36','Programa de capacitacion Muhammad Lewisham','presencial',42,70);
INSERT INTO Curso(IdCurso,RFCCliente,Idsala,IdPiso,IdEdificio,CURPEntrenador,Nombre,Modalidad,HorasDeEntrenamiento,PagoEntrenador) VALUES (3,'BAP039629UR8',41,9,1,'KQJ109191WTWRZ35','Programa de capacitacion "Wilderman Crona and Yost"','presencial',42,70);
INSERT INTO Curso(IdCurso,RFCCliente,Idsala,IdPiso,IdEdificio,CURPEntrenador,Nombre,Modalidad,HorasDeEntrenamiento,PagoEntrenador) VALUES (4,'YEI079256PP6',118,2,2,'CPI302573GVVDN91','Programa de capacitacion Howell Group','presencial',42,70);
INSERT INTO Curso(IdCurso,RFCCliente,Idsala,IdPiso,IdEdificio,CURPEntrenador,Nombre,Modalidad,HorasDeEntrenamiento,PagoEntrenador) VALUES (5,'AAD282786GE0',38,3,1,'EJW320090LUIRX20','Programa de capacitacion Herman-Schuppe','en linea',42,70);
