INSERT INTO Edificio(IdEdificio,Pais,Estado,Ciudad,Calle,Numero,CP) VALUES (1,'Mexico','CDMX','CDMX','Calle Madero',03239,31540);
INSERT INTO Edificio(IdEdificio,Pais,Estado,Ciudad,Calle,Numero,CP) VALUES (2,'Mexico','CDMX','CDMX','Avenida Juárez',91151,41640);
INSERT INTO Edificio(IdEdificio,Pais,Estado,Ciudad,Calle,Numero,CP) VALUES (3,'Mexico','CDMX','CDMX','Paseo de la Reforma',06603,78436);
INSERT INTO Edificio(IdEdificio,Pais,Estado,Ciudad,Calle,Numero,CP) VALUES (4,'Mexico','CDMX','CDMX','Avenida Álvaro Obregón',2,83450);
INSERT INTO Edificio(IdEdificio,Pais,Estado,Ciudad,Calle,Numero,CP) VALUES (5,'Mexico','CDMX','CDMX','Calle Génova',2,39266);
INSERT INTO Edificio(IdEdificio,Pais,Estado,Ciudad,Calle,Numero,CP) VALUES (6,'Mexico','CDMX','CDMX','Avenida Juárez',84569,29020);
INSERT INTO Edificio(IdEdificio,Pais,Estado,Ciudad,Calle,Numero,CP) VALUES (7,'Mexico','CDMX','CDMX','Calle Madero',95631,72089);
INSERT INTO Edificio(IdEdificio,Pais,Estado,Ciudad,Calle,Numero,CP) VALUES (8,'Mexico','CDMX','CDMX','Calle Génova',230,74960);
INSERT INTO Edificio(IdEdificio,Pais,Estado,Ciudad,Calle,Numero,CP) VALUES (9,'Mexico','CDMX','CDMX','Paseo de la Reforma',997,40070);
INSERT INTO Edificio(IdEdificio,Pais,Estado,Ciudad,Calle,Numero,CP) VALUES (10,'Mexico','CDMX','CDMX','Avenida Álvaro Obregón',888,94724);

INSERT INTO Piso(IdEdificio,IdPiso,Estatus) VALUES (1,1,'Disponible');
INSERT INTO Piso(IdEdificio,IdPiso,Estatus) VALUES (2,2,'Ocupado');
INSERT INTO Piso(IdEdificio,IdPiso,Estatus) VALUES (3,3,'Disponible');
INSERT INTO Piso(IdEdificio,IdPiso,Estatus) VALUES (4,4,'Ocupado');
INSERT INTO Piso(IdEdificio,IdPiso,Estatus) VALUES (5,5,'Ocupado');
INSERT INTO Piso(IdEdificio,IdPiso,Estatus) VALUES (6,6,'Disponible');
INSERT INTO Piso(IdEdificio,IdPiso,Estatus) VALUES (7,7,'Disponible');
INSERT INTO Piso(IdEdificio,IdPiso,Estatus) VALUES (8,8,'Disponible');
INSERT INTO Piso(IdEdificio,IdPiso,Estatus) VALUES (9,9,'Ocupado');
INSERT INTO Piso(IdEdificio,IdPiso,Estatus) VALUES (10,10,'Disponible');
INSERT INTO Piso(IdEdificio,IdPiso,Estatus) VALUES (1,11,'Disponible');
INSERT INTO Piso(IdEdificio,IdPiso,Estatus) VALUES (2,12,'Ocupado');
INSERT INTO Piso(IdEdificio,IdPiso,Estatus) VALUES (3,13,'Ocupado');
INSERT INTO Piso(IdEdificio,IdPiso,Estatus) VALUES (4,14,'Ocupado');
INSERT INTO Piso(IdEdificio,IdPiso,Estatus) VALUES (5,15,'Disponible');
INSERT INTO Piso(IdEdificio,IdPiso,Estatus) VALUES (6,16,'Ocupado');
INSERT INTO Piso(IdEdificio,IdPiso,Estatus) VALUES (7,17,'Disponible');
INSERT INTO Piso(IdEdificio,IdPiso,Estatus) VALUES (8,18,'Ocupado');
INSERT INTO Piso(IdEdificio,IdPiso,Estatus) VALUES (9,19,'Ocupado');
INSERT INTO Piso(IdEdificio,IdPiso,Estatus) VALUES (10,20,'Ocupado');
INSERT INTO Piso(IdEdificio,IdPiso,Estatus) VALUES (1,21,'Disponible');
INSERT INTO Piso(IdEdificio,IdPiso,Estatus) VALUES (2,22,'Ocupado');
INSERT INTO Piso(IdEdificio,IdPiso,Estatus) VALUES (3,23,'Disponible');
INSERT INTO Piso(IdEdificio,IdPiso,Estatus) VALUES (4,24,'Ocupado');
INSERT INTO Piso(IdEdificio,IdPiso,Estatus) VALUES (5,25,'Ocupado');
INSERT INTO Piso(IdEdificio,IdPiso,Estatus) VALUES (6,26,'Disponible');
INSERT INTO Piso(IdEdificio,IdPiso,Estatus) VALUES (7,27,'Disponible');
INSERT INTO Piso(IdEdificio,IdPiso,Estatus) VALUES (8,28,'Disponible');
INSERT INTO Piso(IdEdificio,IdPiso,Estatus) VALUES (9,29,'Ocupado');
INSERT INTO Piso(IdEdificio,IdPiso,Estatus) VALUES (10,30,'Ocupado');
INSERT INTO Piso(IdEdificio,IdPiso,Estatus) VALUES (1,31,'Disponible');
INSERT INTO Piso(IdEdificio,IdPiso,Estatus) VALUES (2,32,'Disponible');
INSERT INTO Piso(IdEdificio,IdPiso,Estatus) VALUES (3,33,'Ocupado');
INSERT INTO Piso(IdEdificio,IdPiso,Estatus) VALUES (4,34,'Disponible');
INSERT INTO Piso(IdEdificio,IdPiso,Estatus) VALUES (5,35,'Disponible');
INSERT INTO Piso(IdEdificio,IdPiso,Estatus) VALUES (6,36,'Disponible');
INSERT INTO Piso(IdEdificio,IdPiso,Estatus) VALUES (7,37,'Ocupado');
INSERT INTO Piso(IdEdificio,IdPiso,Estatus) VALUES (8,38,'Ocupado');
INSERT INTO Piso(IdEdificio,IdPiso,Estatus) VALUES (9,39,'Disponible');
INSERT INTO Piso(IdEdificio,IdPiso,Estatus) VALUES (10,40,'Ocupado');
INSERT INTO Piso(IdEdificio,IdPiso,Estatus) VALUES (1,41,'Ocupado');
INSERT INTO Piso(IdEdificio,IdPiso,Estatus) VALUES (2,42,'Ocupado');
INSERT INTO Piso(IdEdificio,IdPiso,Estatus) VALUES (3,43,'Ocupado');
INSERT INTO Piso(IdEdificio,IdPiso,Estatus) VALUES (4,44,'Disponible');
INSERT INTO Piso(IdEdificio,IdPiso,Estatus) VALUES (5,45,'Ocupado');
INSERT INTO Piso(IdEdificio,IdPiso,Estatus) VALUES (6,46,'Disponible');
INSERT INTO Piso(IdEdificio,IdPiso,Estatus) VALUES (7,47,'Disponible');
INSERT INTO Piso(IdEdificio,IdPiso,Estatus) VALUES (8,48,'Disponible');
INSERT INTO Piso(IdEdificio,IdPiso,Estatus) VALUES (9,49,'Disponible');
INSERT INTO Piso(IdEdificio,IdPiso,Estatus) VALUES (10,50,'Ocupado');
INSERT INTO Piso(IdEdificio,IdPiso,Estatus) VALUES (1,51,'Ocupado');
INSERT INTO Piso(IdEdificio,IdPiso,Estatus) VALUES (2,52,'Disponible');
INSERT INTO Piso(IdEdificio,IdPiso,Estatus) VALUES (3,53,'Disponible');
INSERT INTO Piso(IdEdificio,IdPiso,Estatus) VALUES (4,54,'Ocupado');
INSERT INTO Piso(IdEdificio,IdPiso,Estatus) VALUES (5,55,'Ocupado');
INSERT INTO Piso(IdEdificio,IdPiso,Estatus) VALUES (6,56,'Disponible');
INSERT INTO Piso(IdEdificio,IdPiso,Estatus) VALUES (7,57,'Disponible');
INSERT INTO Piso(IdEdificio,IdPiso,Estatus) VALUES (8,58,'Ocupado');
INSERT INTO Piso(IdEdificio,IdPiso,Estatus) VALUES (9,59,'Ocupado');
INSERT INTO Piso(IdEdificio,IdPiso,Estatus) VALUES (10,60,'Ocupado');
INSERT INTO Piso(IdEdificio,IdPiso,Estatus) VALUES (1,61,'Disponible');
INSERT INTO Piso(IdEdificio,IdPiso,Estatus) VALUES (2,62,'Disponible');
INSERT INTO Piso(IdEdificio,IdPiso,Estatus) VALUES (3,63,'Ocupado');
INSERT INTO Piso(IdEdificio,IdPiso,Estatus) VALUES (4,64,'Disponible');
INSERT INTO Piso(IdEdificio,IdPiso,Estatus) VALUES (5,65,'Disponible');
INSERT INTO Piso(IdEdificio,IdPiso,Estatus) VALUES (6,66,'Disponible');
INSERT INTO Piso(IdEdificio,IdPiso,Estatus) VALUES (7,67,'Ocupado');
INSERT INTO Piso(IdEdificio,IdPiso,Estatus) VALUES (8,68,'Disponible');
INSERT INTO Piso(IdEdificio,IdPiso,Estatus) VALUES (9,69,'Disponible');
INSERT INTO Piso(IdEdificio,IdPiso,Estatus) VALUES (10,70,'Disponible');
INSERT INTO Piso(IdEdificio,IdPiso,Estatus) VALUES (1,71,'Disponible');
INSERT INTO Piso(IdEdificio,IdPiso,Estatus) VALUES (2,72,'Disponible');
INSERT INTO Piso(IdEdificio,IdPiso,Estatus) VALUES (3,73,'Disponible');
INSERT INTO Piso(IdEdificio,IdPiso,Estatus) VALUES (4,74,'Ocupado');
INSERT INTO Piso(IdEdificio,IdPiso,Estatus) VALUES (5,75,'Ocupado');
INSERT INTO Piso(IdEdificio,IdPiso,Estatus) VALUES (6,76,'Disponible');
INSERT INTO Piso(IdEdificio,IdPiso,Estatus) VALUES (7,77,'Ocupado');
INSERT INTO Piso(IdEdificio,IdPiso,Estatus) VALUES (8,78,'Ocupado');
INSERT INTO Piso(IdEdificio,IdPiso,Estatus) VALUES (9,79,'Ocupado');
INSERT INTO Piso(IdEdificio,IdPiso,Estatus) VALUES (10,80,'Disponible');
INSERT INTO Piso(IdEdificio,IdPiso,Estatus) VALUES (1,81,'Disponible');
INSERT INTO Piso(IdEdificio,IdPiso,Estatus) VALUES (2,82,'Disponible');
INSERT INTO Piso(IdEdificio,IdPiso,Estatus) VALUES (3,83,'Ocupado');
INSERT INTO Piso(IdEdificio,IdPiso,Estatus) VALUES (4,84,'Disponible');
INSERT INTO Piso(IdEdificio,IdPiso,Estatus) VALUES (5,85,'Disponible');
INSERT INTO Piso(IdEdificio,IdPiso,Estatus) VALUES (6,86,'Disponible');
INSERT INTO Piso(IdEdificio,IdPiso,Estatus) VALUES (7,87,'Disponible');
INSERT INTO Piso(IdEdificio,IdPiso,Estatus) VALUES (8,88,'Disponible');
INSERT INTO Piso(IdEdificio,IdPiso,Estatus) VALUES (9,89,'Disponible');
INSERT INTO Piso(IdEdificio,IdPiso,Estatus) VALUES (10,90,'Disponible');

INSERT INTO Cliente(RFC,AliasCliente,RazonSocial) VALUES ('AVH966179VU3','Rodriguez Inc','Moral');
INSERT INTO Cliente(RFC,AliasCliente,RazonSocial) VALUES ('NQX396228SR8','Beatty and Sons','Moral');
INSERT INTO Cliente(RFC,AliasCliente,RazonSocial) VALUES ('SQQ248665GM8','Muller Inc','Moral');
INSERT INTO Cliente(RFC,AliasCliente,RazonSocial) VALUES ('AOW198194KU1','Feil-Wisoky','Moral');
INSERT INTO Cliente(RFC,AliasCliente,RazonSocial) VALUES ('HCE678692PS6','Hamill-Yost','Moral');
INSERT INTO Cliente(RFC,AliasCliente,RazonSocial) VALUES ('WWN937733OA5','Konopelski Group','Moral');
INSERT INTO Cliente(RFC,AliasCliente,RazonSocial) VALUES ('HXJ526211YH1','Toy LLC','Moral');
INSERT INTO Cliente(RFC,AliasCliente,RazonSocial) VALUES ('MIO164172DV0','Cormier-Huel','Moral');
INSERT INTO Cliente(RFC,AliasCliente,RazonSocial) VALUES ('CTC550898QF6','Klein-Satterfield','Moral');
INSERT INTO Cliente(RFC,AliasCliente,RazonSocial) VALUES ('FZG219355AR0','Daniel, Heathcote and McLaughlin','Moral');
INSERT INTO Cliente(RFC,AliasCliente,RazonSocial) VALUES ('JDQ968514YW6','Walsh and Sons','Moral');
INSERT INTO Cliente(RFC,AliasCliente,RazonSocial) VALUES ('AAD282786GE0','Herman-Schuppe','Moral');
INSERT INTO Cliente(RFC,AliasCliente,RazonSocial) VALUES ('OXK139385WS8','Luettgen Inc','Moral');
INSERT INTO Cliente(RFC,AliasCliente,RazonSocial) VALUES ('MIO403599ZD1','Stark, Gislason and Schmitt','Moral');
INSERT INTO Cliente(RFC,AliasCliente,RazonSocial) VALUES ('VEU123014UC8','Yundt LLC','Moral');
INSERT INTO Cliente(RFC,AliasCliente,RazonSocial) VALUES ('WLL744199TL7','Wintheiser Group','Moral');
INSERT INTO Cliente(RFC,AliasCliente,RazonSocial) VALUES ('SMG420620IM0','Rowe-Stamm','Moral');
INSERT INTO Cliente(RFC,AliasCliente,RazonSocial) VALUES ('SVP239927CS3','Green, Reynolds and Parisian','Moral');
INSERT INTO Cliente(RFC,AliasCliente,RazonSocial) VALUES ('YEI079256PP6','Howell Group','Moral');
INSERT INTO Cliente(RFC,AliasCliente,RazonSocial) VALUES ('LHN030582QC7','Ondricka-Hodkiewicz','Moral');
INSERT INTO Cliente(RFC,AliasCliente,RazonSocial) VALUES ('IXC842486NW0','Nolan-Beer','Moral');
INSERT INTO Cliente(RFC,AliasCliente,RazonSocial) VALUES ('WRE571305RL8','Bahringer-Jast','Moral');
INSERT INTO Cliente(RFC,AliasCliente,RazonSocial) VALUES ('PCZ980857RT4','Quitzon, Murray and Goldner','Moral');
INSERT INTO Cliente(RFC,AliasCliente,RazonSocial) VALUES ('ZNC957506UX5','Lemke-Watsica','Moral');
INSERT INTO Cliente(RFC,AliasCliente,RazonSocial) VALUES ('QMX123970GV4','Schamberger Group','Moral');
INSERT INTO Cliente(RFC,AliasCliente,RazonSocial) VALUES ('AYV586349VT4','Mann-Bruen','Moral');
INSERT INTO Cliente(RFC,AliasCliente,RazonSocial) VALUES ('EPE900470OW0','Dicki Group','Moral');
INSERT INTO Cliente(RFC,AliasCliente,RazonSocial) VALUES ('HWJ748136QR1','Bernhard LLC','Moral');
INSERT INTO Cliente(RFC,AliasCliente,RazonSocial) VALUES ('DCG003607TG4','Hyatt-Connelly','Moral');
INSERT INTO Cliente(RFC,AliasCliente,RazonSocial) VALUES ('LWZ806839RO9','Dach Inc','Moral');
INSERT INTO Cliente(RFC,AliasCliente,RazonSocial) VALUES ('APW322997ZP5','Zulauf, McClure and Howe','Moral');
INSERT INTO Cliente(RFC,AliasCliente,RazonSocial) VALUES ('EIO210693FV2','Streich, Mann and Kilback','Moral');
INSERT INTO Cliente(RFC,AliasCliente,RazonSocial) VALUES ('JCA866433UU6','Kris LLC','Moral');
INSERT INTO Cliente(RFC,AliasCliente,RazonSocial) VALUES ('FLJ697396FL4','Greenholt, Labadie and Satterfield','Moral');
INSERT INTO Cliente(RFC,AliasCliente,RazonSocial) VALUES ('MVW329070HA8','Wilderman, Koepp and Buckridge','Moral');
INSERT INTO Cliente(RFC,AliasCliente,RazonSocial) VALUES ('ZMJ244195NN2','Schaden Group','Moral');
INSERT INTO Cliente(RFC,AliasCliente,RazonSocial) VALUES ('NBT933444FV3','Streich, Sawayn and Shields','Moral');
INSERT INTO Cliente(RFC,AliasCliente,RazonSocial) VALUES ('FNI560713UZ9','O''Hara and Sons','Moral');
INSERT INTO Cliente(RFC,AliasCliente,RazonSocial) VALUES ('JKP394099AG3','Schulist, Gutmann and Beer','Moral');
INSERT INTO Cliente(RFC,AliasCliente,RazonSocial) VALUES ('WHE037717RU4','Wisozk LLC','Moral');
INSERT INTO Cliente(RFC,AliasCliente,RazonSocial) VALUES ('BAP039629UR8','Wilderman, Crona and Yost','Moral');
INSERT INTO Cliente(RFC,AliasCliente,RazonSocial) VALUES ('KBT457112LM7','Borer-Ortiz','Moral');
INSERT INTO Cliente(RFC,AliasCliente,RazonSocial) VALUES ('MDP556636DU3','Swift, Ratke and Rogahn','Moral');
INSERT INTO Cliente(RFC,AliasCliente,RazonSocial) VALUES ('ZUB816706NZ1','Brown, Murphy and Rodriguez','Moral');
INSERT INTO Cliente(RFC,AliasCliente,RazonSocial) VALUES ('QZF349892RY2','Williamson Inc','Moral');
INSERT INTO Cliente(RFC,AliasCliente,RazonSocial) VALUES ('XZP238901BB8','Ebert, Friesen and Armstrong','Moral');
INSERT INTO Cliente(RFC,AliasCliente,RazonSocial) VALUES ('WCH573222HO2','Johns-Green','Moral');
INSERT INTO Cliente(RFC,AliasCliente,RazonSocial) VALUES ('VLE743753FK7','Rosenbaum-Runolfsson','Moral');
INSERT INTO Cliente(RFC,AliasCliente,RazonSocial) VALUES ('YKO754020SP4','Bergstrom, Prohaska and Bins','Moral');
INSERT INTO Cliente(RFC,AliasCliente,RazonSocial) VALUES ('BXT219468ZV6','Conn, Kertzmann and Greenfelder','Moral');
INSERT INTO Cliente(RFC,AliasCliente,RazonSocial) VALUES ('NNMA569580AB2','Foster Espadate','Fisica');
INSERT INTO Cliente(RFC,AliasCliente,RazonSocial) VALUES ('SFJQ095845WA5','Morgan Werndley','Fisica');
INSERT INTO Cliente(RFC,AliasCliente,RazonSocial) VALUES ('WAOB761783DA4','Heda Rendle','Fisica');
INSERT INTO Cliente(RFC,AliasCliente,RazonSocial) VALUES ('BYVT562970MI8','Micheline Gamon','Fisica');
INSERT INTO Cliente(RFC,AliasCliente,RazonSocial) VALUES ('QRHT620547EU2','Colas Priestland','Fisica');
INSERT INTO Cliente(RFC,AliasCliente,RazonSocial) VALUES ('PNUI354225OD2','Alisander Hegg','Fisica');
INSERT INTO Cliente(RFC,AliasCliente,RazonSocial) VALUES ('UGOP522220CW0','Amby Malcolmson','Fisica');
INSERT INTO Cliente(RFC,AliasCliente,RazonSocial) VALUES ('FKDM392393UY1','Sloane Lidstone','Fisica');
INSERT INTO Cliente(RFC,AliasCliente,RazonSocial) VALUES ('IPZQ697400OV6','Wendye Itzik','Fisica');
INSERT INTO Cliente(RFC,AliasCliente,RazonSocial) VALUES ('JQHY832553EI1','Zared Grinyer','Fisica');
INSERT INTO Cliente(RFC,AliasCliente,RazonSocial) VALUES ('BOYH966301RU9','Alex Enriques','Fisica');
INSERT INTO Cliente(RFC,AliasCliente,RazonSocial) VALUES ('EKYI807067KJ3','Zuzana Conradsen','Fisica');
INSERT INTO Cliente(RFC,AliasCliente,RazonSocial) VALUES ('OQWJ133221QE3','Othella Biggadike','Fisica');
INSERT INTO Cliente(RFC,AliasCliente,RazonSocial) VALUES ('OCAL635108QX6','Malina Prys','Fisica');
INSERT INTO Cliente(RFC,AliasCliente,RazonSocial) VALUES ('SFHY573671ZP9','Remington Stellin','Fisica');
INSERT INTO Cliente(RFC,AliasCliente,RazonSocial) VALUES ('DPSU952343VL2','D''arcy Scrivner','Fisica');
INSERT INTO Cliente(RFC,AliasCliente,RazonSocial) VALUES ('HLUH550978JX5','Goddart Yarranton','Fisica');
INSERT INTO Cliente(RFC,AliasCliente,RazonSocial) VALUES ('TYNT274671NO3','Mariana McCloughlin','Fisica');
INSERT INTO Cliente(RFC,AliasCliente,RazonSocial) VALUES ('AQNR797727DV8','Taylor Ledson','Fisica');
INSERT INTO Cliente(RFC,AliasCliente,RazonSocial) VALUES ('KFUM175094EM4','Colman Gabler','Fisica');
INSERT INTO Cliente(RFC,AliasCliente,RazonSocial) VALUES ('TFLO462377UN1','Shara Guilfoyle','Fisica');
INSERT INTO Cliente(RFC,AliasCliente,RazonSocial) VALUES ('RNVT001628VF7','Damian Clericoates','Fisica');
INSERT INTO Cliente(RFC,AliasCliente,RazonSocial) VALUES ('NLCN454554FM1','Lyssa Landes','Fisica');
INSERT INTO Cliente(RFC,AliasCliente,RazonSocial) VALUES ('IXSY890325ZJ0','Jasmine Weine','Fisica');
INSERT INTO Cliente(RFC,AliasCliente,RazonSocial) VALUES ('VDWA621024LZ4','Burke Pomeroy','Fisica');
INSERT INTO Cliente(RFC,AliasCliente,RazonSocial) VALUES ('BDTS984650YM0','Quintina Veldstra','Fisica');
INSERT INTO Cliente(RFC,AliasCliente,RazonSocial) VALUES ('LWZJ169651IC9','Graeme De Roeck','Fisica');
INSERT INTO Cliente(RFC,AliasCliente,RazonSocial) VALUES ('SZRO194608QR6','Chery Garatty','Fisica');
INSERT INTO Cliente(RFC,AliasCliente,RazonSocial) VALUES ('IIVF912303RJ5','Petunia Capstake','Fisica');
INSERT INTO Cliente(RFC,AliasCliente,RazonSocial) VALUES ('KZXN304447XR4','Jacynth Hedditch','Fisica');
INSERT INTO Cliente(RFC,AliasCliente,RazonSocial) VALUES ('UCSW025857RR0','Kit Vicarey','Fisica');
INSERT INTO Cliente(RFC,AliasCliente,RazonSocial) VALUES ('ZPVR048726VW8','Linnea Handke','Fisica');
INSERT INTO Cliente(RFC,AliasCliente,RazonSocial) VALUES ('GZKO134439BG3','Helga Desson','Fisica');
INSERT INTO Cliente(RFC,AliasCliente,RazonSocial) VALUES ('PFSB269733OQ2','Merilyn Vell','Fisica');
INSERT INTO Cliente(RFC,AliasCliente,RazonSocial) VALUES ('HPPS228827ER8','Sherman Hadrill','Fisica');
INSERT INTO Cliente(RFC,AliasCliente,RazonSocial) VALUES ('IABM529168ZV9','Roberto Stichall','Fisica');
INSERT INTO Cliente(RFC,AliasCliente,RazonSocial) VALUES ('IALG988505AS3','Esme Prothero','Fisica');
INSERT INTO Cliente(RFC,AliasCliente,RazonSocial) VALUES ('CYKJ885879DT8','Agretha Mc Grath','Fisica');
INSERT INTO Cliente(RFC,AliasCliente,RazonSocial) VALUES ('RUHE115160XH5','Lucina Markwell','Fisica');
INSERT INTO Cliente(RFC,AliasCliente,RazonSocial) VALUES ('FKNN265079XJ3','Tristam Simnor','Fisica');
INSERT INTO Cliente(RFC,AliasCliente,RazonSocial) VALUES ('GTTW461015SZ9','Elliott Linskill','Fisica');
INSERT INTO Cliente(RFC,AliasCliente,RazonSocial) VALUES ('RZEF895741EH9','Maxine Jacquemy','Fisica');
INSERT INTO Cliente(RFC,AliasCliente,RazonSocial) VALUES ('GKTC275685XG9','Nichol Delacour','Fisica');
INSERT INTO Cliente(RFC,AliasCliente,RazonSocial) VALUES ('YYIV886222CI7','Yvor Dewfall','Fisica');
INSERT INTO Cliente(RFC,AliasCliente,RazonSocial) VALUES ('MJAI693914ZP0','Enrichetta Vasiltsov','Fisica');
INSERT INTO Cliente(RFC,AliasCliente,RazonSocial) VALUES ('JUMW741966IA2','Anabelle McIan','Fisica');
INSERT INTO Cliente(RFC,AliasCliente,RazonSocial) VALUES ('BQNV154049LX8','Muhammad Lewisham','Fisica');
INSERT INTO Cliente(RFC,AliasCliente,RazonSocial) VALUES ('ZVEQ607855WO6','Victoria Shorbrook','Fisica');
INSERT INTO Cliente(RFC,AliasCliente,RazonSocial) VALUES ('GSMK107276KA6','Arron Campbell-Dunlop','Fisica');
INSERT INTO Cliente(RFC,AliasCliente,RazonSocial) VALUES ('NITJ102243RJ0','Florencia Bourgaize','Fisica');

INSERT INTO TelefonoCliente(RFCCliente,TelefonoCliente) VALUES ('IIVF912303RJ5',1033404492);
INSERT INTO TelefonoCliente(RFCCliente,TelefonoCliente) VALUES ('JQHY832553EI1',8659162297);
INSERT INTO TelefonoCliente(RFCCliente,TelefonoCliente) VALUES ('NNMA569580AB2',6771550585);
INSERT INTO TelefonoCliente(RFCCliente,TelefonoCliente) VALUES ('WAOB761783DA4',9396965341);
INSERT INTO TelefonoCliente(RFCCliente,TelefonoCliente) VALUES ('EPE900470OW0',1258430604);
INSERT INTO TelefonoCliente(RFCCliente,TelefonoCliente) VALUES ('GSMK107276KA6',1616732382);
INSERT INTO TelefonoCliente(RFCCliente,TelefonoCliente) VALUES ('JCA866433UU6',1179535882);
INSERT INTO TelefonoCliente(RFCCliente,TelefonoCliente) VALUES ('WRE571305RL8',6716034102);
INSERT INTO TelefonoCliente(RFCCliente,TelefonoCliente) VALUES ('KFUM175094EM4',1881914778);
INSERT INTO TelefonoCliente(RFCCliente,TelefonoCliente) VALUES ('AQNR797727DV8',8086104263);
INSERT INTO TelefonoCliente(RFCCliente,TelefonoCliente) VALUES ('LWZJ169651IC9',1918207353);
INSERT INTO TelefonoCliente(RFCCliente,TelefonoCliente) VALUES ('EKYI807067KJ3',3643125739);
INSERT INTO TelefonoCliente(RFCCliente,TelefonoCliente) VALUES ('RZEF895741EH9',5524447667);
INSERT INTO TelefonoCliente(RFCCliente,TelefonoCliente) VALUES ('RZEF895741EH9',2336428992);
INSERT INTO TelefonoCliente(RFCCliente,TelefonoCliente) VALUES ('MJAI693914ZP0',6423460322);
INSERT INTO TelefonoCliente(RFCCliente,TelefonoCliente) VALUES ('JDQ968514YW6',2558515948);
INSERT INTO TelefonoCliente(RFCCliente,TelefonoCliente) VALUES ('FLJ697396FL4',2654111770);
INSERT INTO TelefonoCliente(RFCCliente,TelefonoCliente) VALUES ('KFUM175094EM4',9669096354);
INSERT INTO TelefonoCliente(RFCCliente,TelefonoCliente) VALUES ('SZRO194608QR6',3791784380);
INSERT INTO TelefonoCliente(RFCCliente,TelefonoCliente) VALUES ('AYV586349VT4',6148540743);
INSERT INTO TelefonoCliente(RFCCliente,TelefonoCliente) VALUES ('GSMK107276KA6',5667461337);
INSERT INTO TelefonoCliente(RFCCliente,TelefonoCliente) VALUES ('UCSW025857RR0',1921222006);
INSERT INTO TelefonoCliente(RFCCliente,TelefonoCliente) VALUES ('OXK139385WS8',9753528287);
INSERT INTO TelefonoCliente(RFCCliente,TelefonoCliente) VALUES ('JUMW741966IA2',2589014829);
INSERT INTO TelefonoCliente(RFCCliente,TelefonoCliente) VALUES ('JQHY832553EI1',3988026062);
INSERT INTO TelefonoCliente(RFCCliente,TelefonoCliente) VALUES ('JQHY832553EI1',7749904011);
INSERT INTO TelefonoCliente(RFCCliente,TelefonoCliente) VALUES ('HXJ526211YH1',6013256867);
INSERT INTO TelefonoCliente(RFCCliente,TelefonoCliente) VALUES ('ZUB816706NZ1',1305455524);
INSERT INTO TelefonoCliente(RFCCliente,TelefonoCliente) VALUES ('QRHT620547EU2',6362917711);
INSERT INTO TelefonoCliente(RFCCliente,TelefonoCliente) VALUES ('BOYH966301RU9',1539719257);
INSERT INTO TelefonoCliente(RFCCliente,TelefonoCliente) VALUES ('LWZ806839RO9',9544174053);
INSERT INTO TelefonoCliente(RFCCliente,TelefonoCliente) VALUES ('BQNV154049LX8',6658907580);
INSERT INTO TelefonoCliente(RFCCliente,TelefonoCliente) VALUES ('AOW198194KU1',1415316157);
INSERT INTO TelefonoCliente(RFCCliente,TelefonoCliente) VALUES ('AOW198194KU1',3738968642);
INSERT INTO TelefonoCliente(RFCCliente,TelefonoCliente) VALUES ('VDWA621024LZ4',7225007680);
INSERT INTO TelefonoCliente(RFCCliente,TelefonoCliente) VALUES ('AOW198194KU1',3862696985);
INSERT INTO TelefonoCliente(RFCCliente,TelefonoCliente) VALUES ('QZF349892RY2',1679125644);
INSERT INTO TelefonoCliente(RFCCliente,TelefonoCliente) VALUES ('BDTS984650YM0',1593057342);
INSERT INTO TelefonoCliente(RFCCliente,TelefonoCliente) VALUES ('APW322997ZP5',6194864260);
INSERT INTO TelefonoCliente(RFCCliente,TelefonoCliente) VALUES ('YEI079256PP6',2676375774);
INSERT INTO TelefonoCliente(RFCCliente,TelefonoCliente) VALUES ('FKNN265079XJ3',6864298200);
INSERT INTO TelefonoCliente(RFCCliente,TelefonoCliente) VALUES ('OQWJ133221QE3',2132424194);
INSERT INTO TelefonoCliente(RFCCliente,TelefonoCliente) VALUES ('KBT457112LM7',9321088975);
INSERT INTO TelefonoCliente(RFCCliente,TelefonoCliente) VALUES ('TYNT274671NO3',8512052345);
INSERT INTO TelefonoCliente(RFCCliente,TelefonoCliente) VALUES ('KBT457112LM7',1557790125);
INSERT INTO TelefonoCliente(RFCCliente,TelefonoCliente) VALUES ('DCG003607TG4',1091641609);
INSERT INTO TelefonoCliente(RFCCliente,TelefonoCliente) VALUES ('WCH573222HO2',4285542509);
INSERT INTO TelefonoCliente(RFCCliente,TelefonoCliente) VALUES ('KBT457112LM7',1165208593);
INSERT INTO TelefonoCliente(RFCCliente,TelefonoCliente) VALUES ('WRE571305RL8',5412161670);
INSERT INTO TelefonoCliente(RFCCliente,TelefonoCliente) VALUES ('CYKJ885879DT8',5104014368);
INSERT INTO TelefonoCliente(RFCCliente,TelefonoCliente) VALUES ('UCSW025857RR0',1988353949);
INSERT INTO TelefonoCliente(RFCCliente,TelefonoCliente) VALUES ('IXSY890325ZJ0',5599779580);
INSERT INTO TelefonoCliente(RFCCliente,TelefonoCliente) VALUES ('PCZ980857RT4',6414451432);
INSERT INTO TelefonoCliente(RFCCliente,TelefonoCliente) VALUES ('PFSB269733OQ2',3953410170);
INSERT INTO TelefonoCliente(RFCCliente,TelefonoCliente) VALUES ('LHN030582QC7',1032481531);
INSERT INTO TelefonoCliente(RFCCliente,TelefonoCliente) VALUES ('HXJ526211YH1',8055007904);
INSERT INTO TelefonoCliente(RFCCliente,TelefonoCliente) VALUES ('TYNT274671NO3',6677555240);
INSERT INTO TelefonoCliente(RFCCliente,TelefonoCliente) VALUES ('BXT219468ZV6',6248699769);
INSERT INTO TelefonoCliente(RFCCliente,TelefonoCliente) VALUES ('RUHE115160XH5',4978849429);
INSERT INTO TelefonoCliente(RFCCliente,TelefonoCliente) VALUES ('NLCN454554FM1',8264690333);
INSERT INTO TelefonoCliente(RFCCliente,TelefonoCliente) VALUES ('VLE743753FK7',3611508743);
INSERT INTO TelefonoCliente(RFCCliente,TelefonoCliente) VALUES ('CTC550898QF6',6849302317);
INSERT INTO TelefonoCliente(RFCCliente,TelefonoCliente) VALUES ('DCG003607TG4',8333937668);
INSERT INTO TelefonoCliente(RFCCliente,TelefonoCliente) VALUES ('PNUI354225OD2',6869902493);
INSERT INTO TelefonoCliente(RFCCliente,TelefonoCliente) VALUES ('HPPS228827ER8',5547941338);
INSERT INTO TelefonoCliente(RFCCliente,TelefonoCliente) VALUES ('QMX123970GV4',4531226885);
INSERT INTO TelefonoCliente(RFCCliente,TelefonoCliente) VALUES ('XZP238901BB8',7844914665);
INSERT INTO TelefonoCliente(RFCCliente,TelefonoCliente) VALUES ('LHN030582QC7',2584828733);
INSERT INTO TelefonoCliente(RFCCliente,TelefonoCliente) VALUES ('DPSU952343VL2',3522094793);
INSERT INTO TelefonoCliente(RFCCliente,TelefonoCliente) VALUES ('VEU123014UC8',2545929041);
INSERT INTO TelefonoCliente(RFCCliente,TelefonoCliente) VALUES ('BAP039629UR8',7722547612);
INSERT INTO TelefonoCliente(RFCCliente,TelefonoCliente) VALUES ('MIO164172DV0',1944943011);
INSERT INTO TelefonoCliente(RFCCliente,TelefonoCliente) VALUES ('SVP239927CS3',1757073031);
INSERT INTO TelefonoCliente(RFCCliente,TelefonoCliente) VALUES ('BOYH966301RU9',4451205779);
INSERT INTO TelefonoCliente(RFCCliente,TelefonoCliente) VALUES ('EKYI807067KJ3',1257481013);
INSERT INTO TelefonoCliente(RFCCliente,TelefonoCliente) VALUES ('KZXN304447XR4',4533587898);
INSERT INTO TelefonoCliente(RFCCliente,TelefonoCliente) VALUES ('IABM529168ZV9',7411739284);
INSERT INTO TelefonoCliente(RFCCliente,TelefonoCliente) VALUES ('YYIV886222CI7',4493586176);
INSERT INTO TelefonoCliente(RFCCliente,TelefonoCliente) VALUES ('SVP239927CS3',5677080230);
INSERT INTO TelefonoCliente(RFCCliente,TelefonoCliente) VALUES ('FLJ697396FL4',1306493847);
INSERT INTO TelefonoCliente(RFCCliente,TelefonoCliente) VALUES ('NITJ102243RJ0',3393416523);
INSERT INTO TelefonoCliente(RFCCliente,TelefonoCliente) VALUES ('PFSB269733OQ2',1622445112);
INSERT INTO TelefonoCliente(RFCCliente,TelefonoCliente) VALUES ('WWN937733OA5',8694612333);
INSERT INTO TelefonoCliente(RFCCliente,TelefonoCliente) VALUES ('RUHE115160XH5',9339780408);
INSERT INTO TelefonoCliente(RFCCliente,TelefonoCliente) VALUES ('HXJ526211YH1',1719979303);
INSERT INTO TelefonoCliente(RFCCliente,TelefonoCliente) VALUES ('VDWA621024LZ4',5486047102);
INSERT INTO TelefonoCliente(RFCCliente,TelefonoCliente) VALUES ('FLJ697396FL4',6099407174);
INSERT INTO TelefonoCliente(RFCCliente,TelefonoCliente) VALUES ('ZNC957506UX5',2289320582);
INSERT INTO TelefonoCliente(RFCCliente,TelefonoCliente) VALUES ('RUHE115160XH5',1646285440);
INSERT INTO TelefonoCliente(RFCCliente,TelefonoCliente) VALUES ('NITJ102243RJ0',8487758486);
INSERT INTO TelefonoCliente(RFCCliente,TelefonoCliente) VALUES ('SFJQ095845WA5',4688265208);
INSERT INTO TelefonoCliente(RFCCliente,TelefonoCliente) VALUES ('YYIV886222CI7',9436663224);
INSERT INTO TelefonoCliente(RFCCliente,TelefonoCliente) VALUES ('EKYI807067KJ3',4758481136);
INSERT INTO TelefonoCliente(RFCCliente,TelefonoCliente) VALUES ('WCH573222HO2',9981737519);
INSERT INTO TelefonoCliente(RFCCliente,TelefonoCliente) VALUES ('IABM529168ZV9',9274104257);
INSERT INTO TelefonoCliente(RFCCliente,TelefonoCliente) VALUES ('MJAI693914ZP0',5649422256);
INSERT INTO TelefonoCliente(RFCCliente,TelefonoCliente) VALUES ('IPZQ697400OV6',1957167800);
INSERT INTO TelefonoCliente(RFCCliente,TelefonoCliente) VALUES ('AVH966179VU3',1225271022);
INSERT INTO TelefonoCliente(RFCCliente,TelefonoCliente) VALUES ('QRHT620547EU2',6267208067);
INSERT INTO TelefonoCliente(RFCCliente,TelefonoCliente) VALUES ('NITJ102243RJ0',6256316493);
