CURPEntrenador,TelefonoCelEntrenador
VJQ037276TPCXX98,1368950044
NJY045686YYWTR53,2008197930
AWT850703RMQGD26,6182331803
BQA218318FCEUN89,8522626200
BQA218318FCEUN89,7747667492
HWB924504ZWTGN01,8976475616
CAT677486DUZAV68,6272511781
WIN256809IKFEZ67,5085894364
WIH406037RDOQA98,7213895594
MPD878895GZTZE00,3622297912
AGF262218JSYAS52,5612073275
TAQ428086GZPKS54,5015603921
MPD878895GZTZE00,3264649517
EAW400648SMAPI82,8538024492
VKC396851PZUSS78,2529068241
EAW400648SMAPI82,8936859346
CPI302573GVVDN91,7568500328
NJS917038YLRDL30,9482901951
HWB924504ZWTGN01,9588454188
VJQ037276TPCXX98,9694581233
QQN334567YKQZO53,2597949315
PVE448692VZUEB83,1686406306
MPD878895GZTZE00,3526556031
HWB924504ZWTGN01,7233532297
CPI302573GVVDN91,8105632032
KQJ109191WTWRZ35,1346349408
WIN256809IKFEZ67,8735560502
KQJ109191WTWRZ35,4429086860
WBV909927JHAJU50,4114363305
TIL958384FGLTJ20,7305948658
PRE118948AFDLX14,3774051891
VJQ037276TPCXX98,2225564477
HEA594437TYEIU56,6258400371
NJS917038YLRDL30,6426083661
YCJ704875KAGQT54,5371023180
TAQ428086GZPKS54,8864832691
BAW272063KOCRC34,2252535589
VFJ352385HEKFT60,8655780413
LQG261342SCJPV30,5216803133
KQJ109191WTWRZ35,7508358058
XBJ078612ZWORL26,7836963287
TIL958384FGLTJ20,5767473209
PRE118948AFDLX14,7386918848
HEA594437TYEIU56,8041983387
NJS917038YLRDL30,4722418871
WBV909927JHAJU50,8748754845
FHY232712HQQFR54,3503608695
HEC989232PDZSP98,1113060548
QQN334567YKQZO53,7802056858
REU470442TSFUU39,6629090120
TIL958384FGLTJ20,4333635897
UCS239022YMPHQ82,3799353277
JGY037041RBHBK19,6891120934
LQG261342SCJPV30,3229044494
FIR195136JFNOM04,3687001049
ZUE040057TRDHY06,1302568021
RHH127823KFNNS45,8069403075
CAT677486DUZAV68,9313779052
RHH127823KFNNS45,1519758591
WIH406037RDOQA98,8558329004
EYI050753SDJXR73,3875967546
JGY037041RBHBK19,2115035770
PRE118948AFDLX14,7221466023
HEA594437TYEIU56,2674451483
BQA218318FCEUN89,8409341751
QEN814644OYPHL55,2218613728
ITA335533NYRPO76,8047672771
BIH318724DFZHF88,8842003068
NJS917038YLRDL30,7283271197
PVE448692VZUEB83,8725624530
BQA218318FCEUN89,8541468904
WIN256809IKFEZ67,4127306348
VFJ352385HEKFT60,5058617533
ZUE040057TRDHY06,4341412603
PRE118948AFDLX14,8638849629
EYI050753SDJXR73,8977543052
ORQ365372JLRYR52,2728668925
WIH406037RDOQA98,7088503741
KQJ109191WTWRZ35,1386244246
PRE118948AFDLX14,4937921947
VFJ352385HEKFT60,7644326001
HEA594437TYEIU56,2687683006
RHH127823KFNNS45,1308159176
EJW320090LUIRX20,2232761676
ORQ365372JLRYR52,5648450229
WSS911198MSYKR95,3858604162
XWW423231UQVSD52,6178723875
ZUE040057TRDHY06,1576084179
VFJ352385HEKFT60,5806483687
ZUE040057TRDHY06,4675733754
UCS239022YMPHQ82,1574010495
UCS239022YMPHQ82,2326099333
WBV909927JHAJU50,5092822700
UCS239022YMPHQ82,3344686376
TAQ428086GZPKS54,5118809928
ZQT637913WDFHB36,1147025584
WIH406037RDOQA98,3401118321
WBV909927JHAJU50,4884604475
VKC396851PZUSS78,3867720804
ZQT637913WDFHB36,3037251132
