CURPAgente,TelefonoCel
OLL278741LFBNK78,7192901294
QTN612376PKLIN27,9524835401
LOQ010207SFNTW02,5126013703
RTC443654YSZGC43,3153041035
ASQ565820PISXW15,5573109642
NLP603731YFBNS52,3861538191
VWY891661RWUNE21,7835824011
NLP603731YFBNS52,5914078532
VTA219151PMMEG22,1416499251
XUL371177HGQIX32,8264723718
FJA318424ILUIT82,9349802809
WZR512185RBWIU34,5091528530
XUL371177HGQIX32,1571248808
EOR696891DKKHD67,9964120309
RTC443654YSZGC43,8546301119
FJA318424ILUIT82,1986171163
PAD732458DLYNM08,5692428995
NYN129609FTIYZ96,1856407957
IZJ075876GCBEV92,5029017987
DMP218440HEPSF41,8966483857
PES814498YNZVJ68,9342920150
PNO292698JVWEW14,8375383543
RTC443654YSZGC43,9933641665
WZR512185RBWIU34,1116735158
NLP603731YFBNS52,8122003519
DXG253433WWGTR38,2154002257
RTC443654YSZGC43,1802645829
LXY599411EJYLA07,5652917852
NLQ668850IAXLM76,2188234806
TSO214831QPFML32,5214415752
CJB569360RZPWG00,9306172145
DRV108706GCNNQ13,2463255327
LXY599411EJYLA07,5728011563
WLT767843NYVCC69,2329962223
YCY453383ZFARN52,8017307992
WLT767843NYVCC69,6737664659
NKS351612VMEXV31,8037647985
PNO292698JVWEW14,5181482827
BFR781252CQWZQ02,6782768337
HGL199031TFSWT52,6996168634
CTC040122ALHKF52,8597152709
TCE395788FBOBH38,5857946412
TMY191674DLVHD02,3955051528
PNO292698JVWEW14,1885879982
ORA414287QQAJD79,5527356007
NLQ668850IAXLM76,6001824546
ZEF860439JJHOE64,5044313507
LXY599411EJYLA07,8324073700
LGD784683IXAYG98,1238733413
UFS284225XDKUR13,5564311591
LGD784683IXAYG98,4365460894
OBD495035EXSXD46,6902624446
DIT592580KPFDT66,9802102665
AVZ590726EALHT78,6283463863
XOU764871JGIMD53,3612031051
CJB569360RZPWG00,9148656554
BUZ383525MJTQM94,2607283955
LOQ010207SFNTW02,7042677693
JWQ926542NXHWQ53,5569791717
IGU003788CGJUB79,9139388656
QTN612376PKLIN27,4836342258
OHM227005QOPEZ13,8272048181
WLT767843NYVCC69,2112216493
XOU764871JGIMD53,5106008825
CGK424976WXHRW76,1719164315
OLL278741LFBNK78,9959478847
ZBE452918KZRHG23,9223823422
MPS691833FWCEB71,3896821561
DCN935610QCQSN81,6176944817
WZR512185RBWIU34,4812391203
NYN129609FTIYZ96,1023086656
NLP603731YFBNS52,4142086857
IVE308369MNFVN55,1693285732
QXQ636579ZIIRM52,4206948950
YCY453383ZFARN52,7987909240
DRV108706GCNNQ13,6989918176
TSO214831QPFML32,4926030057
VTA219151PMMEG22,2427754416
IGU003788CGJUB79,3259757967
RVA407320RBXQL75,7527178443
JFQ888764OWFKM52,5453703922
WLT767843NYVCC69,5347364430
PAD732458DLYNM08,3376837204
PAD083239MDAAK08,9328015441
EVT388989FKEGI97,8273168404
IGU003788CGJUB79,1025193061
CGK424976WXHRW76,3518429203
PES814498YNZVJ68,1493901114
MOZ572863ZCZLT42,2185987328
OSG630507ZCPUL36,5713076184
TSO214831QPFML32,5289624186
YCY453383ZFARN52,1286433400
KEJ515126ZJPTH20,3891203750
DRE494254SQQFR92,9553342085
ZEF860439JJHOE64,6569948175
IVE308369MNFVN55,7251308964
QXQ636579ZIIRM52,1823950478
CGK424976WXHRW76,5838221518
QTS105478OXHCL20,6559202557
CTA377842UXQXZ34,1719568549
DRT834312VOHXU67,5011331021
XUL371177HGQIX32,3762187697
CGF044994CTAEY79,8202557159
CSU438640YZZNK79,6852113780
PES814498YNZVJ68,2752367683
WZR512185RBWIU34,3468156741
DCG842926ACADM12,7311409756
LVY046256QXJDN01,4426342695
IVE308369MNFVN55,3331371502
LOQ010207SFNTW02,5737981797
DCG842926ACADM12,2486640764
OPP925651CLUSR18,2647890183
ORA414287QQAJD79,7914939955
DRT834312VOHXU67,8734726057
CGU302283XPUFK97,2451642235
OPP925651CLUSR18,8221639093
TMY191674DLVHD02,8621114469
RNZ151443NADGN17,4475467332
MPS691833FWCEB71,2909904291
PNO292698JVWEW14,8774927988
PNO292698JVWEW14,6573639163
UFS284225XDKUR13,2157137020
WZR512185RBWIU34,3728030183
VQJ097493AQEYL88,6438226644
DWY025072YWCLB74,8082203668
RVA407320RBXQL75,3501280167
OBU992073HWNTG25,9703677117
WLY504922LLLCQ76,6686928267
XOB400838YACET66,1959827653
CGU302283XPUFK97,2793413750
IML125538AGBXV99,9219232016
LGD784683IXAYG98,8944381331
JFQ888764OWFKM52,1035245518
PSA367043ZURLI77,9139511757
QFI629702FWCQK39,7751167982
LXY599411EJYLA07,4276797490
XOB400838YACET66,4706149420
PSA367043ZURLI77,3465582947
ASQ565820PISXW15,4148546738
EDQ308723AETVE79,2425661979
EVT388989FKEGI97,3651647287
EVT388989FKEGI97,1798852146
EVT388989FKEGI97,1259279566
DRE494254SQQFR92,2106961554
YDE357105ULASF58,9535281705
LOQ010207SFNTW02,2352736404
CGK424976WXHRW76,8444846281
CGK424976WXHRW76,3839020458
ZBE452918KZRHG23,9265063421
AWT902812HIFRE96,5616197319
