INSERT INTO cliente(id_cliente,nombre,fecha_nacimiento) VALUES (1,'Ebeneser Cherrett','1990/10/07');
INSERT INTO cliente(id_cliente,nombre,fecha_nacimiento) VALUES (2,'Grover Yankishin','1999/09/20');
INSERT INTO cliente(id_cliente,nombre,fecha_nacimiento) VALUES (3,'Fanechka Pellamonuten','1974/03/27');
INSERT INTO cliente(id_cliente,nombre,fecha_nacimiento) VALUES (4,'Mikol McQuorkel','1961/08/27');
INSERT INTO cliente(id_cliente,nombre,fecha_nacimiento) VALUES (5,'Ailey Dickey','1989/01/24');
INSERT INTO cliente(id_cliente,nombre,fecha_nacimiento) VALUES (6,'Harrietta Arden','1981/06/28');
INSERT INTO cliente(id_cliente,nombre,fecha_nacimiento) VALUES (7,'Trace Foch','1971/09/21');
INSERT INTO cliente(id_cliente,nombre,fecha_nacimiento) VALUES (8,'Mahala Bonifazio','2002/05/24');
INSERT INTO cliente(id_cliente,nombre,fecha_nacimiento) VALUES (9,'Nevin Ryal','1975/09/01');
INSERT INTO cliente(id_cliente,nombre,fecha_nacimiento) VALUES (10,'Eveleen Gosnall','1969/03/18');
INSERT INTO cliente(id_cliente,nombre,fecha_nacimiento) VALUES (11,'Alasteir Storry','1965/03/31');
INSERT INTO cliente(id_cliente,nombre,fecha_nacimiento) VALUES (12,'Harvey Perrot','1988/05/15');
INSERT INTO cliente(id_cliente,nombre,fecha_nacimiento) VALUES (13,'Norbert Vallance','2002/05/26');
INSERT INTO cliente(id_cliente,nombre,fecha_nacimiento) VALUES (14,'Kristel Barneville','1966/12/07');
INSERT INTO cliente(id_cliente,nombre,fecha_nacimiento) VALUES (15,'Silva Sutterfield','1968/09/06');
INSERT INTO cliente(id_cliente,nombre,fecha_nacimiento) VALUES (16,'Hilary Mathey','1984/03/26');
INSERT INTO cliente(id_cliente,nombre,fecha_nacimiento) VALUES (17,'Willi Rosita','1992/01/24');
INSERT INTO cliente(id_cliente,nombre,fecha_nacimiento) VALUES (18,'Lianna Robeson','1980/09/05');
INSERT INTO cliente(id_cliente,nombre,fecha_nacimiento) VALUES (19,'Keefe Parr','1968/03/18');
INSERT INTO cliente(id_cliente,nombre,fecha_nacimiento) VALUES (20,'Jasmina Ovesen','1970/03/22');
INSERT INTO cliente(id_cliente,nombre,fecha_nacimiento) VALUES (21,'Teodorico Guslon','1997/04/18');
INSERT INTO cliente(id_cliente,nombre,fecha_nacimiento) VALUES (22,'Ely Barchrameev','1981/03/22');
INSERT INTO cliente(id_cliente,nombre,fecha_nacimiento) VALUES (23,'Rawley Bocock','1990/09/22');
INSERT INTO cliente(id_cliente,nombre,fecha_nacimiento) VALUES (24,'Joela Sancraft','1962/11/03');
INSERT INTO cliente(id_cliente,nombre,fecha_nacimiento) VALUES (25,'Petronella Hiscocks','1967/06/14');
INSERT INTO cliente(id_cliente,nombre,fecha_nacimiento) VALUES (26,'Aviva Castle','1973/08/10');
INSERT INTO cliente(id_cliente,nombre,fecha_nacimiento) VALUES (27,'Jilleen Linfield','1967/07/02');
INSERT INTO cliente(id_cliente,nombre,fecha_nacimiento) VALUES (28,'Corrine Crosoer','1975/10/19');
INSERT INTO cliente(id_cliente,nombre,fecha_nacimiento) VALUES (29,'Baillie Kynoch','1964/01/17');
INSERT INTO cliente(id_cliente,nombre,fecha_nacimiento) VALUES (30,'Rosaleen Sawkin','1965/06/21');
INSERT INTO cliente(id_cliente,nombre,fecha_nacimiento) VALUES (31,'Tara Frankema','1993/09/08');
INSERT INTO cliente(id_cliente,nombre,fecha_nacimiento) VALUES (32,'Pia Andri','1961/03/30');
INSERT INTO cliente(id_cliente,nombre,fecha_nacimiento) VALUES (33,'Kermy Cartin','2002/03/15');
INSERT INTO cliente(id_cliente,nombre,fecha_nacimiento) VALUES (34,'Ringo Larter','1981/08/09');
INSERT INTO cliente(id_cliente,nombre,fecha_nacimiento) VALUES (35,'Nydia Hedger','1981/06/17');
INSERT INTO cliente(id_cliente,nombre,fecha_nacimiento) VALUES (36,'Marlow MacGown','1995/12/06');
INSERT INTO cliente(id_cliente,nombre,fecha_nacimiento) VALUES (37,'Uri Olman','1977/09/03');
INSERT INTO cliente(id_cliente,nombre,fecha_nacimiento) VALUES (38,'Rikki Disbury','1961/11/24');
INSERT INTO cliente(id_cliente,nombre,fecha_nacimiento) VALUES (39,'Flori Dwight','1996/05/31');
INSERT INTO cliente(id_cliente,nombre,fecha_nacimiento) VALUES (40,'Amalee Lakeman','1997/11/08');
INSERT INTO cliente(id_cliente,nombre,fecha_nacimiento) VALUES (41,'Camilla Everal','1961/05/24');
INSERT INTO cliente(id_cliente,nombre,fecha_nacimiento) VALUES (42,'Mora Barabisch','1983/02/06');
INSERT INTO cliente(id_cliente,nombre,fecha_nacimiento) VALUES (43,'Dolly Olliver','1975/12/06');
INSERT INTO cliente(id_cliente,nombre,fecha_nacimiento) VALUES (44,'Maureene Praundl','1979/04/06');
INSERT INTO cliente(id_cliente,nombre,fecha_nacimiento) VALUES (45,'Delaney Sexstone','1969/03/25');
INSERT INTO cliente(id_cliente,nombre,fecha_nacimiento) VALUES (46,'Hubert Breagan','1974/07/05');
INSERT INTO cliente(id_cliente,nombre,fecha_nacimiento) VALUES (47,'Aeriel Laible','1985/11/01');
INSERT INTO cliente(id_cliente,nombre,fecha_nacimiento) VALUES (48,'Rennie Peckett','1990/09/30');
INSERT INTO cliente(id_cliente,nombre,fecha_nacimiento) VALUES (49,'Magdaia Baribal','2002/07/19');
INSERT INTO cliente(id_cliente,nombre,fecha_nacimiento) VALUES (50,'Mariam Dayne','1976/12/04');
INSERT INTO cliente(id_cliente,nombre,fecha_nacimiento) VALUES (51,'Adriane Karus','1996/11/07');
INSERT INTO cliente(id_cliente,nombre,fecha_nacimiento) VALUES (52,'Carena Roz','1961/03/22');
INSERT INTO cliente(id_cliente,nombre,fecha_nacimiento) VALUES (53,'Bria Kirkup','2004/05/06');
INSERT INTO cliente(id_cliente,nombre,fecha_nacimiento) VALUES (54,'Reilly Merioth','1984/06/29');
INSERT INTO cliente(id_cliente,nombre,fecha_nacimiento) VALUES (55,'Derron Egginton','1976/07/09');
INSERT INTO cliente(id_cliente,nombre,fecha_nacimiento) VALUES (56,'Cam Orht','1982/02/11');
INSERT INTO cliente(id_cliente,nombre,fecha_nacimiento) VALUES (57,'Bonnee Bowyer','1979/02/10');
INSERT INTO cliente(id_cliente,nombre,fecha_nacimiento) VALUES (58,'Orsa Estabrook','1993/02/01');
INSERT INTO cliente(id_cliente,nombre,fecha_nacimiento) VALUES (59,'Giovanna Nesbit','1998/07/19');
INSERT INTO cliente(id_cliente,nombre,fecha_nacimiento) VALUES (60,'Charo MacAnellye','1991/12/21');
INSERT INTO cliente(id_cliente,nombre,fecha_nacimiento) VALUES (61,'Adah Pyburn','2004/01/14');
INSERT INTO cliente(id_cliente,nombre,fecha_nacimiento) VALUES (62,'Gerty Ohms','2002/01/26');
INSERT INTO cliente(id_cliente,nombre,fecha_nacimiento) VALUES (63,'Penny Duddle','2003/01/08');
INSERT INTO cliente(id_cliente,nombre,fecha_nacimiento) VALUES (64,'Demetris Rewan','1985/11/26');
INSERT INTO cliente(id_cliente,nombre,fecha_nacimiento) VALUES (65,'Fenelia Frantzeni','1989/01/20');
INSERT INTO cliente(id_cliente,nombre,fecha_nacimiento) VALUES (66,'Myrah Jahan','2002/08/30');
INSERT INTO cliente(id_cliente,nombre,fecha_nacimiento) VALUES (67,'Percival Harsent','1991/01/15');
INSERT INTO cliente(id_cliente,nombre,fecha_nacimiento) VALUES (68,'Fiona Barrass','1988/01/20');
INSERT INTO cliente(id_cliente,nombre,fecha_nacimiento) VALUES (69,'Bambi Wellbeloved','1960/02/07');
INSERT INTO cliente(id_cliente,nombre,fecha_nacimiento) VALUES (70,'Shannon Knights','1999/09/22');
INSERT INTO cliente(id_cliente,nombre,fecha_nacimiento) VALUES (71,'Adoree Lawling','2002/05/18');
INSERT INTO cliente(id_cliente,nombre,fecha_nacimiento) VALUES (72,'Wally Loalday','1976/10/27');
INSERT INTO cliente(id_cliente,nombre,fecha_nacimiento) VALUES (73,'Cedric Yatman','2004/08/16');
INSERT INTO cliente(id_cliente,nombre,fecha_nacimiento) VALUES (74,'Josee Pirnie','1972/05/08');
INSERT INTO cliente(id_cliente,nombre,fecha_nacimiento) VALUES (75,'Fonz Goby','1974/09/19');
INSERT INTO cliente(id_cliente,nombre,fecha_nacimiento) VALUES (76,'Evelyn Roots','1961/04/05');
INSERT INTO cliente(id_cliente,nombre,fecha_nacimiento) VALUES (77,'Archibald Bortolozzi','1997/12/27');
INSERT INTO cliente(id_cliente,nombre,fecha_nacimiento) VALUES (78,'Richart Rosle','2002/07/16');
INSERT INTO cliente(id_cliente,nombre,fecha_nacimiento) VALUES (79,'Sisile Vernau','1998/05/19');
INSERT INTO cliente(id_cliente,nombre,fecha_nacimiento) VALUES (80,'Andrej Halmkin','1991/10/31');
INSERT INTO cliente(id_cliente,nombre,fecha_nacimiento) VALUES (81,'Xenos Sprules','1997/03/28');
INSERT INTO cliente(id_cliente,nombre,fecha_nacimiento) VALUES (82,'Sheffy Tomasoni','1981/11/13');
INSERT INTO cliente(id_cliente,nombre,fecha_nacimiento) VALUES (83,'Ring Garm','1995/05/08');
INSERT INTO cliente(id_cliente,nombre,fecha_nacimiento) VALUES (84,'Norine Synke','1964/08/13');
INSERT INTO cliente(id_cliente,nombre,fecha_nacimiento) VALUES (85,'Jillayne Leeburne','1974/07/30');
INSERT INTO cliente(id_cliente,nombre,fecha_nacimiento) VALUES (86,'Ansel Gandley','1983/06/08');
INSERT INTO cliente(id_cliente,nombre,fecha_nacimiento) VALUES (87,'Roselia Shapira','2002/08/06');
INSERT INTO cliente(id_cliente,nombre,fecha_nacimiento) VALUES (88,'Marigold Pashen','1994/12/30');
INSERT INTO cliente(id_cliente,nombre,fecha_nacimiento) VALUES (89,'Stephi Renn','1991/06/18');
INSERT INTO cliente(id_cliente,nombre,fecha_nacimiento) VALUES (90,'Zach Manns','1963/04/07');
INSERT INTO cliente(id_cliente,nombre,fecha_nacimiento) VALUES (91,'Emerson Clarkin','1974/01/24');
INSERT INTO cliente(id_cliente,nombre,fecha_nacimiento) VALUES (92,'Rivy Kubacki','1974/01/07');
INSERT INTO cliente(id_cliente,nombre,fecha_nacimiento) VALUES (93,'Charmion Grosvener','1973/02/07');
INSERT INTO cliente(id_cliente,nombre,fecha_nacimiento) VALUES (94,'Spenser Hazelgrove','1997/03/14');
INSERT INTO cliente(id_cliente,nombre,fecha_nacimiento) VALUES (95,'Damiano Cicerone','1973/07/14');
INSERT INTO cliente(id_cliente,nombre,fecha_nacimiento) VALUES (96,'Joan Saw','1990/11/16');
INSERT INTO cliente(id_cliente,nombre,fecha_nacimiento) VALUES (97,'Paige Hardi','1991/07/25');
INSERT INTO cliente(id_cliente,nombre,fecha_nacimiento) VALUES (98,'Tallulah Itzcovich','1965/04/28');
INSERT INTO cliente(id_cliente,nombre,fecha_nacimiento) VALUES (99,'Golda Campkin','1996/06/04');
INSERT INTO cliente(id_cliente,nombre,fecha_nacimiento) VALUES (100,'Lorrie Sperrett','2002/07/12');

INSERT INTO correo_electronico_cliente(id_cliente,correo_electronico_cliente) VALUES (46,'glebourn0@drupal.org');
INSERT INTO correo_electronico_cliente(id_cliente,correo_electronico_cliente) VALUES (12,'fjerok1@java.com');
INSERT INTO correo_electronico_cliente(id_cliente,correo_electronico_cliente) VALUES (52,'prolse2@springer.com');
INSERT INTO correo_electronico_cliente(id_cliente,correo_electronico_cliente) VALUES (34,'veslemont3@senate.gov');
INSERT INTO correo_electronico_cliente(id_cliente,correo_electronico_cliente) VALUES (2,'qsafe4@wix.com');
INSERT INTO correo_electronico_cliente(id_cliente,correo_electronico_cliente) VALUES (40,'cdelia5@bbb.org');
INSERT INTO correo_electronico_cliente(id_cliente,correo_electronico_cliente) VALUES (87,'mcannell6@msu.edu');
INSERT INTO correo_electronico_cliente(id_cliente,correo_electronico_cliente) VALUES (45,'kcraze7@unc.edu');
INSERT INTO correo_electronico_cliente(id_cliente,correo_electronico_cliente) VALUES (69,'fmacourek8@drupal.org');
INSERT INTO correo_electronico_cliente(id_cliente,correo_electronico_cliente) VALUES (99,'wborris9@vinaora.com');
INSERT INTO correo_electronico_cliente(id_cliente,correo_electronico_cliente) VALUES (61,'afancutta@bandcamp.com');
INSERT INTO correo_electronico_cliente(id_cliente,correo_electronico_cliente) VALUES (30,'tcostanzab@geocities.jp');
INSERT INTO correo_electronico_cliente(id_cliente,correo_electronico_cliente) VALUES (63,'aedgleyc@ucoz.ru');
INSERT INTO correo_electronico_cliente(id_cliente,correo_electronico_cliente) VALUES (60,'mgalierd@naver.com');
INSERT INTO correo_electronico_cliente(id_cliente,correo_electronico_cliente) VALUES (8,'dcasae@alexa.com');
INSERT INTO correo_electronico_cliente(id_cliente,correo_electronico_cliente) VALUES (59,'pbransdonf@123-reg.co.uk');
INSERT INTO correo_electronico_cliente(id_cliente,correo_electronico_cliente) VALUES (72,'nkrolikg@google.pl');
INSERT INTO correo_electronico_cliente(id_cliente,correo_electronico_cliente) VALUES (84,'pmarklinh@e-recht24.de');
INSERT INTO correo_electronico_cliente(id_cliente,correo_electronico_cliente) VALUES (33,'cmurieli@marketwatch.com');
INSERT INTO correo_electronico_cliente(id_cliente,correo_electronico_cliente) VALUES (61,'ejollimanj@reference.com');
INSERT INTO correo_electronico_cliente(id_cliente,correo_electronico_cliente) VALUES (52,'apretoriusk@ifeng.com');
INSERT INTO correo_electronico_cliente(id_cliente,correo_electronico_cliente) VALUES (49,'wadamekl@tumblr.com');
INSERT INTO correo_electronico_cliente(id_cliente,correo_electronico_cliente) VALUES (2,'btearm@umich.edu');
INSERT INTO correo_electronico_cliente(id_cliente,correo_electronico_cliente) VALUES (42,'nbridgelandn@multiply.com');
INSERT INTO correo_electronico_cliente(id_cliente,correo_electronico_cliente) VALUES (99,'mbraideno@about.com');
INSERT INTO correo_electronico_cliente(id_cliente,correo_electronico_cliente) VALUES (17,'csilvermanp@tuttocitta.it');
INSERT INTO correo_electronico_cliente(id_cliente,correo_electronico_cliente) VALUES (76,'mocrevyq@163.com');
INSERT INTO correo_electronico_cliente(id_cliente,correo_electronico_cliente) VALUES (75,'agrovierr@arstechnica.com');
INSERT INTO correo_electronico_cliente(id_cliente,correo_electronico_cliente) VALUES (55,'gsemans@yahoo.com');
INSERT INTO correo_electronico_cliente(id_cliente,correo_electronico_cliente) VALUES (39,'mbourtont@shutterfly.com');
INSERT INTO correo_electronico_cliente(id_cliente,correo_electronico_cliente) VALUES (53,'sdefrancisciu@soundcloud.com');
INSERT INTO correo_electronico_cliente(id_cliente,correo_electronico_cliente) VALUES (7,'sgethynv@chicagotribune.com');
INSERT INTO correo_electronico_cliente(id_cliente,correo_electronico_cliente) VALUES (42,'csahnoww@wikimedia.org');
INSERT INTO correo_electronico_cliente(id_cliente,correo_electronico_cliente) VALUES (20,'mbuffyx@squidoo.com');
INSERT INTO correo_electronico_cliente(id_cliente,correo_electronico_cliente) VALUES (32,'hcreery@discuz.net');
INSERT INTO correo_electronico_cliente(id_cliente,correo_electronico_cliente) VALUES (58,'gcirlosz@cnet.com');
INSERT INTO correo_electronico_cliente(id_cliente,correo_electronico_cliente) VALUES (80,'lheathcoat10@slideshare.net');
INSERT INTO correo_electronico_cliente(id_cliente,correo_electronico_cliente) VALUES (61,'dkleehuhler11@reddit.com');
INSERT INTO correo_electronico_cliente(id_cliente,correo_electronico_cliente) VALUES (18,'eeaster12@shop-pro.jp');
INSERT INTO correo_electronico_cliente(id_cliente,correo_electronico_cliente) VALUES (27,'mcosely13@sitemeter.com');
INSERT INTO correo_electronico_cliente(id_cliente,correo_electronico_cliente) VALUES (46,'cbernholt14@is.gd');
INSERT INTO correo_electronico_cliente(id_cliente,correo_electronico_cliente) VALUES (64,'mdeporte15@omniture.com');
INSERT INTO correo_electronico_cliente(id_cliente,correo_electronico_cliente) VALUES (100,'blawther16@upenn.edu');
INSERT INTO correo_electronico_cliente(id_cliente,correo_electronico_cliente) VALUES (85,'gbilles17@chicagotribune.com');
INSERT INTO correo_electronico_cliente(id_cliente,correo_electronico_cliente) VALUES (67,'mstain18@newyorker.com');
INSERT INTO correo_electronico_cliente(id_cliente,correo_electronico_cliente) VALUES (69,'gthorns19@google.nl');
INSERT INTO correo_electronico_cliente(id_cliente,correo_electronico_cliente) VALUES (4,'asuggitt1a@google.ca');
INSERT INTO correo_electronico_cliente(id_cliente,correo_electronico_cliente) VALUES (70,'iullrich1b@wired.com');
INSERT INTO correo_electronico_cliente(id_cliente,correo_electronico_cliente) VALUES (64,'rchellenham1c@imgur.com');
INSERT INTO correo_electronico_cliente(id_cliente,correo_electronico_cliente) VALUES (7,'motowey1d@howstuffworks.com');
INSERT INTO correo_electronico_cliente(id_cliente,correo_electronico_cliente) VALUES (84,'asimmill1e@dagondesign.com');
INSERT INTO correo_electronico_cliente(id_cliente,correo_electronico_cliente) VALUES (80,'jmcilmorie1f@earthlink.net');
INSERT INTO correo_electronico_cliente(id_cliente,correo_electronico_cliente) VALUES (10,'bsimonini1g@imageshack.us');
INSERT INTO correo_electronico_cliente(id_cliente,correo_electronico_cliente) VALUES (69,'sshier1h@addtoany.com');
INSERT INTO correo_electronico_cliente(id_cliente,correo_electronico_cliente) VALUES (53,'jdermot1i@marketwatch.com');
INSERT INTO correo_electronico_cliente(id_cliente,correo_electronico_cliente) VALUES (6,'cfraschini1j@chronoengine.com');
INSERT INTO correo_electronico_cliente(id_cliente,correo_electronico_cliente) VALUES (86,'ehawkridge1k@businessinsider.com');
INSERT INTO correo_electronico_cliente(id_cliente,correo_electronico_cliente) VALUES (49,'rsperwell1l@unesco.org');
INSERT INTO correo_electronico_cliente(id_cliente,correo_electronico_cliente) VALUES (50,'ebendon1m@infoseek.co.jp');
INSERT INTO correo_electronico_cliente(id_cliente,correo_electronico_cliente) VALUES (79,'cbarson1n@opera.com');
INSERT INTO correo_electronico_cliente(id_cliente,correo_electronico_cliente) VALUES (18,'mconnett1o@icq.com');
INSERT INTO correo_electronico_cliente(id_cliente,correo_electronico_cliente) VALUES (42,'lgaukrodge1p@indiegogo.com');
INSERT INTO correo_electronico_cliente(id_cliente,correo_electronico_cliente) VALUES (19,'aheinig1q@instagram.com');
INSERT INTO correo_electronico_cliente(id_cliente,correo_electronico_cliente) VALUES (49,'vmaddrell1r@spotify.com');
INSERT INTO correo_electronico_cliente(id_cliente,correo_electronico_cliente) VALUES (1,'vanstee1s@acquirethisname.com');
INSERT INTO correo_electronico_cliente(id_cliente,correo_electronico_cliente) VALUES (20,'qcoates1t@vk.com');
INSERT INTO correo_electronico_cliente(id_cliente,correo_electronico_cliente) VALUES (88,'zmacdiarmid1u@census.gov');
INSERT INTO correo_electronico_cliente(id_cliente,correo_electronico_cliente) VALUES (86,'kvonasek1v@google.com');
INSERT INTO correo_electronico_cliente(id_cliente,correo_electronico_cliente) VALUES (75,'cstoacley1w@wikispaces.com');
INSERT INTO correo_electronico_cliente(id_cliente,correo_electronico_cliente) VALUES (78,'bcherry1x@hatena.ne.jp');
INSERT INTO correo_electronico_cliente(id_cliente,correo_electronico_cliente) VALUES (9,'churd1y@nps.gov');
INSERT INTO correo_electronico_cliente(id_cliente,correo_electronico_cliente) VALUES (88,'sjenking1z@hugedomains.com');
INSERT INTO correo_electronico_cliente(id_cliente,correo_electronico_cliente) VALUES (19,'rbarkworth20@va.gov');
INSERT INTO correo_electronico_cliente(id_cliente,correo_electronico_cliente) VALUES (98,'tcrottagh21@scribd.com');
INSERT INTO correo_electronico_cliente(id_cliente,correo_electronico_cliente) VALUES (75,'jbarnett22@unblog.fr');
INSERT INTO correo_electronico_cliente(id_cliente,correo_electronico_cliente) VALUES (83,'roroan23@blog.com');
INSERT INTO correo_electronico_cliente(id_cliente,correo_electronico_cliente) VALUES (22,'sbuttriss24@sciencedirect.com');
INSERT INTO correo_electronico_cliente(id_cliente,correo_electronico_cliente) VALUES (15,'pshepherd25@simplemachines.org');
INSERT INTO correo_electronico_cliente(id_cliente,correo_electronico_cliente) VALUES (61,'dknibbs26@t-online.de');
INSERT INTO correo_electronico_cliente(id_cliente,correo_electronico_cliente) VALUES (76,'pglaze27@kickstarter.com');
INSERT INTO correo_electronico_cliente(id_cliente,correo_electronico_cliente) VALUES (44,'vcrackett28@answers.com');
INSERT INTO correo_electronico_cliente(id_cliente,correo_electronico_cliente) VALUES (14,'cbrute29@nature.com');
INSERT INTO correo_electronico_cliente(id_cliente,correo_electronico_cliente) VALUES (92,'sspinetti2a@cornell.edu');
INSERT INTO correo_electronico_cliente(id_cliente,correo_electronico_cliente) VALUES (42,'wcroysdale2b@google.fr');
INSERT INTO correo_electronico_cliente(id_cliente,correo_electronico_cliente) VALUES (14,'mkennsley2c@patch.com');
INSERT INTO correo_electronico_cliente(id_cliente,correo_electronico_cliente) VALUES (72,'gwittrington2d@msu.edu');
INSERT INTO correo_electronico_cliente(id_cliente,correo_electronico_cliente) VALUES (89,'jvero2e@house.gov');
INSERT INTO correo_electronico_cliente(id_cliente,correo_electronico_cliente) VALUES (77,'bbrisley2f@epa.gov');
INSERT INTO correo_electronico_cliente(id_cliente,correo_electronico_cliente) VALUES (86,'nbottle2g@dot.gov');
INSERT INTO correo_electronico_cliente(id_cliente,correo_electronico_cliente) VALUES (70,'dgerriet2h@imgur.com');
INSERT INTO correo_electronico_cliente(id_cliente,correo_electronico_cliente) VALUES (48,'leary2i@unicef.org');
INSERT INTO correo_electronico_cliente(id_cliente,correo_electronico_cliente) VALUES (72,'iclarridge2j@dell.com');
INSERT INTO correo_electronico_cliente(id_cliente,correo_electronico_cliente) VALUES (24,'obernhardt2k@aol.com');
INSERT INTO correo_electronico_cliente(id_cliente,correo_electronico_cliente) VALUES (65,'stittershill2l@adobe.com');
INSERT INTO correo_electronico_cliente(id_cliente,correo_electronico_cliente) VALUES (96,'achapling2m@cnet.com');
INSERT INTO correo_electronico_cliente(id_cliente,correo_electronico_cliente) VALUES (68,'nfoddy2n@washington.edu');
INSERT INTO correo_electronico_cliente(id_cliente,correo_electronico_cliente) VALUES (23,'wdencs2o@indiegogo.com');
INSERT INTO correo_electronico_cliente(id_cliente,correo_electronico_cliente) VALUES (19,'fhadeke2p@blog.com');
INSERT INTO correo_electronico_cliente(id_cliente,correo_electronico_cliente) VALUES (25,'fhaggett2q@upenn.edu');
INSERT INTO correo_electronico_cliente(id_cliente,correo_electronico_cliente) VALUES (53,'apods2r@whitehouse.gov');

INSERT INTO telefono_cliente(id_cliente,telefono_cliente) VALUES (89,'5503978461');
INSERT INTO telefono_cliente(id_cliente,telefono_cliente) VALUES (77,'5527716720');
INSERT INTO telefono_cliente(id_cliente,telefono_cliente) VALUES (32,'5543655272');
INSERT INTO telefono_cliente(id_cliente,telefono_cliente) VALUES (64,'5533448271');
INSERT INTO telefono_cliente(id_cliente,telefono_cliente) VALUES (92,'5580686534');
INSERT INTO telefono_cliente(id_cliente,telefono_cliente) VALUES (46,'5503584314');
INSERT INTO telefono_cliente(id_cliente,telefono_cliente) VALUES (5,'5557834814');
INSERT INTO telefono_cliente(id_cliente,telefono_cliente) VALUES (76,'5548013646');
INSERT INTO telefono_cliente(id_cliente,telefono_cliente) VALUES (34,'5562123317');
INSERT INTO telefono_cliente(id_cliente,telefono_cliente) VALUES (85,'5576944196');
INSERT INTO telefono_cliente(id_cliente,telefono_cliente) VALUES (89,'5568270703');
INSERT INTO telefono_cliente(id_cliente,telefono_cliente) VALUES (42,'5571518199');
INSERT INTO telefono_cliente(id_cliente,telefono_cliente) VALUES (56,'5557173703');
INSERT INTO telefono_cliente(id_cliente,telefono_cliente) VALUES (62,'5587133123');
INSERT INTO telefono_cliente(id_cliente,telefono_cliente) VALUES (72,'5513428897');
INSERT INTO telefono_cliente(id_cliente,telefono_cliente) VALUES (90,'5561685300');
INSERT INTO telefono_cliente(id_cliente,telefono_cliente) VALUES (15,'5575376358');
INSERT INTO telefono_cliente(id_cliente,telefono_cliente) VALUES (29,'5517069319');
INSERT INTO telefono_cliente(id_cliente,telefono_cliente) VALUES (63,'5526147250');
INSERT INTO telefono_cliente(id_cliente,telefono_cliente) VALUES (19,'5591981270');
INSERT INTO telefono_cliente(id_cliente,telefono_cliente) VALUES (64,'5527384798');
INSERT INTO telefono_cliente(id_cliente,telefono_cliente) VALUES (87,'5556730134');
INSERT INTO telefono_cliente(id_cliente,telefono_cliente) VALUES (62,'5521393886');
INSERT INTO telefono_cliente(id_cliente,telefono_cliente) VALUES (72,'5549375591');
INSERT INTO telefono_cliente(id_cliente,telefono_cliente) VALUES (17,'5523401643');
INSERT INTO telefono_cliente(id_cliente,telefono_cliente) VALUES (80,'5546655236');
INSERT INTO telefono_cliente(id_cliente,telefono_cliente) VALUES (57,'5581961946');
INSERT INTO telefono_cliente(id_cliente,telefono_cliente) VALUES (20,'5529638814');
INSERT INTO telefono_cliente(id_cliente,telefono_cliente) VALUES (52,'5502400299');
INSERT INTO telefono_cliente(id_cliente,telefono_cliente) VALUES (65,'5518944098');
INSERT INTO telefono_cliente(id_cliente,telefono_cliente) VALUES (90,'5557999599');
INSERT INTO telefono_cliente(id_cliente,telefono_cliente) VALUES (53,'5506261901');
INSERT INTO telefono_cliente(id_cliente,telefono_cliente) VALUES (49,'5558243051');
INSERT INTO telefono_cliente(id_cliente,telefono_cliente) VALUES (22,'5537580954');
INSERT INTO telefono_cliente(id_cliente,telefono_cliente) VALUES (95,'5566896619');
INSERT INTO telefono_cliente(id_cliente,telefono_cliente) VALUES (30,'5566687847');
INSERT INTO telefono_cliente(id_cliente,telefono_cliente) VALUES (18,'5504369528');
INSERT INTO telefono_cliente(id_cliente,telefono_cliente) VALUES (81,'5565420671');
INSERT INTO telefono_cliente(id_cliente,telefono_cliente) VALUES (15,'5556708483');
INSERT INTO telefono_cliente(id_cliente,telefono_cliente) VALUES (71,'5556886569');
INSERT INTO telefono_cliente(id_cliente,telefono_cliente) VALUES (28,'5574435277');
INSERT INTO telefono_cliente(id_cliente,telefono_cliente) VALUES (76,'5595680285');
INSERT INTO telefono_cliente(id_cliente,telefono_cliente) VALUES (36,'5579045526');
INSERT INTO telefono_cliente(id_cliente,telefono_cliente) VALUES (77,'5577871727');
INSERT INTO telefono_cliente(id_cliente,telefono_cliente) VALUES (65,'5568719488');
INSERT INTO telefono_cliente(id_cliente,telefono_cliente) VALUES (6,'5572982861');
INSERT INTO telefono_cliente(id_cliente,telefono_cliente) VALUES (67,'5522111638');
INSERT INTO telefono_cliente(id_cliente,telefono_cliente) VALUES (5,'5581326552');
INSERT INTO telefono_cliente(id_cliente,telefono_cliente) VALUES (98,'5540203886');
INSERT INTO telefono_cliente(id_cliente,telefono_cliente) VALUES (78,'5535275929');
INSERT INTO telefono_cliente(id_cliente,telefono_cliente) VALUES (98,'5524173630');
INSERT INTO telefono_cliente(id_cliente,telefono_cliente) VALUES (61,'5539537963');
INSERT INTO telefono_cliente(id_cliente,telefono_cliente) VALUES (24,'5540559461');
INSERT INTO telefono_cliente(id_cliente,telefono_cliente) VALUES (16,'5560235276');
INSERT INTO telefono_cliente(id_cliente,telefono_cliente) VALUES (11,'5596108422');
INSERT INTO telefono_cliente(id_cliente,telefono_cliente) VALUES (23,'5517378811');
INSERT INTO telefono_cliente(id_cliente,telefono_cliente) VALUES (66,'5587509916');
INSERT INTO telefono_cliente(id_cliente,telefono_cliente) VALUES (21,'5550973347');
INSERT INTO telefono_cliente(id_cliente,telefono_cliente) VALUES (48,'5533353291');
INSERT INTO telefono_cliente(id_cliente,telefono_cliente) VALUES (57,'5536872531');
INSERT INTO telefono_cliente(id_cliente,telefono_cliente) VALUES (34,'5598366374');
INSERT INTO telefono_cliente(id_cliente,telefono_cliente) VALUES (84,'5524287686');
INSERT INTO telefono_cliente(id_cliente,telefono_cliente) VALUES (84,'5585541605');
INSERT INTO telefono_cliente(id_cliente,telefono_cliente) VALUES (21,'5590800975');
INSERT INTO telefono_cliente(id_cliente,telefono_cliente) VALUES (36,'5551461349');
INSERT INTO telefono_cliente(id_cliente,telefono_cliente) VALUES (67,'5581467487');
INSERT INTO telefono_cliente(id_cliente,telefono_cliente) VALUES (31,'5539925364');
INSERT INTO telefono_cliente(id_cliente,telefono_cliente) VALUES (100,'5591866375');
INSERT INTO telefono_cliente(id_cliente,telefono_cliente) VALUES (76,'5551495247');
INSERT INTO telefono_cliente(id_cliente,telefono_cliente) VALUES (26,'5542334772');
INSERT INTO telefono_cliente(id_cliente,telefono_cliente) VALUES (41,'5532175284');
INSERT INTO telefono_cliente(id_cliente,telefono_cliente) VALUES (96,'5589451624');
INSERT INTO telefono_cliente(id_cliente,telefono_cliente) VALUES (95,'5504616719');
INSERT INTO telefono_cliente(id_cliente,telefono_cliente) VALUES (34,'5536199576');
INSERT INTO telefono_cliente(id_cliente,telefono_cliente) VALUES (53,'5520544577');
INSERT INTO telefono_cliente(id_cliente,telefono_cliente) VALUES (63,'5562976335');
INSERT INTO telefono_cliente(id_cliente,telefono_cliente) VALUES (79,'5569977374');
INSERT INTO telefono_cliente(id_cliente,telefono_cliente) VALUES (75,'5560424713');
INSERT INTO telefono_cliente(id_cliente,telefono_cliente) VALUES (73,'5576800615');
INSERT INTO telefono_cliente(id_cliente,telefono_cliente) VALUES (42,'5557812041');
INSERT INTO telefono_cliente(id_cliente,telefono_cliente) VALUES (25,'5519003684');
INSERT INTO telefono_cliente(id_cliente,telefono_cliente) VALUES (4,'5570281722');
INSERT INTO telefono_cliente(id_cliente,telefono_cliente) VALUES (88,'5589376847');
INSERT INTO telefono_cliente(id_cliente,telefono_cliente) VALUES (60,'5560322252');
INSERT INTO telefono_cliente(id_cliente,telefono_cliente) VALUES (89,'5593423464');
INSERT INTO telefono_cliente(id_cliente,telefono_cliente) VALUES (50,'5558842924');
INSERT INTO telefono_cliente(id_cliente,telefono_cliente) VALUES (76,'5541746090');
INSERT INTO telefono_cliente(id_cliente,telefono_cliente) VALUES (28,'5555479790');
INSERT INTO telefono_cliente(id_cliente,telefono_cliente) VALUES (40,'5554775437');
INSERT INTO telefono_cliente(id_cliente,telefono_cliente) VALUES (22,'5575762956');
INSERT INTO telefono_cliente(id_cliente,telefono_cliente) VALUES (15,'5503772998');
INSERT INTO telefono_cliente(id_cliente,telefono_cliente) VALUES (70,'5568740135');
INSERT INTO telefono_cliente(id_cliente,telefono_cliente) VALUES (46,'5583975748');
INSERT INTO telefono_cliente(id_cliente,telefono_cliente) VALUES (74,'5565977512');
INSERT INTO telefono_cliente(id_cliente,telefono_cliente) VALUES (32,'5537906008');
INSERT INTO telefono_cliente(id_cliente,telefono_cliente) VALUES (56,'5590081815');
INSERT INTO telefono_cliente(id_cliente,telefono_cliente) VALUES (11,'5564938045');
INSERT INTO telefono_cliente(id_cliente,telefono_cliente) VALUES (96,'5554187393');
INSERT INTO telefono_cliente(id_cliente,telefono_cliente) VALUES (61,'5578024952');
INSERT INTO telefono_cliente(id_cliente,telefono_cliente) VALUES (33,'5580918001');
