INSERT INTO cliente(id_cliente,nombre,fecha_nacimiento) VALUES (1,'Ebeneser Cherrett','1990/10/07');
INSERT INTO cliente(id_cliente,nombre,fecha_nacimiento) VALUES (2,'Grover Yankishin','1999/09/20');
INSERT INTO cliente(id_cliente,nombre,fecha_nacimiento) VALUES (3,'Fanechka Pellamonuten','1974/03/27');
INSERT INTO cliente(id_cliente,nombre,fecha_nacimiento) VALUES (4,'Mikol McQuorkel','1961/08/27');
INSERT INTO cliente(id_cliente,nombre,fecha_nacimiento) VALUES (5,'Ailey Dickey','1989/01/24');
INSERT INTO cliente(id_cliente,nombre,fecha_nacimiento) VALUES (6,'Harrietta Arden','1981/06/28');
INSERT INTO cliente(id_cliente,nombre,fecha_nacimiento) VALUES (7,'Trace Foch','1971/09/21');
INSERT INTO cliente(id_cliente,nombre,fecha_nacimiento) VALUES (8,'Mahala Bonifazio','2002/05/24');
INSERT INTO cliente(id_cliente,nombre,fecha_nacimiento) VALUES (9,'Nevin Ryal','1975/09/01');
INSERT INTO cliente(id_cliente,nombre,fecha_nacimiento) VALUES (10,'Eveleen Gosnall','1969/03/18');
INSERT INTO cliente(id_cliente,nombre,fecha_nacimiento) VALUES (11,'Alasteir Storry','1965/03/31');
INSERT INTO cliente(id_cliente,nombre,fecha_nacimiento) VALUES (12,'Harvey Perrot','1988/05/15');
INSERT INTO cliente(id_cliente,nombre,fecha_nacimiento) VALUES (13,'Norbert Vallance','2002/05/26');
INSERT INTO cliente(id_cliente,nombre,fecha_nacimiento) VALUES (14,'Kristel Barneville','1966/12/07');
INSERT INTO cliente(id_cliente,nombre,fecha_nacimiento) VALUES (15,'Silva Sutterfield','1968/09/06');
INSERT INTO cliente(id_cliente,nombre,fecha_nacimiento) VALUES (16,'Hilary Mathey','1984/03/26');
INSERT INTO cliente(id_cliente,nombre,fecha_nacimiento) VALUES (17,'Willi Rosita','1992/01/24');
INSERT INTO cliente(id_cliente,nombre,fecha_nacimiento) VALUES (18,'Lianna Robeson','1980/09/05');
INSERT INTO cliente(id_cliente,nombre,fecha_nacimiento) VALUES (19,'Keefe Parr','1968/03/18');
INSERT INTO cliente(id_cliente,nombre,fecha_nacimiento) VALUES (20,'Jasmina Ovesen','1970/03/22');
INSERT INTO cliente(id_cliente,nombre,fecha_nacimiento) VALUES (21,'Teodorico Guslon','1997/04/18');
INSERT INTO cliente(id_cliente,nombre,fecha_nacimiento) VALUES (22,'Ely Barchrameev','1981/03/22');
INSERT INTO cliente(id_cliente,nombre,fecha_nacimiento) VALUES (23,'Rawley Bocock','1990/09/22');
INSERT INTO cliente(id_cliente,nombre,fecha_nacimiento) VALUES (24,'Joela Sancraft','1962/11/03');
INSERT INTO cliente(id_cliente,nombre,fecha_nacimiento) VALUES (25,'Petronella Hiscocks','1967/06/14');
INSERT INTO cliente(id_cliente,nombre,fecha_nacimiento) VALUES (26,'Aviva Castle','1973/08/10');
INSERT INTO cliente(id_cliente,nombre,fecha_nacimiento) VALUES (27,'Jilleen Linfield','1967/07/02');
INSERT INTO cliente(id_cliente,nombre,fecha_nacimiento) VALUES (28,'Corrine Crosoer','1975/10/19');
INSERT INTO cliente(id_cliente,nombre,fecha_nacimiento) VALUES (29,'Baillie Kynoch','1964/01/17');
INSERT INTO cliente(id_cliente,nombre,fecha_nacimiento) VALUES (30,'Rosaleen Sawkin','1965/06/21');
INSERT INTO cliente(id_cliente,nombre,fecha_nacimiento) VALUES (31,'Tara Frankema','1993/09/08');
INSERT INTO cliente(id_cliente,nombre,fecha_nacimiento) VALUES (32,'Pia Andri','1961/03/30');
INSERT INTO cliente(id_cliente,nombre,fecha_nacimiento) VALUES (33,'Kermy Cartin','2002/03/15');
INSERT INTO cliente(id_cliente,nombre,fecha_nacimiento) VALUES (34,'Ringo Larter','1981/08/09');
INSERT INTO cliente(id_cliente,nombre,fecha_nacimiento) VALUES (35,'Nydia Hedger','1981/06/17');
INSERT INTO cliente(id_cliente,nombre,fecha_nacimiento) VALUES (36,'Marlow MacGown','1995/12/06');
INSERT INTO cliente(id_cliente,nombre,fecha_nacimiento) VALUES (37,'Uri Olman','1977/09/03');
INSERT INTO cliente(id_cliente,nombre,fecha_nacimiento) VALUES (38,'Rikki Disbury','1961/11/24');
INSERT INTO cliente(id_cliente,nombre,fecha_nacimiento) VALUES (39,'Flori Dwight','1996/05/31');
INSERT INTO cliente(id_cliente,nombre,fecha_nacimiento) VALUES (40,'Amalee Lakeman','1997/11/08');
INSERT INTO cliente(id_cliente,nombre,fecha_nacimiento) VALUES (41,'Camilla Everal','1961/05/24');
INSERT INTO cliente(id_cliente,nombre,fecha_nacimiento) VALUES (42,'Mora Barabisch','1983/02/06');
INSERT INTO cliente(id_cliente,nombre,fecha_nacimiento) VALUES (43,'Dolly Olliver','1975/12/06');
INSERT INTO cliente(id_cliente,nombre,fecha_nacimiento) VALUES (44,'Maureene Praundl','1979/04/06');
INSERT INTO cliente(id_cliente,nombre,fecha_nacimiento) VALUES (45,'Delaney Sexstone','1969/03/25');
INSERT INTO cliente(id_cliente,nombre,fecha_nacimiento) VALUES (46,'Hubert Breagan','1974/07/05');
INSERT INTO cliente(id_cliente,nombre,fecha_nacimiento) VALUES (47,'Aeriel Laible','1985/11/01');
INSERT INTO cliente(id_cliente,nombre,fecha_nacimiento) VALUES (48,'Rennie Peckett','1990/09/30');
INSERT INTO cliente(id_cliente,nombre,fecha_nacimiento) VALUES (49,'Magdaia Baribal','2002/07/19');
INSERT INTO cliente(id_cliente,nombre,fecha_nacimiento) VALUES (50,'Mariam Dayne','1976/12/04');
INSERT INTO cliente(id_cliente,nombre,fecha_nacimiento) VALUES (51,'Adriane Karus','1996/11/07');
INSERT INTO cliente(id_cliente,nombre,fecha_nacimiento) VALUES (52,'Carena Roz','1961/03/22');
INSERT INTO cliente(id_cliente,nombre,fecha_nacimiento) VALUES (53,'Bria Kirkup','2004/05/06');
INSERT INTO cliente(id_cliente,nombre,fecha_nacimiento) VALUES (54,'Reilly Merioth','1984/06/29');
INSERT INTO cliente(id_cliente,nombre,fecha_nacimiento) VALUES (55,'Derron Egginton','1976/07/09');
INSERT INTO cliente(id_cliente,nombre,fecha_nacimiento) VALUES (56,'Cam Orht','1982/02/11');
INSERT INTO cliente(id_cliente,nombre,fecha_nacimiento) VALUES (57,'Bonnee Bowyer','1979/02/10');
INSERT INTO cliente(id_cliente,nombre,fecha_nacimiento) VALUES (58,'Orsa Estabrook','1993/02/01');
INSERT INTO cliente(id_cliente,nombre,fecha_nacimiento) VALUES (59,'Giovanna Nesbit','1998/07/19');
INSERT INTO cliente(id_cliente,nombre,fecha_nacimiento) VALUES (60,'Charo MacAnellye','1991/12/21');
INSERT INTO cliente(id_cliente,nombre,fecha_nacimiento) VALUES (61,'Adah Pyburn','2004/01/14');
INSERT INTO cliente(id_cliente,nombre,fecha_nacimiento) VALUES (62,'Gerty Ohms','2002/01/26');
INSERT INTO cliente(id_cliente,nombre,fecha_nacimiento) VALUES (63,'Penny Duddle','2003/01/08');
INSERT INTO cliente(id_cliente,nombre,fecha_nacimiento) VALUES (64,'Demetris Rewan','1985/11/26');
INSERT INTO cliente(id_cliente,nombre,fecha_nacimiento) VALUES (65,'Fenelia Frantzeni','1989/01/20');
INSERT INTO cliente(id_cliente,nombre,fecha_nacimiento) VALUES (66,'Myrah Jahan','2002/08/30');
INSERT INTO cliente(id_cliente,nombre,fecha_nacimiento) VALUES (67,'Percival Harsent','1991/01/15');
INSERT INTO cliente(id_cliente,nombre,fecha_nacimiento) VALUES (68,'Fiona Barrass','1988/01/20');
INSERT INTO cliente(id_cliente,nombre,fecha_nacimiento) VALUES (69,'Bambi Wellbeloved','1960/02/07');
INSERT INTO cliente(id_cliente,nombre,fecha_nacimiento) VALUES (70,'Shannon Knights','1999/09/22');
INSERT INTO cliente(id_cliente,nombre,fecha_nacimiento) VALUES (71,'Adoree Lawling','2002/05/18');
INSERT INTO cliente(id_cliente,nombre,fecha_nacimiento) VALUES (72,'Wally Loalday','1976/10/27');
INSERT INTO cliente(id_cliente,nombre,fecha_nacimiento) VALUES (73,'Cedric Yatman','2004/08/16');
INSERT INTO cliente(id_cliente,nombre,fecha_nacimiento) VALUES (74,'Josee Pirnie','1972/05/08');
INSERT INTO cliente(id_cliente,nombre,fecha_nacimiento) VALUES (75,'Fonz Goby','1974/09/19');
INSERT INTO cliente(id_cliente,nombre,fecha_nacimiento) VALUES (76,'Evelyn Roots','1961/04/05');
INSERT INTO cliente(id_cliente,nombre,fecha_nacimiento) VALUES (77,'Archibald Bortolozzi','1997/12/27');
INSERT INTO cliente(id_cliente,nombre,fecha_nacimiento) VALUES (78,'Richart Rosle','2002/07/16');
INSERT INTO cliente(id_cliente,nombre,fecha_nacimiento) VALUES (79,'Sisile Vernau','1998/05/19');
INSERT INTO cliente(id_cliente,nombre,fecha_nacimiento) VALUES (80,'Andrej Halmkin','1991/10/31');
INSERT INTO cliente(id_cliente,nombre,fecha_nacimiento) VALUES (81,'Xenos Sprules','1997/03/28');
INSERT INTO cliente(id_cliente,nombre,fecha_nacimiento) VALUES (82,'Sheffy Tomasoni','1981/11/13');
INSERT INTO cliente(id_cliente,nombre,fecha_nacimiento) VALUES (83,'Ring Garm','1995/05/08');
INSERT INTO cliente(id_cliente,nombre,fecha_nacimiento) VALUES (84,'Norine Synke','1964/08/13');
INSERT INTO cliente(id_cliente,nombre,fecha_nacimiento) VALUES (85,'Jillayne Leeburne','1974/07/30');
INSERT INTO cliente(id_cliente,nombre,fecha_nacimiento) VALUES (86,'Ansel Gandley','1983/06/08');
INSERT INTO cliente(id_cliente,nombre,fecha_nacimiento) VALUES (87,'Roselia Shapira','2002/08/06');
INSERT INTO cliente(id_cliente,nombre,fecha_nacimiento) VALUES (88,'Marigold Pashen','1994/12/30');
INSERT INTO cliente(id_cliente,nombre,fecha_nacimiento) VALUES (89,'Stephi Renn','1991/06/18');
INSERT INTO cliente(id_cliente,nombre,fecha_nacimiento) VALUES (90,'Zach Manns','1963/04/07');
INSERT INTO cliente(id_cliente,nombre,fecha_nacimiento) VALUES (91,'Emerson Clarkin','1974/01/24');
INSERT INTO cliente(id_cliente,nombre,fecha_nacimiento) VALUES (92,'Rivy Kubacki','1974/01/07');
INSERT INTO cliente(id_cliente,nombre,fecha_nacimiento) VALUES (93,'Charmion Grosvener','1973/02/07');
INSERT INTO cliente(id_cliente,nombre,fecha_nacimiento) VALUES (94,'Spenser Hazelgrove','1997/03/14');
INSERT INTO cliente(id_cliente,nombre,fecha_nacimiento) VALUES (95,'Damiano Cicerone','1973/07/14');
INSERT INTO cliente(id_cliente,nombre,fecha_nacimiento) VALUES (96,'Joan Saw','1990/11/16');
INSERT INTO cliente(id_cliente,nombre,fecha_nacimiento) VALUES (97,'Paige Hardi','1991/07/25');
INSERT INTO cliente(id_cliente,nombre,fecha_nacimiento) VALUES (98,'Tallulah Itzcovich','1965/04/28');
INSERT INTO cliente(id_cliente,nombre,fecha_nacimiento) VALUES (99,'Golda Campkin','1996/06/04');
INSERT INTO cliente(id_cliente,nombre,fecha_nacimiento) VALUES (100,'Lorrie Sperrett','2002/07/12');

INSERT INTO correo_electronico_cliente(id_cliente,correo_electronico_cliente) VALUES (46,'glebourn0@drupal.org');
INSERT INTO correo_electronico_cliente(id_cliente,correo_electronico_cliente) VALUES (12,'fjerok1@java.com');
INSERT INTO correo_electronico_cliente(id_cliente,correo_electronico_cliente) VALUES (52,'prolse2@springer.com');
INSERT INTO correo_electronico_cliente(id_cliente,correo_electronico_cliente) VALUES (34,'veslemont3@senate.gov');
INSERT INTO correo_electronico_cliente(id_cliente,correo_electronico_cliente) VALUES (2,'qsafe4@wix.com');
INSERT INTO correo_electronico_cliente(id_cliente,correo_electronico_cliente) VALUES (40,'cdelia5@bbb.org');
INSERT INTO correo_electronico_cliente(id_cliente,correo_electronico_cliente) VALUES (87,'mcannell6@msu.edu');
INSERT INTO correo_electronico_cliente(id_cliente,correo_electronico_cliente) VALUES (45,'kcraze7@unc.edu');
INSERT INTO correo_electronico_cliente(id_cliente,correo_electronico_cliente) VALUES (69,'fmacourek8@drupal.org');
INSERT INTO correo_electronico_cliente(id_cliente,correo_electronico_cliente) VALUES (99,'wborris9@vinaora.com');
INSERT INTO correo_electronico_cliente(id_cliente,correo_electronico_cliente) VALUES (61,'afancutta@bandcamp.com');
INSERT INTO correo_electronico_cliente(id_cliente,correo_electronico_cliente) VALUES (30,'tcostanzab@geocities.jp');
INSERT INTO correo_electronico_cliente(id_cliente,correo_electronico_cliente) VALUES (63,'aedgleyc@ucoz.ru');
INSERT INTO correo_electronico_cliente(id_cliente,correo_electronico_cliente) VALUES (60,'mgalierd@naver.com');
INSERT INTO correo_electronico_cliente(id_cliente,correo_electronico_cliente) VALUES (8,'dcasae@alexa.com');
INSERT INTO correo_electronico_cliente(id_cliente,correo_electronico_cliente) VALUES (59,'pbransdonf@123-reg.co.uk');
INSERT INTO correo_electronico_cliente(id_cliente,correo_electronico_cliente) VALUES (72,'nkrolikg@google.pl');
INSERT INTO correo_electronico_cliente(id_cliente,correo_electronico_cliente) VALUES (84,'pmarklinh@e-recht24.de');
INSERT INTO correo_electronico_cliente(id_cliente,correo_electronico_cliente) VALUES (33,'cmurieli@marketwatch.com');
INSERT INTO correo_electronico_cliente(id_cliente,correo_electronico_cliente) VALUES (61,'ejollimanj@reference.com');
INSERT INTO correo_electronico_cliente(id_cliente,correo_electronico_cliente) VALUES (52,'apretoriusk@ifeng.com');
INSERT INTO correo_electronico_cliente(id_cliente,correo_electronico_cliente) VALUES (49,'wadamekl@tumblr.com');
INSERT INTO correo_electronico_cliente(id_cliente,correo_electronico_cliente) VALUES (2,'btearm@umich.edu');
INSERT INTO correo_electronico_cliente(id_cliente,correo_electronico_cliente) VALUES (42,'nbridgelandn@multiply.com');
INSERT INTO correo_electronico_cliente(id_cliente,correo_electronico_cliente) VALUES (99,'mbraideno@about.com');
INSERT INTO correo_electronico_cliente(id_cliente,correo_electronico_cliente) VALUES (17,'csilvermanp@tuttocitta.it');
INSERT INTO correo_electronico_cliente(id_cliente,correo_electronico_cliente) VALUES (76,'mocrevyq@163.com');
INSERT INTO correo_electronico_cliente(id_cliente,correo_electronico_cliente) VALUES (75,'agrovierr@arstechnica.com');
INSERT INTO correo_electronico_cliente(id_cliente,correo_electronico_cliente) VALUES (55,'gsemans@yahoo.com');
INSERT INTO correo_electronico_cliente(id_cliente,correo_electronico_cliente) VALUES (39,'mbourtont@shutterfly.com');
INSERT INTO correo_electronico_cliente(id_cliente,correo_electronico_cliente) VALUES (53,'sdefrancisciu@soundcloud.com');
INSERT INTO correo_electronico_cliente(id_cliente,correo_electronico_cliente) VALUES (7,'sgethynv@chicagotribune.com');
INSERT INTO correo_electronico_cliente(id_cliente,correo_electronico_cliente) VALUES (42,'csahnoww@wikimedia.org');
INSERT INTO correo_electronico_cliente(id_cliente,correo_electronico_cliente) VALUES (20,'mbuffyx@squidoo.com');
INSERT INTO correo_electronico_cliente(id_cliente,correo_electronico_cliente) VALUES (32,'hcreery@discuz.net');
INSERT INTO correo_electronico_cliente(id_cliente,correo_electronico_cliente) VALUES (58,'gcirlosz@cnet.com');
INSERT INTO correo_electronico_cliente(id_cliente,correo_electronico_cliente) VALUES (80,'lheathcoat10@slideshare.net');
INSERT INTO correo_electronico_cliente(id_cliente,correo_electronico_cliente) VALUES (61,'dkleehuhler11@reddit.com');
INSERT INTO correo_electronico_cliente(id_cliente,correo_electronico_cliente) VALUES (18,'eeaster12@shop-pro.jp');
INSERT INTO correo_electronico_cliente(id_cliente,correo_electronico_cliente) VALUES (27,'mcosely13@sitemeter.com');
INSERT INTO correo_electronico_cliente(id_cliente,correo_electronico_cliente) VALUES (46,'cbernholt14@is.gd');
INSERT INTO correo_electronico_cliente(id_cliente,correo_electronico_cliente) VALUES (64,'mdeporte15@omniture.com');
INSERT INTO correo_electronico_cliente(id_cliente,correo_electronico_cliente) VALUES (100,'blawther16@upenn.edu');
INSERT INTO correo_electronico_cliente(id_cliente,correo_electronico_cliente) VALUES (85,'gbilles17@chicagotribune.com');
INSERT INTO correo_electronico_cliente(id_cliente,correo_electronico_cliente) VALUES (67,'mstain18@newyorker.com');
INSERT INTO correo_electronico_cliente(id_cliente,correo_electronico_cliente) VALUES (69,'gthorns19@google.nl');
INSERT INTO correo_electronico_cliente(id_cliente,correo_electronico_cliente) VALUES (4,'asuggitt1a@google.ca');
INSERT INTO correo_electronico_cliente(id_cliente,correo_electronico_cliente) VALUES (70,'iullrich1b@wired.com');
INSERT INTO correo_electronico_cliente(id_cliente,correo_electronico_cliente) VALUES (64,'rchellenham1c@imgur.com');
INSERT INTO correo_electronico_cliente(id_cliente,correo_electronico_cliente) VALUES (7,'motowey1d@howstuffworks.com');
INSERT INTO correo_electronico_cliente(id_cliente,correo_electronico_cliente) VALUES (84,'asimmill1e@dagondesign.com');
INSERT INTO correo_electronico_cliente(id_cliente,correo_electronico_cliente) VALUES (80,'jmcilmorie1f@earthlink.net');
INSERT INTO correo_electronico_cliente(id_cliente,correo_electronico_cliente) VALUES (10,'bsimonini1g@imageshack.us');
INSERT INTO correo_electronico_cliente(id_cliente,correo_electronico_cliente) VALUES (69,'sshier1h@addtoany.com');
INSERT INTO correo_electronico_cliente(id_cliente,correo_electronico_cliente) VALUES (53,'jdermot1i@marketwatch.com');
INSERT INTO correo_electronico_cliente(id_cliente,correo_electronico_cliente) VALUES (6,'cfraschini1j@chronoengine.com');
INSERT INTO correo_electronico_cliente(id_cliente,correo_electronico_cliente) VALUES (86,'ehawkridge1k@businessinsider.com');
INSERT INTO correo_electronico_cliente(id_cliente,correo_electronico_cliente) VALUES (49,'rsperwell1l@unesco.org');
INSERT INTO correo_electronico_cliente(id_cliente,correo_electronico_cliente) VALUES (50,'ebendon1m@infoseek.co.jp');
INSERT INTO correo_electronico_cliente(id_cliente,correo_electronico_cliente) VALUES (79,'cbarson1n@opera.com');
INSERT INTO correo_electronico_cliente(id_cliente,correo_electronico_cliente) VALUES (18,'mconnett1o@icq.com');
INSERT INTO correo_electronico_cliente(id_cliente,correo_electronico_cliente) VALUES (42,'lgaukrodge1p@indiegogo.com');
INSERT INTO correo_electronico_cliente(id_cliente,correo_electronico_cliente) VALUES (19,'aheinig1q@instagram.com');
INSERT INTO correo_electronico_cliente(id_cliente,correo_electronico_cliente) VALUES (49,'vmaddrell1r@spotify.com');
INSERT INTO correo_electronico_cliente(id_cliente,correo_electronico_cliente) VALUES (1,'vanstee1s@acquirethisname.com');
INSERT INTO correo_electronico_cliente(id_cliente,correo_electronico_cliente) VALUES (20,'qcoates1t@vk.com');
INSERT INTO correo_electronico_cliente(id_cliente,correo_electronico_cliente) VALUES (88,'zmacdiarmid1u@census.gov');
INSERT INTO correo_electronico_cliente(id_cliente,correo_electronico_cliente) VALUES (86,'kvonasek1v@google.com');
INSERT INTO correo_electronico_cliente(id_cliente,correo_electronico_cliente) VALUES (75,'cstoacley1w@wikispaces.com');
INSERT INTO correo_electronico_cliente(id_cliente,correo_electronico_cliente) VALUES (78,'bcherry1x@hatena.ne.jp');
INSERT INTO correo_electronico_cliente(id_cliente,correo_electronico_cliente) VALUES (9,'churd1y@nps.gov');
INSERT INTO correo_electronico_cliente(id_cliente,correo_electronico_cliente) VALUES (88,'sjenking1z@hugedomains.com');
INSERT INTO correo_electronico_cliente(id_cliente,correo_electronico_cliente) VALUES (19,'rbarkworth20@va.gov');
INSERT INTO correo_electronico_cliente(id_cliente,correo_electronico_cliente) VALUES (98,'tcrottagh21@scribd.com');
INSERT INTO correo_electronico_cliente(id_cliente,correo_electronico_cliente) VALUES (75,'jbarnett22@unblog.fr');
INSERT INTO correo_electronico_cliente(id_cliente,correo_electronico_cliente) VALUES (83,'roroan23@blog.com');
INSERT INTO correo_electronico_cliente(id_cliente,correo_electronico_cliente) VALUES (22,'sbuttriss24@sciencedirect.com');
INSERT INTO correo_electronico_cliente(id_cliente,correo_electronico_cliente) VALUES (15,'pshepherd25@simplemachines.org');
INSERT INTO correo_electronico_cliente(id_cliente,correo_electronico_cliente) VALUES (61,'dknibbs26@t-online.de');
INSERT INTO correo_electronico_cliente(id_cliente,correo_electronico_cliente) VALUES (76,'pglaze27@kickstarter.com');
INSERT INTO correo_electronico_cliente(id_cliente,correo_electronico_cliente) VALUES (44,'vcrackett28@answers.com');
INSERT INTO correo_electronico_cliente(id_cliente,correo_electronico_cliente) VALUES (14,'cbrute29@nature.com');
INSERT INTO correo_electronico_cliente(id_cliente,correo_electronico_cliente) VALUES (92,'sspinetti2a@cornell.edu');
INSERT INTO correo_electronico_cliente(id_cliente,correo_electronico_cliente) VALUES (42,'wcroysdale2b@google.fr');
INSERT INTO correo_electronico_cliente(id_cliente,correo_electronico_cliente) VALUES (14,'mkennsley2c@patch.com');
INSERT INTO correo_electronico_cliente(id_cliente,correo_electronico_cliente) VALUES (72,'gwittrington2d@msu.edu');
INSERT INTO correo_electronico_cliente(id_cliente,correo_electronico_cliente) VALUES (89,'jvero2e@house.gov');
INSERT INTO correo_electronico_cliente(id_cliente,correo_electronico_cliente) VALUES (77,'bbrisley2f@epa.gov');
INSERT INTO correo_electronico_cliente(id_cliente,correo_electronico_cliente) VALUES (86,'nbottle2g@dot.gov');
INSERT INTO correo_electronico_cliente(id_cliente,correo_electronico_cliente) VALUES (70,'dgerriet2h@imgur.com');
INSERT INTO correo_electronico_cliente(id_cliente,correo_electronico_cliente) VALUES (48,'leary2i@unicef.org');
INSERT INTO correo_electronico_cliente(id_cliente,correo_electronico_cliente) VALUES (72,'iclarridge2j@dell.com');
INSERT INTO correo_electronico_cliente(id_cliente,correo_electronico_cliente) VALUES (24,'obernhardt2k@aol.com');
INSERT INTO correo_electronico_cliente(id_cliente,correo_electronico_cliente) VALUES (65,'stittershill2l@adobe.com');
INSERT INTO correo_electronico_cliente(id_cliente,correo_electronico_cliente) VALUES (96,'achapling2m@cnet.com');
INSERT INTO correo_electronico_cliente(id_cliente,correo_electronico_cliente) VALUES (68,'nfoddy2n@washington.edu');
INSERT INTO correo_electronico_cliente(id_cliente,correo_electronico_cliente) VALUES (23,'wdencs2o@indiegogo.com');
INSERT INTO correo_electronico_cliente(id_cliente,correo_electronico_cliente) VALUES (19,'fhadeke2p@blog.com');
INSERT INTO correo_electronico_cliente(id_cliente,correo_electronico_cliente) VALUES (25,'fhaggett2q@upenn.edu');
INSERT INTO correo_electronico_cliente(id_cliente,correo_electronico_cliente) VALUES (53,'apods2r@whitehouse.gov');

INSERT INTO telefono_cliente(id_cliente,telefono_cliente) VALUES (89,'5503978461');
INSERT INTO telefono_cliente(id_cliente,telefono_cliente) VALUES (77,'5527716720');
INSERT INTO telefono_cliente(id_cliente,telefono_cliente) VALUES (32,'5543655272');
INSERT INTO telefono_cliente(id_cliente,telefono_cliente) VALUES (64,'5533448271');
INSERT INTO telefono_cliente(id_cliente,telefono_cliente) VALUES (92,'5580686534');
INSERT INTO telefono_cliente(id_cliente,telefono_cliente) VALUES (46,'5503584314');
INSERT INTO telefono_cliente(id_cliente,telefono_cliente) VALUES (5,'5557834814');
INSERT INTO telefono_cliente(id_cliente,telefono_cliente) VALUES (76,'5548013646');
INSERT INTO telefono_cliente(id_cliente,telefono_cliente) VALUES (34,'5562123317');
INSERT INTO telefono_cliente(id_cliente,telefono_cliente) VALUES (85,'5576944196');
INSERT INTO telefono_cliente(id_cliente,telefono_cliente) VALUES (89,'5568270703');
INSERT INTO telefono_cliente(id_cliente,telefono_cliente) VALUES (42,'5571518199');
INSERT INTO telefono_cliente(id_cliente,telefono_cliente) VALUES (56,'5557173703');
INSERT INTO telefono_cliente(id_cliente,telefono_cliente) VALUES (62,'5587133123');
INSERT INTO telefono_cliente(id_cliente,telefono_cliente) VALUES (72,'5513428897');
INSERT INTO telefono_cliente(id_cliente,telefono_cliente) VALUES (90,'5561685300');
INSERT INTO telefono_cliente(id_cliente,telefono_cliente) VALUES (15,'5575376358');
INSERT INTO telefono_cliente(id_cliente,telefono_cliente) VALUES (29,'5517069319');
INSERT INTO telefono_cliente(id_cliente,telefono_cliente) VALUES (63,'5526147250');
INSERT INTO telefono_cliente(id_cliente,telefono_cliente) VALUES (19,'5591981270');
INSERT INTO telefono_cliente(id_cliente,telefono_cliente) VALUES (64,'5527384798');
INSERT INTO telefono_cliente(id_cliente,telefono_cliente) VALUES (87,'5556730134');
INSERT INTO telefono_cliente(id_cliente,telefono_cliente) VALUES (62,'5521393886');
INSERT INTO telefono_cliente(id_cliente,telefono_cliente) VALUES (72,'5549375591');
INSERT INTO telefono_cliente(id_cliente,telefono_cliente) VALUES (17,'5523401643');
INSERT INTO telefono_cliente(id_cliente,telefono_cliente) VALUES (80,'5546655236');
INSERT INTO telefono_cliente(id_cliente,telefono_cliente) VALUES (57,'5581961946');
INSERT INTO telefono_cliente(id_cliente,telefono_cliente) VALUES (20,'5529638814');
INSERT INTO telefono_cliente(id_cliente,telefono_cliente) VALUES (52,'5502400299');
INSERT INTO telefono_cliente(id_cliente,telefono_cliente) VALUES (65,'5518944098');
INSERT INTO telefono_cliente(id_cliente,telefono_cliente) VALUES (90,'5557999599');
INSERT INTO telefono_cliente(id_cliente,telefono_cliente) VALUES (53,'5506261901');
INSERT INTO telefono_cliente(id_cliente,telefono_cliente) VALUES (49,'5558243051');
INSERT INTO telefono_cliente(id_cliente,telefono_cliente) VALUES (22,'5537580954');
INSERT INTO telefono_cliente(id_cliente,telefono_cliente) VALUES (95,'5566896619');
INSERT INTO telefono_cliente(id_cliente,telefono_cliente) VALUES (30,'5566687847');
INSERT INTO telefono_cliente(id_cliente,telefono_cliente) VALUES (18,'5504369528');
INSERT INTO telefono_cliente(id_cliente,telefono_cliente) VALUES (81,'5565420671');
INSERT INTO telefono_cliente(id_cliente,telefono_cliente) VALUES (15,'5556708483');
INSERT INTO telefono_cliente(id_cliente,telefono_cliente) VALUES (71,'5556886569');
INSERT INTO telefono_cliente(id_cliente,telefono_cliente) VALUES (28,'5574435277');
INSERT INTO telefono_cliente(id_cliente,telefono_cliente) VALUES (76,'5595680285');
INSERT INTO telefono_cliente(id_cliente,telefono_cliente) VALUES (36,'5579045526');
INSERT INTO telefono_cliente(id_cliente,telefono_cliente) VALUES (77,'5577871727');
INSERT INTO telefono_cliente(id_cliente,telefono_cliente) VALUES (65,'5568719488');
INSERT INTO telefono_cliente(id_cliente,telefono_cliente) VALUES (6,'5572982861');
INSERT INTO telefono_cliente(id_cliente,telefono_cliente) VALUES (67,'5522111638');
INSERT INTO telefono_cliente(id_cliente,telefono_cliente) VALUES (5,'5581326552');
INSERT INTO telefono_cliente(id_cliente,telefono_cliente) VALUES (98,'5540203886');
INSERT INTO telefono_cliente(id_cliente,telefono_cliente) VALUES (78,'5535275929');
INSERT INTO telefono_cliente(id_cliente,telefono_cliente) VALUES (98,'5524173630');
INSERT INTO telefono_cliente(id_cliente,telefono_cliente) VALUES (61,'5539537963');
INSERT INTO telefono_cliente(id_cliente,telefono_cliente) VALUES (24,'5540559461');
INSERT INTO telefono_cliente(id_cliente,telefono_cliente) VALUES (16,'5560235276');
INSERT INTO telefono_cliente(id_cliente,telefono_cliente) VALUES (11,'5596108422');
INSERT INTO telefono_cliente(id_cliente,telefono_cliente) VALUES (23,'5517378811');
INSERT INTO telefono_cliente(id_cliente,telefono_cliente) VALUES (66,'5587509916');
INSERT INTO telefono_cliente(id_cliente,telefono_cliente) VALUES (21,'5550973347');
INSERT INTO telefono_cliente(id_cliente,telefono_cliente) VALUES (48,'5533353291');
INSERT INTO telefono_cliente(id_cliente,telefono_cliente) VALUES (57,'5536872531');
INSERT INTO telefono_cliente(id_cliente,telefono_cliente) VALUES (34,'5598366374');
INSERT INTO telefono_cliente(id_cliente,telefono_cliente) VALUES (84,'5524287686');
INSERT INTO telefono_cliente(id_cliente,telefono_cliente) VALUES (84,'5585541605');
INSERT INTO telefono_cliente(id_cliente,telefono_cliente) VALUES (21,'5590800975');
INSERT INTO telefono_cliente(id_cliente,telefono_cliente) VALUES (36,'5551461349');
INSERT INTO telefono_cliente(id_cliente,telefono_cliente) VALUES (67,'5581467487');
INSERT INTO telefono_cliente(id_cliente,telefono_cliente) VALUES (31,'5539925364');
INSERT INTO telefono_cliente(id_cliente,telefono_cliente) VALUES (100,'5591866375');
INSERT INTO telefono_cliente(id_cliente,telefono_cliente) VALUES (76,'5551495247');
INSERT INTO telefono_cliente(id_cliente,telefono_cliente) VALUES (26,'5542334772');
INSERT INTO telefono_cliente(id_cliente,telefono_cliente) VALUES (41,'5532175284');
INSERT INTO telefono_cliente(id_cliente,telefono_cliente) VALUES (96,'5589451624');
INSERT INTO telefono_cliente(id_cliente,telefono_cliente) VALUES (95,'5504616719');
INSERT INTO telefono_cliente(id_cliente,telefono_cliente) VALUES (34,'5536199576');
INSERT INTO telefono_cliente(id_cliente,telefono_cliente) VALUES (53,'5520544577');
INSERT INTO telefono_cliente(id_cliente,telefono_cliente) VALUES (63,'5562976335');
INSERT INTO telefono_cliente(id_cliente,telefono_cliente) VALUES (79,'5569977374');
INSERT INTO telefono_cliente(id_cliente,telefono_cliente) VALUES (75,'5560424713');
INSERT INTO telefono_cliente(id_cliente,telefono_cliente) VALUES (73,'5576800615');
INSERT INTO telefono_cliente(id_cliente,telefono_cliente) VALUES (42,'5557812041');
INSERT INTO telefono_cliente(id_cliente,telefono_cliente) VALUES (25,'5519003684');
INSERT INTO telefono_cliente(id_cliente,telefono_cliente) VALUES (4,'5570281722');
INSERT INTO telefono_cliente(id_cliente,telefono_cliente) VALUES (88,'5589376847');
INSERT INTO telefono_cliente(id_cliente,telefono_cliente) VALUES (60,'5560322252');
INSERT INTO telefono_cliente(id_cliente,telefono_cliente) VALUES (89,'5593423464');
INSERT INTO telefono_cliente(id_cliente,telefono_cliente) VALUES (50,'5558842924');
INSERT INTO telefono_cliente(id_cliente,telefono_cliente) VALUES (76,'5541746090');
INSERT INTO telefono_cliente(id_cliente,telefono_cliente) VALUES (28,'5555479790');
INSERT INTO telefono_cliente(id_cliente,telefono_cliente) VALUES (40,'5554775437');
INSERT INTO telefono_cliente(id_cliente,telefono_cliente) VALUES (22,'5575762956');
INSERT INTO telefono_cliente(id_cliente,telefono_cliente) VALUES (15,'5503772998');
INSERT INTO telefono_cliente(id_cliente,telefono_cliente) VALUES (70,'5568740135');
INSERT INTO telefono_cliente(id_cliente,telefono_cliente) VALUES (46,'5583975748');
INSERT INTO telefono_cliente(id_cliente,telefono_cliente) VALUES (74,'5565977512');
INSERT INTO telefono_cliente(id_cliente,telefono_cliente) VALUES (32,'5537906008');
INSERT INTO telefono_cliente(id_cliente,telefono_cliente) VALUES (56,'5590081815');
INSERT INTO telefono_cliente(id_cliente,telefono_cliente) VALUES (11,'5564938045');
INSERT INTO telefono_cliente(id_cliente,telefono_cliente) VALUES (96,'5554187393');
INSERT INTO telefono_cliente(id_cliente,telefono_cliente) VALUES (61,'5578024952');
INSERT INTO telefono_cliente(id_cliente,telefono_cliente) VALUES (33,'5580918001');

INSERT INTO c_rol(id_rol,descripcion) VALUES (1,'Gerente de vivero');
INSERT INTO c_rol(id_rol,descripcion) VALUES (2,'Cuidador de plantas');
INSERT INTO c_rol(id_rol,descripcion) VALUES (3,'Encargado de mostrador');
INSERT INTO c_rol(id_rol,descripcion) VALUES (4,'Cajero');

INSERT INTO empleado(id_vivero,id_rol,id_empleado,nombre,fecha_nacimiento,salario,ciudad,estado,cp,calle) VALUES (62,2,1,'Blake Ogers','19/08/1992','$17334.63','Duluth','Minnesota',55811,'8 Leroy Avenue');
INSERT INTO empleado(id_vivero,id_rol,id_empleado,nombre,fecha_nacimiento,salario,ciudad,estado,cp,calle) VALUES (55,1,2,'Noam Bilson','05/05/1905','$14166.37','Wichita','Kansas',67205,'21813 Carberry Parkway');
INSERT INTO empleado(id_vivero,id_rol,id_empleado,nombre,fecha_nacimiento,salario,ciudad,estado,cp,calle) VALUES (73,2,3,'Ashla Dacke','21/04/1945','$16469.72','El Paso','Texas',79940,'0323 Lukken Alley');
INSERT INTO empleado(id_vivero,id_rol,id_empleado,nombre,fecha_nacimiento,salario,ciudad,estado,cp,calle) VALUES (86,2,4,'Gus China','21/10/2000','$19294.58','Washington','District of Columbia',20535,'7838 Hansons Terrace');
INSERT INTO empleado(id_vivero,id_rol,id_empleado,nombre,fecha_nacimiento,salario,ciudad,estado,cp,calle) VALUES (97,4,5,'Thaine Dredge','13/02/1975','$17522.93','Dallas','Texas',75367,'6 Ruskin Point');
INSERT INTO empleado(id_vivero,id_rol,id_empleado,nombre,fecha_nacimiento,salario,ciudad,estado,cp,calle) VALUES (3,4,6,'Chloe McGlashan','10/03/1946','$20443.37','El Paso','Texas',79955,'2 Melvin Way');
INSERT INTO empleado(id_vivero,id_rol,id_empleado,nombre,fecha_nacimiento,salario,ciudad,estado,cp,calle) VALUES (64,2,7,'Rachael Collin','17/01/1970','$12967.11','San Diego','California',92115,'14 Kenwood Drive');
INSERT INTO empleado(id_vivero,id_rol,id_empleado,nombre,fecha_nacimiento,salario,ciudad,estado,cp,calle) VALUES (42,1,8,'Mellisent Lain','27/05/1983','$26925.85','Pittsburgh','Pennsylvania',15279,'7 Dexter Road');
INSERT INTO empleado(id_vivero,id_rol,id_empleado,nombre,fecha_nacimiento,salario,ciudad,estado,cp,calle) VALUES (87,2,9,'Marietta Dundin','06/12/2003','$7906.91','Tucson','Arizona',85710,'8 Waywood Alley');
INSERT INTO empleado(id_vivero,id_rol,id_empleado,nombre,fecha_nacimiento,salario,ciudad,estado,cp,calle) VALUES (76,2,10,'Linette Pavlov','14/09/2004','$20891.26','El Paso','Texas',79950,'40761 Harbort Court');
INSERT INTO empleado(id_vivero,id_rol,id_empleado,nombre,fecha_nacimiento,salario,ciudad,estado,cp,calle) VALUES (91,2,11,'Nicolas Mill','06/06/1982','$21601.75','Charleston','West Virginia',25321,'35503 Arapahoe Trail');
INSERT INTO empleado(id_vivero,id_rol,id_empleado,nombre,fecha_nacimiento,salario,ciudad,estado,cp,calle) VALUES (18,3,12,'Keely Broske','26/08/1932','$13691.76','Fresno','California',93715,'34853 Weeping Birch Court');
INSERT INTO empleado(id_vivero,id_rol,id_empleado,nombre,fecha_nacimiento,salario,ciudad,estado,cp,calle) VALUES (92,4,13,'Chrisse Jeske','14/12/2003','$9796.40','Montgomery','Alabama',36125,'9901 American Ash Lane');
INSERT INTO empleado(id_vivero,id_rol,id_empleado,nombre,fecha_nacimiento,salario,ciudad,estado,cp,calle) VALUES (52,4,14,'Errick McClay','02/05/1914','$14374.62','Elizabeth','New Jersey',07208,'9217 Dorton Trail');
INSERT INTO empleado(id_vivero,id_rol,id_empleado,nombre,fecha_nacimiento,salario,ciudad,estado,cp,calle) VALUES (15,4,15,'Lettie Klewi','07/10/1992','$28382.71','Greenville','South Carolina',29610,'7 Scofield Court');
INSERT INTO empleado(id_vivero,id_rol,id_empleado,nombre,fecha_nacimiento,salario,ciudad,estado,cp,calle) VALUES (56,4,16,'Goddard Denniss','27/04/1950','$14614.97','San Antonio','Texas',78215,'54 Mayer Court');
INSERT INTO empleado(id_vivero,id_rol,id_empleado,nombre,fecha_nacimiento,salario,ciudad,estado,cp,calle) VALUES (87,1,17,'Franchot Sallows','15/07/1942','$13080.09','Fresno','California',93750,'97 Grim Parkway');
INSERT INTO empleado(id_vivero,id_rol,id_empleado,nombre,fecha_nacimiento,salario,ciudad,estado,cp,calle) VALUES (98,3,18,'Steffie Ballantine','30/09/1999','$10822.30','San Diego','California',92165,'806 Reinke Road');
INSERT INTO empleado(id_vivero,id_rol,id_empleado,nombre,fecha_nacimiento,salario,ciudad,estado,cp,calle) VALUES (99,4,19,'Leigh Prettejohns','02/10/1925','$10774.03','Shreveport','Louisiana',71115,'92 Upham Street');
INSERT INTO empleado(id_vivero,id_rol,id_empleado,nombre,fecha_nacimiento,salario,ciudad,estado,cp,calle) VALUES (84,4,20,'Ezri Parres','22/06/1999','$28136.99','Aurora','Illinois',60505,'27596 Loomis Terrace');
INSERT INTO empleado(id_vivero,id_rol,id_empleado,nombre,fecha_nacimiento,salario,ciudad,estado,cp,calle) VALUES (61,3,21,'Erika Skelding','21/10/1929','$19283.22','Palo Alto','California',94302,'6796 Prairieview Road');
INSERT INTO empleado(id_vivero,id_rol,id_empleado,nombre,fecha_nacimiento,salario,ciudad,estado,cp,calle) VALUES (9,4,22,'Galina Edinburgh','11/01/1950','$11076.08','Cincinnati','Ohio',45228,'4401 Autumn Leaf Plaza');
INSERT INTO empleado(id_vivero,id_rol,id_empleado,nombre,fecha_nacimiento,salario,ciudad,estado,cp,calle) VALUES (25,1,23,'Serena Viner','04/07/1930','$27545.58','San Antonio','Texas',78220,'99407 Bultman Junction');
INSERT INTO empleado(id_vivero,id_rol,id_empleado,nombre,fecha_nacimiento,salario,ciudad,estado,cp,calle) VALUES (61,2,24,'Vic Raylton','25/04/1914','$26565.94','Oklahoma City','Oklahoma',73179,'1 Drewry Terrace');
INSERT INTO empleado(id_vivero,id_rol,id_empleado,nombre,fecha_nacimiento,salario,ciudad,estado,cp,calle) VALUES (44,2,25,'Cynthy Brockhouse','17/07/1963','$11812.96','Las Vegas','Nevada',89160,'57058 Buena Vista Street');
INSERT INTO empleado(id_vivero,id_rol,id_empleado,nombre,fecha_nacimiento,salario,ciudad,estado,cp,calle) VALUES (40,2,26,'Emmi Hefner','23/02/1911','$24162.20','Minneapolis','Minnesota',55402,'0 Elmside Avenue');
INSERT INTO empleado(id_vivero,id_rol,id_empleado,nombre,fecha_nacimiento,salario,ciudad,estado,cp,calle) VALUES (18,2,27,'Modesty Aldin','09/07/1999','$7244.96','Sioux City','Iowa',51110,'95 Stone Corner Center');
INSERT INTO empleado(id_vivero,id_rol,id_empleado,nombre,fecha_nacimiento,salario,ciudad,estado,cp,calle) VALUES (76,3,28,'Jacynth Theaker','21/06/1941','$16030.09','Denver','Colorado',80279,'4 Pawling Place');
INSERT INTO empleado(id_vivero,id_rol,id_empleado,nombre,fecha_nacimiento,salario,ciudad,estado,cp,calle) VALUES (34,4,29,'Alecia Jaskowicz','11/05/1977','$15786.13','Washington','District of Columbia',20599,'51005 Maryland Hill');
INSERT INTO empleado(id_vivero,id_rol,id_empleado,nombre,fecha_nacimiento,salario,ciudad,estado,cp,calle) VALUES (80,4,30,'Enrica Morcomb','22/01/1940','$24589.07','Provo','Utah',84605,'34189 East Road');
INSERT INTO empleado(id_vivero,id_rol,id_empleado,nombre,fecha_nacimiento,salario,ciudad,estado,cp,calle) VALUES (53,1,31,'Caralie Cooke','29/01/1984','$16810.78','Greenville','South Carolina',29610,'96 1st Circle');
INSERT INTO empleado(id_vivero,id_rol,id_empleado,nombre,fecha_nacimiento,salario,ciudad,estado,cp,calle) VALUES (42,2,32,'Fiona Lejeune','20/06/1902','$17471.20','Richmond','Virginia',23237,'968 Haas Place');
INSERT INTO empleado(id_vivero,id_rol,id_empleado,nombre,fecha_nacimiento,salario,ciudad,estado,cp,calle) VALUES (59,2,33,'Sayer Lytell','14/12/1989','$11222.77','Louisville','Kentucky',40210,'71451 Gale Street');
INSERT INTO empleado(id_vivero,id_rol,id_empleado,nombre,fecha_nacimiento,salario,ciudad,estado,cp,calle) VALUES (65,4,34,'Gale Hamel','14/10/1949','$15269.17','Amarillo','Texas',79105,'17 Jenifer Court');
INSERT INTO empleado(id_vivero,id_rol,id_empleado,nombre,fecha_nacimiento,salario,ciudad,estado,cp,calle) VALUES (66,2,35,'Honor Blackhall','03/11/1992','$26619.67','Columbia','Missouri',65218,'81325 Merrick Lane');
INSERT INTO empleado(id_vivero,id_rol,id_empleado,nombre,fecha_nacimiento,salario,ciudad,estado,cp,calle) VALUES (21,4,36,'Brianne Kiffe','18/01/1971','$4907.14','Woburn','Massachusetts',01813,'35289 Heffernan Place');
INSERT INTO empleado(id_vivero,id_rol,id_empleado,nombre,fecha_nacimiento,salario,ciudad,estado,cp,calle) VALUES (67,4,37,'Edward Doctor','26/09/1993','$7100.53','Newport News','Virginia',23612,'20880 Arrowood Street');
INSERT INTO empleado(id_vivero,id_rol,id_empleado,nombre,fecha_nacimiento,salario,ciudad,estado,cp,calle) VALUES (10,4,38,'Sebastian Grigore','06/04/1950','$28636.03','Waterbury','Connecticut',06721,'4 Green Road');
INSERT INTO empleado(id_vivero,id_rol,id_empleado,nombre,fecha_nacimiento,salario,ciudad,estado,cp,calle) VALUES (98,3,39,'Cristiano Dargie','03/05/1947','$16469.53','Bowie','Maryland',20719,'42862 Judy Crossing');
INSERT INTO empleado(id_vivero,id_rol,id_empleado,nombre,fecha_nacimiento,salario,ciudad,estado,cp,calle) VALUES (75,4,40,'Ophelie Glasheen','03/05/1904','$21403.91','Pomona','California',91797,'84749 Dawn Crossing');
INSERT INTO empleado(id_vivero,id_rol,id_empleado,nombre,fecha_nacimiento,salario,ciudad,estado,cp,calle) VALUES (57,4,41,'Kort Blazejewski','08/03/1940','$12615.47','San Jose','California',95128,'67 Raven Way');
INSERT INTO empleado(id_vivero,id_rol,id_empleado,nombre,fecha_nacimiento,salario,ciudad,estado,cp,calle) VALUES (25,3,42,'Ethelda Budgett','13/07/1943','$28290.08','Dallas','Texas',75397,'62 Waubesa Trail');
INSERT INTO empleado(id_vivero,id_rol,id_empleado,nombre,fecha_nacimiento,salario,ciudad,estado,cp,calle) VALUES (2,1,43,'Barri Bucknell','08/07/1999','$16201.89','Washington','District of Columbia',20022,'5 Sutherland Court');
INSERT INTO empleado(id_vivero,id_rol,id_empleado,nombre,fecha_nacimiento,salario,ciudad,estado,cp,calle) VALUES (93,4,44,'Matty Dunmuir','01/04/1998','$25673.21','Jackson','Tennessee',38308,'8 Meadow Valley Drive');
INSERT INTO empleado(id_vivero,id_rol,id_empleado,nombre,fecha_nacimiento,salario,ciudad,estado,cp,calle) VALUES (90,3,45,'Tildy Heditch','05/08/1903','$17352.85','Ashburn','Virginia',22093,'67 Bluestem Way');
INSERT INTO empleado(id_vivero,id_rol,id_empleado,nombre,fecha_nacimiento,salario,ciudad,estado,cp,calle) VALUES (21,3,46,'Josy Triplet','31/12/1917','$24105.92','Bethesda','Maryland',20892,'824 Clove Parkway');
INSERT INTO empleado(id_vivero,id_rol,id_empleado,nombre,fecha_nacimiento,salario,ciudad,estado,cp,calle) VALUES (72,2,47,'Clement Gilhooley','07/02/1925','$6056.03','San Jose','California',95108,'21111 Arkansas Plaza');
INSERT INTO empleado(id_vivero,id_rol,id_empleado,nombre,fecha_nacimiento,salario,ciudad,estado,cp,calle) VALUES (88,3,48,'Meredithe Annetts','03/10/1949','$11260.18','Port Saint Lucie','Florida',34985,'9267 Miller Hill');
INSERT INTO empleado(id_vivero,id_rol,id_empleado,nombre,fecha_nacimiento,salario,ciudad,estado,cp,calle) VALUES (91,2,49,'Gussy Gornar','10/03/1984','$28672.14','New York City','New York',10280,'369 Little Fleur Court');
INSERT INTO empleado(id_vivero,id_rol,id_empleado,nombre,fecha_nacimiento,salario,ciudad,estado,cp,calle) VALUES (73,2,50,'Alvin Verling','19/09/1977','$21365.96','Phoenix','Arizona',85077,'55015 Becker Terrace');
INSERT INTO empleado(id_vivero,id_rol,id_empleado,nombre,fecha_nacimiento,salario,ciudad,estado,cp,calle) VALUES (7,3,51,'Arthur Poolman','12/04/1922','$9112.41','Shreveport','Louisiana',71130,'0 Jackson Parkway');
INSERT INTO empleado(id_vivero,id_rol,id_empleado,nombre,fecha_nacimiento,salario,ciudad,estado,cp,calle) VALUES (54,1,52,'Erich Stothert','13/02/1966','$11949.24','Seattle','Washington',98175,'776 Northview Drive');
INSERT INTO empleado(id_vivero,id_rol,id_empleado,nombre,fecha_nacimiento,salario,ciudad,estado,cp,calle) VALUES (11,2,53,'Hayyim Marte','14/11/1986','$9402.63','Saint Paul','Minnesota',55114,'7 Fulton Hill');
INSERT INTO empleado(id_vivero,id_rol,id_empleado,nombre,fecha_nacimiento,salario,ciudad,estado,cp,calle) VALUES (72,1,54,'Dianemarie Tibalt','17/05/1954','$29241.11','Kalamazoo','Michigan',49006,'6470 Montana Road');
INSERT INTO empleado(id_vivero,id_rol,id_empleado,nombre,fecha_nacimiento,salario,ciudad,estado,cp,calle) VALUES (6,1,55,'Devlen Rutherforth','10/03/1997','$21161.60','Fort Myers','Florida',33906,'6603 Hallows Place');
INSERT INTO empleado(id_vivero,id_rol,id_empleado,nombre,fecha_nacimiento,salario,ciudad,estado,cp,calle) VALUES (69,3,56,'Giralda Nerval','25/07/1938','$12708.65','Lancaster','Pennsylvania',17605,'333 Trailsway Point');
INSERT INTO empleado(id_vivero,id_rol,id_empleado,nombre,fecha_nacimiento,salario,ciudad,estado,cp,calle) VALUES (49,3,57,'Wally Gaitung','11/03/1953','$29249.91','Shreveport','Louisiana',71151,'5 Melby Way');
INSERT INTO empleado(id_vivero,id_rol,id_empleado,nombre,fecha_nacimiento,salario,ciudad,estado,cp,calle) VALUES (83,2,58,'Carey Toffetto','09/01/1942','$13314.50','Miami','Florida',33158,'4 Eliot Way');
INSERT INTO empleado(id_vivero,id_rol,id_empleado,nombre,fecha_nacimiento,salario,ciudad,estado,cp,calle) VALUES (81,4,59,'Garrik Acory','29/05/1976','$15461.60','Southfield','Michigan',48076,'24 Marquette Road');
INSERT INTO empleado(id_vivero,id_rol,id_empleado,nombre,fecha_nacimiento,salario,ciudad,estado,cp,calle) VALUES (46,3,60,'Harv Portch','12/05/1967','$3766.44','Tallahassee','Florida',32309,'9 Logan Road');
INSERT INTO empleado(id_vivero,id_rol,id_empleado,nombre,fecha_nacimiento,salario,ciudad,estado,cp,calle) VALUES (92,3,61,'Cassondra Humphery','05/05/1996','$3203.06','Pocatello','Idaho',83206,'6327 Ramsey Road');
INSERT INTO empleado(id_vivero,id_rol,id_empleado,nombre,fecha_nacimiento,salario,ciudad,estado,cp,calle) VALUES (6,4,62,'Briana Pretswell','28/02/1904','$20292.59','Nashville','Tennessee',37245,'1 Fordem Circle');
INSERT INTO empleado(id_vivero,id_rol,id_empleado,nombre,fecha_nacimiento,salario,ciudad,estado,cp,calle) VALUES (15,1,63,'Patrice Walicki','28/04/1993','$23756.26','Columbia','South Carolina',29240,'21278 Clove Park');
INSERT INTO empleado(id_vivero,id_rol,id_empleado,nombre,fecha_nacimiento,salario,ciudad,estado,cp,calle) VALUES (46,2,64,'Janaye Jirasek','16/12/1900','$25972.01','Mesa','Arizona',85215,'7788 Anderson Terrace');
INSERT INTO empleado(id_vivero,id_rol,id_empleado,nombre,fecha_nacimiento,salario,ciudad,estado,cp,calle) VALUES (12,1,65,'Virge Baltzar','17/02/1992','$17970.63','Newton','Massachusetts',02162,'2418 Hooker Plaza');
INSERT INTO empleado(id_vivero,id_rol,id_empleado,nombre,fecha_nacimiento,salario,ciudad,estado,cp,calle) VALUES (8,3,66,'Roxana Walkey','29/06/1938','$11099.13','Charlotte','North Carolina',28272,'27125 Helena Plaza');
INSERT INTO empleado(id_vivero,id_rol,id_empleado,nombre,fecha_nacimiento,salario,ciudad,estado,cp,calle) VALUES (97,3,67,'Sylas Castagne','31/12/1969','$26206.99','San Diego','California',92170,'0 Monica Court');
INSERT INTO empleado(id_vivero,id_rol,id_empleado,nombre,fecha_nacimiento,salario,ciudad,estado,cp,calle) VALUES (15,1,68,'Edythe Brekonridge','06/04/1965','$26373.50','El Paso','Texas',88579,'4 Anhalt Way');
INSERT INTO empleado(id_vivero,id_rol,id_empleado,nombre,fecha_nacimiento,salario,ciudad,estado,cp,calle) VALUES (15,4,69,'Lisbeth Kinforth','14/02/1921','$26890.58','Peoria','Illinois',61651,'615 Moland Trail');
INSERT INTO empleado(id_vivero,id_rol,id_empleado,nombre,fecha_nacimiento,salario,ciudad,estado,cp,calle) VALUES (52,3,70,'Jonis Thunderman','12/11/1975','$26205.34','Lynchburg','Virginia',24515,'3471 1st Place');
INSERT INTO empleado(id_vivero,id_rol,id_empleado,nombre,fecha_nacimiento,salario,ciudad,estado,cp,calle) VALUES (70,2,71,'Oneida Dikes','04/08/1924','$5698.82','Knoxville','Tennessee',37939,'519 Carberry Alley');
INSERT INTO empleado(id_vivero,id_rol,id_empleado,nombre,fecha_nacimiento,salario,ciudad,estado,cp,calle) VALUES (82,2,72,'Britni Darree','18/06/1900','$4676.92','Atlanta','Georgia',30358,'524 Jana Parkway');
INSERT INTO empleado(id_vivero,id_rol,id_empleado,nombre,fecha_nacimiento,salario,ciudad,estado,cp,calle) VALUES (40,3,73,'Cori Rathborne','08/02/1946','$22103.47','Santa Barbara','California',93150,'9825 Lindbergh Terrace');
INSERT INTO empleado(id_vivero,id_rol,id_empleado,nombre,fecha_nacimiento,salario,ciudad,estado,cp,calle) VALUES (43,1,74,'Udall Ashbridge','09/02/1903','$14621.11','Raleigh','North Carolina',27615,'9072 Corscot Plaza');
INSERT INTO empleado(id_vivero,id_rol,id_empleado,nombre,fecha_nacimiento,salario,ciudad,estado,cp,calle) VALUES (12,2,75,'Gael Songist','02/08/1983','$3844.11','Carson City','Nevada',89714,'79934 Nova Way');
INSERT INTO empleado(id_vivero,id_rol,id_empleado,nombre,fecha_nacimiento,salario,ciudad,estado,cp,calle) VALUES (71,2,76,'Reyna Gussin','31/10/1968','$22196.51','Boston','Massachusetts',02283,'93 Granby Alley');
INSERT INTO empleado(id_vivero,id_rol,id_empleado,nombre,fecha_nacimiento,salario,ciudad,estado,cp,calle) VALUES (2,4,77,'Ewart Gannicleff','09/09/1996','$16314.07','Des Moines','Iowa',50330,'47142 Riverside Way');
INSERT INTO empleado(id_vivero,id_rol,id_empleado,nombre,fecha_nacimiento,salario,ciudad,estado,cp,calle) VALUES (28,3,78,'Papageno MacEllen','27/12/1929','$7740.67','Springfield','Massachusetts',01114,'64 Mcbride Point');
INSERT INTO empleado(id_vivero,id_rol,id_empleado,nombre,fecha_nacimiento,salario,ciudad,estado,cp,calle) VALUES (75,2,79,'Melloney Nicol','17/11/1990','$22109.47','Fayetteville','North Carolina',28314,'1 New Castle Hill');
INSERT INTO empleado(id_vivero,id_rol,id_empleado,nombre,fecha_nacimiento,salario,ciudad,estado,cp,calle) VALUES (75,3,80,'Sharlene Legerton','22/05/1913','$18453.51','South Lake Tahoe','California',96154,'2499 Quincy Place');
INSERT INTO empleado(id_vivero,id_rol,id_empleado,nombre,fecha_nacimiento,salario,ciudad,estado,cp,calle) VALUES (57,2,81,'Matthaeus Harnett','24/03/1935','$22568.55','Madison','Wisconsin',53790,'49017 Green Ridge Hill');
INSERT INTO empleado(id_vivero,id_rol,id_empleado,nombre,fecha_nacimiento,salario,ciudad,estado,cp,calle) VALUES (91,2,82,'Cymbre Sinderson','19/04/1986','$14374.48','Knoxville','Tennessee',37924,'2 Mifflin Drive');
INSERT INTO empleado(id_vivero,id_rol,id_empleado,nombre,fecha_nacimiento,salario,ciudad,estado,cp,calle) VALUES (87,4,83,'Bartel Youel','09/02/1914','$5697.45','Fort Worth','Texas',76162,'6411 Marquette Road');
INSERT INTO empleado(id_vivero,id_rol,id_empleado,nombre,fecha_nacimiento,salario,ciudad,estado,cp,calle) VALUES (67,4,84,'Gretna Presslee','10/10/1937','$11577.34','Brooklyn','New York',11220,'36668 Lien Pass');
INSERT INTO empleado(id_vivero,id_rol,id_empleado,nombre,fecha_nacimiento,salario,ciudad,estado,cp,calle) VALUES (75,4,85,'Dredi Cargo','02/03/1993','$17990.78','Schaumburg','Illinois',60193,'79 Cambridge Trail');
INSERT INTO empleado(id_vivero,id_rol,id_empleado,nombre,fecha_nacimiento,salario,ciudad,estado,cp,calle) VALUES (47,1,86,'Karoly Este','09/03/1993','$5433.94','Honolulu','Hawaii',96825,'684 Victoria Hill');
INSERT INTO empleado(id_vivero,id_rol,id_empleado,nombre,fecha_nacimiento,salario,ciudad,estado,cp,calle) VALUES (76,1,87,'Michelina Giggie','23/04/1937','$13255.23','Long Beach','California',90810,'04083 Dennis Road');
INSERT INTO empleado(id_vivero,id_rol,id_empleado,nombre,fecha_nacimiento,salario,ciudad,estado,cp,calle) VALUES (29,2,88,'Kareem Burston','29/01/1999','$9125.28','Charleston','South Carolina',29411,'8 Montana Drive');
INSERT INTO empleado(id_vivero,id_rol,id_empleado,nombre,fecha_nacimiento,salario,ciudad,estado,cp,calle) VALUES (48,1,89,'Fletcher Walcher','05/12/1972','$19718.03','Portland','Oregon',97271,'7766 Kipling Terrace');
INSERT INTO empleado(id_vivero,id_rol,id_empleado,nombre,fecha_nacimiento,salario,ciudad,estado,cp,calle) VALUES (50,4,90,'Tim Schwandermann','22/09/1991','$25269.84','Raleigh','North Carolina',27615,'3 Riverside Drive');
INSERT INTO empleado(id_vivero,id_rol,id_empleado,nombre,fecha_nacimiento,salario,ciudad,estado,cp,calle) VALUES (61,2,91,'Patience Howard','15/07/1946','$3097.66','Salt Lake City','Utah',84105,'922 Shoshone Terrace');
INSERT INTO empleado(id_vivero,id_rol,id_empleado,nombre,fecha_nacimiento,salario,ciudad,estado,cp,calle) VALUES (54,3,92,'Elliott Chern','08/01/1943','$26982.52','Las Vegas','Nevada',89150,'900 Glacier Hill Circle');
INSERT INTO empleado(id_vivero,id_rol,id_empleado,nombre,fecha_nacimiento,salario,ciudad,estado,cp,calle) VALUES (36,2,93,'Yvonne Ciric','24/04/1975','$22098.67','Birmingham','Alabama',35285,'498 Eagan Point');
INSERT INTO empleado(id_vivero,id_rol,id_empleado,nombre,fecha_nacimiento,salario,ciudad,estado,cp,calle) VALUES (13,3,94,'Laureen Piche','28/10/1910','$28171.57','Macon','Georgia',31296,'4319 Fuller Junction');
INSERT INTO empleado(id_vivero,id_rol,id_empleado,nombre,fecha_nacimiento,salario,ciudad,estado,cp,calle) VALUES (2,4,95,'Tamarra Davet','08/05/1921','$22128.22','Las Vegas','Nevada',89125,'9 Bultman Circle');
INSERT INTO empleado(id_vivero,id_rol,id_empleado,nombre,fecha_nacimiento,salario,ciudad,estado,cp,calle) VALUES (56,2,96,'Orin Itzakson','28/11/1929','$21369.47','Anderson','South Carolina',29625,'2963 Granby Junction');
INSERT INTO empleado(id_vivero,id_rol,id_empleado,nombre,fecha_nacimiento,salario,ciudad,estado,cp,calle) VALUES (79,2,97,'Theodoric Cholomin','12/07/1949','$27321.92','El Paso','Texas',88541,'17069 Annamark Hill');
INSERT INTO empleado(id_vivero,id_rol,id_empleado,nombre,fecha_nacimiento,salario,ciudad,estado,cp,calle) VALUES (53,1,98,'Estelle Brumham','04/11/1916','$14008.81','Orange','California',92862,'8932 Barnett Court');
INSERT INTO empleado(id_vivero,id_rol,id_empleado,nombre,fecha_nacimiento,salario,ciudad,estado,cp,calle) VALUES (19,2,99,'Wyatan Thurston','17/05/1943','$28773.60','Washington','District of Columbia',20370,'87 Vidon Center');
INSERT INTO empleado(id_vivero,id_rol,id_empleado,nombre,fecha_nacimiento,salario,ciudad,estado,cp,calle) VALUES (87,2,100,'Dillon Briiginshaw','17/04/1963','$26787.47','San Diego','California',92145,'866 Daystar Place');

INSERT INTO telefono_empleado(id_vivero,id_rol,id_empleado,telefono_empleado) VALUES (48,1,47,'940-402-3686');
INSERT INTO telefono_empleado(id_vivero,id_rol,id_empleado,telefono_empleado) VALUES (50,2,95,'608-832-5284');
INSERT INTO telefono_empleado(id_vivero,id_rol,id_empleado,telefono_empleado) VALUES (25,4,89,'229-485-7046');
INSERT INTO telefono_empleado(id_vivero,id_rol,id_empleado,telefono_empleado) VALUES (63,3,33,'940-964-3788');
INSERT INTO telefono_empleado(id_vivero,id_rol,id_empleado,telefono_empleado) VALUES (61,3,5,'269-332-0521');
INSERT INTO telefono_empleado(id_vivero,id_rol,id_empleado,telefono_empleado) VALUES (59,2,29,'440-405-4537');
INSERT INTO telefono_empleado(id_vivero,id_rol,id_empleado,telefono_empleado) VALUES (23,4,66,'814-926-4927');
INSERT INTO telefono_empleado(id_vivero,id_rol,id_empleado,telefono_empleado) VALUES (69,4,89,'923-891-6175');
INSERT INTO telefono_empleado(id_vivero,id_rol,id_empleado,telefono_empleado) VALUES (78,3,96,'629-801-4878');
INSERT INTO telefono_empleado(id_vivero,id_rol,id_empleado,telefono_empleado) VALUES (17,1,12,'986-791-9523');
INSERT INTO telefono_empleado(id_vivero,id_rol,id_empleado,telefono_empleado) VALUES (28,1,33,'406-472-3635');
INSERT INTO telefono_empleado(id_vivero,id_rol,id_empleado,telefono_empleado) VALUES (48,1,53,'425-297-8708');
INSERT INTO telefono_empleado(id_vivero,id_rol,id_empleado,telefono_empleado) VALUES (10,3,89,'309-280-1951');
INSERT INTO telefono_empleado(id_vivero,id_rol,id_empleado,telefono_empleado) VALUES (1,3,44,'205-131-6725');
INSERT INTO telefono_empleado(id_vivero,id_rol,id_empleado,telefono_empleado) VALUES (38,2,37,'254-394-6491');
INSERT INTO telefono_empleado(id_vivero,id_rol,id_empleado,telefono_empleado) VALUES (97,3,71,'483-525-6517');
INSERT INTO telefono_empleado(id_vivero,id_rol,id_empleado,telefono_empleado) VALUES (57,2,39,'266-857-7783');
INSERT INTO telefono_empleado(id_vivero,id_rol,id_empleado,telefono_empleado) VALUES (48,3,32,'112-355-4443');
INSERT INTO telefono_empleado(id_vivero,id_rol,id_empleado,telefono_empleado) VALUES (62,2,11,'451-178-5996');
INSERT INTO telefono_empleado(id_vivero,id_rol,id_empleado,telefono_empleado) VALUES (60,1,1,'503-889-3885');
INSERT INTO telefono_empleado(id_vivero,id_rol,id_empleado,telefono_empleado) VALUES (52,2,63,'885-701-6957');
INSERT INTO telefono_empleado(id_vivero,id_rol,id_empleado,telefono_empleado) VALUES (57,2,71,'219-593-5502');
INSERT INTO telefono_empleado(id_vivero,id_rol,id_empleado,telefono_empleado) VALUES (17,4,42,'630-308-7447');
INSERT INTO telefono_empleado(id_vivero,id_rol,id_empleado,telefono_empleado) VALUES (68,1,62,'852-368-6242');
INSERT INTO telefono_empleado(id_vivero,id_rol,id_empleado,telefono_empleado) VALUES (99,3,80,'814-959-1570');
INSERT INTO telefono_empleado(id_vivero,id_rol,id_empleado,telefono_empleado) VALUES (41,1,37,'855-246-5285');
INSERT INTO telefono_empleado(id_vivero,id_rol,id_empleado,telefono_empleado) VALUES (56,2,4,'889-966-0145');
INSERT INTO telefono_empleado(id_vivero,id_rol,id_empleado,telefono_empleado) VALUES (54,3,3,'609-980-6270');
INSERT INTO telefono_empleado(id_vivero,id_rol,id_empleado,telefono_empleado) VALUES (88,3,39,'371-560-7885');
INSERT INTO telefono_empleado(id_vivero,id_rol,id_empleado,telefono_empleado) VALUES (97,2,17,'976-615-9187');
INSERT INTO telefono_empleado(id_vivero,id_rol,id_empleado,telefono_empleado) VALUES (10,3,9,'872-381-7631');
INSERT INTO telefono_empleado(id_vivero,id_rol,id_empleado,telefono_empleado) VALUES (32,3,98,'502-706-4898');
INSERT INTO telefono_empleado(id_vivero,id_rol,id_empleado,telefono_empleado) VALUES (76,3,63,'802-835-9728');
INSERT INTO telefono_empleado(id_vivero,id_rol,id_empleado,telefono_empleado) VALUES (87,2,100,'147-315-6887');
INSERT INTO telefono_empleado(id_vivero,id_rol,id_empleado,telefono_empleado) VALUES (52,2,59,'220-735-7894');
INSERT INTO telefono_empleado(id_vivero,id_rol,id_empleado,telefono_empleado) VALUES (41,2,34,'920-319-8319');
INSERT INTO telefono_empleado(id_vivero,id_rol,id_empleado,telefono_empleado) VALUES (71,2,83,'896-670-9157');
INSERT INTO telefono_empleado(id_vivero,id_rol,id_empleado,telefono_empleado) VALUES (90,4,4,'521-733-9957');
INSERT INTO telefono_empleado(id_vivero,id_rol,id_empleado,telefono_empleado) VALUES (62,4,17,'233-918-5837');
INSERT INTO telefono_empleado(id_vivero,id_rol,id_empleado,telefono_empleado) VALUES (11,3,32,'343-227-3584');
INSERT INTO telefono_empleado(id_vivero,id_rol,id_empleado,telefono_empleado) VALUES (72,3,77,'803-546-9765');
INSERT INTO telefono_empleado(id_vivero,id_rol,id_empleado,telefono_empleado) VALUES (17,1,70,'986-417-7693');
INSERT INTO telefono_empleado(id_vivero,id_rol,id_empleado,telefono_empleado) VALUES (79,1,22,'547-519-1285');
INSERT INTO telefono_empleado(id_vivero,id_rol,id_empleado,telefono_empleado) VALUES (2,1,28,'292-573-6681');
INSERT INTO telefono_empleado(id_vivero,id_rol,id_empleado,telefono_empleado) VALUES (58,2,97,'716-440-8768');
INSERT INTO telefono_empleado(id_vivero,id_rol,id_empleado,telefono_empleado) VALUES (58,1,31,'210-129-2770');
INSERT INTO telefono_empleado(id_vivero,id_rol,id_empleado,telefono_empleado) VALUES (20,3,6,'387-795-7634');
INSERT INTO telefono_empleado(id_vivero,id_rol,id_empleado,telefono_empleado) VALUES (21,3,19,'820-373-5830');
INSERT INTO telefono_empleado(id_vivero,id_rol,id_empleado,telefono_empleado) VALUES (22,1,49,'554-193-4521');
INSERT INTO telefono_empleado(id_vivero,id_rol,id_empleado,telefono_empleado) VALUES (15,4,6,'218-104-8796');
INSERT INTO telefono_empleado(id_vivero,id_rol,id_empleado,telefono_empleado) VALUES (18,3,98,'516-736-4573');
INSERT INTO telefono_empleado(id_vivero,id_rol,id_empleado,telefono_empleado) VALUES (81,4,22,'984-436-1543');
INSERT INTO telefono_empleado(id_vivero,id_rol,id_empleado,telefono_empleado) VALUES (19,4,68,'591-316-4434');
INSERT INTO telefono_empleado(id_vivero,id_rol,id_empleado,telefono_empleado) VALUES (8,1,100,'589-499-6336');
INSERT INTO telefono_empleado(id_vivero,id_rol,id_empleado,telefono_empleado) VALUES (6,3,56,'598-985-9155');
INSERT INTO telefono_empleado(id_vivero,id_rol,id_empleado,telefono_empleado) VALUES (5,2,6,'858-565-1617');
INSERT INTO telefono_empleado(id_vivero,id_rol,id_empleado,telefono_empleado) VALUES (11,2,93,'257-748-5763');
INSERT INTO telefono_empleado(id_vivero,id_rol,id_empleado,telefono_empleado) VALUES (91,2,6,'804-113-7667');
INSERT INTO telefono_empleado(id_vivero,id_rol,id_empleado,telefono_empleado) VALUES (78,2,79,'394-313-9819');
INSERT INTO telefono_empleado(id_vivero,id_rol,id_empleado,telefono_empleado) VALUES (32,4,56,'314-179-3378');
INSERT INTO telefono_empleado(id_vivero,id_rol,id_empleado,telefono_empleado) VALUES (68,4,42,'808-419-9874');
INSERT INTO telefono_empleado(id_vivero,id_rol,id_empleado,telefono_empleado) VALUES (32,3,98,'458-861-0077');
INSERT INTO telefono_empleado(id_vivero,id_rol,id_empleado,telefono_empleado) VALUES (37,2,95,'566-370-2492');
INSERT INTO telefono_empleado(id_vivero,id_rol,id_empleado,telefono_empleado) VALUES (36,3,63,'707-107-7031');
INSERT INTO telefono_empleado(id_vivero,id_rol,id_empleado,telefono_empleado) VALUES (84,1,76,'224-544-7678');
INSERT INTO telefono_empleado(id_vivero,id_rol,id_empleado,telefono_empleado) VALUES (98,4,60,'308-286-9509');
INSERT INTO telefono_empleado(id_vivero,id_rol,id_empleado,telefono_empleado) VALUES (34,3,18,'859-707-7105');
INSERT INTO telefono_empleado(id_vivero,id_rol,id_empleado,telefono_empleado) VALUES (54,2,75,'441-340-8438');
INSERT INTO telefono_empleado(id_vivero,id_rol,id_empleado,telefono_empleado) VALUES (25,1,76,'920-890-7809');
INSERT INTO telefono_empleado(id_vivero,id_rol,id_empleado,telefono_empleado) VALUES (56,3,55,'681-443-7042');
INSERT INTO telefono_empleado(id_vivero,id_rol,id_empleado,telefono_empleado) VALUES (43,1,45,'570-490-1817');
INSERT INTO telefono_empleado(id_vivero,id_rol,id_empleado,telefono_empleado) VALUES (59,1,21,'384-891-3257');
INSERT INTO telefono_empleado(id_vivero,id_rol,id_empleado,telefono_empleado) VALUES (52,4,5,'145-391-4576');
INSERT INTO telefono_empleado(id_vivero,id_rol,id_empleado,telefono_empleado) VALUES (58,1,90,'117-785-7328');
INSERT INTO telefono_empleado(id_vivero,id_rol,id_empleado,telefono_empleado) VALUES (81,1,11,'418-426-8047');
INSERT INTO telefono_empleado(id_vivero,id_rol,id_empleado,telefono_empleado) VALUES (56,2,68,'342-694-0840');
INSERT INTO telefono_empleado(id_vivero,id_rol,id_empleado,telefono_empleado) VALUES (35,2,97,'250-112-5728');
INSERT INTO telefono_empleado(id_vivero,id_rol,id_empleado,telefono_empleado) VALUES (100,3,31,'317-696-7674');
INSERT INTO telefono_empleado(id_vivero,id_rol,id_empleado,telefono_empleado) VALUES (4,4,88,'989-123-4759');
INSERT INTO telefono_empleado(id_vivero,id_rol,id_empleado,telefono_empleado) VALUES (89,2,70,'117-720-7056');
INSERT INTO telefono_empleado(id_vivero,id_rol,id_empleado,telefono_empleado) VALUES (16,1,25,'986-232-8116');
INSERT INTO telefono_empleado(id_vivero,id_rol,id_empleado,telefono_empleado) VALUES (11,4,67,'781-790-4739');
INSERT INTO telefono_empleado(id_vivero,id_rol,id_empleado,telefono_empleado) VALUES (99,4,64,'127-796-0841');
INSERT INTO telefono_empleado(id_vivero,id_rol,id_empleado,telefono_empleado) VALUES (90,4,55,'582-827-4779');
INSERT INTO telefono_empleado(id_vivero,id_rol,id_empleado,telefono_empleado) VALUES (93,4,68,'122-529-8965');
INSERT INTO telefono_empleado(id_vivero,id_rol,id_empleado,telefono_empleado) VALUES (1,4,8,'427-803-5304');
INSERT INTO telefono_empleado(id_vivero,id_rol,id_empleado,telefono_empleado) VALUES (8,3,50,'734-764-5465');
INSERT INTO telefono_empleado(id_vivero,id_rol,id_empleado,telefono_empleado) VALUES (14,3,61,'276-485-0295');
INSERT INTO telefono_empleado(id_vivero,id_rol,id_empleado,telefono_empleado) VALUES (77,2,59,'944-209-6926');
INSERT INTO telefono_empleado(id_vivero,id_rol,id_empleado,telefono_empleado) VALUES (48,3,66,'141-121-8587');
INSERT INTO telefono_empleado(id_vivero,id_rol,id_empleado,telefono_empleado) VALUES (89,2,51,'719-586-4678');
INSERT INTO telefono_empleado(id_vivero,id_rol,id_empleado,telefono_empleado) VALUES (41,2,23,'153-406-9027');
INSERT INTO telefono_empleado(id_vivero,id_rol,id_empleado,telefono_empleado) VALUES (95,2,3,'427-171-3807');
INSERT INTO telefono_empleado(id_vivero,id_rol,id_empleado,telefono_empleado) VALUES (3,1,79,'452-372-7049');
INSERT INTO telefono_empleado(id_vivero,id_rol,id_empleado,telefono_empleado) VALUES (88,2,36,'878-578-6898');
INSERT INTO telefono_empleado(id_vivero,id_rol,id_empleado,telefono_empleado) VALUES (17,1,87,'763-328-3600');
INSERT INTO telefono_empleado(id_vivero,id_rol,id_empleado,telefono_empleado) VALUES (29,3,99,'905-137-6230');
INSERT INTO telefono_empleado(id_vivero,id_rol,id_empleado,telefono_empleado) VALUES (44,3,88,'261-522-2390');
INSERT INTO telefono_empleado(id_vivero,id_rol,id_empleado,telefono_empleado) VALUES (1,3,73,'331-185-9031');
INSERT INTO telefono_empleado(id_vivero,id_rol,id_empleado,telefono_empleado) VALUES (67,1,64,'887-628-9102');
INSERT INTO telefono_empleado(id_vivero,id_rol,id_empleado,telefono_empleado) VALUES (50,3,11,'638-136-5290');
INSERT INTO telefono_empleado(id_vivero,id_rol,id_empleado,telefono_empleado) VALUES (54,4,13,'451-109-9337');

INSERT INTO correo_electronico_empl(id_vivero,id_rol,id_empleado,correo_electronico_empl) VALUES (12,2,79,'rbrunke0@youtu.be');
INSERT INTO correo_electronico_empl(id_vivero,id_rol,id_empleado,correo_electronico_empl) VALUES (85,4,23,'ldeath1@ehow.com');
INSERT INTO correo_electronico_empl(id_vivero,id_rol,id_empleado,correo_electronico_empl) VALUES (64,3,56,'hduferie2@blog.com');
INSERT INTO correo_electronico_empl(id_vivero,id_rol,id_empleado,correo_electronico_empl) VALUES (10,3,44,'mgunney3@squarespace.com');
INSERT INTO correo_electronico_empl(id_vivero,id_rol,id_empleado,correo_electronico_empl) VALUES (87,4,92,'tboutell4@csmonitor.com');
INSERT INTO correo_electronico_empl(id_vivero,id_rol,id_empleado,correo_electronico_empl) VALUES (18,4,47,'gilchuk5@pcworld.com');
INSERT INTO correo_electronico_empl(id_vivero,id_rol,id_empleado,correo_electronico_empl) VALUES (66,3,62,'lakerman6@ebay.com');
INSERT INTO correo_electronico_empl(id_vivero,id_rol,id_empleado,correo_electronico_empl) VALUES (11,4,35,'jmatyatin7@chicagotribune.com');
INSERT INTO correo_electronico_empl(id_vivero,id_rol,id_empleado,correo_electronico_empl) VALUES (51,1,37,'pbertolaccini8@gmpg.org');
INSERT INTO correo_electronico_empl(id_vivero,id_rol,id_empleado,correo_electronico_empl) VALUES (6,4,96,'aparrett9@theguardian.com');
INSERT INTO correo_electronico_empl(id_vivero,id_rol,id_empleado,correo_electronico_empl) VALUES (36,4,51,'mstricka@nifty.com');
INSERT INTO correo_electronico_empl(id_vivero,id_rol,id_empleado,correo_electronico_empl) VALUES (47,2,89,'thussetb@oaic.gov.au');
INSERT INTO correo_electronico_empl(id_vivero,id_rol,id_empleado,correo_electronico_empl) VALUES (57,2,70,'mjersonc@sourceforge.net');
INSERT INTO correo_electronico_empl(id_vivero,id_rol,id_empleado,correo_electronico_empl) VALUES (30,2,77,'sberesfored@usgs.gov');
INSERT INTO correo_electronico_empl(id_vivero,id_rol,id_empleado,correo_electronico_empl) VALUES (97,1,78,'mrowaszkiewicze@msn.com');
INSERT INTO correo_electronico_empl(id_vivero,id_rol,id_empleado,correo_electronico_empl) VALUES (94,3,5,'cslevinf@msn.com');
INSERT INTO correo_electronico_empl(id_vivero,id_rol,id_empleado,correo_electronico_empl) VALUES (30,2,54,'mantoshing@nih.gov');
INSERT INTO correo_electronico_empl(id_vivero,id_rol,id_empleado,correo_electronico_empl) VALUES (98,4,10,'tprestieh@deviantart.com');
INSERT INTO correo_electronico_empl(id_vivero,id_rol,id_empleado,correo_electronico_empl) VALUES (61,1,77,'elaythami@noaa.gov');
INSERT INTO correo_electronico_empl(id_vivero,id_rol,id_empleado,correo_electronico_empl) VALUES (41,2,88,'rciobotaruj@webs.com');
INSERT INTO correo_electronico_empl(id_vivero,id_rol,id_empleado,correo_electronico_empl) VALUES (6,3,29,'pbodleyk@parallels.com');
INSERT INTO correo_electronico_empl(id_vivero,id_rol,id_empleado,correo_electronico_empl) VALUES (7,4,87,'rroothaml@php.net');
INSERT INTO correo_electronico_empl(id_vivero,id_rol,id_empleado,correo_electronico_empl) VALUES (35,1,91,'fbarenskym@tmall.com');
INSERT INTO correo_electronico_empl(id_vivero,id_rol,id_empleado,correo_electronico_empl) VALUES (51,1,15,'fskiptonn@canalblog.com');
INSERT INTO correo_electronico_empl(id_vivero,id_rol,id_empleado,correo_electronico_empl) VALUES (90,2,39,'pkirkwoodo@seattletimes.com');
INSERT INTO correo_electronico_empl(id_vivero,id_rol,id_empleado,correo_electronico_empl) VALUES (39,4,75,'mhassallp@altervista.org');
INSERT INTO correo_electronico_empl(id_vivero,id_rol,id_empleado,correo_electronico_empl) VALUES (81,4,36,'apeaceyq@shinystat.com');
INSERT INTO correo_electronico_empl(id_vivero,id_rol,id_empleado,correo_electronico_empl) VALUES (59,1,25,'sslatorr@state.tx.us');
INSERT INTO correo_electronico_empl(id_vivero,id_rol,id_empleado,correo_electronico_empl) VALUES (54,3,47,'stetfords@example.com');
INSERT INTO correo_electronico_empl(id_vivero,id_rol,id_empleado,correo_electronico_empl) VALUES (99,3,40,'egoldet@pbs.org');
INSERT INTO correo_electronico_empl(id_vivero,id_rol,id_empleado,correo_electronico_empl) VALUES (11,3,51,'rmincheru@gnu.org');
INSERT INTO correo_electronico_empl(id_vivero,id_rol,id_empleado,correo_electronico_empl) VALUES (25,2,28,'dmorillasv@webeden.co.uk');
INSERT INTO correo_electronico_empl(id_vivero,id_rol,id_empleado,correo_electronico_empl) VALUES (59,3,47,'dtschiersew@wsj.com');
INSERT INTO correo_electronico_empl(id_vivero,id_rol,id_empleado,correo_electronico_empl) VALUES (38,2,7,'abaggarleyx@hugedomains.com');
INSERT INTO correo_electronico_empl(id_vivero,id_rol,id_empleado,correo_electronico_empl) VALUES (10,2,51,'ndaddy@virginia.edu');
INSERT INTO correo_electronico_empl(id_vivero,id_rol,id_empleado,correo_electronico_empl) VALUES (55,4,3,'rdebowz@yahoo.com');
INSERT INTO correo_electronico_empl(id_vivero,id_rol,id_empleado,correo_electronico_empl) VALUES (3,2,78,'tgiggs10@list-manage.com');
INSERT INTO correo_electronico_empl(id_vivero,id_rol,id_empleado,correo_electronico_empl) VALUES (36,2,100,'kkees11@booking.com');
INSERT INTO correo_electronico_empl(id_vivero,id_rol,id_empleado,correo_electronico_empl) VALUES (66,2,31,'rwyrall12@wiley.com');
INSERT INTO correo_electronico_empl(id_vivero,id_rol,id_empleado,correo_electronico_empl) VALUES (37,2,50,'gmcpeck13@jalbum.net');
INSERT INTO correo_electronico_empl(id_vivero,id_rol,id_empleado,correo_electronico_empl) VALUES (33,2,33,'aroberti14@addtoany.com');
INSERT INTO correo_electronico_empl(id_vivero,id_rol,id_empleado,correo_electronico_empl) VALUES (46,2,72,'rstothert15@usnews.com');
INSERT INTO correo_electronico_empl(id_vivero,id_rol,id_empleado,correo_electronico_empl) VALUES (2,3,97,'gmulbry16@nasa.gov');
INSERT INTO correo_electronico_empl(id_vivero,id_rol,id_empleado,correo_electronico_empl) VALUES (70,1,59,'mdeevey17@wordpress.com');
INSERT INTO correo_electronico_empl(id_vivero,id_rol,id_empleado,correo_electronico_empl) VALUES (48,2,12,'shallward18@altervista.org');
INSERT INTO correo_electronico_empl(id_vivero,id_rol,id_empleado,correo_electronico_empl) VALUES (48,2,49,'ksole19@bbb.org');
INSERT INTO correo_electronico_empl(id_vivero,id_rol,id_empleado,correo_electronico_empl) VALUES (53,2,80,'tmcleman1a@gov.uk');
INSERT INTO correo_electronico_empl(id_vivero,id_rol,id_empleado,correo_electronico_empl) VALUES (21,3,39,'dbergstram1b@ucla.edu');
INSERT INTO correo_electronico_empl(id_vivero,id_rol,id_empleado,correo_electronico_empl) VALUES (72,1,63,'growlatt1c@noaa.gov');
INSERT INTO correo_electronico_empl(id_vivero,id_rol,id_empleado,correo_electronico_empl) VALUES (68,3,65,'jlongley1d@nsw.gov.au');
INSERT INTO correo_electronico_empl(id_vivero,id_rol,id_empleado,correo_electronico_empl) VALUES (66,3,73,'cbristowe1e@who.int');
INSERT INTO correo_electronico_empl(id_vivero,id_rol,id_empleado,correo_electronico_empl) VALUES (21,3,5,'mpantridge1f@i2i.jp');
INSERT INTO correo_electronico_empl(id_vivero,id_rol,id_empleado,correo_electronico_empl) VALUES (30,3,44,'clancley1g@cdc.gov');
INSERT INTO correo_electronico_empl(id_vivero,id_rol,id_empleado,correo_electronico_empl) VALUES (1,2,25,'iheinsius1h@booking.com');
INSERT INTO correo_electronico_empl(id_vivero,id_rol,id_empleado,correo_electronico_empl) VALUES (62,2,55,'ccammiemile1i@pagesperso-orange.fr');
INSERT INTO correo_electronico_empl(id_vivero,id_rol,id_empleado,correo_electronico_empl) VALUES (71,3,37,'melleton1j@upenn.edu');
INSERT INTO correo_electronico_empl(id_vivero,id_rol,id_empleado,correo_electronico_empl) VALUES (38,4,11,'wbartley1k@xinhuanet.com');
INSERT INTO correo_electronico_empl(id_vivero,id_rol,id_empleado,correo_electronico_empl) VALUES (17,4,21,'rgumbley1l@wikipedia.org');
INSERT INTO correo_electronico_empl(id_vivero,id_rol,id_empleado,correo_electronico_empl) VALUES (53,4,84,'fgilbane1m@sohu.com');
INSERT INTO correo_electronico_empl(id_vivero,id_rol,id_empleado,correo_electronico_empl) VALUES (77,2,58,'msimounet1n@symantec.com');
INSERT INTO correo_electronico_empl(id_vivero,id_rol,id_empleado,correo_electronico_empl) VALUES (95,2,43,'kdrewery1o@vinaora.com');
INSERT INTO correo_electronico_empl(id_vivero,id_rol,id_empleado,correo_electronico_empl) VALUES (47,1,49,'dcropp1p@answers.com');
INSERT INTO correo_electronico_empl(id_vivero,id_rol,id_empleado,correo_electronico_empl) VALUES (94,2,86,'tbatrip1q@howstuffworks.com');
INSERT INTO correo_electronico_empl(id_vivero,id_rol,id_empleado,correo_electronico_empl) VALUES (34,4,70,'gcleife1r@lycos.com');
INSERT INTO correo_electronico_empl(id_vivero,id_rol,id_empleado,correo_electronico_empl) VALUES (60,3,8,'gshambroke1s@usda.gov');
INSERT INTO correo_electronico_empl(id_vivero,id_rol,id_empleado,correo_electronico_empl) VALUES (96,4,44,'ephoebe1t@newsvine.com');
INSERT INTO correo_electronico_empl(id_vivero,id_rol,id_empleado,correo_electronico_empl) VALUES (96,2,3,'wkyngdon1u@joomla.org');
INSERT INTO correo_electronico_empl(id_vivero,id_rol,id_empleado,correo_electronico_empl) VALUES (19,4,84,'ddagleas1v@wired.com');
INSERT INTO correo_electronico_empl(id_vivero,id_rol,id_empleado,correo_electronico_empl) VALUES (88,2,11,'kjeeks1w@ucsd.edu');
INSERT INTO correo_electronico_empl(id_vivero,id_rol,id_empleado,correo_electronico_empl) VALUES (63,1,95,'tkneller1x@ca.gov');
INSERT INTO correo_electronico_empl(id_vivero,id_rol,id_empleado,correo_electronico_empl) VALUES (41,3,27,'aeverleigh1y@abc.net.au');
INSERT INTO correo_electronico_empl(id_vivero,id_rol,id_empleado,correo_electronico_empl) VALUES (51,4,19,'llawlan1z@exblog.jp');
INSERT INTO correo_electronico_empl(id_vivero,id_rol,id_empleado,correo_electronico_empl) VALUES (82,1,32,'ffollan20@w3.org');
INSERT INTO correo_electronico_empl(id_vivero,id_rol,id_empleado,correo_electronico_empl) VALUES (91,1,60,'ymackey21@disqus.com');
INSERT INTO correo_electronico_empl(id_vivero,id_rol,id_empleado,correo_electronico_empl) VALUES (74,4,95,'aalelsandrovich22@ebay.com');
INSERT INTO correo_electronico_empl(id_vivero,id_rol,id_empleado,correo_electronico_empl) VALUES (84,3,30,'jodooley23@blogger.com');
INSERT INTO correo_electronico_empl(id_vivero,id_rol,id_empleado,correo_electronico_empl) VALUES (17,1,60,'spalfreman24@ovh.net');
INSERT INTO correo_electronico_empl(id_vivero,id_rol,id_empleado,correo_electronico_empl) VALUES (20,2,44,'kcolin25@army.mil');
INSERT INTO correo_electronico_empl(id_vivero,id_rol,id_empleado,correo_electronico_empl) VALUES (95,4,74,'rdiamond26@geocities.com');
INSERT INTO correo_electronico_empl(id_vivero,id_rol,id_empleado,correo_electronico_empl) VALUES (49,4,42,'cvinnick27@google.nl');
INSERT INTO correo_electronico_empl(id_vivero,id_rol,id_empleado,correo_electronico_empl) VALUES (21,3,23,'mwrettum28@google.ca');
INSERT INTO correo_electronico_empl(id_vivero,id_rol,id_empleado,correo_electronico_empl) VALUES (58,1,83,'iwagen29@amazon.co.uk');
INSERT INTO correo_electronico_empl(id_vivero,id_rol,id_empleado,correo_electronico_empl) VALUES (2,1,66,'gbanister2a@berkeley.edu');
INSERT INTO correo_electronico_empl(id_vivero,id_rol,id_empleado,correo_electronico_empl) VALUES (66,1,14,'mcrosland2b@com.com');
INSERT INTO correo_electronico_empl(id_vivero,id_rol,id_empleado,correo_electronico_empl) VALUES (21,3,16,'skennally2c@tripadvisor.com');
INSERT INTO correo_electronico_empl(id_vivero,id_rol,id_empleado,correo_electronico_empl) VALUES (11,1,36,'fknappitt2d@dot.gov');
INSERT INTO correo_electronico_empl(id_vivero,id_rol,id_empleado,correo_electronico_empl) VALUES (85,2,8,'amayze2e@unc.edu');
INSERT INTO correo_electronico_empl(id_vivero,id_rol,id_empleado,correo_electronico_empl) VALUES (76,2,17,'aflucker2f@goo.gl');
INSERT INTO correo_electronico_empl(id_vivero,id_rol,id_empleado,correo_electronico_empl) VALUES (22,3,85,'ostockau2g@elpais.com');
INSERT INTO correo_electronico_empl(id_vivero,id_rol,id_empleado,correo_electronico_empl) VALUES (70,3,58,'rkinchin2h@google.com.br');
INSERT INTO correo_electronico_empl(id_vivero,id_rol,id_empleado,correo_electronico_empl) VALUES (64,4,26,'gtorre2i@dailymotion.com');
INSERT INTO correo_electronico_empl(id_vivero,id_rol,id_empleado,correo_electronico_empl) VALUES (43,1,19,'bharcombe2j@ftc.gov');
INSERT INTO correo_electronico_empl(id_vivero,id_rol,id_empleado,correo_electronico_empl) VALUES (39,3,100,'mewols2k@tripadvisor.com');
INSERT INTO correo_electronico_empl(id_vivero,id_rol,id_empleado,correo_electronico_empl) VALUES (26,1,40,'svivyan2l@bbb.org');
INSERT INTO correo_electronico_empl(id_vivero,id_rol,id_empleado,correo_electronico_empl) VALUES (64,4,31,'kwestfield2m@google.ru');
INSERT INTO correo_electronico_empl(id_vivero,id_rol,id_empleado,correo_electronico_empl) VALUES (28,1,40,'wahlf2n@sina.com.cn');
INSERT INTO correo_electronico_empl(id_vivero,id_rol,id_empleado,correo_electronico_empl) VALUES (21,3,40,'smumbray2o@ovh.net');
INSERT INTO correo_electronico_empl(id_vivero,id_rol,id_empleado,correo_electronico_empl) VALUES (85,3,14,'ecurnnokk2p@microsoft.com');
INSERT INTO correo_electronico_empl(id_vivero,id_rol,id_empleado,correo_electronico_empl) VALUES (7,3,58,'jswansborough2q@mapquest.com');
INSERT INTO correo_electronico_empl(id_vivero,id_rol,id_empleado,correo_electronico_empl) VALUES (76,4,39,'sutridge2r@4shared.com');


INSERT INTO c_forma_pago(id_forma_pago,descripcion) VALUES (1,'TarjetaCredito');
INSERT INTO c_forma_pago(id_forma_pago,descripcion) VALUES (2,'TarjetaDebito');
INSERT INTO c_forma_pago(id_forma_pago,descripcion) VALUES (3,'Mixo');
INSERT INTO venta_fisica(id_venta_fisica,id_vivero,id_planta,id_empleado_ayudar,id_rol_ayudar,id_empleado_cobrar,id_rol_cobrar,id_forma_pago) VALUES (1,90,619425,46,3,50,2,3);
INSERT INTO venta_fisica(id_venta_fisica,id_vivero,id_planta,id_empleado_ayudar,id_rol_ayudar,id_empleado_cobrar,id_rol_cobrar,id_forma_pago) VALUES (2,1,918966,13,4,51,3,3);
INSERT INTO venta_fisica(id_venta_fisica,id_vivero,id_planta,id_empleado_ayudar,id_rol_ayudar,id_empleado_cobrar,id_rol_cobrar,id_forma_pago) VALUES (3,1,155558,57,1,26,1,3);
INSERT INTO venta_fisica(id_venta_fisica,id_vivero,id_planta,id_empleado_ayudar,id_rol_ayudar,id_empleado_cobrar,id_rol_cobrar,id_forma_pago) VALUES (4,72,921721,34,1,71,3,2);
INSERT INTO venta_fisica(id_venta_fisica,id_vivero,id_planta,id_empleado_ayudar,id_rol_ayudar,id_empleado_cobrar,id_rol_cobrar,id_forma_pago) VALUES (5,15,478892,6,4,98,1,3);
INSERT INTO venta_fisica(id_venta_fisica,id_vivero,id_planta,id_empleado_ayudar,id_rol_ayudar,id_empleado_cobrar,id_rol_cobrar,id_forma_pago) VALUES (6,97,193361,12,3,68,3,1);
INSERT INTO venta_fisica(id_venta_fisica,id_vivero,id_planta,id_empleado_ayudar,id_rol_ayudar,id_empleado_cobrar,id_rol_cobrar,id_forma_pago) VALUES (7,91,807331,72,3,14,3,3);
INSERT INTO venta_fisica(id_venta_fisica,id_vivero,id_planta,id_empleado_ayudar,id_rol_ayudar,id_empleado_cobrar,id_rol_cobrar,id_forma_pago) VALUES (8,58,711707,33,2,9,1,2);
INSERT INTO venta_fisica(id_venta_fisica,id_vivero,id_planta,id_empleado_ayudar,id_rol_ayudar,id_empleado_cobrar,id_rol_cobrar,id_forma_pago) VALUES (9,88,711496,67,3,8,1,2);
INSERT INTO venta_fisica(id_venta_fisica,id_vivero,id_planta,id_empleado_ayudar,id_rol_ayudar,id_empleado_cobrar,id_rol_cobrar,id_forma_pago) VALUES (10,81,116708,5,4,9,2,3);
INSERT INTO venta_fisica(id_venta_fisica,id_vivero,id_planta,id_empleado_ayudar,id_rol_ayudar,id_empleado_cobrar,id_rol_cobrar,id_forma_pago) VALUES (11,93,444918,4,1,28,1,1);
INSERT INTO venta_fisica(id_venta_fisica,id_vivero,id_planta,id_empleado_ayudar,id_rol_ayudar,id_empleado_cobrar,id_rol_cobrar,id_forma_pago) VALUES (12,51,342496,56,2,33,2,1);
INSERT INTO venta_fisica(id_venta_fisica,id_vivero,id_planta,id_empleado_ayudar,id_rol_ayudar,id_empleado_cobrar,id_rol_cobrar,id_forma_pago) VALUES (13,9,640246,97,3,13,1,1);
INSERT INTO venta_fisica(id_venta_fisica,id_vivero,id_planta,id_empleado_ayudar,id_rol_ayudar,id_empleado_cobrar,id_rol_cobrar,id_forma_pago) VALUES (14,82,742892,49,3,16,1,2);
INSERT INTO venta_fisica(id_venta_fisica,id_vivero,id_planta,id_empleado_ayudar,id_rol_ayudar,id_empleado_cobrar,id_rol_cobrar,id_forma_pago) VALUES (15,38,723032,85,1,2,1,3);
INSERT INTO venta_fisica(id_venta_fisica,id_vivero,id_planta,id_empleado_ayudar,id_rol_ayudar,id_empleado_cobrar,id_rol_cobrar,id_forma_pago) VALUES (16,67,675254,4,2,65,3,2);
INSERT INTO venta_fisica(id_venta_fisica,id_vivero,id_planta,id_empleado_ayudar,id_rol_ayudar,id_empleado_cobrar,id_rol_cobrar,id_forma_pago) VALUES (17,18,30761,66,3,100,4,2);
INSERT INTO venta_fisica(id_venta_fisica,id_vivero,id_planta,id_empleado_ayudar,id_rol_ayudar,id_empleado_cobrar,id_rol_cobrar,id_forma_pago) VALUES (18,34,967412,30,2,84,2,1);
INSERT INTO venta_fisica(id_venta_fisica,id_vivero,id_planta,id_empleado_ayudar,id_rol_ayudar,id_empleado_cobrar,id_rol_cobrar,id_forma_pago) VALUES (19,47,50230,31,2,64,4,3);
INSERT INTO venta_fisica(id_venta_fisica,id_vivero,id_planta,id_empleado_ayudar,id_rol_ayudar,id_empleado_cobrar,id_rol_cobrar,id_forma_pago) VALUES (20,83,741542,58,1,100,4,1);
INSERT INTO venta_fisica(id_venta_fisica,id_vivero,id_planta,id_empleado_ayudar,id_rol_ayudar,id_empleado_cobrar,id_rol_cobrar,id_forma_pago) VALUES (21,38,706531,60,2,53,2,3);
INSERT INTO venta_fisica(id_venta_fisica,id_vivero,id_planta,id_empleado_ayudar,id_rol_ayudar,id_empleado_cobrar,id_rol_cobrar,id_forma_pago) VALUES (22,45,870682,76,2,50,2,2);
INSERT INTO venta_fisica(id_venta_fisica,id_vivero,id_planta,id_empleado_ayudar,id_rol_ayudar,id_empleado_cobrar,id_rol_cobrar,id_forma_pago) VALUES (23,61,730021,6,1,54,2,1);
INSERT INTO venta_fisica(id_venta_fisica,id_vivero,id_planta,id_empleado_ayudar,id_rol_ayudar,id_empleado_cobrar,id_rol_cobrar,id_forma_pago) VALUES (24,19,853931,57,4,93,3,3);
INSERT INTO venta_fisica(id_venta_fisica,id_vivero,id_planta,id_empleado_ayudar,id_rol_ayudar,id_empleado_cobrar,id_rol_cobrar,id_forma_pago) VALUES (25,58,613867,70,1,49,3,3);
INSERT INTO venta_fisica(id_venta_fisica,id_vivero,id_planta,id_empleado_ayudar,id_rol_ayudar,id_empleado_cobrar,id_rol_cobrar,id_forma_pago) VALUES (26,89,219717,65,1,77,2,3);
INSERT INTO venta_fisica(id_venta_fisica,id_vivero,id_planta,id_empleado_ayudar,id_rol_ayudar,id_empleado_cobrar,id_rol_cobrar,id_forma_pago) VALUES (27,1,617755,10,1,82,3,1);
INSERT INTO venta_fisica(id_venta_fisica,id_vivero,id_planta,id_empleado_ayudar,id_rol_ayudar,id_empleado_cobrar,id_rol_cobrar,id_forma_pago) VALUES (28,42,474997,98,3,95,2,2);
INSERT INTO venta_fisica(id_venta_fisica,id_vivero,id_planta,id_empleado_ayudar,id_rol_ayudar,id_empleado_cobrar,id_rol_cobrar,id_forma_pago) VALUES (29,55,189813,53,2,66,2,1);
INSERT INTO venta_fisica(id_venta_fisica,id_vivero,id_planta,id_empleado_ayudar,id_rol_ayudar,id_empleado_cobrar,id_rol_cobrar,id_forma_pago) VALUES (30,60,819924,35,1,69,4,2);
INSERT INTO venta_fisica(id_venta_fisica,id_vivero,id_planta,id_empleado_ayudar,id_rol_ayudar,id_empleado_cobrar,id_rol_cobrar,id_forma_pago) VALUES (31,76,50230,30,1,74,2,1);
INSERT INTO venta_fisica(id_venta_fisica,id_vivero,id_planta,id_empleado_ayudar,id_rol_ayudar,id_empleado_cobrar,id_rol_cobrar,id_forma_pago) VALUES (32,68,34771,47,3,81,4,3);
INSERT INTO venta_fisica(id_venta_fisica,id_vivero,id_planta,id_empleado_ayudar,id_rol_ayudar,id_empleado_cobrar,id_rol_cobrar,id_forma_pago) VALUES (33,31,108971,68,3,58,3,2);
INSERT INTO venta_fisica(id_venta_fisica,id_vivero,id_planta,id_empleado_ayudar,id_rol_ayudar,id_empleado_cobrar,id_rol_cobrar,id_forma_pago) VALUES (34,76,206370,8,4,33,2,1);
INSERT INTO venta_fisica(id_venta_fisica,id_vivero,id_planta,id_empleado_ayudar,id_rol_ayudar,id_empleado_cobrar,id_rol_cobrar,id_forma_pago) VALUES (35,58,451061,52,1,91,4,1);
INSERT INTO venta_fisica(id_venta_fisica,id_vivero,id_planta,id_empleado_ayudar,id_rol_ayudar,id_empleado_cobrar,id_rol_cobrar,id_forma_pago) VALUES (36,48,374355,50,3,87,2,3);
INSERT INTO venta_fisica(id_venta_fisica,id_vivero,id_planta,id_empleado_ayudar,id_rol_ayudar,id_empleado_cobrar,id_rol_cobrar,id_forma_pago) VALUES (37,92,494309,60,4,62,4,1);
INSERT INTO venta_fisica(id_venta_fisica,id_vivero,id_planta,id_empleado_ayudar,id_rol_ayudar,id_empleado_cobrar,id_rol_cobrar,id_forma_pago) VALUES (38,17,828841,31,3,60,4,3);
INSERT INTO venta_fisica(id_venta_fisica,id_vivero,id_planta,id_empleado_ayudar,id_rol_ayudar,id_empleado_cobrar,id_rol_cobrar,id_forma_pago) VALUES (39,27,640246,13,1,3,3,2);
INSERT INTO venta_fisica(id_venta_fisica,id_vivero,id_planta,id_empleado_ayudar,id_rol_ayudar,id_empleado_cobrar,id_rol_cobrar,id_forma_pago) VALUES (40,95,325673,30,4,68,3,3);
INSERT INTO venta_fisica(id_venta_fisica,id_vivero,id_planta,id_empleado_ayudar,id_rol_ayudar,id_empleado_cobrar,id_rol_cobrar,id_forma_pago) VALUES (41,74,521167,62,4,28,3,2);
INSERT INTO venta_fisica(id_venta_fisica,id_vivero,id_planta,id_empleado_ayudar,id_rol_ayudar,id_empleado_cobrar,id_rol_cobrar,id_forma_pago) VALUES (42,86,5001,9,2,87,2,3);
INSERT INTO venta_fisica(id_venta_fisica,id_vivero,id_planta,id_empleado_ayudar,id_rol_ayudar,id_empleado_cobrar,id_rol_cobrar,id_forma_pago) VALUES (43,42,711496,73,1,100,2,2);
INSERT INTO venta_fisica(id_venta_fisica,id_vivero,id_planta,id_empleado_ayudar,id_rol_ayudar,id_empleado_cobrar,id_rol_cobrar,id_forma_pago) VALUES (44,91,245748,63,4,50,1,3);
INSERT INTO venta_fisica(id_venta_fisica,id_vivero,id_planta,id_empleado_ayudar,id_rol_ayudar,id_empleado_cobrar,id_rol_cobrar,id_forma_pago) VALUES (45,62,897323,8,4,44,3,2);
INSERT INTO venta_fisica(id_venta_fisica,id_vivero,id_planta,id_empleado_ayudar,id_rol_ayudar,id_empleado_cobrar,id_rol_cobrar,id_forma_pago) VALUES (46,81,5001,7,1,50,1,1);
INSERT INTO venta_fisica(id_venta_fisica,id_vivero,id_planta,id_empleado_ayudar,id_rol_ayudar,id_empleado_cobrar,id_rol_cobrar,id_forma_pago) VALUES (47,20,727820,9,2,13,3,1);
INSERT INTO venta_fisica(id_venta_fisica,id_vivero,id_planta,id_empleado_ayudar,id_rol_ayudar,id_empleado_cobrar,id_rol_cobrar,id_forma_pago) VALUES (48,86,236138,28,4,10,2,2);
INSERT INTO venta_fisica(id_venta_fisica,id_vivero,id_planta,id_empleado_ayudar,id_rol_ayudar,id_empleado_cobrar,id_rol_cobrar,id_forma_pago) VALUES (49,6,799954,57,3,19,1,1);
INSERT INTO venta_fisica(id_venta_fisica,id_vivero,id_planta,id_empleado_ayudar,id_rol_ayudar,id_empleado_cobrar,id_rol_cobrar,id_forma_pago) VALUES (50,18,208894,63,4,61,3,1);
INSERT INTO venta_fisica(id_venta_fisica,id_vivero,id_planta,id_empleado_ayudar,id_rol_ayudar,id_empleado_cobrar,id_rol_cobrar,id_forma_pago) VALUES (51,86,975262,92,4,62,1,2);
INSERT INTO venta_fisica(id_venta_fisica,id_vivero,id_planta,id_empleado_ayudar,id_rol_ayudar,id_empleado_cobrar,id_rol_cobrar,id_forma_pago) VALUES (52,70,907811,16,1,63,2,2);
INSERT INTO venta_fisica(id_venta_fisica,id_vivero,id_planta,id_empleado_ayudar,id_rol_ayudar,id_empleado_cobrar,id_rol_cobrar,id_forma_pago) VALUES (53,33,934543,44,4,62,3,1);
INSERT INTO venta_fisica(id_venta_fisica,id_vivero,id_planta,id_empleado_ayudar,id_rol_ayudar,id_empleado_cobrar,id_rol_cobrar,id_forma_pago) VALUES (54,1,799954,38,2,49,2,3);
INSERT INTO venta_fisica(id_venta_fisica,id_vivero,id_planta,id_empleado_ayudar,id_rol_ayudar,id_empleado_cobrar,id_rol_cobrar,id_forma_pago) VALUES (55,73,342496,53,4,42,2,3);
INSERT INTO venta_fisica(id_venta_fisica,id_vivero,id_planta,id_empleado_ayudar,id_rol_ayudar,id_empleado_cobrar,id_rol_cobrar,id_forma_pago) VALUES (56,43,619425,62,4,85,2,3);
INSERT INTO venta_fisica(id_venta_fisica,id_vivero,id_planta,id_empleado_ayudar,id_rol_ayudar,id_empleado_cobrar,id_rol_cobrar,id_forma_pago) VALUES (57,93,155558,97,1,91,3,2);
INSERT INTO venta_fisica(id_venta_fisica,id_vivero,id_planta,id_empleado_ayudar,id_rol_ayudar,id_empleado_cobrar,id_rol_cobrar,id_forma_pago) VALUES (58,12,224041,55,4,16,4,1);
INSERT INTO venta_fisica(id_venta_fisica,id_vivero,id_planta,id_empleado_ayudar,id_rol_ayudar,id_empleado_cobrar,id_rol_cobrar,id_forma_pago) VALUES (59,88,934543,75,2,20,1,1);
INSERT INTO venta_fisica(id_venta_fisica,id_vivero,id_planta,id_empleado_ayudar,id_rol_ayudar,id_empleado_cobrar,id_rol_cobrar,id_forma_pago) VALUES (60,5,465628,96,2,58,1,1);
INSERT INTO venta_fisica(id_venta_fisica,id_vivero,id_planta,id_empleado_ayudar,id_rol_ayudar,id_empleado_cobrar,id_rol_cobrar,id_forma_pago) VALUES (61,99,958968,35,2,83,2,1);
INSERT INTO venta_fisica(id_venta_fisica,id_vivero,id_planta,id_empleado_ayudar,id_rol_ayudar,id_empleado_cobrar,id_rol_cobrar,id_forma_pago) VALUES (62,92,309917,61,4,58,3,2);
INSERT INTO venta_fisica(id_venta_fisica,id_vivero,id_planta,id_empleado_ayudar,id_rol_ayudar,id_empleado_cobrar,id_rol_cobrar,id_forma_pago) VALUES (63,75,147613,53,2,39,2,3);
INSERT INTO venta_fisica(id_venta_fisica,id_vivero,id_planta,id_empleado_ayudar,id_rol_ayudar,id_empleado_cobrar,id_rol_cobrar,id_forma_pago) VALUES (64,10,173833,4,1,81,4,2);
INSERT INTO venta_fisica(id_venta_fisica,id_vivero,id_planta,id_empleado_ayudar,id_rol_ayudar,id_empleado_cobrar,id_rol_cobrar,id_forma_pago) VALUES (65,53,706531,54,2,52,1,1);
INSERT INTO venta_fisica(id_venta_fisica,id_vivero,id_planta,id_empleado_ayudar,id_rol_ayudar,id_empleado_cobrar,id_rol_cobrar,id_forma_pago) VALUES (66,53,987430,77,1,20,1,1);
INSERT INTO venta_fisica(id_venta_fisica,id_vivero,id_planta,id_empleado_ayudar,id_rol_ayudar,id_empleado_cobrar,id_rol_cobrar,id_forma_pago) VALUES (67,54,205719,47,4,56,1,2);
INSERT INTO venta_fisica(id_venta_fisica,id_vivero,id_planta,id_empleado_ayudar,id_rol_ayudar,id_empleado_cobrar,id_rol_cobrar,id_forma_pago) VALUES (68,87,50230,89,2,22,2,1);
INSERT INTO venta_fisica(id_venta_fisica,id_vivero,id_planta,id_empleado_ayudar,id_rol_ayudar,id_empleado_cobrar,id_rol_cobrar,id_forma_pago) VALUES (69,27,434499,20,4,75,2,1);
INSERT INTO venta_fisica(id_venta_fisica,id_vivero,id_planta,id_empleado_ayudar,id_rol_ayudar,id_empleado_cobrar,id_rol_cobrar,id_forma_pago) VALUES (70,52,251781,30,3,66,1,2);
INSERT INTO venta_fisica(id_venta_fisica,id_vivero,id_planta,id_empleado_ayudar,id_rol_ayudar,id_empleado_cobrar,id_rol_cobrar,id_forma_pago) VALUES (71,53,298493,10,2,2,4,2);
INSERT INTO venta_fisica(id_venta_fisica,id_vivero,id_planta,id_empleado_ayudar,id_rol_ayudar,id_empleado_cobrar,id_rol_cobrar,id_forma_pago) VALUES (72,25,236138,97,1,75,3,2);
INSERT INTO venta_fisica(id_venta_fisica,id_vivero,id_planta,id_empleado_ayudar,id_rol_ayudar,id_empleado_cobrar,id_rol_cobrar,id_forma_pago) VALUES (73,93,775165,36,4,78,1,3);
INSERT INTO venta_fisica(id_venta_fisica,id_vivero,id_planta,id_empleado_ayudar,id_rol_ayudar,id_empleado_cobrar,id_rol_cobrar,id_forma_pago) VALUES (74,99,675277,14,3,88,4,3);
INSERT INTO venta_fisica(id_venta_fisica,id_vivero,id_planta,id_empleado_ayudar,id_rol_ayudar,id_empleado_cobrar,id_rol_cobrar,id_forma_pago) VALUES (75,93,597289,67,3,99,3,2);
INSERT INTO venta_fisica(id_venta_fisica,id_vivero,id_planta,id_empleado_ayudar,id_rol_ayudar,id_empleado_cobrar,id_rol_cobrar,id_forma_pago) VALUES (76,44,729420,88,3,55,3,2);
INSERT INTO venta_fisica(id_venta_fisica,id_vivero,id_planta,id_empleado_ayudar,id_rol_ayudar,id_empleado_cobrar,id_rol_cobrar,id_forma_pago) VALUES (77,77,5001,23,1,68,1,1);
INSERT INTO venta_fisica(id_venta_fisica,id_vivero,id_planta,id_empleado_ayudar,id_rol_ayudar,id_empleado_cobrar,id_rol_cobrar,id_forma_pago) VALUES (78,61,706531,45,2,73,3,1);
INSERT INTO venta_fisica(id_venta_fisica,id_vivero,id_planta,id_empleado_ayudar,id_rol_ayudar,id_empleado_cobrar,id_rol_cobrar,id_forma_pago) VALUES (79,7,747743,67,2,5,2,2);
INSERT INTO venta_fisica(id_venta_fisica,id_vivero,id_planta,id_empleado_ayudar,id_rol_ayudar,id_empleado_cobrar,id_rol_cobrar,id_forma_pago) VALUES (80,18,241101,65,1,38,3,1);
INSERT INTO venta_fisica(id_venta_fisica,id_vivero,id_planta,id_empleado_ayudar,id_rol_ayudar,id_empleado_cobrar,id_rol_cobrar,id_forma_pago) VALUES (81,78,593873,83,3,14,4,2);
INSERT INTO venta_fisica(id_venta_fisica,id_vivero,id_planta,id_empleado_ayudar,id_rol_ayudar,id_empleado_cobrar,id_rol_cobrar,id_forma_pago) VALUES (82,88,958968,46,2,89,4,1);
INSERT INTO venta_fisica(id_venta_fisica,id_vivero,id_planta,id_empleado_ayudar,id_rol_ayudar,id_empleado_cobrar,id_rol_cobrar,id_forma_pago) VALUES (83,68,741542,43,4,91,3,3);
INSERT INTO venta_fisica(id_venta_fisica,id_vivero,id_planta,id_empleado_ayudar,id_rol_ayudar,id_empleado_cobrar,id_rol_cobrar,id_forma_pago) VALUES (84,23,465628,74,2,28,4,1);
INSERT INTO venta_fisica(id_venta_fisica,id_vivero,id_planta,id_empleado_ayudar,id_rol_ayudar,id_empleado_cobrar,id_rol_cobrar,id_forma_pago) VALUES (85,45,819924,80,1,3,1,1);
INSERT INTO venta_fisica(id_venta_fisica,id_vivero,id_planta,id_empleado_ayudar,id_rol_ayudar,id_empleado_cobrar,id_rol_cobrar,id_forma_pago) VALUES (86,76,474997,5,1,16,1,2);
INSERT INTO venta_fisica(id_venta_fisica,id_vivero,id_planta,id_empleado_ayudar,id_rol_ayudar,id_empleado_cobrar,id_rol_cobrar,id_forma_pago) VALUES (87,21,478892,50,4,14,4,2);
INSERT INTO venta_fisica(id_venta_fisica,id_vivero,id_planta,id_empleado_ayudar,id_rol_ayudar,id_empleado_cobrar,id_rol_cobrar,id_forma_pago) VALUES (88,40,228691,57,4,88,1,2);
INSERT INTO venta_fisica(id_venta_fisica,id_vivero,id_planta,id_empleado_ayudar,id_rol_ayudar,id_empleado_cobrar,id_rol_cobrar,id_forma_pago) VALUES (89,48,741542,50,2,82,3,3);
INSERT INTO venta_fisica(id_venta_fisica,id_vivero,id_planta,id_empleado_ayudar,id_rol_ayudar,id_empleado_cobrar,id_rol_cobrar,id_forma_pago) VALUES (90,49,474997,43,1,5,2,3);
INSERT INTO venta_fisica(id_venta_fisica,id_vivero,id_planta,id_empleado_ayudar,id_rol_ayudar,id_empleado_cobrar,id_rol_cobrar,id_forma_pago) VALUES (91,63,512923,20,2,73,4,1);
INSERT INTO venta_fisica(id_venta_fisica,id_vivero,id_planta,id_empleado_ayudar,id_rol_ayudar,id_empleado_cobrar,id_rol_cobrar,id_forma_pago) VALUES (92,86,245748,44,4,36,3,1);
INSERT INTO venta_fisica(id_venta_fisica,id_vivero,id_planta,id_empleado_ayudar,id_rol_ayudar,id_empleado_cobrar,id_rol_cobrar,id_forma_pago) VALUES (93,60,11197,80,4,84,1,1);
INSERT INTO venta_fisica(id_venta_fisica,id_vivero,id_planta,id_empleado_ayudar,id_rol_ayudar,id_empleado_cobrar,id_rol_cobrar,id_forma_pago) VALUES (94,73,610303,28,3,96,2,1);
INSERT INTO venta_fisica(id_venta_fisica,id_vivero,id_planta,id_empleado_ayudar,id_rol_ayudar,id_empleado_cobrar,id_rol_cobrar,id_forma_pago) VALUES (95,4,575030,28,2,15,1,3);
INSERT INTO venta_fisica(id_venta_fisica,id_vivero,id_planta,id_empleado_ayudar,id_rol_ayudar,id_empleado_cobrar,id_rol_cobrar,id_forma_pago) VALUES (96,98,434499,47,2,72,1,1);
INSERT INTO venta_fisica(id_venta_fisica,id_vivero,id_planta,id_empleado_ayudar,id_rol_ayudar,id_empleado_cobrar,id_rol_cobrar,id_forma_pago) VALUES (97,27,9244,34,1,68,3,3);
INSERT INTO venta_fisica(id_venta_fisica,id_vivero,id_planta,id_empleado_ayudar,id_rol_ayudar,id_empleado_cobrar,id_rol_cobrar,id_forma_pago) VALUES (98,21,727820,78,1,28,3,1);
INSERT INTO venta_fisica(id_venta_fisica,id_vivero,id_planta,id_empleado_ayudar,id_rol_ayudar,id_empleado_cobrar,id_rol_cobrar,id_forma_pago) VALUES (99,95,224041,97,1,11,4,2);
INSERT INTO venta_fisica(id_venta_fisica,id_vivero,id_planta,id_empleado_ayudar,id_rol_ayudar,id_empleado_cobrar,id_rol_cobrar,id_forma_pago) VALUES (100,24,853646,90,4,19,3,1);
INSERT INTO venta_linea(id_venta_linea,id_vivero,id_planta,id_cliente,id_forma_pago,fecha_pedido,num_segu_envio,direc_envio,monto) VALUES (1,95,640246,28,2,'2022-03-12',1,'45925 Main Lane',$584.59);
INSERT INTO venta_linea(id_venta_linea,id_vivero,id_planta,id_cliente,id_forma_pago,fecha_pedido,num_segu_envio,direc_envio,monto) VALUES (2,95,853857,21,3,'2021-12-29',2,'50 Mockingbird Lane',$168.86);
INSERT INTO venta_linea(id_venta_linea,id_vivero,id_planta,id_cliente,id_forma_pago,fecha_pedido,num_segu_envio,direc_envio,monto) VALUES (3,62,613867,74,2,'2021-08-15',3,'99528 Vahlen Way',$560.30);
INSERT INTO venta_linea(id_venta_linea,id_vivero,id_planta,id_cliente,id_forma_pago,fecha_pedido,num_segu_envio,direc_envio,monto) VALUES (4,77,870682,10,3,'2022-05-12',4,'94146 Dapin Junction',$120.54);
INSERT INTO venta_linea(id_venta_linea,id_vivero,id_planta,id_cliente,id_forma_pago,fecha_pedido,num_segu_envio,direc_envio,monto) VALUES (5,77,627047,28,1,'2021-12-22',5,'0258 Northview Street',$89.89);
INSERT INTO venta_linea(id_venta_linea,id_vivero,id_planta,id_cliente,id_forma_pago,fecha_pedido,num_segu_envio,direc_envio,monto) VALUES (6,100,883480,67,3,'2021-11-08',6,'6 Colorado Avenue',$483.82);
INSERT INTO venta_linea(id_venta_linea,id_vivero,id_planta,id_cliente,id_forma_pago,fecha_pedido,num_segu_envio,direc_envio,monto) VALUES (7,74,183010,35,2,'2022-04-25',7,'55030 Lyons Alley',$421.94);
INSERT INTO venta_linea(id_venta_linea,id_vivero,id_planta,id_cliente,id_forma_pago,fecha_pedido,num_segu_envio,direc_envio,monto) VALUES (8,89,627047,62,3,'2021-05-07',8,'3 Manitowish Place',$518.64);
INSERT INTO venta_linea(id_venta_linea,id_vivero,id_planta,id_cliente,id_forma_pago,fecha_pedido,num_segu_envio,direc_envio,monto) VALUES (9,25,853931,15,2,'2021-06-09',9,'1132 Colorado Place',$293.76);
INSERT INTO venta_linea(id_venta_linea,id_vivero,id_planta,id_cliente,id_forma_pago,fecha_pedido,num_segu_envio,direc_envio,monto) VALUES (10,49,476403,43,3,'2021-05-04',10,'60 Darwin Terrace',$553.30);
INSERT INTO venta_linea(id_venta_linea,id_vivero,id_planta,id_cliente,id_forma_pago,fecha_pedido,num_segu_envio,direc_envio,monto) VALUES (11,57,704316,38,3,'2021-09-26',11,'691 Roxbury Pass',$581.07);
INSERT INTO venta_linea(id_venta_linea,id_vivero,id_planta,id_cliente,id_forma_pago,fecha_pedido,num_segu_envio,direc_envio,monto) VALUES (12,23,465628,39,3,'2021-10-25',12,'43 Coleman Way',$429.69);
INSERT INTO venta_linea(id_venta_linea,id_vivero,id_planta,id_cliente,id_forma_pago,fecha_pedido,num_segu_envio,direc_envio,monto) VALUES (13,14,927302,13,3,'2021-07-11',13,'758 David Circle',$636.31);
INSERT INTO venta_linea(id_venta_linea,id_vivero,id_planta,id_cliente,id_forma_pago,fecha_pedido,num_segu_envio,direc_envio,monto) VALUES (14,32,147613,89,3,'2022-02-22',14,'2801 Longview Place',$404.17);
INSERT INTO venta_linea(id_venta_linea,id_vivero,id_planta,id_cliente,id_forma_pago,fecha_pedido,num_segu_envio,direc_envio,monto) VALUES (15,52,13246,74,2,'2022-04-27',15,'9 Miller Way',$206.50);
INSERT INTO venta_linea(id_venta_linea,id_vivero,id_planta,id_cliente,id_forma_pago,fecha_pedido,num_segu_envio,direc_envio,monto) VALUES (16,41,145691,95,2,'2022-02-25',16,'7 Pierstorff Center',$492.25);
INSERT INTO venta_linea(id_venta_linea,id_vivero,id_planta,id_cliente,id_forma_pago,fecha_pedido,num_segu_envio,direc_envio,monto) VALUES (17,80,610303,93,2,'2022-04-08',17,'761 Everett Junction',$563.62);
INSERT INTO venta_linea(id_venta_linea,id_vivero,id_planta,id_cliente,id_forma_pago,fecha_pedido,num_segu_envio,direc_envio,monto) VALUES (18,33,494309,26,3,'2022-10-30',18,'30205 Schurz Place',$421.54);
INSERT INTO venta_linea(id_venta_linea,id_vivero,id_planta,id_cliente,id_forma_pago,fecha_pedido,num_segu_envio,direc_envio,monto) VALUES (19,55,410781,33,1,'2021-12-31',19,'69 Armistice Trail',$559.20);
INSERT INTO venta_linea(id_venta_linea,id_vivero,id_planta,id_cliente,id_forma_pago,fecha_pedido,num_segu_envio,direc_envio,monto) VALUES (20,39,436954,68,2,'2021-10-04',20,'971 Buell Way',$461.92);
INSERT INTO venta_linea(id_venta_linea,id_vivero,id_planta,id_cliente,id_forma_pago,fecha_pedido,num_segu_envio,direc_envio,monto) VALUES (21,84,436954,90,1,'2022-10-10',21,'540 Boyd Crossing',$525.09);
INSERT INTO venta_linea(id_venta_linea,id_vivero,id_planta,id_cliente,id_forma_pago,fecha_pedido,num_segu_envio,direc_envio,monto) VALUES (22,33,317330,13,2,'2021-07-07',22,'48015 Macpherson Place',$460.55);
INSERT INTO venta_linea(id_venta_linea,id_vivero,id_planta,id_cliente,id_forma_pago,fecha_pedido,num_segu_envio,direc_envio,monto) VALUES (23,48,50230,82,1,'2022-10-03',23,'886 Birchwood Hill',$103.97);
INSERT INTO venta_linea(id_venta_linea,id_vivero,id_planta,id_cliente,id_forma_pago,fecha_pedido,num_segu_envio,direc_envio,monto) VALUES (24,73,124769,79,2,'2022-03-28',24,'06 Victoria Circle',$388.31);
INSERT INTO venta_linea(id_venta_linea,id_vivero,id_planta,id_cliente,id_forma_pago,fecha_pedido,num_segu_envio,direc_envio,monto) VALUES (25,11,446020,39,3,'2022-01-03',25,'2 Spohn Parkway',$173.78);
INSERT INTO venta_linea(id_venta_linea,id_vivero,id_planta,id_cliente,id_forma_pago,fecha_pedido,num_segu_envio,direc_envio,monto) VALUES (26,67,828841,9,3,'2022-06-05',26,'13331 Burning Wood Drive',$267.96);
INSERT INTO venta_linea(id_venta_linea,id_vivero,id_planta,id_cliente,id_forma_pago,fecha_pedido,num_segu_envio,direc_envio,monto) VALUES (27,77,897323,23,3,'2022-02-02',27,'7 Esch Crossing',$485.19);
INSERT INTO venta_linea(id_venta_linea,id_vivero,id_planta,id_cliente,id_forma_pago,fecha_pedido,num_segu_envio,direc_envio,monto) VALUES (28,8,252412,34,1,'2022-03-29',28,'67 Mallard Circle',$200.58);
INSERT INTO venta_linea(id_venta_linea,id_vivero,id_planta,id_cliente,id_forma_pago,fecha_pedido,num_segu_envio,direc_envio,monto) VALUES (29,67,183010,62,3,'2022-09-16',29,'852 Luster Court',$124.57);
INSERT INTO venta_linea(id_venta_linea,id_vivero,id_planta,id_cliente,id_forma_pago,fecha_pedido,num_segu_envio,direc_envio,monto) VALUES (30,49,317330,82,3,'2021-12-08',30,'70613 Dunning Way',$567.26);
INSERT INTO venta_linea(id_venta_linea,id_vivero,id_planta,id_cliente,id_forma_pago,fecha_pedido,num_segu_envio,direc_envio,monto) VALUES (31,15,799954,49,1,'2022-08-30',31,'532 Sheridan Trail',$288.29);
INSERT INTO venta_linea(id_venta_linea,id_vivero,id_planta,id_cliente,id_forma_pago,fecha_pedido,num_segu_envio,direc_envio,monto) VALUES (32,58,918966,15,3,'2021-09-26',32,'771 Havey Point',$391.21);
INSERT INTO venta_linea(id_venta_linea,id_vivero,id_planta,id_cliente,id_forma_pago,fecha_pedido,num_segu_envio,direc_envio,monto) VALUES (33,17,392522,29,2,'2022-04-19',33,'4 Welch Trail',$686.03);
INSERT INTO venta_linea(id_venta_linea,id_vivero,id_planta,id_cliente,id_forma_pago,fecha_pedido,num_segu_envio,direc_envio,monto) VALUES (34,75,396763,70,2,'2022-03-22',34,'250 Moland Parkway',$490.50);
INSERT INTO venta_linea(id_venta_linea,id_vivero,id_planta,id_cliente,id_forma_pago,fecha_pedido,num_segu_envio,direc_envio,monto) VALUES (35,37,449100,55,2,'2021-05-29',35,'1372 Laurel Plaza',$605.73);
INSERT INTO venta_linea(id_venta_linea,id_vivero,id_planta,id_cliente,id_forma_pago,fecha_pedido,num_segu_envio,direc_envio,monto) VALUES (36,30,727536,14,1,'2022-01-10',36,'19 Oak Pass',$347.35);
INSERT INTO venta_linea(id_venta_linea,id_vivero,id_planta,id_cliente,id_forma_pago,fecha_pedido,num_segu_envio,direc_envio,monto) VALUES (37,74,5001,96,3,'2021-11-17',37,'280 Oneill Avenue',$163.24);
INSERT INTO venta_linea(id_venta_linea,id_vivero,id_planta,id_cliente,id_forma_pago,fecha_pedido,num_segu_envio,direc_envio,monto) VALUES (38,99,325673,21,1,'2021-11-05',38,'396 Iowa Avenue',$387.75);
INSERT INTO venta_linea(id_venta_linea,id_vivero,id_planta,id_cliente,id_forma_pago,fecha_pedido,num_segu_envio,direc_envio,monto) VALUES (39,59,975262,2,2,'2021-07-18',39,'17630 Oxford Alley',$516.70);
INSERT INTO venta_linea(id_venta_linea,id_vivero,id_planta,id_cliente,id_forma_pago,fecha_pedido,num_segu_envio,direc_envio,monto) VALUES (40,2,574873,65,3,'2021-10-26',40,'61621 Scoville Drive',$247.32);
INSERT INTO venta_linea(id_venta_linea,id_vivero,id_planta,id_cliente,id_forma_pago,fecha_pedido,num_segu_envio,direc_envio,monto) VALUES (41,19,597289,2,3,'2021-07-30',41,'8734 2nd Parkway',$429.70);
INSERT INTO venta_linea(id_venta_linea,id_vivero,id_planta,id_cliente,id_forma_pago,fecha_pedido,num_segu_envio,direc_envio,monto) VALUES (42,52,575030,15,1,'2021-07-22',42,'59444 Morning Hill',$641.32);
INSERT INTO venta_linea(id_venta_linea,id_vivero,id_planta,id_cliente,id_forma_pago,fecha_pedido,num_segu_envio,direc_envio,monto) VALUES (43,64,613867,19,3,'2021-06-13',43,'6 Kedzie Hill',$443.00);
INSERT INTO venta_linea(id_venta_linea,id_vivero,id_planta,id_cliente,id_forma_pago,fecha_pedido,num_segu_envio,direc_envio,monto) VALUES (44,51,451061,29,3,'2022-06-09',44,'6614 Bartelt Center',$307.96);
INSERT INTO venta_linea(id_venta_linea,id_vivero,id_planta,id_cliente,id_forma_pago,fecha_pedido,num_segu_envio,direc_envio,monto) VALUES (45,23,721277,6,3,'2021-10-18',45,'6 Algoma Point',$489.57);
INSERT INTO venta_linea(id_venta_linea,id_vivero,id_planta,id_cliente,id_forma_pago,fecha_pedido,num_segu_envio,direc_envio,monto) VALUES (46,100,958968,58,2,'2021-12-08',46,'96 Stoughton Terrace',$268.88);
INSERT INTO venta_linea(id_venta_linea,id_vivero,id_planta,id_cliente,id_forma_pago,fecha_pedido,num_segu_envio,direc_envio,monto) VALUES (47,79,124769,54,2,'2022-09-20',47,'2257 Calypso Point',$483.38);
INSERT INTO venta_linea(id_venta_linea,id_vivero,id_planta,id_cliente,id_forma_pago,fecha_pedido,num_segu_envio,direc_envio,monto) VALUES (48,49,424731,15,3,'2022-01-18',48,'5 Larry Parkway',$210.60);
INSERT INTO venta_linea(id_venta_linea,id_vivero,id_planta,id_cliente,id_forma_pago,fecha_pedido,num_segu_envio,direc_envio,monto) VALUES (49,91,675254,7,2,'2022-01-02',49,'90253 Gale Park',$505.99);
INSERT INTO venta_linea(id_venta_linea,id_vivero,id_planta,id_cliente,id_forma_pago,fecha_pedido,num_segu_envio,direc_envio,monto) VALUES (50,53,205719,82,3,'2022-11-03',50,'73 David Plaza',$472.32);
INSERT INTO venta_linea(id_venta_linea,id_vivero,id_planta,id_cliente,id_forma_pago,fecha_pedido,num_segu_envio,direc_envio,monto) VALUES (51,30,575030,89,1,'2022-04-21',51,'8609 Bellgrove Road',$585.97);
INSERT INTO venta_linea(id_venta_linea,id_vivero,id_planta,id_cliente,id_forma_pago,fecha_pedido,num_segu_envio,direc_envio,monto) VALUES (52,24,362033,69,3,'2022-09-22',52,'15 Schiller Point',$601.67);
INSERT INTO venta_linea(id_venta_linea,id_vivero,id_planta,id_cliente,id_forma_pago,fecha_pedido,num_segu_envio,direc_envio,monto) VALUES (53,58,124769,79,2,'2022-06-26',53,'1 Chinook Place',$553.60);
INSERT INTO venta_linea(id_venta_linea,id_vivero,id_planta,id_cliente,id_forma_pago,fecha_pedido,num_segu_envio,direc_envio,monto) VALUES (54,90,476403,47,2,'2022-03-28',54,'30 Thackeray Trail',$384.61);
INSERT INTO venta_linea(id_venta_linea,id_vivero,id_planta,id_cliente,id_forma_pago,fecha_pedido,num_segu_envio,direc_envio,monto) VALUES (55,82,704316,87,3,'2021-08-05',55,'9720 Eagan Terrace',$588.71);
INSERT INTO venta_linea(id_venta_linea,id_vivero,id_planta,id_cliente,id_forma_pago,fecha_pedido,num_segu_envio,direc_envio,monto) VALUES (56,45,30761,38,1,'2022-04-14',56,'10308 Caliangt Point',$673.87);
INSERT INTO venta_linea(id_venta_linea,id_vivero,id_planta,id_cliente,id_forma_pago,fecha_pedido,num_segu_envio,direc_envio,monto) VALUES (57,66,444918,61,2,'2021-05-28',57,'2655 American Ash Terrace',$187.28);
INSERT INTO venta_linea(id_venta_linea,id_vivero,id_planta,id_cliente,id_forma_pago,fecha_pedido,num_segu_envio,direc_envio,monto) VALUES (58,70,907811,91,2,'2022-05-09',58,'0 Hauk Point',$466.29);
INSERT INTO venta_linea(id_venta_linea,id_vivero,id_planta,id_cliente,id_forma_pago,fecha_pedido,num_segu_envio,direc_envio,monto) VALUES (59,37,108971,42,2,'2022-08-17',59,'1 Mandrake Trail',$484.21);
INSERT INTO venta_linea(id_venta_linea,id_vivero,id_planta,id_cliente,id_forma_pago,fecha_pedido,num_segu_envio,direc_envio,monto) VALUES (60,64,516175,29,3,'2021-07-21',60,'0 Starling Plaza',$638.15);
INSERT INTO venta_linea(id_venta_linea,id_vivero,id_planta,id_cliente,id_forma_pago,fecha_pedido,num_segu_envio,direc_envio,monto) VALUES (61,19,362033,22,3,'2021-05-25',61,'39 Nobel Trail',$103.74);
INSERT INTO venta_linea(id_venta_linea,id_vivero,id_planta,id_cliente,id_forma_pago,fecha_pedido,num_segu_envio,direc_envio,monto) VALUES (62,58,198011,37,2,'2022-03-09',62,'504 Stuart Way',$378.49);
INSERT INTO venta_linea(id_venta_linea,id_vivero,id_planta,id_cliente,id_forma_pago,fecha_pedido,num_segu_envio,direc_envio,monto) VALUES (63,44,116708,59,1,'2021-08-18',63,'75 7th Terrace',$352.70);
INSERT INTO venta_linea(id_venta_linea,id_vivero,id_planta,id_cliente,id_forma_pago,fecha_pedido,num_segu_envio,direc_envio,monto) VALUES (64,43,173833,44,3,'2021-05-04',64,'0738 School Circle',$415.78);
INSERT INTO venta_linea(id_venta_linea,id_vivero,id_planta,id_cliente,id_forma_pago,fecha_pedido,num_segu_envio,direc_envio,monto) VALUES (65,78,436954,67,1,'2021-12-18',65,'1350 Chinook Center',$501.82);
INSERT INTO venta_linea(id_venta_linea,id_vivero,id_planta,id_cliente,id_forma_pago,fecha_pedido,num_segu_envio,direc_envio,monto) VALUES (66,68,211005,25,2,'2022-01-14',66,'005 Lighthouse Bay Pass',$698.52);
INSERT INTO venta_linea(id_venta_linea,id_vivero,id_planta,id_cliente,id_forma_pago,fecha_pedido,num_segu_envio,direc_envio,monto) VALUES (67,52,704316,47,1,'2021-06-01',67,'96 Haas Junction',$639.62);
INSERT INTO venta_linea(id_venta_linea,id_vivero,id_planta,id_cliente,id_forma_pago,fecha_pedido,num_segu_envio,direc_envio,monto) VALUES (68,23,35891,4,2,'2022-04-08',68,'53 Arkansas Hill',$692.33);
INSERT INTO venta_linea(id_venta_linea,id_vivero,id_planta,id_cliente,id_forma_pago,fecha_pedido,num_segu_envio,direc_envio,monto) VALUES (69,71,775165,29,3,'2022-08-14',69,'2948 Kipling Terrace',$136.66);
INSERT INTO venta_linea(id_venta_linea,id_vivero,id_planta,id_cliente,id_forma_pago,fecha_pedido,num_segu_envio,direc_envio,monto) VALUES (70,58,474451,81,1,'2021-09-09',70,'4863 Larry Parkway',$419.38);
INSERT INTO venta_linea(id_venta_linea,id_vivero,id_planta,id_cliente,id_forma_pago,fecha_pedido,num_segu_envio,direc_envio,monto) VALUES (71,67,217267,63,3,'2022-08-18',71,'146 Derek Junction',$377.92);
INSERT INTO venta_linea(id_venta_linea,id_vivero,id_planta,id_cliente,id_forma_pago,fecha_pedido,num_segu_envio,direc_envio,monto) VALUES (72,22,198011,19,3,'2021-09-30',72,'8560 Johnson Lane',$211.05);
INSERT INTO venta_linea(id_venta_linea,id_vivero,id_planta,id_cliente,id_forma_pago,fecha_pedido,num_segu_envio,direc_envio,monto) VALUES (73,29,597289,48,1,'2021-05-08',73,'56 Golf View Road',$228.11);
INSERT INTO venta_linea(id_venta_linea,id_vivero,id_planta,id_cliente,id_forma_pago,fecha_pedido,num_segu_envio,direc_envio,monto) VALUES (74,52,659719,92,1,'2022-01-13',74,'0 Pawling Circle',$98.30);
INSERT INTO venta_linea(id_venta_linea,id_vivero,id_planta,id_cliente,id_forma_pago,fecha_pedido,num_segu_envio,direc_envio,monto) VALUES (75,50,478892,54,1,'2022-07-03',75,'0006 Superior Center',$564.59);
INSERT INTO venta_linea(id_venta_linea,id_vivero,id_planta,id_cliente,id_forma_pago,fecha_pedido,num_segu_envio,direc_envio,monto) VALUES (76,81,217267,87,2,'2021-06-16',76,'349 Karstens Crossing',$195.87);
INSERT INTO venta_linea(id_venta_linea,id_vivero,id_planta,id_cliente,id_forma_pago,fecha_pedido,num_segu_envio,direc_envio,monto) VALUES (77,97,251781,2,2,'2022-02-08',77,'9333 Namekagon Road',$344.70);
INSERT INTO venta_linea(id_venta_linea,id_vivero,id_planta,id_cliente,id_forma_pago,fecha_pedido,num_segu_envio,direc_envio,monto) VALUES (78,14,155558,61,2,'2022-03-25',78,'1 Manufacturers Point',$487.05);
INSERT INTO venta_linea(id_venta_linea,id_vivero,id_planta,id_cliente,id_forma_pago,fecha_pedido,num_segu_envio,direc_envio,monto) VALUES (79,73,13246,17,3,'2022-04-06',79,'739 Stone Corner Junction',$689.09);
INSERT INTO venta_linea(id_venta_linea,id_vivero,id_planta,id_cliente,id_forma_pago,fecha_pedido,num_segu_envio,direc_envio,monto) VALUES (80,52,724464,18,3,'2022-06-22',80,'9178 Fairfield Pass',$460.13);
INSERT INTO venta_linea(id_venta_linea,id_vivero,id_planta,id_cliente,id_forma_pago,fecha_pedido,num_segu_envio,direc_envio,monto) VALUES (81,13,446020,95,2,'2021-10-03',81,'0197 Tennessee Court',$465.70);
INSERT INTO venta_linea(id_venta_linea,id_vivero,id_planta,id_cliente,id_forma_pago,fecha_pedido,num_segu_envio,direc_envio,monto) VALUES (82,1,145691,95,2,'2021-10-26',82,'558 Barby Street',$541.71);
INSERT INTO venta_linea(id_venta_linea,id_vivero,id_planta,id_cliente,id_forma_pago,fecha_pedido,num_segu_envio,direc_envio,monto) VALUES (83,10,43411,49,2,'2022-05-03',83,'3 Cascade Circle',$475.46);
INSERT INTO venta_linea(id_venta_linea,id_vivero,id_planta,id_cliente,id_forma_pago,fecha_pedido,num_segu_envio,direc_envio,monto) VALUES (84,5,975262,68,1,'2021-11-04',84,'4927 Everett Street',$442.15);
INSERT INTO venta_linea(id_venta_linea,id_vivero,id_planta,id_cliente,id_forma_pago,fecha_pedido,num_segu_envio,direc_envio,monto) VALUES (85,72,714515,98,2,'2022-04-08',85,'7213 Westport Avenue',$307.01);
INSERT INTO venta_linea(id_venta_linea,id_vivero,id_planta,id_cliente,id_forma_pago,fecha_pedido,num_segu_envio,direc_envio,monto) VALUES (86,34,298493,81,2,'2021-06-21',86,'0 Macpherson Court',$423.43);
INSERT INTO venta_linea(id_venta_linea,id_vivero,id_planta,id_cliente,id_forma_pago,fecha_pedido,num_segu_envio,direc_envio,monto) VALUES (87,95,870682,19,1,'2022-04-11',87,'8 Utah Junction',$481.96);
INSERT INTO venta_linea(id_venta_linea,id_vivero,id_planta,id_cliente,id_forma_pago,fecha_pedido,num_segu_envio,direc_envio,monto) VALUES (88,9,729420,7,3,'2022-08-28',88,'930 5th Street',$693.05);
INSERT INTO venta_linea(id_venta_linea,id_vivero,id_planta,id_cliente,id_forma_pago,fecha_pedido,num_segu_envio,direc_envio,monto) VALUES (89,44,245748,81,3,'2021-11-19',89,'1515 Loeprich Court',$208.22);
INSERT INTO venta_linea(id_venta_linea,id_vivero,id_planta,id_cliente,id_forma_pago,fecha_pedido,num_segu_envio,direc_envio,monto) VALUES (90,66,335574,9,1,'2022-08-21',90,'0 Buell Center',$272.41);
INSERT INTO venta_linea(id_venta_linea,id_vivero,id_planta,id_cliente,id_forma_pago,fecha_pedido,num_segu_envio,direc_envio,monto) VALUES (91,34,147613,42,1,'2021-06-22',91,'10562 Saint Paul Lane',$528.40);
INSERT INTO venta_linea(id_venta_linea,id_vivero,id_planta,id_cliente,id_forma_pago,fecha_pedido,num_segu_envio,direc_envio,monto) VALUES (92,71,13246,6,2,'2021-05-17',92,'1 Muir Center',$573.49);
INSERT INTO venta_linea(id_venta_linea,id_vivero,id_planta,id_cliente,id_forma_pago,fecha_pedido,num_segu_envio,direc_envio,monto) VALUES (93,45,642580,32,3,'2022-08-21',93,'982 Aberg Crossing',$513.03);
INSERT INTO venta_linea(id_venta_linea,id_vivero,id_planta,id_cliente,id_forma_pago,fecha_pedido,num_segu_envio,direc_envio,monto) VALUES (94,30,335574,100,3,'2022-08-21',94,'8 Hollow Ridge Trail',$364.43);
INSERT INTO venta_linea(id_venta_linea,id_vivero,id_planta,id_cliente,id_forma_pago,fecha_pedido,num_segu_envio,direc_envio,monto) VALUES (95,38,173833,90,2,'2022-01-11',95,'0 Westerfield Street',$423.91);
INSERT INTO venta_linea(id_venta_linea,id_vivero,id_planta,id_cliente,id_forma_pago,fecha_pedido,num_segu_envio,direc_envio,monto) VALUES (96,20,853857,81,2,'2021-09-07',96,'71798 Elgar Hill',$649.68);
INSERT INTO venta_linea(id_venta_linea,id_vivero,id_planta,id_cliente,id_forma_pago,fecha_pedido,num_segu_envio,direc_envio,monto) VALUES (97,86,321019,26,2,'2021-11-21',97,'4608 Jana Avenue',$403.21);
INSERT INTO venta_linea(id_venta_linea,id_vivero,id_planta,id_cliente,id_forma_pago,fecha_pedido,num_segu_envio,direc_envio,monto) VALUES (98,16,711707,85,1,'2022-05-13',98,'99 Sommers Alley',$331.17);
INSERT INTO venta_linea(id_venta_linea,id_vivero,id_planta,id_cliente,id_forma_pago,fecha_pedido,num_segu_envio,direc_envio,monto) VALUES (99,86,675277,28,3,'2022-02-18',99,'904 Tomscot Center',$445.29);
INSERT INTO venta_linea(id_venta_linea,id_vivero,id_planta,id_cliente,id_forma_pago,fecha_pedido,num_segu_envio,direc_envio,monto) VALUES (100,1,724464,93,3,'2022-10-29',100,'2 Bunker Hill Parkway',$661.75);
