INSERT INTO cliente(id_cliente,nombre,fecha_nacimiento) VALUES (1,'Ebeneser Cherrett','1990/10/07');
INSERT INTO cliente(id_cliente,nombre,fecha_nacimiento) VALUES (2,'Grover Yankishin','1999/09/20');
INSERT INTO cliente(id_cliente,nombre,fecha_nacimiento) VALUES (3,'Fanechka Pellamonuten','1974/03/27');
INSERT INTO cliente(id_cliente,nombre,fecha_nacimiento) VALUES (4,'Mikol McQuorkel','1961/08/27');
INSERT INTO cliente(id_cliente,nombre,fecha_nacimiento) VALUES (5,'Ailey Dickey','1989/01/24');
INSERT INTO cliente(id_cliente,nombre,fecha_nacimiento) VALUES (6,'Harrietta Arden','1981/06/28');
INSERT INTO cliente(id_cliente,nombre,fecha_nacimiento) VALUES (7,'Trace Foch','1971/09/21');
INSERT INTO cliente(id_cliente,nombre,fecha_nacimiento) VALUES (8,'Mahala Bonifazio','2002/05/24');
INSERT INTO cliente(id_cliente,nombre,fecha_nacimiento) VALUES (9,'Nevin Ryal','1975/09/01');
INSERT INTO cliente(id_cliente,nombre,fecha_nacimiento) VALUES (10,'Eveleen Gosnall','1969/03/18');
INSERT INTO cliente(id_cliente,nombre,fecha_nacimiento) VALUES (11,'Alasteir Storry','1965/03/31');
INSERT INTO cliente(id_cliente,nombre,fecha_nacimiento) VALUES (12,'Harvey Perrot','1988/05/15');
INSERT INTO cliente(id_cliente,nombre,fecha_nacimiento) VALUES (13,'Norbert Vallance','2002/05/26');
INSERT INTO cliente(id_cliente,nombre,fecha_nacimiento) VALUES (14,'Kristel Barneville','1966/12/07');
INSERT INTO cliente(id_cliente,nombre,fecha_nacimiento) VALUES (15,'Silva Sutterfield','1968/09/06');
INSERT INTO cliente(id_cliente,nombre,fecha_nacimiento) VALUES (16,'Hilary Mathey','1984/03/26');
INSERT INTO cliente(id_cliente,nombre,fecha_nacimiento) VALUES (17,'Willi Rosita','1992/01/24');
INSERT INTO cliente(id_cliente,nombre,fecha_nacimiento) VALUES (18,'Lianna Robeson','1980/09/05');
INSERT INTO cliente(id_cliente,nombre,fecha_nacimiento) VALUES (19,'Keefe Parr','1968/03/18');
INSERT INTO cliente(id_cliente,nombre,fecha_nacimiento) VALUES (20,'Jasmina Ovesen','1970/03/22');
INSERT INTO cliente(id_cliente,nombre,fecha_nacimiento) VALUES (21,'Teodorico Guslon','1997/04/18');
INSERT INTO cliente(id_cliente,nombre,fecha_nacimiento) VALUES (22,'Ely Barchrameev','1981/03/22');
INSERT INTO cliente(id_cliente,nombre,fecha_nacimiento) VALUES (23,'Rawley Bocock','1990/09/22');
INSERT INTO cliente(id_cliente,nombre,fecha_nacimiento) VALUES (24,'Joela Sancraft','1962/11/03');
INSERT INTO cliente(id_cliente,nombre,fecha_nacimiento) VALUES (25,'Petronella Hiscocks','1967/06/14');
INSERT INTO cliente(id_cliente,nombre,fecha_nacimiento) VALUES (26,'Aviva Castle','1973/08/10');
INSERT INTO cliente(id_cliente,nombre,fecha_nacimiento) VALUES (27,'Jilleen Linfield','1967/07/02');
INSERT INTO cliente(id_cliente,nombre,fecha_nacimiento) VALUES (28,'Corrine Crosoer','1975/10/19');
INSERT INTO cliente(id_cliente,nombre,fecha_nacimiento) VALUES (29,'Baillie Kynoch','1964/01/17');
INSERT INTO cliente(id_cliente,nombre,fecha_nacimiento) VALUES (30,'Rosaleen Sawkin','1965/06/21');
INSERT INTO cliente(id_cliente,nombre,fecha_nacimiento) VALUES (31,'Tara Frankema','1993/09/08');
INSERT INTO cliente(id_cliente,nombre,fecha_nacimiento) VALUES (32,'Pia Andri','1961/03/30');
INSERT INTO cliente(id_cliente,nombre,fecha_nacimiento) VALUES (33,'Kermy Cartin','2002/03/15');
INSERT INTO cliente(id_cliente,nombre,fecha_nacimiento) VALUES (34,'Ringo Larter','1981/08/09');
INSERT INTO cliente(id_cliente,nombre,fecha_nacimiento) VALUES (35,'Nydia Hedger','1981/06/17');
INSERT INTO cliente(id_cliente,nombre,fecha_nacimiento) VALUES (36,'Marlow MacGown','1995/12/06');
INSERT INTO cliente(id_cliente,nombre,fecha_nacimiento) VALUES (37,'Uri Olman','1977/09/03');
INSERT INTO cliente(id_cliente,nombre,fecha_nacimiento) VALUES (38,'Rikki Disbury','1961/11/24');
INSERT INTO cliente(id_cliente,nombre,fecha_nacimiento) VALUES (39,'Flori Dwight','1996/05/31');
INSERT INTO cliente(id_cliente,nombre,fecha_nacimiento) VALUES (40,'Amalee Lakeman','1997/11/08');
INSERT INTO cliente(id_cliente,nombre,fecha_nacimiento) VALUES (41,'Camilla Everal','1961/05/24');
INSERT INTO cliente(id_cliente,nombre,fecha_nacimiento) VALUES (42,'Mora Barabisch','1983/02/06');
INSERT INTO cliente(id_cliente,nombre,fecha_nacimiento) VALUES (43,'Dolly Olliver','1975/12/06');
INSERT INTO cliente(id_cliente,nombre,fecha_nacimiento) VALUES (44,'Maureene Praundl','1979/04/06');
INSERT INTO cliente(id_cliente,nombre,fecha_nacimiento) VALUES (45,'Delaney Sexstone','1969/03/25');
INSERT INTO cliente(id_cliente,nombre,fecha_nacimiento) VALUES (46,'Hubert Breagan','1974/07/05');
INSERT INTO cliente(id_cliente,nombre,fecha_nacimiento) VALUES (47,'Aeriel Laible','1985/11/01');
INSERT INTO cliente(id_cliente,nombre,fecha_nacimiento) VALUES (48,'Rennie Peckett','1990/09/30');
INSERT INTO cliente(id_cliente,nombre,fecha_nacimiento) VALUES (49,'Magdaia Baribal','2002/07/19');
INSERT INTO cliente(id_cliente,nombre,fecha_nacimiento) VALUES (50,'Mariam Dayne','1976/12/04');
INSERT INTO cliente(id_cliente,nombre,fecha_nacimiento) VALUES (51,'Adriane Karus','1996/11/07');
INSERT INTO cliente(id_cliente,nombre,fecha_nacimiento) VALUES (52,'Carena Roz','1961/03/22');
INSERT INTO cliente(id_cliente,nombre,fecha_nacimiento) VALUES (53,'Bria Kirkup','2004/05/06');
INSERT INTO cliente(id_cliente,nombre,fecha_nacimiento) VALUES (54,'Reilly Merioth','1984/06/29');
INSERT INTO cliente(id_cliente,nombre,fecha_nacimiento) VALUES (55,'Derron Egginton','1976/07/09');
INSERT INTO cliente(id_cliente,nombre,fecha_nacimiento) VALUES (56,'Cam Orht','1982/02/11');
INSERT INTO cliente(id_cliente,nombre,fecha_nacimiento) VALUES (57,'Bonnee Bowyer','1979/02/10');
INSERT INTO cliente(id_cliente,nombre,fecha_nacimiento) VALUES (58,'Orsa Estabrook','1993/02/01');
INSERT INTO cliente(id_cliente,nombre,fecha_nacimiento) VALUES (59,'Giovanna Nesbit','1998/07/19');
INSERT INTO cliente(id_cliente,nombre,fecha_nacimiento) VALUES (60,'Charo MacAnellye','1991/12/21');
INSERT INTO cliente(id_cliente,nombre,fecha_nacimiento) VALUES (61,'Adah Pyburn','2004/01/14');
INSERT INTO cliente(id_cliente,nombre,fecha_nacimiento) VALUES (62,'Gerty Ohms','2002/01/26');
INSERT INTO cliente(id_cliente,nombre,fecha_nacimiento) VALUES (63,'Penny Duddle','2003/01/08');
INSERT INTO cliente(id_cliente,nombre,fecha_nacimiento) VALUES (64,'Demetris Rewan','1985/11/26');
INSERT INTO cliente(id_cliente,nombre,fecha_nacimiento) VALUES (65,'Fenelia Frantzeni','1989/01/20');
INSERT INTO cliente(id_cliente,nombre,fecha_nacimiento) VALUES (66,'Myrah Jahan','2002/08/30');
INSERT INTO cliente(id_cliente,nombre,fecha_nacimiento) VALUES (67,'Percival Harsent','1991/01/15');
INSERT INTO cliente(id_cliente,nombre,fecha_nacimiento) VALUES (68,'Fiona Barrass','1988/01/20');
INSERT INTO cliente(id_cliente,nombre,fecha_nacimiento) VALUES (69,'Bambi Wellbeloved','1960/02/07');
INSERT INTO cliente(id_cliente,nombre,fecha_nacimiento) VALUES (70,'Shannon Knights','1999/09/22');
INSERT INTO cliente(id_cliente,nombre,fecha_nacimiento) VALUES (71,'Adoree Lawling','2002/05/18');
INSERT INTO cliente(id_cliente,nombre,fecha_nacimiento) VALUES (72,'Wally Loalday','1976/10/27');
INSERT INTO cliente(id_cliente,nombre,fecha_nacimiento) VALUES (73,'Cedric Yatman','2004/08/16');
INSERT INTO cliente(id_cliente,nombre,fecha_nacimiento) VALUES (74,'Josee Pirnie','1972/05/08');
INSERT INTO cliente(id_cliente,nombre,fecha_nacimiento) VALUES (75,'Fonz Goby','1974/09/19');
INSERT INTO cliente(id_cliente,nombre,fecha_nacimiento) VALUES (76,'Evelyn Roots','1961/04/05');
INSERT INTO cliente(id_cliente,nombre,fecha_nacimiento) VALUES (77,'Archibald Bortolozzi','1997/12/27');
INSERT INTO cliente(id_cliente,nombre,fecha_nacimiento) VALUES (78,'Richart Rosle','2002/07/16');
INSERT INTO cliente(id_cliente,nombre,fecha_nacimiento) VALUES (79,'Sisile Vernau','1998/05/19');
INSERT INTO cliente(id_cliente,nombre,fecha_nacimiento) VALUES (80,'Andrej Halmkin','1991/10/31');
INSERT INTO cliente(id_cliente,nombre,fecha_nacimiento) VALUES (81,'Xenos Sprules','1997/03/28');
INSERT INTO cliente(id_cliente,nombre,fecha_nacimiento) VALUES (82,'Sheffy Tomasoni','1981/11/13');
INSERT INTO cliente(id_cliente,nombre,fecha_nacimiento) VALUES (83,'Ring Garm','1995/05/08');
INSERT INTO cliente(id_cliente,nombre,fecha_nacimiento) VALUES (84,'Norine Synke','1964/08/13');
INSERT INTO cliente(id_cliente,nombre,fecha_nacimiento) VALUES (85,'Jillayne Leeburne','1974/07/30');
INSERT INTO cliente(id_cliente,nombre,fecha_nacimiento) VALUES (86,'Ansel Gandley','1983/06/08');
INSERT INTO cliente(id_cliente,nombre,fecha_nacimiento) VALUES (87,'Roselia Shapira','2002/08/06');
INSERT INTO cliente(id_cliente,nombre,fecha_nacimiento) VALUES (88,'Marigold Pashen','1994/12/30');
INSERT INTO cliente(id_cliente,nombre,fecha_nacimiento) VALUES (89,'Stephi Renn','1991/06/18');
INSERT INTO cliente(id_cliente,nombre,fecha_nacimiento) VALUES (90,'Zach Manns','1963/04/07');
INSERT INTO cliente(id_cliente,nombre,fecha_nacimiento) VALUES (91,'Emerson Clarkin','1974/01/24');
INSERT INTO cliente(id_cliente,nombre,fecha_nacimiento) VALUES (92,'Rivy Kubacki','1974/01/07');
INSERT INTO cliente(id_cliente,nombre,fecha_nacimiento) VALUES (93,'Charmion Grosvener','1973/02/07');
INSERT INTO cliente(id_cliente,nombre,fecha_nacimiento) VALUES (94,'Spenser Hazelgrove','1997/03/14');
INSERT INTO cliente(id_cliente,nombre,fecha_nacimiento) VALUES (95,'Damiano Cicerone','1973/07/14');
INSERT INTO cliente(id_cliente,nombre,fecha_nacimiento) VALUES (96,'Joan Saw','1990/11/16');
INSERT INTO cliente(id_cliente,nombre,fecha_nacimiento) VALUES (97,'Paige Hardi','1991/07/25');
INSERT INTO cliente(id_cliente,nombre,fecha_nacimiento) VALUES (98,'Tallulah Itzcovich','1965/04/28');
INSERT INTO cliente(id_cliente,nombre,fecha_nacimiento) VALUES (99,'Golda Campkin','1996/06/04');
INSERT INTO cliente(id_cliente,nombre,fecha_nacimiento) VALUES (100,'Lorrie Sperrett','2002/07/12');

INSERT INTO correo_electronico_cliente(id_cliente,correo_electronico_cliente) VALUES (46,'glebourn0@drupal.org');
INSERT INTO correo_electronico_cliente(id_cliente,correo_electronico_cliente) VALUES (12,'fjerok1@java.com');
INSERT INTO correo_electronico_cliente(id_cliente,correo_electronico_cliente) VALUES (52,'prolse2@springer.com');
INSERT INTO correo_electronico_cliente(id_cliente,correo_electronico_cliente) VALUES (34,'veslemont3@senate.gov');
INSERT INTO correo_electronico_cliente(id_cliente,correo_electronico_cliente) VALUES (2,'qsafe4@wix.com');
INSERT INTO correo_electronico_cliente(id_cliente,correo_electronico_cliente) VALUES (40,'cdelia5@bbb.org');
INSERT INTO correo_electronico_cliente(id_cliente,correo_electronico_cliente) VALUES (87,'mcannell6@msu.edu');
INSERT INTO correo_electronico_cliente(id_cliente,correo_electronico_cliente) VALUES (45,'kcraze7@unc.edu');
INSERT INTO correo_electronico_cliente(id_cliente,correo_electronico_cliente) VALUES (69,'fmacourek8@drupal.org');
INSERT INTO correo_electronico_cliente(id_cliente,correo_electronico_cliente) VALUES (99,'wborris9@vinaora.com');
INSERT INTO correo_electronico_cliente(id_cliente,correo_electronico_cliente) VALUES (61,'afancutta@bandcamp.com');
INSERT INTO correo_electronico_cliente(id_cliente,correo_electronico_cliente) VALUES (30,'tcostanzab@geocities.jp');
INSERT INTO correo_electronico_cliente(id_cliente,correo_electronico_cliente) VALUES (63,'aedgleyc@ucoz.ru');
INSERT INTO correo_electronico_cliente(id_cliente,correo_electronico_cliente) VALUES (60,'mgalierd@naver.com');
INSERT INTO correo_electronico_cliente(id_cliente,correo_electronico_cliente) VALUES (8,'dcasae@alexa.com');
INSERT INTO correo_electronico_cliente(id_cliente,correo_electronico_cliente) VALUES (59,'pbransdonf@123-reg.co.uk');
INSERT INTO correo_electronico_cliente(id_cliente,correo_electronico_cliente) VALUES (72,'nkrolikg@google.pl');
INSERT INTO correo_electronico_cliente(id_cliente,correo_electronico_cliente) VALUES (84,'pmarklinh@e-recht24.de');
INSERT INTO correo_electronico_cliente(id_cliente,correo_electronico_cliente) VALUES (33,'cmurieli@marketwatch.com');
INSERT INTO correo_electronico_cliente(id_cliente,correo_electronico_cliente) VALUES (61,'ejollimanj@reference.com');
INSERT INTO correo_electronico_cliente(id_cliente,correo_electronico_cliente) VALUES (52,'apretoriusk@ifeng.com');
INSERT INTO correo_electronico_cliente(id_cliente,correo_electronico_cliente) VALUES (49,'wadamekl@tumblr.com');
INSERT INTO correo_electronico_cliente(id_cliente,correo_electronico_cliente) VALUES (2,'btearm@umich.edu');
INSERT INTO correo_electronico_cliente(id_cliente,correo_electronico_cliente) VALUES (42,'nbridgelandn@multiply.com');
INSERT INTO correo_electronico_cliente(id_cliente,correo_electronico_cliente) VALUES (99,'mbraideno@about.com');
INSERT INTO correo_electronico_cliente(id_cliente,correo_electronico_cliente) VALUES (17,'csilvermanp@tuttocitta.it');
INSERT INTO correo_electronico_cliente(id_cliente,correo_electronico_cliente) VALUES (76,'mocrevyq@163.com');
INSERT INTO correo_electronico_cliente(id_cliente,correo_electronico_cliente) VALUES (75,'agrovierr@arstechnica.com');
INSERT INTO correo_electronico_cliente(id_cliente,correo_electronico_cliente) VALUES (55,'gsemans@yahoo.com');
INSERT INTO correo_electronico_cliente(id_cliente,correo_electronico_cliente) VALUES (39,'mbourtont@shutterfly.com');
INSERT INTO correo_electronico_cliente(id_cliente,correo_electronico_cliente) VALUES (53,'sdefrancisciu@soundcloud.com');
INSERT INTO correo_electronico_cliente(id_cliente,correo_electronico_cliente) VALUES (7,'sgethynv@chicagotribune.com');
INSERT INTO correo_electronico_cliente(id_cliente,correo_electronico_cliente) VALUES (42,'csahnoww@wikimedia.org');
INSERT INTO correo_electronico_cliente(id_cliente,correo_electronico_cliente) VALUES (20,'mbuffyx@squidoo.com');
INSERT INTO correo_electronico_cliente(id_cliente,correo_electronico_cliente) VALUES (32,'hcreery@discuz.net');
INSERT INTO correo_electronico_cliente(id_cliente,correo_electronico_cliente) VALUES (58,'gcirlosz@cnet.com');
INSERT INTO correo_electronico_cliente(id_cliente,correo_electronico_cliente) VALUES (80,'lheathcoat10@slideshare.net');
INSERT INTO correo_electronico_cliente(id_cliente,correo_electronico_cliente) VALUES (61,'dkleehuhler11@reddit.com');
INSERT INTO correo_electronico_cliente(id_cliente,correo_electronico_cliente) VALUES (18,'eeaster12@shop-pro.jp');
INSERT INTO correo_electronico_cliente(id_cliente,correo_electronico_cliente) VALUES (27,'mcosely13@sitemeter.com');
INSERT INTO correo_electronico_cliente(id_cliente,correo_electronico_cliente) VALUES (46,'cbernholt14@is.gd');
INSERT INTO correo_electronico_cliente(id_cliente,correo_electronico_cliente) VALUES (64,'mdeporte15@omniture.com');
INSERT INTO correo_electronico_cliente(id_cliente,correo_electronico_cliente) VALUES (100,'blawther16@upenn.edu');
INSERT INTO correo_electronico_cliente(id_cliente,correo_electronico_cliente) VALUES (85,'gbilles17@chicagotribune.com');
INSERT INTO correo_electronico_cliente(id_cliente,correo_electronico_cliente) VALUES (67,'mstain18@newyorker.com');
INSERT INTO correo_electronico_cliente(id_cliente,correo_electronico_cliente) VALUES (69,'gthorns19@google.nl');
INSERT INTO correo_electronico_cliente(id_cliente,correo_electronico_cliente) VALUES (4,'asuggitt1a@google.ca');
INSERT INTO correo_electronico_cliente(id_cliente,correo_electronico_cliente) VALUES (70,'iullrich1b@wired.com');
INSERT INTO correo_electronico_cliente(id_cliente,correo_electronico_cliente) VALUES (64,'rchellenham1c@imgur.com');
INSERT INTO correo_electronico_cliente(id_cliente,correo_electronico_cliente) VALUES (7,'motowey1d@howstuffworks.com');
INSERT INTO correo_electronico_cliente(id_cliente,correo_electronico_cliente) VALUES (84,'asimmill1e@dagondesign.com');
INSERT INTO correo_electronico_cliente(id_cliente,correo_electronico_cliente) VALUES (80,'jmcilmorie1f@earthlink.net');
INSERT INTO correo_electronico_cliente(id_cliente,correo_electronico_cliente) VALUES (10,'bsimonini1g@imageshack.us');
INSERT INTO correo_electronico_cliente(id_cliente,correo_electronico_cliente) VALUES (69,'sshier1h@addtoany.com');
INSERT INTO correo_electronico_cliente(id_cliente,correo_electronico_cliente) VALUES (53,'jdermot1i@marketwatch.com');
INSERT INTO correo_electronico_cliente(id_cliente,correo_electronico_cliente) VALUES (6,'cfraschini1j@chronoengine.com');
INSERT INTO correo_electronico_cliente(id_cliente,correo_electronico_cliente) VALUES (86,'ehawkridge1k@businessinsider.com');
INSERT INTO correo_electronico_cliente(id_cliente,correo_electronico_cliente) VALUES (49,'rsperwell1l@unesco.org');
INSERT INTO correo_electronico_cliente(id_cliente,correo_electronico_cliente) VALUES (50,'ebendon1m@infoseek.co.jp');
INSERT INTO correo_electronico_cliente(id_cliente,correo_electronico_cliente) VALUES (79,'cbarson1n@opera.com');
INSERT INTO correo_electronico_cliente(id_cliente,correo_electronico_cliente) VALUES (18,'mconnett1o@icq.com');
INSERT INTO correo_electronico_cliente(id_cliente,correo_electronico_cliente) VALUES (42,'lgaukrodge1p@indiegogo.com');
INSERT INTO correo_electronico_cliente(id_cliente,correo_electronico_cliente) VALUES (19,'aheinig1q@instagram.com');
INSERT INTO correo_electronico_cliente(id_cliente,correo_electronico_cliente) VALUES (49,'vmaddrell1r@spotify.com');
INSERT INTO correo_electronico_cliente(id_cliente,correo_electronico_cliente) VALUES (1,'vanstee1s@acquirethisname.com');
INSERT INTO correo_electronico_cliente(id_cliente,correo_electronico_cliente) VALUES (20,'qcoates1t@vk.com');
INSERT INTO correo_electronico_cliente(id_cliente,correo_electronico_cliente) VALUES (88,'zmacdiarmid1u@census.gov');
INSERT INTO correo_electronico_cliente(id_cliente,correo_electronico_cliente) VALUES (86,'kvonasek1v@google.com');
INSERT INTO correo_electronico_cliente(id_cliente,correo_electronico_cliente) VALUES (75,'cstoacley1w@wikispaces.com');
INSERT INTO correo_electronico_cliente(id_cliente,correo_electronico_cliente) VALUES (78,'bcherry1x@hatena.ne.jp');
INSERT INTO correo_electronico_cliente(id_cliente,correo_electronico_cliente) VALUES (9,'churd1y@nps.gov');
INSERT INTO correo_electronico_cliente(id_cliente,correo_electronico_cliente) VALUES (88,'sjenking1z@hugedomains.com');
INSERT INTO correo_electronico_cliente(id_cliente,correo_electronico_cliente) VALUES (19,'rbarkworth20@va.gov');
INSERT INTO correo_electronico_cliente(id_cliente,correo_electronico_cliente) VALUES (98,'tcrottagh21@scribd.com');
INSERT INTO correo_electronico_cliente(id_cliente,correo_electronico_cliente) VALUES (75,'jbarnett22@unblog.fr');
INSERT INTO correo_electronico_cliente(id_cliente,correo_electronico_cliente) VALUES (83,'roroan23@blog.com');
INSERT INTO correo_electronico_cliente(id_cliente,correo_electronico_cliente) VALUES (22,'sbuttriss24@sciencedirect.com');
INSERT INTO correo_electronico_cliente(id_cliente,correo_electronico_cliente) VALUES (15,'pshepherd25@simplemachines.org');
INSERT INTO correo_electronico_cliente(id_cliente,correo_electronico_cliente) VALUES (61,'dknibbs26@t-online.de');
INSERT INTO correo_electronico_cliente(id_cliente,correo_electronico_cliente) VALUES (76,'pglaze27@kickstarter.com');
INSERT INTO correo_electronico_cliente(id_cliente,correo_electronico_cliente) VALUES (44,'vcrackett28@answers.com');
INSERT INTO correo_electronico_cliente(id_cliente,correo_electronico_cliente) VALUES (14,'cbrute29@nature.com');
INSERT INTO correo_electronico_cliente(id_cliente,correo_electronico_cliente) VALUES (92,'sspinetti2a@cornell.edu');
INSERT INTO correo_electronico_cliente(id_cliente,correo_electronico_cliente) VALUES (42,'wcroysdale2b@google.fr');
INSERT INTO correo_electronico_cliente(id_cliente,correo_electronico_cliente) VALUES (14,'mkennsley2c@patch.com');
INSERT INTO correo_electronico_cliente(id_cliente,correo_electronico_cliente) VALUES (72,'gwittrington2d@msu.edu');
INSERT INTO correo_electronico_cliente(id_cliente,correo_electronico_cliente) VALUES (89,'jvero2e@house.gov');
INSERT INTO correo_electronico_cliente(id_cliente,correo_electronico_cliente) VALUES (77,'bbrisley2f@epa.gov');
INSERT INTO correo_electronico_cliente(id_cliente,correo_electronico_cliente) VALUES (86,'nbottle2g@dot.gov');
INSERT INTO correo_electronico_cliente(id_cliente,correo_electronico_cliente) VALUES (70,'dgerriet2h@imgur.com');
INSERT INTO correo_electronico_cliente(id_cliente,correo_electronico_cliente) VALUES (48,'leary2i@unicef.org');
INSERT INTO correo_electronico_cliente(id_cliente,correo_electronico_cliente) VALUES (72,'iclarridge2j@dell.com');
INSERT INTO correo_electronico_cliente(id_cliente,correo_electronico_cliente) VALUES (24,'obernhardt2k@aol.com');
INSERT INTO correo_electronico_cliente(id_cliente,correo_electronico_cliente) VALUES (65,'stittershill2l@adobe.com');
INSERT INTO correo_electronico_cliente(id_cliente,correo_electronico_cliente) VALUES (96,'achapling2m@cnet.com');
INSERT INTO correo_electronico_cliente(id_cliente,correo_electronico_cliente) VALUES (68,'nfoddy2n@washington.edu');
INSERT INTO correo_electronico_cliente(id_cliente,correo_electronico_cliente) VALUES (23,'wdencs2o@indiegogo.com');
INSERT INTO correo_electronico_cliente(id_cliente,correo_electronico_cliente) VALUES (19,'fhadeke2p@blog.com');
INSERT INTO correo_electronico_cliente(id_cliente,correo_electronico_cliente) VALUES (25,'fhaggett2q@upenn.edu');
INSERT INTO correo_electronico_cliente(id_cliente,correo_electronico_cliente) VALUES (53,'apods2r@whitehouse.gov');

INSERT INTO telefono_cliente(id_cliente,telefono_cliente) VALUES (89,'5503978461');
INSERT INTO telefono_cliente(id_cliente,telefono_cliente) VALUES (77,'5527716720');
INSERT INTO telefono_cliente(id_cliente,telefono_cliente) VALUES (32,'5543655272');
INSERT INTO telefono_cliente(id_cliente,telefono_cliente) VALUES (64,'5533448271');
INSERT INTO telefono_cliente(id_cliente,telefono_cliente) VALUES (92,'5580686534');
INSERT INTO telefono_cliente(id_cliente,telefono_cliente) VALUES (46,'5503584314');
INSERT INTO telefono_cliente(id_cliente,telefono_cliente) VALUES (5,'5557834814');
INSERT INTO telefono_cliente(id_cliente,telefono_cliente) VALUES (76,'5548013646');
INSERT INTO telefono_cliente(id_cliente,telefono_cliente) VALUES (34,'5562123317');
INSERT INTO telefono_cliente(id_cliente,telefono_cliente) VALUES (85,'5576944196');
INSERT INTO telefono_cliente(id_cliente,telefono_cliente) VALUES (89,'5568270703');
INSERT INTO telefono_cliente(id_cliente,telefono_cliente) VALUES (42,'5571518199');
INSERT INTO telefono_cliente(id_cliente,telefono_cliente) VALUES (56,'5557173703');
INSERT INTO telefono_cliente(id_cliente,telefono_cliente) VALUES (62,'5587133123');
INSERT INTO telefono_cliente(id_cliente,telefono_cliente) VALUES (72,'5513428897');
INSERT INTO telefono_cliente(id_cliente,telefono_cliente) VALUES (90,'5561685300');
INSERT INTO telefono_cliente(id_cliente,telefono_cliente) VALUES (15,'5575376358');
INSERT INTO telefono_cliente(id_cliente,telefono_cliente) VALUES (29,'5517069319');
INSERT INTO telefono_cliente(id_cliente,telefono_cliente) VALUES (63,'5526147250');
INSERT INTO telefono_cliente(id_cliente,telefono_cliente) VALUES (19,'5591981270');
INSERT INTO telefono_cliente(id_cliente,telefono_cliente) VALUES (64,'5527384798');
INSERT INTO telefono_cliente(id_cliente,telefono_cliente) VALUES (87,'5556730134');
INSERT INTO telefono_cliente(id_cliente,telefono_cliente) VALUES (62,'5521393886');
INSERT INTO telefono_cliente(id_cliente,telefono_cliente) VALUES (72,'5549375591');
INSERT INTO telefono_cliente(id_cliente,telefono_cliente) VALUES (17,'5523401643');
INSERT INTO telefono_cliente(id_cliente,telefono_cliente) VALUES (80,'5546655236');
INSERT INTO telefono_cliente(id_cliente,telefono_cliente) VALUES (57,'5581961946');
INSERT INTO telefono_cliente(id_cliente,telefono_cliente) VALUES (20,'5529638814');
INSERT INTO telefono_cliente(id_cliente,telefono_cliente) VALUES (52,'5502400299');
INSERT INTO telefono_cliente(id_cliente,telefono_cliente) VALUES (65,'5518944098');
INSERT INTO telefono_cliente(id_cliente,telefono_cliente) VALUES (90,'5557999599');
INSERT INTO telefono_cliente(id_cliente,telefono_cliente) VALUES (53,'5506261901');
INSERT INTO telefono_cliente(id_cliente,telefono_cliente) VALUES (49,'5558243051');
INSERT INTO telefono_cliente(id_cliente,telefono_cliente) VALUES (22,'5537580954');
INSERT INTO telefono_cliente(id_cliente,telefono_cliente) VALUES (95,'5566896619');
INSERT INTO telefono_cliente(id_cliente,telefono_cliente) VALUES (30,'5566687847');
INSERT INTO telefono_cliente(id_cliente,telefono_cliente) VALUES (18,'5504369528');
INSERT INTO telefono_cliente(id_cliente,telefono_cliente) VALUES (81,'5565420671');
INSERT INTO telefono_cliente(id_cliente,telefono_cliente) VALUES (15,'5556708483');
INSERT INTO telefono_cliente(id_cliente,telefono_cliente) VALUES (71,'5556886569');
INSERT INTO telefono_cliente(id_cliente,telefono_cliente) VALUES (28,'5574435277');
INSERT INTO telefono_cliente(id_cliente,telefono_cliente) VALUES (76,'5595680285');
INSERT INTO telefono_cliente(id_cliente,telefono_cliente) VALUES (36,'5579045526');
INSERT INTO telefono_cliente(id_cliente,telefono_cliente) VALUES (77,'5577871727');
INSERT INTO telefono_cliente(id_cliente,telefono_cliente) VALUES (65,'5568719488');
INSERT INTO telefono_cliente(id_cliente,telefono_cliente) VALUES (6,'5572982861');
INSERT INTO telefono_cliente(id_cliente,telefono_cliente) VALUES (67,'5522111638');
INSERT INTO telefono_cliente(id_cliente,telefono_cliente) VALUES (5,'5581326552');
INSERT INTO telefono_cliente(id_cliente,telefono_cliente) VALUES (98,'5540203886');
INSERT INTO telefono_cliente(id_cliente,telefono_cliente) VALUES (78,'5535275929');
INSERT INTO telefono_cliente(id_cliente,telefono_cliente) VALUES (98,'5524173630');
INSERT INTO telefono_cliente(id_cliente,telefono_cliente) VALUES (61,'5539537963');
INSERT INTO telefono_cliente(id_cliente,telefono_cliente) VALUES (24,'5540559461');
INSERT INTO telefono_cliente(id_cliente,telefono_cliente) VALUES (16,'5560235276');
INSERT INTO telefono_cliente(id_cliente,telefono_cliente) VALUES (11,'5596108422');
INSERT INTO telefono_cliente(id_cliente,telefono_cliente) VALUES (23,'5517378811');
INSERT INTO telefono_cliente(id_cliente,telefono_cliente) VALUES (66,'5587509916');
INSERT INTO telefono_cliente(id_cliente,telefono_cliente) VALUES (21,'5550973347');
INSERT INTO telefono_cliente(id_cliente,telefono_cliente) VALUES (48,'5533353291');
INSERT INTO telefono_cliente(id_cliente,telefono_cliente) VALUES (57,'5536872531');
INSERT INTO telefono_cliente(id_cliente,telefono_cliente) VALUES (34,'5598366374');
INSERT INTO telefono_cliente(id_cliente,telefono_cliente) VALUES (84,'5524287686');
INSERT INTO telefono_cliente(id_cliente,telefono_cliente) VALUES (84,'5585541605');
INSERT INTO telefono_cliente(id_cliente,telefono_cliente) VALUES (21,'5590800975');
INSERT INTO telefono_cliente(id_cliente,telefono_cliente) VALUES (36,'5551461349');
INSERT INTO telefono_cliente(id_cliente,telefono_cliente) VALUES (67,'5581467487');
INSERT INTO telefono_cliente(id_cliente,telefono_cliente) VALUES (31,'5539925364');
INSERT INTO telefono_cliente(id_cliente,telefono_cliente) VALUES (100,'5591866375');
INSERT INTO telefono_cliente(id_cliente,telefono_cliente) VALUES (76,'5551495247');
INSERT INTO telefono_cliente(id_cliente,telefono_cliente) VALUES (26,'5542334772');
INSERT INTO telefono_cliente(id_cliente,telefono_cliente) VALUES (41,'5532175284');
INSERT INTO telefono_cliente(id_cliente,telefono_cliente) VALUES (96,'5589451624');
INSERT INTO telefono_cliente(id_cliente,telefono_cliente) VALUES (95,'5504616719');
INSERT INTO telefono_cliente(id_cliente,telefono_cliente) VALUES (34,'5536199576');
INSERT INTO telefono_cliente(id_cliente,telefono_cliente) VALUES (53,'5520544577');
INSERT INTO telefono_cliente(id_cliente,telefono_cliente) VALUES (63,'5562976335');
INSERT INTO telefono_cliente(id_cliente,telefono_cliente) VALUES (79,'5569977374');
INSERT INTO telefono_cliente(id_cliente,telefono_cliente) VALUES (75,'5560424713');
INSERT INTO telefono_cliente(id_cliente,telefono_cliente) VALUES (73,'5576800615');
INSERT INTO telefono_cliente(id_cliente,telefono_cliente) VALUES (42,'5557812041');
INSERT INTO telefono_cliente(id_cliente,telefono_cliente) VALUES (25,'5519003684');
INSERT INTO telefono_cliente(id_cliente,telefono_cliente) VALUES (4,'5570281722');
INSERT INTO telefono_cliente(id_cliente,telefono_cliente) VALUES (88,'5589376847');
INSERT INTO telefono_cliente(id_cliente,telefono_cliente) VALUES (60,'5560322252');
INSERT INTO telefono_cliente(id_cliente,telefono_cliente) VALUES (89,'5593423464');
INSERT INTO telefono_cliente(id_cliente,telefono_cliente) VALUES (50,'5558842924');
INSERT INTO telefono_cliente(id_cliente,telefono_cliente) VALUES (76,'5541746090');
INSERT INTO telefono_cliente(id_cliente,telefono_cliente) VALUES (28,'5555479790');
INSERT INTO telefono_cliente(id_cliente,telefono_cliente) VALUES (40,'5554775437');
INSERT INTO telefono_cliente(id_cliente,telefono_cliente) VALUES (22,'5575762956');
INSERT INTO telefono_cliente(id_cliente,telefono_cliente) VALUES (15,'5503772998');
INSERT INTO telefono_cliente(id_cliente,telefono_cliente) VALUES (70,'5568740135');
INSERT INTO telefono_cliente(id_cliente,telefono_cliente) VALUES (46,'5583975748');
INSERT INTO telefono_cliente(id_cliente,telefono_cliente) VALUES (74,'5565977512');
INSERT INTO telefono_cliente(id_cliente,telefono_cliente) VALUES (32,'5537906008');
INSERT INTO telefono_cliente(id_cliente,telefono_cliente) VALUES (56,'5590081815');
INSERT INTO telefono_cliente(id_cliente,telefono_cliente) VALUES (11,'5564938045');
INSERT INTO telefono_cliente(id_cliente,telefono_cliente) VALUES (96,'5554187393');
INSERT INTO telefono_cliente(id_cliente,telefono_cliente) VALUES (61,'5578024952');
INSERT INTO telefono_cliente(id_cliente,telefono_cliente) VALUES (33,'5580918001');

INSERT INTO c_rol(id_rol,descripcion) VALUES (1,'Gerente de vivero');
INSERT INTO c_rol(id_rol,descripcion) VALUES (2,'Cuidador de plantas');
INSERT INTO c_rol(id_rol,descripcion) VALUES (3,'Encargado de mostrador');
INSERT INTO c_rol(id_rol,descripcion) VALUES (4,'Cajero');

INSERT INTO empleado(id_vivero,id_rol,id_empleado,nombre,fecha_nacimiento,salario,ciudad,estado,cp,calle) VALUES (62,2,1,'Blake Ogers','19/08/1992','$17334.63','Duluth','Minnesota',55811,'8 Leroy Avenue');
INSERT INTO empleado(id_vivero,id_rol,id_empleado,nombre,fecha_nacimiento,salario,ciudad,estado,cp,calle) VALUES (55,1,2,'Noam Bilson','05/05/1905','$14166.37','Wichita','Kansas',67205,'21813 Carberry Parkway');
INSERT INTO empleado(id_vivero,id_rol,id_empleado,nombre,fecha_nacimiento,salario,ciudad,estado,cp,calle) VALUES (73,2,3,'Ashla Dacke','21/04/1945','$16469.72','El Paso','Texas',79940,'0323 Lukken Alley');
INSERT INTO empleado(id_vivero,id_rol,id_empleado,nombre,fecha_nacimiento,salario,ciudad,estado,cp,calle) VALUES (86,2,4,'Gus China','21/10/2000','$19294.58','Washington','District of Columbia',20535,'7838 Hansons Terrace');
INSERT INTO empleado(id_vivero,id_rol,id_empleado,nombre,fecha_nacimiento,salario,ciudad,estado,cp,calle) VALUES (97,4,5,'Thaine Dredge','13/02/1975','$17522.93','Dallas','Texas',75367,'6 Ruskin Point');
INSERT INTO empleado(id_vivero,id_rol,id_empleado,nombre,fecha_nacimiento,salario,ciudad,estado,cp,calle) VALUES (3,4,6,'Chloe McGlashan','10/03/1946','$20443.37','El Paso','Texas',79955,'2 Melvin Way');
INSERT INTO empleado(id_vivero,id_rol,id_empleado,nombre,fecha_nacimiento,salario,ciudad,estado,cp,calle) VALUES (64,2,7,'Rachael Collin','17/01/1970','$12967.11','San Diego','California',92115,'14 Kenwood Drive');
INSERT INTO empleado(id_vivero,id_rol,id_empleado,nombre,fecha_nacimiento,salario,ciudad,estado,cp,calle) VALUES (42,1,8,'Mellisent Lain','27/05/1983','$26925.85','Pittsburgh','Pennsylvania',15279,'7 Dexter Road');
INSERT INTO empleado(id_vivero,id_rol,id_empleado,nombre,fecha_nacimiento,salario,ciudad,estado,cp,calle) VALUES (87,2,9,'Marietta Dundin','06/12/2003','$7906.91','Tucson','Arizona',85710,'8 Waywood Alley');
INSERT INTO empleado(id_vivero,id_rol,id_empleado,nombre,fecha_nacimiento,salario,ciudad,estado,cp,calle) VALUES (76,2,10,'Linette Pavlov','14/09/2004','$20891.26','El Paso','Texas',79950,'40761 Harbort Court');
INSERT INTO empleado(id_vivero,id_rol,id_empleado,nombre,fecha_nacimiento,salario,ciudad,estado,cp,calle) VALUES (91,2,11,'Nicolas Mill','06/06/1982','$21601.75','Charleston','West Virginia',25321,'35503 Arapahoe Trail');
INSERT INTO empleado(id_vivero,id_rol,id_empleado,nombre,fecha_nacimiento,salario,ciudad,estado,cp,calle) VALUES (18,3,12,'Keely Broske','26/08/1932','$13691.76','Fresno','California',93715,'34853 Weeping Birch Court');
INSERT INTO empleado(id_vivero,id_rol,id_empleado,nombre,fecha_nacimiento,salario,ciudad,estado,cp,calle) VALUES (92,4,13,'Chrisse Jeske','14/12/2003','$9796.40','Montgomery','Alabama',36125,'9901 American Ash Lane');
INSERT INTO empleado(id_vivero,id_rol,id_empleado,nombre,fecha_nacimiento,salario,ciudad,estado,cp,calle) VALUES (52,4,14,'Errick McClay','02/05/1914','$14374.62','Elizabeth','New Jersey',07208,'9217 Dorton Trail');
INSERT INTO empleado(id_vivero,id_rol,id_empleado,nombre,fecha_nacimiento,salario,ciudad,estado,cp,calle) VALUES (15,4,15,'Lettie Klewi','07/10/1992','$28382.71','Greenville','South Carolina',29610,'7 Scofield Court');
INSERT INTO empleado(id_vivero,id_rol,id_empleado,nombre,fecha_nacimiento,salario,ciudad,estado,cp,calle) VALUES (56,4,16,'Goddard Denniss','27/04/1950','$14614.97','San Antonio','Texas',78215,'54 Mayer Court');
INSERT INTO empleado(id_vivero,id_rol,id_empleado,nombre,fecha_nacimiento,salario,ciudad,estado,cp,calle) VALUES (87,1,17,'Franchot Sallows','15/07/1942','$13080.09','Fresno','California',93750,'97 Grim Parkway');
INSERT INTO empleado(id_vivero,id_rol,id_empleado,nombre,fecha_nacimiento,salario,ciudad,estado,cp,calle) VALUES (98,3,18,'Steffie Ballantine','30/09/1999','$10822.30','San Diego','California',92165,'806 Reinke Road');
INSERT INTO empleado(id_vivero,id_rol,id_empleado,nombre,fecha_nacimiento,salario,ciudad,estado,cp,calle) VALUES (99,4,19,'Leigh Prettejohns','02/10/1925','$10774.03','Shreveport','Louisiana',71115,'92 Upham Street');
INSERT INTO empleado(id_vivero,id_rol,id_empleado,nombre,fecha_nacimiento,salario,ciudad,estado,cp,calle) VALUES (84,4,20,'Ezri Parres','22/06/1999','$28136.99','Aurora','Illinois',60505,'27596 Loomis Terrace');
INSERT INTO empleado(id_vivero,id_rol,id_empleado,nombre,fecha_nacimiento,salario,ciudad,estado,cp,calle) VALUES (61,3,21,'Erika Skelding','21/10/1929','$19283.22','Palo Alto','California',94302,'6796 Prairieview Road');
INSERT INTO empleado(id_vivero,id_rol,id_empleado,nombre,fecha_nacimiento,salario,ciudad,estado,cp,calle) VALUES (9,4,22,'Galina Edinburgh','11/01/1950','$11076.08','Cincinnati','Ohio',45228,'4401 Autumn Leaf Plaza');
INSERT INTO empleado(id_vivero,id_rol,id_empleado,nombre,fecha_nacimiento,salario,ciudad,estado,cp,calle) VALUES (25,1,23,'Serena Viner','04/07/1930','$27545.58','San Antonio','Texas',78220,'99407 Bultman Junction');
INSERT INTO empleado(id_vivero,id_rol,id_empleado,nombre,fecha_nacimiento,salario,ciudad,estado,cp,calle) VALUES (61,2,24,'Vic Raylton','25/04/1914','$26565.94','Oklahoma City','Oklahoma',73179,'1 Drewry Terrace');
INSERT INTO empleado(id_vivero,id_rol,id_empleado,nombre,fecha_nacimiento,salario,ciudad,estado,cp,calle) VALUES (44,2,25,'Cynthy Brockhouse','17/07/1963','$11812.96','Las Vegas','Nevada',89160,'57058 Buena Vista Street');
INSERT INTO empleado(id_vivero,id_rol,id_empleado,nombre,fecha_nacimiento,salario,ciudad,estado,cp,calle) VALUES (40,2,26,'Emmi Hefner','23/02/1911','$24162.20','Minneapolis','Minnesota',55402,'0 Elmside Avenue');
INSERT INTO empleado(id_vivero,id_rol,id_empleado,nombre,fecha_nacimiento,salario,ciudad,estado,cp,calle) VALUES (18,2,27,'Modesty Aldin','09/07/1999','$7244.96','Sioux City','Iowa',51110,'95 Stone Corner Center');
INSERT INTO empleado(id_vivero,id_rol,id_empleado,nombre,fecha_nacimiento,salario,ciudad,estado,cp,calle) VALUES (76,3,28,'Jacynth Theaker','21/06/1941','$16030.09','Denver','Colorado',80279,'4 Pawling Place');
INSERT INTO empleado(id_vivero,id_rol,id_empleado,nombre,fecha_nacimiento,salario,ciudad,estado,cp,calle) VALUES (34,4,29,'Alecia Jaskowicz','11/05/1977','$15786.13','Washington','District of Columbia',20599,'51005 Maryland Hill');
INSERT INTO empleado(id_vivero,id_rol,id_empleado,nombre,fecha_nacimiento,salario,ciudad,estado,cp,calle) VALUES (80,4,30,'Enrica Morcomb','22/01/1940','$24589.07','Provo','Utah',84605,'34189 East Road');
INSERT INTO empleado(id_vivero,id_rol,id_empleado,nombre,fecha_nacimiento,salario,ciudad,estado,cp,calle) VALUES (53,1,31,'Caralie Cooke','29/01/1984','$16810.78','Greenville','South Carolina',29610,'96 1st Circle');
INSERT INTO empleado(id_vivero,id_rol,id_empleado,nombre,fecha_nacimiento,salario,ciudad,estado,cp,calle) VALUES (42,2,32,'Fiona Lejeune','20/06/1902','$17471.20','Richmond','Virginia',23237,'968 Haas Place');
INSERT INTO empleado(id_vivero,id_rol,id_empleado,nombre,fecha_nacimiento,salario,ciudad,estado,cp,calle) VALUES (59,2,33,'Sayer Lytell','14/12/1989','$11222.77','Louisville','Kentucky',40210,'71451 Gale Street');
INSERT INTO empleado(id_vivero,id_rol,id_empleado,nombre,fecha_nacimiento,salario,ciudad,estado,cp,calle) VALUES (65,4,34,'Gale Hamel','14/10/1949','$15269.17','Amarillo','Texas',79105,'17 Jenifer Court');
INSERT INTO empleado(id_vivero,id_rol,id_empleado,nombre,fecha_nacimiento,salario,ciudad,estado,cp,calle) VALUES (66,2,35,'Honor Blackhall','03/11/1992','$26619.67','Columbia','Missouri',65218,'81325 Merrick Lane');
INSERT INTO empleado(id_vivero,id_rol,id_empleado,nombre,fecha_nacimiento,salario,ciudad,estado,cp,calle) VALUES (21,4,36,'Brianne Kiffe','18/01/1971','$4907.14','Woburn','Massachusetts',01813,'35289 Heffernan Place');
INSERT INTO empleado(id_vivero,id_rol,id_empleado,nombre,fecha_nacimiento,salario,ciudad,estado,cp,calle) VALUES (67,4,37,'Edward Doctor','26/09/1993','$7100.53','Newport News','Virginia',23612,'20880 Arrowood Street');
INSERT INTO empleado(id_vivero,id_rol,id_empleado,nombre,fecha_nacimiento,salario,ciudad,estado,cp,calle) VALUES (10,4,38,'Sebastian Grigore','06/04/1950','$28636.03','Waterbury','Connecticut',06721,'4 Green Road');
INSERT INTO empleado(id_vivero,id_rol,id_empleado,nombre,fecha_nacimiento,salario,ciudad,estado,cp,calle) VALUES (98,3,39,'Cristiano Dargie','03/05/1947','$16469.53','Bowie','Maryland',20719,'42862 Judy Crossing');
INSERT INTO empleado(id_vivero,id_rol,id_empleado,nombre,fecha_nacimiento,salario,ciudad,estado,cp,calle) VALUES (75,4,40,'Ophelie Glasheen','03/05/1904','$21403.91','Pomona','California',91797,'84749 Dawn Crossing');
INSERT INTO empleado(id_vivero,id_rol,id_empleado,nombre,fecha_nacimiento,salario,ciudad,estado,cp,calle) VALUES (57,4,41,'Kort Blazejewski','08/03/1940','$12615.47','San Jose','California',95128,'67 Raven Way');
INSERT INTO empleado(id_vivero,id_rol,id_empleado,nombre,fecha_nacimiento,salario,ciudad,estado,cp,calle) VALUES (25,3,42,'Ethelda Budgett','13/07/1943','$28290.08','Dallas','Texas',75397,'62 Waubesa Trail');
INSERT INTO empleado(id_vivero,id_rol,id_empleado,nombre,fecha_nacimiento,salario,ciudad,estado,cp,calle) VALUES (2,1,43,'Barri Bucknell','08/07/1999','$16201.89','Washington','District of Columbia',20022,'5 Sutherland Court');
INSERT INTO empleado(id_vivero,id_rol,id_empleado,nombre,fecha_nacimiento,salario,ciudad,estado,cp,calle) VALUES (93,4,44,'Matty Dunmuir','01/04/1998','$25673.21','Jackson','Tennessee',38308,'8 Meadow Valley Drive');
INSERT INTO empleado(id_vivero,id_rol,id_empleado,nombre,fecha_nacimiento,salario,ciudad,estado,cp,calle) VALUES (90,3,45,'Tildy Heditch','05/08/1903','$17352.85','Ashburn','Virginia',22093,'67 Bluestem Way');
INSERT INTO empleado(id_vivero,id_rol,id_empleado,nombre,fecha_nacimiento,salario,ciudad,estado,cp,calle) VALUES (21,3,46,'Josy Triplet','31/12/1917','$24105.92','Bethesda','Maryland',20892,'824 Clove Parkway');
INSERT INTO empleado(id_vivero,id_rol,id_empleado,nombre,fecha_nacimiento,salario,ciudad,estado,cp,calle) VALUES (72,2,47,'Clement Gilhooley','07/02/1925','$6056.03','San Jose','California',95108,'21111 Arkansas Plaza');
INSERT INTO empleado(id_vivero,id_rol,id_empleado,nombre,fecha_nacimiento,salario,ciudad,estado,cp,calle) VALUES (88,3,48,'Meredithe Annetts','03/10/1949','$11260.18','Port Saint Lucie','Florida',34985,'9267 Miller Hill');
INSERT INTO empleado(id_vivero,id_rol,id_empleado,nombre,fecha_nacimiento,salario,ciudad,estado,cp,calle) VALUES (91,2,49,'Gussy Gornar','10/03/1984','$28672.14','New York City','New York',10280,'369 Little Fleur Court');
INSERT INTO empleado(id_vivero,id_rol,id_empleado,nombre,fecha_nacimiento,salario,ciudad,estado,cp,calle) VALUES (73,2,50,'Alvin Verling','19/09/1977','$21365.96','Phoenix','Arizona',85077,'55015 Becker Terrace');
INSERT INTO empleado(id_vivero,id_rol,id_empleado,nombre,fecha_nacimiento,salario,ciudad,estado,cp,calle) VALUES (7,3,51,'Arthur Poolman','12/04/1922','$9112.41','Shreveport','Louisiana',71130,'0 Jackson Parkway');
INSERT INTO empleado(id_vivero,id_rol,id_empleado,nombre,fecha_nacimiento,salario,ciudad,estado,cp,calle) VALUES (54,1,52,'Erich Stothert','13/02/1966','$11949.24','Seattle','Washington',98175,'776 Northview Drive');
INSERT INTO empleado(id_vivero,id_rol,id_empleado,nombre,fecha_nacimiento,salario,ciudad,estado,cp,calle) VALUES (11,2,53,'Hayyim Marte','14/11/1986','$9402.63','Saint Paul','Minnesota',55114,'7 Fulton Hill');
INSERT INTO empleado(id_vivero,id_rol,id_empleado,nombre,fecha_nacimiento,salario,ciudad,estado,cp,calle) VALUES (72,1,54,'Dianemarie Tibalt','17/05/1954','$29241.11','Kalamazoo','Michigan',49006,'6470 Montana Road');
INSERT INTO empleado(id_vivero,id_rol,id_empleado,nombre,fecha_nacimiento,salario,ciudad,estado,cp,calle) VALUES (6,1,55,'Devlen Rutherforth','10/03/1997','$21161.60','Fort Myers','Florida',33906,'6603 Hallows Place');
INSERT INTO empleado(id_vivero,id_rol,id_empleado,nombre,fecha_nacimiento,salario,ciudad,estado,cp,calle) VALUES (69,3,56,'Giralda Nerval','25/07/1938','$12708.65','Lancaster','Pennsylvania',17605,'333 Trailsway Point');
INSERT INTO empleado(id_vivero,id_rol,id_empleado,nombre,fecha_nacimiento,salario,ciudad,estado,cp,calle) VALUES (49,3,57,'Wally Gaitung','11/03/1953','$29249.91','Shreveport','Louisiana',71151,'5 Melby Way');
INSERT INTO empleado(id_vivero,id_rol,id_empleado,nombre,fecha_nacimiento,salario,ciudad,estado,cp,calle) VALUES (83,2,58,'Carey Toffetto','09/01/1942','$13314.50','Miami','Florida',33158,'4 Eliot Way');
INSERT INTO empleado(id_vivero,id_rol,id_empleado,nombre,fecha_nacimiento,salario,ciudad,estado,cp,calle) VALUES (81,4,59,'Garrik Acory','29/05/1976','$15461.60','Southfield','Michigan',48076,'24 Marquette Road');
INSERT INTO empleado(id_vivero,id_rol,id_empleado,nombre,fecha_nacimiento,salario,ciudad,estado,cp,calle) VALUES (46,3,60,'Harv Portch','12/05/1967','$3766.44','Tallahassee','Florida',32309,'9 Logan Road');
INSERT INTO empleado(id_vivero,id_rol,id_empleado,nombre,fecha_nacimiento,salario,ciudad,estado,cp,calle) VALUES (92,3,61,'Cassondra Humphery','05/05/1996','$3203.06','Pocatello','Idaho',83206,'6327 Ramsey Road');
INSERT INTO empleado(id_vivero,id_rol,id_empleado,nombre,fecha_nacimiento,salario,ciudad,estado,cp,calle) VALUES (6,4,62,'Briana Pretswell','28/02/1904','$20292.59','Nashville','Tennessee',37245,'1 Fordem Circle');
INSERT INTO empleado(id_vivero,id_rol,id_empleado,nombre,fecha_nacimiento,salario,ciudad,estado,cp,calle) VALUES (15,1,63,'Patrice Walicki','28/04/1993','$23756.26','Columbia','South Carolina',29240,'21278 Clove Park');
INSERT INTO empleado(id_vivero,id_rol,id_empleado,nombre,fecha_nacimiento,salario,ciudad,estado,cp,calle) VALUES (46,2,64,'Janaye Jirasek','16/12/1900','$25972.01','Mesa','Arizona',85215,'7788 Anderson Terrace');
INSERT INTO empleado(id_vivero,id_rol,id_empleado,nombre,fecha_nacimiento,salario,ciudad,estado,cp,calle) VALUES (12,1,65,'Virge Baltzar','17/02/1992','$17970.63','Newton','Massachusetts',02162,'2418 Hooker Plaza');
INSERT INTO empleado(id_vivero,id_rol,id_empleado,nombre,fecha_nacimiento,salario,ciudad,estado,cp,calle) VALUES (8,3,66,'Roxana Walkey','29/06/1938','$11099.13','Charlotte','North Carolina',28272,'27125 Helena Plaza');
INSERT INTO empleado(id_vivero,id_rol,id_empleado,nombre,fecha_nacimiento,salario,ciudad,estado,cp,calle) VALUES (97,3,67,'Sylas Castagne','31/12/1969','$26206.99','San Diego','California',92170,'0 Monica Court');
INSERT INTO empleado(id_vivero,id_rol,id_empleado,nombre,fecha_nacimiento,salario,ciudad,estado,cp,calle) VALUES (15,1,68,'Edythe Brekonridge','06/04/1965','$26373.50','El Paso','Texas',88579,'4 Anhalt Way');
INSERT INTO empleado(id_vivero,id_rol,id_empleado,nombre,fecha_nacimiento,salario,ciudad,estado,cp,calle) VALUES (15,4,69,'Lisbeth Kinforth','14/02/1921','$26890.58','Peoria','Illinois',61651,'615 Moland Trail');
INSERT INTO empleado(id_vivero,id_rol,id_empleado,nombre,fecha_nacimiento,salario,ciudad,estado,cp,calle) VALUES (52,3,70,'Jonis Thunderman','12/11/1975','$26205.34','Lynchburg','Virginia',24515,'3471 1st Place');
INSERT INTO empleado(id_vivero,id_rol,id_empleado,nombre,fecha_nacimiento,salario,ciudad,estado,cp,calle) VALUES (70,2,71,'Oneida Dikes','04/08/1924','$5698.82','Knoxville','Tennessee',37939,'519 Carberry Alley');
INSERT INTO empleado(id_vivero,id_rol,id_empleado,nombre,fecha_nacimiento,salario,ciudad,estado,cp,calle) VALUES (82,2,72,'Britni Darree','18/06/1900','$4676.92','Atlanta','Georgia',30358,'524 Jana Parkway');
INSERT INTO empleado(id_vivero,id_rol,id_empleado,nombre,fecha_nacimiento,salario,ciudad,estado,cp,calle) VALUES (40,3,73,'Cori Rathborne','08/02/1946','$22103.47','Santa Barbara','California',93150,'9825 Lindbergh Terrace');
INSERT INTO empleado(id_vivero,id_rol,id_empleado,nombre,fecha_nacimiento,salario,ciudad,estado,cp,calle) VALUES (43,1,74,'Udall Ashbridge','09/02/1903','$14621.11','Raleigh','North Carolina',27615,'9072 Corscot Plaza');
INSERT INTO empleado(id_vivero,id_rol,id_empleado,nombre,fecha_nacimiento,salario,ciudad,estado,cp,calle) VALUES (12,2,75,'Gael Songist','02/08/1983','$3844.11','Carson City','Nevada',89714,'79934 Nova Way');
INSERT INTO empleado(id_vivero,id_rol,id_empleado,nombre,fecha_nacimiento,salario,ciudad,estado,cp,calle) VALUES (71,2,76,'Reyna Gussin','31/10/1968','$22196.51','Boston','Massachusetts',02283,'93 Granby Alley');
INSERT INTO empleado(id_vivero,id_rol,id_empleado,nombre,fecha_nacimiento,salario,ciudad,estado,cp,calle) VALUES (2,4,77,'Ewart Gannicleff','09/09/1996','$16314.07','Des Moines','Iowa',50330,'47142 Riverside Way');
INSERT INTO empleado(id_vivero,id_rol,id_empleado,nombre,fecha_nacimiento,salario,ciudad,estado,cp,calle) VALUES (28,3,78,'Papageno MacEllen','27/12/1929','$7740.67','Springfield','Massachusetts',01114,'64 Mcbride Point');
INSERT INTO empleado(id_vivero,id_rol,id_empleado,nombre,fecha_nacimiento,salario,ciudad,estado,cp,calle) VALUES (75,2,79,'Melloney Nicol','17/11/1990','$22109.47','Fayetteville','North Carolina',28314,'1 New Castle Hill');
INSERT INTO empleado(id_vivero,id_rol,id_empleado,nombre,fecha_nacimiento,salario,ciudad,estado,cp,calle) VALUES (75,3,80,'Sharlene Legerton','22/05/1913','$18453.51','South Lake Tahoe','California',96154,'2499 Quincy Place');
INSERT INTO empleado(id_vivero,id_rol,id_empleado,nombre,fecha_nacimiento,salario,ciudad,estado,cp,calle) VALUES (57,2,81,'Matthaeus Harnett','24/03/1935','$22568.55','Madison','Wisconsin',53790,'49017 Green Ridge Hill');
INSERT INTO empleado(id_vivero,id_rol,id_empleado,nombre,fecha_nacimiento,salario,ciudad,estado,cp,calle) VALUES (91,2,82,'Cymbre Sinderson','19/04/1986','$14374.48','Knoxville','Tennessee',37924,'2 Mifflin Drive');
INSERT INTO empleado(id_vivero,id_rol,id_empleado,nombre,fecha_nacimiento,salario,ciudad,estado,cp,calle) VALUES (87,4,83,'Bartel Youel','09/02/1914','$5697.45','Fort Worth','Texas',76162,'6411 Marquette Road');
INSERT INTO empleado(id_vivero,id_rol,id_empleado,nombre,fecha_nacimiento,salario,ciudad,estado,cp,calle) VALUES (67,4,84,'Gretna Presslee','10/10/1937','$11577.34','Brooklyn','New York',11220,'36668 Lien Pass');
INSERT INTO empleado(id_vivero,id_rol,id_empleado,nombre,fecha_nacimiento,salario,ciudad,estado,cp,calle) VALUES (75,4,85,'Dredi Cargo','02/03/1993','$17990.78','Schaumburg','Illinois',60193,'79 Cambridge Trail');
INSERT INTO empleado(id_vivero,id_rol,id_empleado,nombre,fecha_nacimiento,salario,ciudad,estado,cp,calle) VALUES (47,1,86,'Karoly Este','09/03/1993','$5433.94','Honolulu','Hawaii',96825,'684 Victoria Hill');
INSERT INTO empleado(id_vivero,id_rol,id_empleado,nombre,fecha_nacimiento,salario,ciudad,estado,cp,calle) VALUES (76,1,87,'Michelina Giggie','23/04/1937','$13255.23','Long Beach','California',90810,'04083 Dennis Road');
INSERT INTO empleado(id_vivero,id_rol,id_empleado,nombre,fecha_nacimiento,salario,ciudad,estado,cp,calle) VALUES (29,2,88,'Kareem Burston','29/01/1999','$9125.28','Charleston','South Carolina',29411,'8 Montana Drive');
INSERT INTO empleado(id_vivero,id_rol,id_empleado,nombre,fecha_nacimiento,salario,ciudad,estado,cp,calle) VALUES (48,1,89,'Fletcher Walcher','05/12/1972','$19718.03','Portland','Oregon',97271,'7766 Kipling Terrace');
INSERT INTO empleado(id_vivero,id_rol,id_empleado,nombre,fecha_nacimiento,salario,ciudad,estado,cp,calle) VALUES (50,4,90,'Tim Schwandermann','22/09/1991','$25269.84','Raleigh','North Carolina',27615,'3 Riverside Drive');
INSERT INTO empleado(id_vivero,id_rol,id_empleado,nombre,fecha_nacimiento,salario,ciudad,estado,cp,calle) VALUES (61,2,91,'Patience Howard','15/07/1946','$3097.66','Salt Lake City','Utah',84105,'922 Shoshone Terrace');
INSERT INTO empleado(id_vivero,id_rol,id_empleado,nombre,fecha_nacimiento,salario,ciudad,estado,cp,calle) VALUES (54,3,92,'Elliott Chern','08/01/1943','$26982.52','Las Vegas','Nevada',89150,'900 Glacier Hill Circle');
INSERT INTO empleado(id_vivero,id_rol,id_empleado,nombre,fecha_nacimiento,salario,ciudad,estado,cp,calle) VALUES (36,2,93,'Yvonne Ciric','24/04/1975','$22098.67','Birmingham','Alabama',35285,'498 Eagan Point');
INSERT INTO empleado(id_vivero,id_rol,id_empleado,nombre,fecha_nacimiento,salario,ciudad,estado,cp,calle) VALUES (13,3,94,'Laureen Piche','28/10/1910','$28171.57','Macon','Georgia',31296,'4319 Fuller Junction');
INSERT INTO empleado(id_vivero,id_rol,id_empleado,nombre,fecha_nacimiento,salario,ciudad,estado,cp,calle) VALUES (2,4,95,'Tamarra Davet','08/05/1921','$22128.22','Las Vegas','Nevada',89125,'9 Bultman Circle');
INSERT INTO empleado(id_vivero,id_rol,id_empleado,nombre,fecha_nacimiento,salario,ciudad,estado,cp,calle) VALUES (56,2,96,'Orin Itzakson','28/11/1929','$21369.47','Anderson','South Carolina',29625,'2963 Granby Junction');
INSERT INTO empleado(id_vivero,id_rol,id_empleado,nombre,fecha_nacimiento,salario,ciudad,estado,cp,calle) VALUES (79,2,97,'Theodoric Cholomin','12/07/1949','$27321.92','El Paso','Texas',88541,'17069 Annamark Hill');
INSERT INTO empleado(id_vivero,id_rol,id_empleado,nombre,fecha_nacimiento,salario,ciudad,estado,cp,calle) VALUES (53,1,98,'Estelle Brumham','04/11/1916','$14008.81','Orange','California',92862,'8932 Barnett Court');
INSERT INTO empleado(id_vivero,id_rol,id_empleado,nombre,fecha_nacimiento,salario,ciudad,estado,cp,calle) VALUES (19,2,99,'Wyatan Thurston','17/05/1943','$28773.60','Washington','District of Columbia',20370,'87 Vidon Center');
INSERT INTO empleado(id_vivero,id_rol,id_empleado,nombre,fecha_nacimiento,salario,ciudad,estado,cp,calle) VALUES (87,2,100,'Dillon Briiginshaw','17/04/1963','$26787.47','San Diego','California',92145,'866 Daystar Place');

INSERT INTO correo_electronico_empl(id_vivero,id_rol,id_empleado,correo_electronico_empl) VALUES (12,2,79,'rbrunke0@youtu.be');
INSERT INTO correo_electronico_empl(id_vivero,id_rol,id_empleado,correo_electronico_empl) VALUES (85,4,23,'ldeath1@ehow.com');
INSERT INTO correo_electronico_empl(id_vivero,id_rol,id_empleado,correo_electronico_empl) VALUES (64,3,56,'hduferie2@blog.com');
INSERT INTO correo_electronico_empl(id_vivero,id_rol,id_empleado,correo_electronico_empl) VALUES (10,3,44,'mgunney3@squarespace.com');
INSERT INTO correo_electronico_empl(id_vivero,id_rol,id_empleado,correo_electronico_empl) VALUES (87,4,92,'tboutell4@csmonitor.com');
INSERT INTO correo_electronico_empl(id_vivero,id_rol,id_empleado,correo_electronico_empl) VALUES (18,4,47,'gilchuk5@pcworld.com');
INSERT INTO correo_electronico_empl(id_vivero,id_rol,id_empleado,correo_electronico_empl) VALUES (66,3,62,'lakerman6@ebay.com');
INSERT INTO correo_electronico_empl(id_vivero,id_rol,id_empleado,correo_electronico_empl) VALUES (11,4,35,'jmatyatin7@chicagotribune.com');
INSERT INTO correo_electronico_empl(id_vivero,id_rol,id_empleado,correo_electronico_empl) VALUES (51,1,37,'pbertolaccini8@gmpg.org');
INSERT INTO correo_electronico_empl(id_vivero,id_rol,id_empleado,correo_electronico_empl) VALUES (6,4,96,'aparrett9@theguardian.com');
INSERT INTO correo_electronico_empl(id_vivero,id_rol,id_empleado,correo_electronico_empl) VALUES (36,4,51,'mstricka@nifty.com');
INSERT INTO correo_electronico_empl(id_vivero,id_rol,id_empleado,correo_electronico_empl) VALUES (47,2,89,'thussetb@oaic.gov.au');
INSERT INTO correo_electronico_empl(id_vivero,id_rol,id_empleado,correo_electronico_empl) VALUES (57,2,70,'mjersonc@sourceforge.net');
INSERT INTO correo_electronico_empl(id_vivero,id_rol,id_empleado,correo_electronico_empl) VALUES (30,2,77,'sberesfored@usgs.gov');
INSERT INTO correo_electronico_empl(id_vivero,id_rol,id_empleado,correo_electronico_empl) VALUES (97,1,78,'mrowaszkiewicze@msn.com');
INSERT INTO correo_electronico_empl(id_vivero,id_rol,id_empleado,correo_electronico_empl) VALUES (94,3,5,'cslevinf@msn.com');
INSERT INTO correo_electronico_empl(id_vivero,id_rol,id_empleado,correo_electronico_empl) VALUES (30,2,54,'mantoshing@nih.gov');
INSERT INTO correo_electronico_empl(id_vivero,id_rol,id_empleado,correo_electronico_empl) VALUES (98,4,10,'tprestieh@deviantart.com');
INSERT INTO correo_electronico_empl(id_vivero,id_rol,id_empleado,correo_electronico_empl) VALUES (61,1,77,'elaythami@noaa.gov');
INSERT INTO correo_electronico_empl(id_vivero,id_rol,id_empleado,correo_electronico_empl) VALUES (41,2,88,'rciobotaruj@webs.com');
INSERT INTO correo_electronico_empl(id_vivero,id_rol,id_empleado,correo_electronico_empl) VALUES (6,3,29,'pbodleyk@parallels.com');
INSERT INTO correo_electronico_empl(id_vivero,id_rol,id_empleado,correo_electronico_empl) VALUES (7,4,87,'rroothaml@php.net');
INSERT INTO correo_electronico_empl(id_vivero,id_rol,id_empleado,correo_electronico_empl) VALUES (35,1,91,'fbarenskym@tmall.com');
INSERT INTO correo_electronico_empl(id_vivero,id_rol,id_empleado,correo_electronico_empl) VALUES (51,1,15,'fskiptonn@canalblog.com');
INSERT INTO correo_electronico_empl(id_vivero,id_rol,id_empleado,correo_electronico_empl) VALUES (90,2,39,'pkirkwoodo@seattletimes.com');
INSERT INTO correo_electronico_empl(id_vivero,id_rol,id_empleado,correo_electronico_empl) VALUES (39,4,75,'mhassallp@altervista.org');
INSERT INTO correo_electronico_empl(id_vivero,id_rol,id_empleado,correo_electronico_empl) VALUES (81,4,36,'apeaceyq@shinystat.com');
INSERT INTO correo_electronico_empl(id_vivero,id_rol,id_empleado,correo_electronico_empl) VALUES (59,1,25,'sslatorr@state.tx.us');
INSERT INTO correo_electronico_empl(id_vivero,id_rol,id_empleado,correo_electronico_empl) VALUES (54,3,47,'stetfords@example.com');
INSERT INTO correo_electronico_empl(id_vivero,id_rol,id_empleado,correo_electronico_empl) VALUES (99,3,40,'egoldet@pbs.org');
INSERT INTO correo_electronico_empl(id_vivero,id_rol,id_empleado,correo_electronico_empl) VALUES (11,3,51,'rmincheru@gnu.org');
INSERT INTO correo_electronico_empl(id_vivero,id_rol,id_empleado,correo_electronico_empl) VALUES (25,2,28,'dmorillasv@webeden.co.uk');
INSERT INTO correo_electronico_empl(id_vivero,id_rol,id_empleado,correo_electronico_empl) VALUES (59,3,47,'dtschiersew@wsj.com');
INSERT INTO correo_electronico_empl(id_vivero,id_rol,id_empleado,correo_electronico_empl) VALUES (38,2,7,'abaggarleyx@hugedomains.com');
INSERT INTO correo_electronico_empl(id_vivero,id_rol,id_empleado,correo_electronico_empl) VALUES (10,2,51,'ndaddy@virginia.edu');
INSERT INTO correo_electronico_empl(id_vivero,id_rol,id_empleado,correo_electronico_empl) VALUES (55,4,3,'rdebowz@yahoo.com');
INSERT INTO correo_electronico_empl(id_vivero,id_rol,id_empleado,correo_electronico_empl) VALUES (3,2,78,'tgiggs10@list-manage.com');
INSERT INTO correo_electronico_empl(id_vivero,id_rol,id_empleado,correo_electronico_empl) VALUES (36,2,100,'kkees11@booking.com');
INSERT INTO correo_electronico_empl(id_vivero,id_rol,id_empleado,correo_electronico_empl) VALUES (66,2,31,'rwyrall12@wiley.com');
INSERT INTO correo_electronico_empl(id_vivero,id_rol,id_empleado,correo_electronico_empl) VALUES (37,2,50,'gmcpeck13@jalbum.net');
INSERT INTO correo_electronico_empl(id_vivero,id_rol,id_empleado,correo_electronico_empl) VALUES (33,2,33,'aroberti14@addtoany.com');
INSERT INTO correo_electronico_empl(id_vivero,id_rol,id_empleado,correo_electronico_empl) VALUES (46,2,72,'rstothert15@usnews.com');
INSERT INTO correo_electronico_empl(id_vivero,id_rol,id_empleado,correo_electronico_empl) VALUES (2,3,97,'gmulbry16@nasa.gov');
INSERT INTO correo_electronico_empl(id_vivero,id_rol,id_empleado,correo_electronico_empl) VALUES (70,1,59,'mdeevey17@wordpress.com');
INSERT INTO correo_electronico_empl(id_vivero,id_rol,id_empleado,correo_electronico_empl) VALUES (48,2,12,'shallward18@altervista.org');
INSERT INTO correo_electronico_empl(id_vivero,id_rol,id_empleado,correo_electronico_empl) VALUES (48,2,49,'ksole19@bbb.org');
INSERT INTO correo_electronico_empl(id_vivero,id_rol,id_empleado,correo_electronico_empl) VALUES (53,2,80,'tmcleman1a@gov.uk');
INSERT INTO correo_electronico_empl(id_vivero,id_rol,id_empleado,correo_electronico_empl) VALUES (21,3,39,'dbergstram1b@ucla.edu');
INSERT INTO correo_electronico_empl(id_vivero,id_rol,id_empleado,correo_electronico_empl) VALUES (72,1,63,'growlatt1c@noaa.gov');
INSERT INTO correo_electronico_empl(id_vivero,id_rol,id_empleado,correo_electronico_empl) VALUES (68,3,65,'jlongley1d@nsw.gov.au');
INSERT INTO correo_electronico_empl(id_vivero,id_rol,id_empleado,correo_electronico_empl) VALUES (66,3,73,'cbristowe1e@who.int');
INSERT INTO correo_electronico_empl(id_vivero,id_rol,id_empleado,correo_electronico_empl) VALUES (21,3,5,'mpantridge1f@i2i.jp');
INSERT INTO correo_electronico_empl(id_vivero,id_rol,id_empleado,correo_electronico_empl) VALUES (30,3,44,'clancley1g@cdc.gov');
INSERT INTO correo_electronico_empl(id_vivero,id_rol,id_empleado,correo_electronico_empl) VALUES (1,2,25,'iheinsius1h@booking.com');
INSERT INTO correo_electronico_empl(id_vivero,id_rol,id_empleado,correo_electronico_empl) VALUES (62,2,55,'ccammiemile1i@pagesperso-orange.fr');
INSERT INTO correo_electronico_empl(id_vivero,id_rol,id_empleado,correo_electronico_empl) VALUES (71,3,37,'melleton1j@upenn.edu');
INSERT INTO correo_electronico_empl(id_vivero,id_rol,id_empleado,correo_electronico_empl) VALUES (38,4,11,'wbartley1k@xinhuanet.com');
INSERT INTO correo_electronico_empl(id_vivero,id_rol,id_empleado,correo_electronico_empl) VALUES (17,4,21,'rgumbley1l@wikipedia.org');
INSERT INTO correo_electronico_empl(id_vivero,id_rol,id_empleado,correo_electronico_empl) VALUES (53,4,84,'fgilbane1m@sohu.com');
INSERT INTO correo_electronico_empl(id_vivero,id_rol,id_empleado,correo_electronico_empl) VALUES (77,2,58,'msimounet1n@symantec.com');
INSERT INTO correo_electronico_empl(id_vivero,id_rol,id_empleado,correo_electronico_empl) VALUES (95,2,43,'kdrewery1o@vinaora.com');
INSERT INTO correo_electronico_empl(id_vivero,id_rol,id_empleado,correo_electronico_empl) VALUES (47,1,49,'dcropp1p@answers.com');
INSERT INTO correo_electronico_empl(id_vivero,id_rol,id_empleado,correo_electronico_empl) VALUES (94,2,86,'tbatrip1q@howstuffworks.com');
INSERT INTO correo_electronico_empl(id_vivero,id_rol,id_empleado,correo_electronico_empl) VALUES (34,4,70,'gcleife1r@lycos.com');
INSERT INTO correo_electronico_empl(id_vivero,id_rol,id_empleado,correo_electronico_empl) VALUES (60,3,8,'gshambroke1s@usda.gov');
INSERT INTO correo_electronico_empl(id_vivero,id_rol,id_empleado,correo_electronico_empl) VALUES (96,4,44,'ephoebe1t@newsvine.com');
INSERT INTO correo_electronico_empl(id_vivero,id_rol,id_empleado,correo_electronico_empl) VALUES (96,2,3,'wkyngdon1u@joomla.org');
INSERT INTO correo_electronico_empl(id_vivero,id_rol,id_empleado,correo_electronico_empl) VALUES (19,4,84,'ddagleas1v@wired.com');
INSERT INTO correo_electronico_empl(id_vivero,id_rol,id_empleado,correo_electronico_empl) VALUES (88,2,11,'kjeeks1w@ucsd.edu');
INSERT INTO correo_electronico_empl(id_vivero,id_rol,id_empleado,correo_electronico_empl) VALUES (63,1,95,'tkneller1x@ca.gov');
INSERT INTO correo_electronico_empl(id_vivero,id_rol,id_empleado,correo_electronico_empl) VALUES (41,3,27,'aeverleigh1y@abc.net.au');
INSERT INTO correo_electronico_empl(id_vivero,id_rol,id_empleado,correo_electronico_empl) VALUES (51,4,19,'llawlan1z@exblog.jp');
INSERT INTO correo_electronico_empl(id_vivero,id_rol,id_empleado,correo_electronico_empl) VALUES (82,1,32,'ffollan20@w3.org');
INSERT INTO correo_electronico_empl(id_vivero,id_rol,id_empleado,correo_electronico_empl) VALUES (91,1,60,'ymackey21@disqus.com');
INSERT INTO correo_electronico_empl(id_vivero,id_rol,id_empleado,correo_electronico_empl) VALUES (74,4,95,'aalelsandrovich22@ebay.com');
INSERT INTO correo_electronico_empl(id_vivero,id_rol,id_empleado,correo_electronico_empl) VALUES (84,3,30,'jodooley23@blogger.com');
INSERT INTO correo_electronico_empl(id_vivero,id_rol,id_empleado,correo_electronico_empl) VALUES (17,1,60,'spalfreman24@ovh.net');
INSERT INTO correo_electronico_empl(id_vivero,id_rol,id_empleado,correo_electronico_empl) VALUES (20,2,44,'kcolin25@army.mil');
INSERT INTO correo_electronico_empl(id_vivero,id_rol,id_empleado,correo_electronico_empl) VALUES (95,4,74,'rdiamond26@geocities.com');
INSERT INTO correo_electronico_empl(id_vivero,id_rol,id_empleado,correo_electronico_empl) VALUES (49,4,42,'cvinnick27@google.nl');
INSERT INTO correo_electronico_empl(id_vivero,id_rol,id_empleado,correo_electronico_empl) VALUES (21,3,23,'mwrettum28@google.ca');
INSERT INTO correo_electronico_empl(id_vivero,id_rol,id_empleado,correo_electronico_empl) VALUES (58,1,83,'iwagen29@amazon.co.uk');
INSERT INTO correo_electronico_empl(id_vivero,id_rol,id_empleado,correo_electronico_empl) VALUES (2,1,66,'gbanister2a@berkeley.edu');
INSERT INTO correo_electronico_empl(id_vivero,id_rol,id_empleado,correo_electronico_empl) VALUES (66,1,14,'mcrosland2b@com.com');
INSERT INTO correo_electronico_empl(id_vivero,id_rol,id_empleado,correo_electronico_empl) VALUES (21,3,16,'skennally2c@tripadvisor.com');
INSERT INTO correo_electronico_empl(id_vivero,id_rol,id_empleado,correo_electronico_empl) VALUES (11,1,36,'fknappitt2d@dot.gov');
INSERT INTO correo_electronico_empl(id_vivero,id_rol,id_empleado,correo_electronico_empl) VALUES (85,2,8,'amayze2e@unc.edu');
INSERT INTO correo_electronico_empl(id_vivero,id_rol,id_empleado,correo_electronico_empl) VALUES (76,2,17,'aflucker2f@goo.gl');
INSERT INTO correo_electronico_empl(id_vivero,id_rol,id_empleado,correo_electronico_empl) VALUES (22,3,85,'ostockau2g@elpais.com');
INSERT INTO correo_electronico_empl(id_vivero,id_rol,id_empleado,correo_electronico_empl) VALUES (70,3,58,'rkinchin2h@google.com.br');
INSERT INTO correo_electronico_empl(id_vivero,id_rol,id_empleado,correo_electronico_empl) VALUES (64,4,26,'gtorre2i@dailymotion.com');
INSERT INTO correo_electronico_empl(id_vivero,id_rol,id_empleado,correo_electronico_empl) VALUES (43,1,19,'bharcombe2j@ftc.gov');
INSERT INTO correo_electronico_empl(id_vivero,id_rol,id_empleado,correo_electronico_empl) VALUES (39,3,100,'mewols2k@tripadvisor.com');
INSERT INTO correo_electronico_empl(id_vivero,id_rol,id_empleado,correo_electronico_empl) VALUES (26,1,40,'svivyan2l@bbb.org');
INSERT INTO correo_electronico_empl(id_vivero,id_rol,id_empleado,correo_electronico_empl) VALUES (64,4,31,'kwestfield2m@google.ru');
INSERT INTO correo_electronico_empl(id_vivero,id_rol,id_empleado,correo_electronico_empl) VALUES (28,1,40,'wahlf2n@sina.com.cn');
INSERT INTO correo_electronico_empl(id_vivero,id_rol,id_empleado,correo_electronico_empl) VALUES (21,3,40,'smumbray2o@ovh.net');
INSERT INTO correo_electronico_empl(id_vivero,id_rol,id_empleado,correo_electronico_empl) VALUES (85,3,14,'ecurnnokk2p@microsoft.com');
INSERT INTO correo_electronico_empl(id_vivero,id_rol,id_empleado,correo_electronico_empl) VALUES (7,3,58,'jswansborough2q@mapquest.com');
INSERT INTO correo_electronico_empl(id_vivero,id_rol,id_empleado,correo_electronico_empl) VALUES (76,4,39,'sutridge2r@4shared.com');

INSERT INTO c_forma_pago(id_forma_pago,descripcion) VALUES (1,'TarjetaCredito');
INSERT INTO c_forma_pago(id_forma_pago,descripcion) VALUES (2,'TarjetaDebito');
INSERT INTO c_forma_pago(id_forma_pago,descripcion) VALUES (3,'Mixo');
