INSERT INTO vivero(id_vivero,nombre_vivero,fecha_apertura,estado,ciudad,calle,cp) VALUES (1,'Kovacek-Bergstrom','2016-05-22','Nevada','Las Vegas','Old Gate','89160');
INSERT INTO vivero(id_vivero,nombre_vivero,fecha_apertura,estado,ciudad,calle,cp) VALUES (2,'Cummings and Sons','2013-02-18','Pennsylvania','Wilkes Barre','Summit','18768');
INSERT INTO vivero(id_vivero,nombre_vivero,fecha_apertura,estado,ciudad,calle,cp) VALUES (3,'Mante LLC','2015-07-23','Maryland','Laurel','Hollow Ridge','20709');
INSERT INTO vivero(id_vivero,nombre_vivero,fecha_apertura,estado,ciudad,calle,cp) VALUES (4,'Parker-Rolfson','2008-06-04','Colorado','Pueblo','Carioca','81010');
INSERT INTO vivero(id_vivero,nombre_vivero,fecha_apertura,estado,ciudad,calle,cp) VALUES (5,'Shields, McGlynn and Marvin','2014-02-23','Idaho','Boise','Aberg','83722');
INSERT INTO vivero(id_vivero,nombre_vivero,fecha_apertura,estado,ciudad,calle,cp) VALUES (6,'Conroy and Sons','2007-10-07','Ohio','Cleveland','Kingsford','44118');
INSERT INTO vivero(id_vivero,nombre_vivero,fecha_apertura,estado,ciudad,calle,cp) VALUES (7,'Kihn-Metz','2004-10-21','Indiana','Fort Wayne','Melrose','46805');
INSERT INTO vivero(id_vivero,nombre_vivero,fecha_apertura,estado,ciudad,calle,cp) VALUES (8,'Boyer, Heidenreich and Goyette','2016-09-26','Virginia','Reston','Grasskamp','22096');
INSERT INTO vivero(id_vivero,nombre_vivero,fecha_apertura,estado,ciudad,calle,cp) VALUES (9,'Reinger LLC','2000-03-24','Virginia','Norfolk','Trailsway','23520');
INSERT INTO vivero(id_vivero,nombre_vivero,fecha_apertura,estado,ciudad,calle,cp) VALUES (10,'Hudson-Kuhn','2019-10-07','Kentucky','Lexington','Florence','40505');
INSERT INTO vivero(id_vivero,nombre_vivero,fecha_apertura,estado,ciudad,calle,cp) VALUES (11,'Goldner-O''Kon','2015-12-10','Georgia','Atlanta','Warrior','30343');
INSERT INTO vivero(id_vivero,nombre_vivero,fecha_apertura,estado,ciudad,calle,cp) VALUES (12,'Kuhn Inc','2001-12-20','Virginia','Roanoke','Clemons','24024');
INSERT INTO vivero(id_vivero,nombre_vivero,fecha_apertura,estado,ciudad,calle,cp) VALUES (13,'Ferry-Crooks','2013-12-30','Nevada','Carson City','Eggendart','89706');
INSERT INTO vivero(id_vivero,nombre_vivero,fecha_apertura,estado,ciudad,calle,cp) VALUES (14,'Haley-Rohan','2005-01-10','Nevada','North Las Vegas','Arrowood','89036');
INSERT INTO vivero(id_vivero,nombre_vivero,fecha_apertura,estado,ciudad,calle,cp) VALUES (15,'Bergstrom-Sipes','2002-06-20','Indiana','Evansville','Lakeland','47705');
INSERT INTO vivero(id_vivero,nombre_vivero,fecha_apertura,estado,ciudad,calle,cp) VALUES (16,'Schumm-Hackett','2013-06-08','Florida','Tampa','Waubesa','33610');
INSERT INTO vivero(id_vivero,nombre_vivero,fecha_apertura,estado,ciudad,calle,cp) VALUES (17,'Orn-Friesen','2012-12-29','Kentucky','Louisville','Elka','40225');
INSERT INTO vivero(id_vivero,nombre_vivero,fecha_apertura,estado,ciudad,calle,cp) VALUES (18,'Parisian Group','2018-06-04','Kentucky','Lexington','Golf Course','40546');
INSERT INTO vivero(id_vivero,nombre_vivero,fecha_apertura,estado,ciudad,calle,cp) VALUES (19,'Brakus, Kuvalis and Kassulke','2011-04-05','California','San Bernardino','Texas','92410');
INSERT INTO vivero(id_vivero,nombre_vivero,fecha_apertura,estado,ciudad,calle,cp) VALUES (20,'Olson-Hayes','2021-02-09','Pennsylvania','Philadelphia','Blue Bill Park','19104');
INSERT INTO vivero(id_vivero,nombre_vivero,fecha_apertura,estado,ciudad,calle,cp) VALUES (21,'Macejkovic and Sons','2014-11-05','New York','New York City','Loeprich','10120');
INSERT INTO vivero(id_vivero,nombre_vivero,fecha_apertura,estado,ciudad,calle,cp) VALUES (22,'Blanda, Carroll and Pfannerstill','2003-03-10','Texas','Dallas','Dunning','75358');
INSERT INTO vivero(id_vivero,nombre_vivero,fecha_apertura,estado,ciudad,calle,cp) VALUES (23,'Gislason-Dicki','2015-07-12','New York','Utica','Thackeray','13505');
INSERT INTO vivero(id_vivero,nombre_vivero,fecha_apertura,estado,ciudad,calle,cp) VALUES (24,'Kozey, Hayes and Ortiz','2006-08-18','Kentucky','Lexington','Pawling','40576');
INSERT INTO vivero(id_vivero,nombre_vivero,fecha_apertura,estado,ciudad,calle,cp) VALUES (25,'Bailey-Dickinson','2020-05-21','Alabama','Montgomery','Northwestern','36195');
INSERT INTO vivero(id_vivero,nombre_vivero,fecha_apertura,estado,ciudad,calle,cp) VALUES (26,'Littel LLC','2019-08-21','Alaska','Fairbanks','Sunnyside','99790');
INSERT INTO vivero(id_vivero,nombre_vivero,fecha_apertura,estado,ciudad,calle,cp) VALUES (27,'Hauck-Gerhold','2004-11-24','Michigan','Saginaw','Goodland','48609');
INSERT INTO vivero(id_vivero,nombre_vivero,fecha_apertura,estado,ciudad,calle,cp) VALUES (28,'Rohan Inc','2011-04-06','Illinois','East Saint Louis','Stang','62205');
INSERT INTO vivero(id_vivero,nombre_vivero,fecha_apertura,estado,ciudad,calle,cp) VALUES (29,'Hamill Inc','2010-05-17','Missouri','Saint Louis','Hintze','63121');
INSERT INTO vivero(id_vivero,nombre_vivero,fecha_apertura,estado,ciudad,calle,cp) VALUES (30,'Bergstrom and Sons','2012-12-22','Texas','Spring','Ohio','77388');
INSERT INTO vivero(id_vivero,nombre_vivero,fecha_apertura,estado,ciudad,calle,cp) VALUES (31,'Hamill-Heller','2019-07-06','Ohio','Cleveland','Melody','44125');
INSERT INTO vivero(id_vivero,nombre_vivero,fecha_apertura,estado,ciudad,calle,cp) VALUES (32,'Hahn Inc','2002-08-10','Ohio','Columbus','Weeping Birch','43226');
INSERT INTO vivero(id_vivero,nombre_vivero,fecha_apertura,estado,ciudad,calle,cp) VALUES (33,'Marvin, Lakin and Stiedemann','2005-12-05','California','Fresno','Waubesa','93750');
INSERT INTO vivero(id_vivero,nombre_vivero,fecha_apertura,estado,ciudad,calle,cp) VALUES (34,'Kilback and Sons','2008-08-01','Maryland','Baltimore','Stone Corner','21281');
INSERT INTO vivero(id_vivero,nombre_vivero,fecha_apertura,estado,ciudad,calle,cp) VALUES (35,'Rogahn-Conn','2009-09-26','New York','Yonkers','Merry','10705');
INSERT INTO vivero(id_vivero,nombre_vivero,fecha_apertura,estado,ciudad,calle,cp) VALUES (36,'Cruickshank and Sons','2009-06-07','Florida','Tallahassee','Fulton','32309');
INSERT INTO vivero(id_vivero,nombre_vivero,fecha_apertura,estado,ciudad,calle,cp) VALUES (37,'Durgan-Schulist','2003-05-03','District of Columbia','Washington','Vidon','20409');
INSERT INTO vivero(id_vivero,nombre_vivero,fecha_apertura,estado,ciudad,calle,cp) VALUES (38,'Moore Group','2007-01-29','Georgia','Atlanta','Farragut','31190');
INSERT INTO vivero(id_vivero,nombre_vivero,fecha_apertura,estado,ciudad,calle,cp) VALUES (39,'Marvin Group','2019-09-26','Kentucky','Louisville','Del Sol','40205');
INSERT INTO vivero(id_vivero,nombre_vivero,fecha_apertura,estado,ciudad,calle,cp) VALUES (40,'Jerde Group','2004-12-04','New York','Brooklyn','Sunfield','11241');
INSERT INTO vivero(id_vivero,nombre_vivero,fecha_apertura,estado,ciudad,calle,cp) VALUES (41,'Abernathy and Sons','2012-11-19','New York','New York City','Esker','10029');
INSERT INTO vivero(id_vivero,nombre_vivero,fecha_apertura,estado,ciudad,calle,cp) VALUES (42,'Collins, Roberts and Feest','2019-01-07','Florida','Orlando','Waywood','32854');
INSERT INTO vivero(id_vivero,nombre_vivero,fecha_apertura,estado,ciudad,calle,cp) VALUES (43,'Carroll, Champlin and Schroeder','2000-02-25','Texas','El Paso','La Follette','88546');
INSERT INTO vivero(id_vivero,nombre_vivero,fecha_apertura,estado,ciudad,calle,cp) VALUES (44,'Mohr, Schamberger and Mertz','2000-12-04','Indiana','Fort Wayne','Miller','46805');
INSERT INTO vivero(id_vivero,nombre_vivero,fecha_apertura,estado,ciudad,calle,cp) VALUES (45,'Watsica, Reynolds and Yost','2019-03-26','Wisconsin','Madison','Summerview','53726');
INSERT INTO vivero(id_vivero,nombre_vivero,fecha_apertura,estado,ciudad,calle,cp) VALUES (46,'Rippin and Sons','2007-07-19','Arizona','Mesa','New Castle','85215');
INSERT INTO vivero(id_vivero,nombre_vivero,fecha_apertura,estado,ciudad,calle,cp) VALUES (47,'Harvey Inc','2010-01-22','Connecticut','Waterbury','Anzinger','06726');
INSERT INTO vivero(id_vivero,nombre_vivero,fecha_apertura,estado,ciudad,calle,cp) VALUES (48,'Halvorson LLC','2005-04-08','Texas','Corpus Christi','Ridge Oak','78465');
INSERT INTO vivero(id_vivero,nombre_vivero,fecha_apertura,estado,ciudad,calle,cp) VALUES (49,'Schuster-Crist','2007-11-25','Ohio','Columbus','Banding','43204');
INSERT INTO vivero(id_vivero,nombre_vivero,fecha_apertura,estado,ciudad,calle,cp) VALUES (50,'Kessler LLC','2002-01-19','Colorado','Colorado Springs','Scott','80905');
INSERT INTO vivero(id_vivero,nombre_vivero,fecha_apertura,estado,ciudad,calle,cp) VALUES (51,'Dickinson-Metz','2012-04-02','Texas','Houston','Randy','77030');
INSERT INTO vivero(id_vivero,nombre_vivero,fecha_apertura,estado,ciudad,calle,cp) VALUES (52,'Witting-Connelly','2007-04-21','California','Fresno','Stuart','93709');
INSERT INTO vivero(id_vivero,nombre_vivero,fecha_apertura,estado,ciudad,calle,cp) VALUES (53,'Kiehn-Graham','2011-03-09','Louisiana','New Orleans','Eastlawn','70142');
INSERT INTO vivero(id_vivero,nombre_vivero,fecha_apertura,estado,ciudad,calle,cp) VALUES (54,'Lesch LLC','2016-03-27','Arkansas','Little Rock','Muir','72222');
INSERT INTO vivero(id_vivero,nombre_vivero,fecha_apertura,estado,ciudad,calle,cp) VALUES (55,'Borer, Flatley and Stoltenberg','2003-06-19','Georgia','Columbus','Dawn','31914');
INSERT INTO vivero(id_vivero,nombre_vivero,fecha_apertura,estado,ciudad,calle,cp) VALUES (56,'Weber Group','2008-07-15','Illinois','Springfield','Hauk','62705');
INSERT INTO vivero(id_vivero,nombre_vivero,fecha_apertura,estado,ciudad,calle,cp) VALUES (57,'Mohr, Bergstrom and Green','2007-12-11','Missouri','Saint Louis','Hoffman','63136');
INSERT INTO vivero(id_vivero,nombre_vivero,fecha_apertura,estado,ciudad,calle,cp) VALUES (58,'Ratke and Sons','2007-05-19','California','San Francisco','Briar Crest','94132');
INSERT INTO vivero(id_vivero,nombre_vivero,fecha_apertura,estado,ciudad,calle,cp) VALUES (59,'Parker LLC','2021-02-21','District of Columbia','Washington','Sauthoff','20210');
INSERT INTO vivero(id_vivero,nombre_vivero,fecha_apertura,estado,ciudad,calle,cp) VALUES (60,'Hahn, Hackett and Swaniawski','2020-07-07','Arizona','Phoenix','Vera','85099');
INSERT INTO vivero(id_vivero,nombre_vivero,fecha_apertura,estado,ciudad,calle,cp) VALUES (61,'Smith LLC','2010-05-18','District of Columbia','Washington','Kingsford','20260');
INSERT INTO vivero(id_vivero,nombre_vivero,fecha_apertura,estado,ciudad,calle,cp) VALUES (62,'Gusikowski-Weber','2005-12-06','Massachusetts','Springfield','Hanson','01105');
INSERT INTO vivero(id_vivero,nombre_vivero,fecha_apertura,estado,ciudad,calle,cp) VALUES (63,'Marquardt Inc','2022-05-12','Arizona','Phoenix','Nancy','85053');
INSERT INTO vivero(id_vivero,nombre_vivero,fecha_apertura,estado,ciudad,calle,cp) VALUES (64,'Jerde, Stark and Hilpert','2021-07-20','Texas','Dallas','Crest Line','75353');
INSERT INTO vivero(id_vivero,nombre_vivero,fecha_apertura,estado,ciudad,calle,cp) VALUES (65,'Mayer-Jerde','2021-02-23','California','San Bernardino','Lukken','92415');
INSERT INTO vivero(id_vivero,nombre_vivero,fecha_apertura,estado,ciudad,calle,cp) VALUES (66,'Turner, Reichert and Wiza','2007-09-19','Tennessee','Memphis','Del Mar','38197');
INSERT INTO vivero(id_vivero,nombre_vivero,fecha_apertura,estado,ciudad,calle,cp) VALUES (67,'Jones, Davis and Tillman','2022-01-02','Alaska','Anchorage','Reinke','99522');
INSERT INTO vivero(id_vivero,nombre_vivero,fecha_apertura,estado,ciudad,calle,cp) VALUES (68,'Fisher, Mitchell and Torphy','2008-05-09','Nevada','North Las Vegas','Shopko','89087');
INSERT INTO vivero(id_vivero,nombre_vivero,fecha_apertura,estado,ciudad,calle,cp) VALUES (69,'Terry and Sons','2006-12-21','Florida','Lakeland','Blue Bill Park','33805');
INSERT INTO vivero(id_vivero,nombre_vivero,fecha_apertura,estado,ciudad,calle,cp) VALUES (70,'Glover-Abshire','2009-10-19','Kentucky','Frankfort','Old Gate','40618');
INSERT INTO vivero(id_vivero,nombre_vivero,fecha_apertura,estado,ciudad,calle,cp) VALUES (71,'Jerde and Sons','2007-01-27','Texas','El Paso','Golden Leaf','79977');
INSERT INTO vivero(id_vivero,nombre_vivero,fecha_apertura,estado,ciudad,calle,cp) VALUES (72,'Dach-Hermiston','2001-11-04','Michigan','Lansing','Sycamore','48956');
INSERT INTO vivero(id_vivero,nombre_vivero,fecha_apertura,estado,ciudad,calle,cp) VALUES (73,'Moen, Larson and Ernser','2007-04-13','New York','New York City','Killdeer','10105');
INSERT INTO vivero(id_vivero,nombre_vivero,fecha_apertura,estado,ciudad,calle,cp) VALUES (74,'Pfannerstill Inc','2009-08-30','Connecticut','Bridgeport','Crest Line','06606');
INSERT INTO vivero(id_vivero,nombre_vivero,fecha_apertura,estado,ciudad,calle,cp) VALUES (75,'Muller, Leannon and DuBuque','2019-07-27','Alabama','Huntsville','Gateway','35810');
INSERT INTO vivero(id_vivero,nombre_vivero,fecha_apertura,estado,ciudad,calle,cp) VALUES (76,'Christiansen LLC','2017-10-07','Texas','El Paso','7th','79945');
INSERT INTO vivero(id_vivero,nombre_vivero,fecha_apertura,estado,ciudad,calle,cp) VALUES (77,'Armstrong-Bechtelar','2006-09-11','Florida','Naples','Jenifer','33963');
INSERT INTO vivero(id_vivero,nombre_vivero,fecha_apertura,estado,ciudad,calle,cp) VALUES (78,'Stroman-Cassin','2022-10-04','Oregon','Portland','Talisman','97201');
INSERT INTO vivero(id_vivero,nombre_vivero,fecha_apertura,estado,ciudad,calle,cp) VALUES (79,'Huel-Cole','2008-09-14','Maryland','Baltimore','Buena Vista','21229');
INSERT INTO vivero(id_vivero,nombre_vivero,fecha_apertura,estado,ciudad,calle,cp) VALUES (80,'Beier, Kling and Terry','2016-02-13','California','Fresno','Caliangt','93740');
INSERT INTO vivero(id_vivero,nombre_vivero,fecha_apertura,estado,ciudad,calle,cp) VALUES (81,'Rolfson, Swaniawski and Fahey','2005-02-18','New York','New York City','Grasskamp','10170');
INSERT INTO vivero(id_vivero,nombre_vivero,fecha_apertura,estado,ciudad,calle,cp) VALUES (82,'Feest, Block and Zemlak','2005-07-01','Arizona','Chandler','Everett','85246');
INSERT INTO vivero(id_vivero,nombre_vivero,fecha_apertura,estado,ciudad,calle,cp) VALUES (83,'Bogan LLC','2009-06-30','Georgia','Atlanta','Sunfield','31119');
INSERT INTO vivero(id_vivero,nombre_vivero,fecha_apertura,estado,ciudad,calle,cp) VALUES (84,'Boyle Inc','2007-04-28','California','Orange','Grim','92668');
INSERT INTO vivero(id_vivero,nombre_vivero,fecha_apertura,estado,ciudad,calle,cp) VALUES (85,'Rolfson, Cartwright and Gleason','2003-12-31','West Virginia','Charleston','Division','25331');
INSERT INTO vivero(id_vivero,nombre_vivero,fecha_apertura,estado,ciudad,calle,cp) VALUES (86,'Ward Group','2009-12-28','Tennessee','Chattanooga','Continental','37450');
INSERT INTO vivero(id_vivero,nombre_vivero,fecha_apertura,estado,ciudad,calle,cp) VALUES (87,'Cartwright Inc','2000-04-29','California','Simi Valley','Graceland','93094');
INSERT INTO vivero(id_vivero,nombre_vivero,fecha_apertura,estado,ciudad,calle,cp) VALUES (88,'Tromp and Sons','2021-05-31','Pennsylvania','Philadelphia','Shelley','19160');
INSERT INTO vivero(id_vivero,nombre_vivero,fecha_apertura,estado,ciudad,calle,cp) VALUES (89,'Satterfield-Kertzmann','2022-02-05','New Jersey','Newark','Scoville','07188');
INSERT INTO vivero(id_vivero,nombre_vivero,fecha_apertura,estado,ciudad,calle,cp) VALUES (90,'Will-Rutherford','2009-06-27','California','Redwood City','Debs','94064');
INSERT INTO vivero(id_vivero,nombre_vivero,fecha_apertura,estado,ciudad,calle,cp) VALUES (91,'Carter-Lang','2007-04-09','Utah','Provo','Leroy','84605');
INSERT INTO vivero(id_vivero,nombre_vivero,fecha_apertura,estado,ciudad,calle,cp) VALUES (92,'Anderson LLC','2013-03-27','Arizona','Prescott','Troy','86305');
INSERT INTO vivero(id_vivero,nombre_vivero,fecha_apertura,estado,ciudad,calle,cp) VALUES (93,'Wyman, Ernser and Predovic','2016-06-24','Kentucky','Louisville','Pennsylvania','40215');
INSERT INTO vivero(id_vivero,nombre_vivero,fecha_apertura,estado,ciudad,calle,cp) VALUES (94,'Wiza Group','2020-06-21','New York','Albany','Comanche','12242');
INSERT INTO vivero(id_vivero,nombre_vivero,fecha_apertura,estado,ciudad,calle,cp) VALUES (95,'Emard-Klein','2005-05-01','Tennessee','Knoxville','Pawling','37939');
INSERT INTO vivero(id_vivero,nombre_vivero,fecha_apertura,estado,ciudad,calle,cp) VALUES (96,'Bernhard-Simonis','2002-04-06','Texas','Arlington','Debs','76004');
INSERT INTO vivero(id_vivero,nombre_vivero,fecha_apertura,estado,ciudad,calle,cp) VALUES (97,'Bernier-Daniel','2017-08-06','Idaho','Boise','Shopko','83722');
INSERT INTO vivero(id_vivero,nombre_vivero,fecha_apertura,estado,ciudad,calle,cp) VALUES (98,'Kertzmann-Swift','2000-11-30','Pennsylvania','Philadelphia','Burrows','19136');
INSERT INTO vivero(id_vivero,nombre_vivero,fecha_apertura,estado,ciudad,calle,cp) VALUES (99,'Jakubowski and Sons','2012-01-27','Texas','Arlington','Mccormick','76004');
INSERT INTO vivero(id_vivero,nombre_vivero,fecha_apertura,estado,ciudad,calle,cp) VALUES (100,'Nolan-Fritsch','2004-04-06','Colorado','Denver','Quincy','80209');

INSERT INTO telefono_vivero(id_vivero,telefono_vivero) VALUES (13,5549964050);
INSERT INTO telefono_vivero(id_vivero,telefono_vivero) VALUES (70,5587637376);
INSERT INTO telefono_vivero(id_vivero,telefono_vivero) VALUES (59,5582571847);
INSERT INTO telefono_vivero(id_vivero,telefono_vivero) VALUES (42,5581200785);
INSERT INTO telefono_vivero(id_vivero,telefono_vivero) VALUES (79,5552511467);
INSERT INTO telefono_vivero(id_vivero,telefono_vivero) VALUES (72,5559689688);
INSERT INTO telefono_vivero(id_vivero,telefono_vivero) VALUES (30,5584508258);
INSERT INTO telefono_vivero(id_vivero,telefono_vivero) VALUES (4,5526163329);
INSERT INTO telefono_vivero(id_vivero,telefono_vivero) VALUES (39,5554703787);
INSERT INTO telefono_vivero(id_vivero,telefono_vivero) VALUES (66,5532446877);
INSERT INTO telefono_vivero(id_vivero,telefono_vivero) VALUES (64,5555826314);
INSERT INTO telefono_vivero(id_vivero,telefono_vivero) VALUES (33,5561462748);
INSERT INTO telefono_vivero(id_vivero,telefono_vivero) VALUES (85,5590773912);
INSERT INTO telefono_vivero(id_vivero,telefono_vivero) VALUES (90,5584445355);
INSERT INTO telefono_vivero(id_vivero,telefono_vivero) VALUES (20,5570273266);
INSERT INTO telefono_vivero(id_vivero,telefono_vivero) VALUES (55,5545891573);
INSERT INTO telefono_vivero(id_vivero,telefono_vivero) VALUES (34,5589073581);
INSERT INTO telefono_vivero(id_vivero,telefono_vivero) VALUES (99,5508251456);
INSERT INTO telefono_vivero(id_vivero,telefono_vivero) VALUES (25,5573775948);
INSERT INTO telefono_vivero(id_vivero,telefono_vivero) VALUES (82,5596931668);
INSERT INTO telefono_vivero(id_vivero,telefono_vivero) VALUES (22,5510288916);
INSERT INTO telefono_vivero(id_vivero,telefono_vivero) VALUES (40,5546686700);
INSERT INTO telefono_vivero(id_vivero,telefono_vivero) VALUES (1,5556296660);
INSERT INTO telefono_vivero(id_vivero,telefono_vivero) VALUES (63,5537695553);
INSERT INTO telefono_vivero(id_vivero,telefono_vivero) VALUES (94,5598551334);
INSERT INTO telefono_vivero(id_vivero,telefono_vivero) VALUES (11,5500725853);
INSERT INTO telefono_vivero(id_vivero,telefono_vivero) VALUES (67,5543684577);
INSERT INTO telefono_vivero(id_vivero,telefono_vivero) VALUES (23,5521760739);
INSERT INTO telefono_vivero(id_vivero,telefono_vivero) VALUES (38,5582550351);
INSERT INTO telefono_vivero(id_vivero,telefono_vivero) VALUES (47,5524807392);
INSERT INTO telefono_vivero(id_vivero,telefono_vivero) VALUES (17,5562473014);
INSERT INTO telefono_vivero(id_vivero,telefono_vivero) VALUES (76,5548536088);
INSERT INTO telefono_vivero(id_vivero,telefono_vivero) VALUES (57,5570190857);
INSERT INTO telefono_vivero(id_vivero,telefono_vivero) VALUES (8,5509588289);
INSERT INTO telefono_vivero(id_vivero,telefono_vivero) VALUES (54,5594483784);
INSERT INTO telefono_vivero(id_vivero,telefono_vivero) VALUES (68,5567047293);
INSERT INTO telefono_vivero(id_vivero,telefono_vivero) VALUES (48,5555057049);
INSERT INTO telefono_vivero(id_vivero,telefono_vivero) VALUES (19,5570549780);
INSERT INTO telefono_vivero(id_vivero,telefono_vivero) VALUES (75,5538220014);
INSERT INTO telefono_vivero(id_vivero,telefono_vivero) VALUES (6,5570619704);
INSERT INTO telefono_vivero(id_vivero,telefono_vivero) VALUES (29,5579408766);
INSERT INTO telefono_vivero(id_vivero,telefono_vivero) VALUES (62,5530427226);
INSERT INTO telefono_vivero(id_vivero,telefono_vivero) VALUES (45,5503263865);
INSERT INTO telefono_vivero(id_vivero,telefono_vivero) VALUES (60,5569319513);
INSERT INTO telefono_vivero(id_vivero,telefono_vivero) VALUES (78,5569854699);
INSERT INTO telefono_vivero(id_vivero,telefono_vivero) VALUES (91,5553197049);
INSERT INTO telefono_vivero(id_vivero,telefono_vivero) VALUES (96,5599277369);
INSERT INTO telefono_vivero(id_vivero,telefono_vivero) VALUES (46,5537358477);
INSERT INTO telefono_vivero(id_vivero,telefono_vivero) VALUES (3,5567698487);
INSERT INTO telefono_vivero(id_vivero,telefono_vivero) VALUES (14,5587154159);
INSERT INTO telefono_vivero(id_vivero,telefono_vivero) VALUES (92,5571021615);
INSERT INTO telefono_vivero(id_vivero,telefono_vivero) VALUES (32,5572807027);
INSERT INTO telefono_vivero(id_vivero,telefono_vivero) VALUES (36,5591123631);
INSERT INTO telefono_vivero(id_vivero,telefono_vivero) VALUES (61,5510200864);
INSERT INTO telefono_vivero(id_vivero,telefono_vivero) VALUES (28,5566750937);
INSERT INTO telefono_vivero(id_vivero,telefono_vivero) VALUES (88,5595088892);
INSERT INTO telefono_vivero(id_vivero,telefono_vivero) VALUES (69,5559733799);
INSERT INTO telefono_vivero(id_vivero,telefono_vivero) VALUES (24,5579408062);
INSERT INTO telefono_vivero(id_vivero,telefono_vivero) VALUES (26,5508432505);
INSERT INTO telefono_vivero(id_vivero,telefono_vivero) VALUES (12,5567886720);
INSERT INTO telefono_vivero(id_vivero,telefono_vivero) VALUES (18,5551005509);
INSERT INTO telefono_vivero(id_vivero,telefono_vivero) VALUES (16,5543973861);
INSERT INTO telefono_vivero(id_vivero,telefono_vivero) VALUES (73,5584857312);
INSERT INTO telefono_vivero(id_vivero,telefono_vivero) VALUES (27,5569099685);
INSERT INTO telefono_vivero(id_vivero,telefono_vivero) VALUES (95,5573698815);
INSERT INTO telefono_vivero(id_vivero,telefono_vivero) VALUES (51,5526877072);
INSERT INTO telefono_vivero(id_vivero,telefono_vivero) VALUES (44,5560550865);
INSERT INTO telefono_vivero(id_vivero,telefono_vivero) VALUES (65,5581122828);
INSERT INTO telefono_vivero(id_vivero,telefono_vivero) VALUES (10,5587422662);
INSERT INTO telefono_vivero(id_vivero,telefono_vivero) VALUES (52,5538718165);
INSERT INTO telefono_vivero(id_vivero,telefono_vivero) VALUES (53,5501304747);
INSERT INTO telefono_vivero(id_vivero,telefono_vivero) VALUES (86,5547183421);
INSERT INTO telefono_vivero(id_vivero,telefono_vivero) VALUES (84,5594151937);
INSERT INTO telefono_vivero(id_vivero,telefono_vivero) VALUES (58,5551794719);
INSERT INTO telefono_vivero(id_vivero,telefono_vivero) VALUES (81,5594820419);
INSERT INTO telefono_vivero(id_vivero,telefono_vivero) VALUES (35,5585528300);
INSERT INTO telefono_vivero(id_vivero,telefono_vivero) VALUES (5,5522883834);
INSERT INTO telefono_vivero(id_vivero,telefono_vivero) VALUES (2,5593317091);
INSERT INTO telefono_vivero(id_vivero,telefono_vivero) VALUES (74,5589443011);
INSERT INTO telefono_vivero(id_vivero,telefono_vivero) VALUES (80,5567971276);
INSERT INTO telefono_vivero(id_vivero,telefono_vivero) VALUES (37,5544488659);
INSERT INTO telefono_vivero(id_vivero,telefono_vivero) VALUES (98,5577062578);
INSERT INTO telefono_vivero(id_vivero,telefono_vivero) VALUES (71,5547081292);
INSERT INTO telefono_vivero(id_vivero,telefono_vivero) VALUES (77,5543468969);
INSERT INTO telefono_vivero(id_vivero,telefono_vivero) VALUES (49,5578150497);
INSERT INTO telefono_vivero(id_vivero,telefono_vivero) VALUES (7,5517898627);
INSERT INTO telefono_vivero(id_vivero,telefono_vivero) VALUES (41,5562726908);
INSERT INTO telefono_vivero(id_vivero,telefono_vivero) VALUES (50,5552774421);
INSERT INTO telefono_vivero(id_vivero,telefono_vivero) VALUES (43,5587785837);
INSERT INTO telefono_vivero(id_vivero,telefono_vivero) VALUES (15,5554810764);
INSERT INTO telefono_vivero(id_vivero,telefono_vivero) VALUES (31,5522164923);
INSERT INTO telefono_vivero(id_vivero,telefono_vivero) VALUES (83,5554285479);
INSERT INTO telefono_vivero(id_vivero,telefono_vivero) VALUES (89,5502679145);
INSERT INTO telefono_vivero(id_vivero,telefono_vivero) VALUES (93,5550854147);
INSERT INTO telefono_vivero(id_vivero,telefono_vivero) VALUES (100,5507807666);
INSERT INTO telefono_vivero(id_vivero,telefono_vivero) VALUES (9,5548262412);
INSERT INTO telefono_vivero(id_vivero,telefono_vivero) VALUES (87,5509387646);
INSERT INTO telefono_vivero(id_vivero,telefono_vivero) VALUES (21,5534284806);
INSERT INTO telefono_vivero(id_vivero,telefono_vivero) VALUES (56,5533699380);
INSERT INTO telefono_vivero(id_vivero,telefono_vivero) VALUES (97,5586000520);
INSERT INTO telefono_vivero(id_vivero,telefono_vivero) VALUES (50,5517062096);
INSERT INTO telefono_vivero(id_vivero,telefono_vivero) VALUES (35,5537565155);
INSERT INTO telefono_vivero(id_vivero,telefono_vivero) VALUES (54,5527074477);
INSERT INTO telefono_vivero(id_vivero,telefono_vivero) VALUES (9,5561923695);
INSERT INTO telefono_vivero(id_vivero,telefono_vivero) VALUES (14,5588439286);
INSERT INTO telefono_vivero(id_vivero,telefono_vivero) VALUES (42,5565690345);
INSERT INTO telefono_vivero(id_vivero,telefono_vivero) VALUES (20,5566621412);
INSERT INTO telefono_vivero(id_vivero,telefono_vivero) VALUES (82,5524507107);
INSERT INTO telefono_vivero(id_vivero,telefono_vivero) VALUES (53,5526472067);
INSERT INTO telefono_vivero(id_vivero,telefono_vivero) VALUES (26,5546091571);
INSERT INTO telefono_vivero(id_vivero,telefono_vivero) VALUES (6,5529746493);
INSERT INTO telefono_vivero(id_vivero,telefono_vivero) VALUES (58,5533051813);
INSERT INTO telefono_vivero(id_vivero,telefono_vivero) VALUES (79,5599180531);
INSERT INTO telefono_vivero(id_vivero,telefono_vivero) VALUES (63,5537259838);
INSERT INTO telefono_vivero(id_vivero,telefono_vivero) VALUES (46,5559189537);
INSERT INTO telefono_vivero(id_vivero,telefono_vivero) VALUES (55,5509187076);
INSERT INTO telefono_vivero(id_vivero,telefono_vivero) VALUES (16,5527366781);
INSERT INTO telefono_vivero(id_vivero,telefono_vivero) VALUES (95,5591199704);
INSERT INTO telefono_vivero(id_vivero,telefono_vivero) VALUES (60,5565271971);
INSERT INTO telefono_vivero(id_vivero,telefono_vivero) VALUES (52,5555198308);
INSERT INTO telefono_vivero(id_vivero,telefono_vivero) VALUES (40,5505874073);
INSERT INTO telefono_vivero(id_vivero,telefono_vivero) VALUES (57,5586196398);
INSERT INTO telefono_vivero(id_vivero,telefono_vivero) VALUES (10,5518391173);
INSERT INTO telefono_vivero(id_vivero,telefono_vivero) VALUES (19,5546426478);
INSERT INTO telefono_vivero(id_vivero,telefono_vivero) VALUES (73,5539652213);
INSERT INTO telefono_vivero(id_vivero,telefono_vivero) VALUES (3,5578455212);
INSERT INTO telefono_vivero(id_vivero,telefono_vivero) VALUES (65,5556261322);
INSERT INTO telefono_vivero(id_vivero,telefono_vivero) VALUES (21,5540170266);
INSERT INTO telefono_vivero(id_vivero,telefono_vivero) VALUES (31,5539902748);
INSERT INTO telefono_vivero(id_vivero,telefono_vivero) VALUES (51,5549299683);
INSERT INTO telefono_vivero(id_vivero,telefono_vivero) VALUES (49,5529288222);
INSERT INTO telefono_vivero(id_vivero,telefono_vivero) VALUES (33,5546459337);
INSERT INTO telefono_vivero(id_vivero,telefono_vivero) VALUES (8,5599798934);
INSERT INTO telefono_vivero(id_vivero,telefono_vivero) VALUES (39,5587021406);
INSERT INTO telefono_vivero(id_vivero,telefono_vivero) VALUES (38,5525365372);
INSERT INTO telefono_vivero(id_vivero,telefono_vivero) VALUES (78,5521563145);
INSERT INTO telefono_vivero(id_vivero,telefono_vivero) VALUES (64,5567610881);
INSERT INTO telefono_vivero(id_vivero,telefono_vivero) VALUES (87,5598993114);
INSERT INTO telefono_vivero(id_vivero,telefono_vivero) VALUES (77,5572343155);
INSERT INTO telefono_vivero(id_vivero,telefono_vivero) VALUES (67,5532636278);
INSERT INTO telefono_vivero(id_vivero,telefono_vivero) VALUES (92,5509625309);
INSERT INTO telefono_vivero(id_vivero,telefono_vivero) VALUES (32,5504798039);
INSERT INTO telefono_vivero(id_vivero,telefono_vivero) VALUES (93,5593197227);
INSERT INTO telefono_vivero(id_vivero,telefono_vivero) VALUES (88,5570814808);
INSERT INTO telefono_vivero(id_vivero,telefono_vivero) VALUES (17,5558436008);
INSERT INTO telefono_vivero(id_vivero,telefono_vivero) VALUES (76,5583511370);
INSERT INTO telefono_vivero(id_vivero,telefono_vivero) VALUES (24,5522001919);
INSERT INTO telefono_vivero(id_vivero,telefono_vivero) VALUES (81,5571554494);
INSERT INTO telefono_vivero(id_vivero,telefono_vivero) VALUES (74,5555403507);
INSERT INTO telefono_vivero(id_vivero,telefono_vivero) VALUES (86,5533450024);
INSERT INTO telefono_vivero(id_vivero,telefono_vivero) VALUES (36,5589246824);
INSERT INTO telefono_vivero(id_vivero,telefono_vivero) VALUES (89,5593736336);
INSERT INTO telefono_vivero(id_vivero,telefono_vivero) VALUES (27,5549282232);
INSERT INTO telefono_vivero(id_vivero,telefono_vivero) VALUES (4,5588136458);
INSERT INTO telefono_vivero(id_vivero,telefono_vivero) VALUES (90,5561694156);
INSERT INTO telefono_vivero(id_vivero,telefono_vivero) VALUES (25,5576286207);
INSERT INTO telefono_vivero(id_vivero,telefono_vivero) VALUES (48,5533136584);
INSERT INTO telefono_vivero(id_vivero,telefono_vivero) VALUES (22,5516244930);
INSERT INTO telefono_vivero(id_vivero,telefono_vivero) VALUES (66,5529776999);
INSERT INTO telefono_vivero(id_vivero,telefono_vivero) VALUES (1,5532621220);
INSERT INTO telefono_vivero(id_vivero,telefono_vivero) VALUES (29,5585828733);
INSERT INTO telefono_vivero(id_vivero,telefono_vivero) VALUES (2,5535299060);
INSERT INTO telefono_vivero(id_vivero,telefono_vivero) VALUES (72,5579277011);
INSERT INTO telefono_vivero(id_vivero,telefono_vivero) VALUES (84,5529502901);
INSERT INTO telefono_vivero(id_vivero,telefono_vivero) VALUES (83,5567444509);
INSERT INTO telefono_vivero(id_vivero,telefono_vivero) VALUES (98,5522216722);
INSERT INTO telefono_vivero(id_vivero,telefono_vivero) VALUES (28,5536265739);
INSERT INTO telefono_vivero(id_vivero,telefono_vivero) VALUES (100,5502796374);
INSERT INTO telefono_vivero(id_vivero,telefono_vivero) VALUES (70,5587860072);
INSERT INTO telefono_vivero(id_vivero,telefono_vivero) VALUES (96,5536508645);
INSERT INTO telefono_vivero(id_vivero,telefono_vivero) VALUES (56,5554551239);
INSERT INTO telefono_vivero(id_vivero,telefono_vivero) VALUES (30,5556163965);
INSERT INTO telefono_vivero(id_vivero,telefono_vivero) VALUES (68,5516029123);
INSERT INTO telefono_vivero(id_vivero,telefono_vivero) VALUES (71,5537611755);
INSERT INTO telefono_vivero(id_vivero,telefono_vivero) VALUES (7,5544872050);
INSERT INTO telefono_vivero(id_vivero,telefono_vivero) VALUES (15,5525725067);
INSERT INTO telefono_vivero(id_vivero,telefono_vivero) VALUES (91,5568642660);
INSERT INTO telefono_vivero(id_vivero,telefono_vivero) VALUES (62,5569117653);
INSERT INTO telefono_vivero(id_vivero,telefono_vivero) VALUES (43,5578618874);
INSERT INTO telefono_vivero(id_vivero,telefono_vivero) VALUES (12,5590880071);
INSERT INTO telefono_vivero(id_vivero,telefono_vivero) VALUES (94,5502296395);
INSERT INTO telefono_vivero(id_vivero,telefono_vivero) VALUES (18,5594701277);
INSERT INTO telefono_vivero(id_vivero,telefono_vivero) VALUES (34,5538752925);
INSERT INTO telefono_vivero(id_vivero,telefono_vivero) VALUES (13,5535416295);
INSERT INTO telefono_vivero(id_vivero,telefono_vivero) VALUES (80,5522944276);
INSERT INTO telefono_vivero(id_vivero,telefono_vivero) VALUES (97,5568279686);
INSERT INTO telefono_vivero(id_vivero,telefono_vivero) VALUES (59,5585989956);
INSERT INTO telefono_vivero(id_vivero,telefono_vivero) VALUES (5,5500080805);
INSERT INTO telefono_vivero(id_vivero,telefono_vivero) VALUES (85,5514645918);
INSERT INTO telefono_vivero(id_vivero,telefono_vivero) VALUES (61,5528093234);
INSERT INTO telefono_vivero(id_vivero,telefono_vivero) VALUES (47,5532430054);
INSERT INTO telefono_vivero(id_vivero,telefono_vivero) VALUES (75,5520970495);
INSERT INTO telefono_vivero(id_vivero,telefono_vivero) VALUES (99,5523785143);
INSERT INTO telefono_vivero(id_vivero,telefono_vivero) VALUES (44,5502369888);
INSERT INTO telefono_vivero(id_vivero,telefono_vivero) VALUES (41,5515148583);
INSERT INTO telefono_vivero(id_vivero,telefono_vivero) VALUES (23,5585227153);
INSERT INTO telefono_vivero(id_vivero,telefono_vivero) VALUES (45,5534118416);
INSERT INTO telefono_vivero(id_vivero,telefono_vivero) VALUES (69,5571650519);
INSERT INTO telefono_vivero(id_vivero,telefono_vivero) VALUES (11,5570283605);
INSERT INTO telefono_vivero(id_vivero,telefono_vivero) VALUES (37,5589079020);

INSERT INTO cliente(id_cliente,nombre,fecha_nacimiento) VALUES (1,'Ebeneser Cherrett','1990-10-07');
INSERT INTO cliente(id_cliente,nombre,fecha_nacimiento) VALUES (2,'Grover Yankishin','1999-09-20');
INSERT INTO cliente(id_cliente,nombre,fecha_nacimiento) VALUES (3,'Fanechka Pellamonuten','1974-03-27');
INSERT INTO cliente(id_cliente,nombre,fecha_nacimiento) VALUES (4,'Mikol McQuorkel','1961-08-27');
INSERT INTO cliente(id_cliente,nombre,fecha_nacimiento) VALUES (5,'Ailey Dickey','1989-01-24');
INSERT INTO cliente(id_cliente,nombre,fecha_nacimiento) VALUES (6,'Harrietta Arden','1981-06-28');
INSERT INTO cliente(id_cliente,nombre,fecha_nacimiento) VALUES (7,'Trace Foch','1971-09-21');
INSERT INTO cliente(id_cliente,nombre,fecha_nacimiento) VALUES (8,'Mahala Bonifazio','2002-05-24');
INSERT INTO cliente(id_cliente,nombre,fecha_nacimiento) VALUES (9,'Nevin Ryal','1975-09-01');
INSERT INTO cliente(id_cliente,nombre,fecha_nacimiento) VALUES (10,'Eveleen Gosnall','1969-03-18');
INSERT INTO cliente(id_cliente,nombre,fecha_nacimiento) VALUES (11,'Alasteir Storry','1965-03-31');
INSERT INTO cliente(id_cliente,nombre,fecha_nacimiento) VALUES (12,'Harvey Perrot','1988-05-15');
INSERT INTO cliente(id_cliente,nombre,fecha_nacimiento) VALUES (13,'Norbert Vallance','2002-05-26');
INSERT INTO cliente(id_cliente,nombre,fecha_nacimiento) VALUES (14,'Kristel Barneville','1966-12-07');
INSERT INTO cliente(id_cliente,nombre,fecha_nacimiento) VALUES (15,'Silva Sutterfield','1968-09-06');
INSERT INTO cliente(id_cliente,nombre,fecha_nacimiento) VALUES (16,'Hilary Mathey','1984-03-26');
INSERT INTO cliente(id_cliente,nombre,fecha_nacimiento) VALUES (17,'Willi Rosita','1992-01-24');
INSERT INTO cliente(id_cliente,nombre,fecha_nacimiento) VALUES (18,'Lianna Robeson','1980-09-05');
INSERT INTO cliente(id_cliente,nombre,fecha_nacimiento) VALUES (19,'Keefe Parr','1968-03-18');
INSERT INTO cliente(id_cliente,nombre,fecha_nacimiento) VALUES (20,'Jasmina Ovesen','1970-03-22');
INSERT INTO cliente(id_cliente,nombre,fecha_nacimiento) VALUES (21,'Teodorico Guslon','1997-04-18');
INSERT INTO cliente(id_cliente,nombre,fecha_nacimiento) VALUES (22,'Ely Barchrameev','1981-03-22');
INSERT INTO cliente(id_cliente,nombre,fecha_nacimiento) VALUES (23,'Rawley Bocock','1990-09-22');
INSERT INTO cliente(id_cliente,nombre,fecha_nacimiento) VALUES (24,'Joela Sancraft','1962-11-03');
INSERT INTO cliente(id_cliente,nombre,fecha_nacimiento) VALUES (25,'Petronella Hiscocks','1967-06-14');
INSERT INTO cliente(id_cliente,nombre,fecha_nacimiento) VALUES (26,'Aviva Castle','1973-08-10');
INSERT INTO cliente(id_cliente,nombre,fecha_nacimiento) VALUES (27,'Jilleen Linfield','1967-07-02');
INSERT INTO cliente(id_cliente,nombre,fecha_nacimiento) VALUES (28,'Corrine Crosoer','1975-10-19');
INSERT INTO cliente(id_cliente,nombre,fecha_nacimiento) VALUES (29,'Baillie Kynoch','1964-01-17');
INSERT INTO cliente(id_cliente,nombre,fecha_nacimiento) VALUES (30,'Rosaleen Sawkin','1965-06-21');
INSERT INTO cliente(id_cliente,nombre,fecha_nacimiento) VALUES (31,'Tara Frankema','1993-09-08');
INSERT INTO cliente(id_cliente,nombre,fecha_nacimiento) VALUES (32,'Pia Andri','1961-03-30');
INSERT INTO cliente(id_cliente,nombre,fecha_nacimiento) VALUES (33,'Kermy Cartin','2002-03-15');
INSERT INTO cliente(id_cliente,nombre,fecha_nacimiento) VALUES (34,'Ringo Larter','1981-08-09');
INSERT INTO cliente(id_cliente,nombre,fecha_nacimiento) VALUES (35,'Nydia Hedger','1981-06-17');
INSERT INTO cliente(id_cliente,nombre,fecha_nacimiento) VALUES (36,'Marlow MacGown','1995-12-06');
INSERT INTO cliente(id_cliente,nombre,fecha_nacimiento) VALUES (37,'Uri Olman','1977-09-03');
INSERT INTO cliente(id_cliente,nombre,fecha_nacimiento) VALUES (38,'Rikki Disbury','1961-11-24');
INSERT INTO cliente(id_cliente,nombre,fecha_nacimiento) VALUES (39,'Flori Dwight','1996-05-31');
INSERT INTO cliente(id_cliente,nombre,fecha_nacimiento) VALUES (40,'Amalee Lakeman','1997-11-08');
INSERT INTO cliente(id_cliente,nombre,fecha_nacimiento) VALUES (41,'Camilla Everal','1961-05-24');
INSERT INTO cliente(id_cliente,nombre,fecha_nacimiento) VALUES (42,'Mora Barabisch','1983-02-06');
INSERT INTO cliente(id_cliente,nombre,fecha_nacimiento) VALUES (43,'Dolly Olliver','1975-12-06');
INSERT INTO cliente(id_cliente,nombre,fecha_nacimiento) VALUES (44,'Maureene Praundl','1979-04-06');
INSERT INTO cliente(id_cliente,nombre,fecha_nacimiento) VALUES (45,'Delaney Sexstone','1969-03-25');
INSERT INTO cliente(id_cliente,nombre,fecha_nacimiento) VALUES (46,'Hubert Breagan','1974-07-05');
INSERT INTO cliente(id_cliente,nombre,fecha_nacimiento) VALUES (47,'Aeriel Laible','1985-11-01');
INSERT INTO cliente(id_cliente,nombre,fecha_nacimiento) VALUES (48,'Rennie Peckett','1990-09-30');
INSERT INTO cliente(id_cliente,nombre,fecha_nacimiento) VALUES (49,'Magdaia Baribal','2002-07-19');
INSERT INTO cliente(id_cliente,nombre,fecha_nacimiento) VALUES (50,'Mariam Dayne','1976-12-04');
INSERT INTO cliente(id_cliente,nombre,fecha_nacimiento) VALUES (51,'Adriane Karus','1996-11-07');
INSERT INTO cliente(id_cliente,nombre,fecha_nacimiento) VALUES (52,'Carena Roz','1961-03-22');
INSERT INTO cliente(id_cliente,nombre,fecha_nacimiento) VALUES (53,'Bria Kirkup','2004-05-06');
INSERT INTO cliente(id_cliente,nombre,fecha_nacimiento) VALUES (54,'Reilly Merioth','1984-06-29');
INSERT INTO cliente(id_cliente,nombre,fecha_nacimiento) VALUES (55,'Derron Egginton','1976-07-09');
INSERT INTO cliente(id_cliente,nombre,fecha_nacimiento) VALUES (56,'Cam Orht','1982-02-11');
INSERT INTO cliente(id_cliente,nombre,fecha_nacimiento) VALUES (57,'Bonnee Bowyer','1979-02-10');
INSERT INTO cliente(id_cliente,nombre,fecha_nacimiento) VALUES (58,'Orsa Estabrook','1993-02-01');
INSERT INTO cliente(id_cliente,nombre,fecha_nacimiento) VALUES (59,'Giovanna Nesbit','1998-07-19');
INSERT INTO cliente(id_cliente,nombre,fecha_nacimiento) VALUES (60,'Charo MacAnellye','1991-12-21');
INSERT INTO cliente(id_cliente,nombre,fecha_nacimiento) VALUES (61,'Adah Pyburn','2004-01-14');
INSERT INTO cliente(id_cliente,nombre,fecha_nacimiento) VALUES (62,'Gerty Ohms','2002-01-26');
INSERT INTO cliente(id_cliente,nombre,fecha_nacimiento) VALUES (63,'Penny Duddle','2003-01-08');
INSERT INTO cliente(id_cliente,nombre,fecha_nacimiento) VALUES (64,'Demetris Rewan','1985-11-26');
INSERT INTO cliente(id_cliente,nombre,fecha_nacimiento) VALUES (65,'Fenelia Frantzeni','1989-01-20');
INSERT INTO cliente(id_cliente,nombre,fecha_nacimiento) VALUES (66,'Myrah Jahan','2002-08-30');
INSERT INTO cliente(id_cliente,nombre,fecha_nacimiento) VALUES (67,'Percival Harsent','1991-01-15');
INSERT INTO cliente(id_cliente,nombre,fecha_nacimiento) VALUES (68,'Fiona Barrass','1988-01-20');
INSERT INTO cliente(id_cliente,nombre,fecha_nacimiento) VALUES (69,'Bambi Wellbeloved','1960-02-07');
INSERT INTO cliente(id_cliente,nombre,fecha_nacimiento) VALUES (70,'Shannon Knights','1999-09-22');
INSERT INTO cliente(id_cliente,nombre,fecha_nacimiento) VALUES (71,'Adoree Lawling','2002-05-18');
INSERT INTO cliente(id_cliente,nombre,fecha_nacimiento) VALUES (72,'Wally Loalday','1976-10-27');
INSERT INTO cliente(id_cliente,nombre,fecha_nacimiento) VALUES (73,'Cedric Yatman','2004-08-16');
INSERT INTO cliente(id_cliente,nombre,fecha_nacimiento) VALUES (74,'Josee Pirnie','1972-05-08');
INSERT INTO cliente(id_cliente,nombre,fecha_nacimiento) VALUES (75,'Fonz Goby','1974-09-19');
INSERT INTO cliente(id_cliente,nombre,fecha_nacimiento) VALUES (76,'Evelyn Roots','1961-04-05');
INSERT INTO cliente(id_cliente,nombre,fecha_nacimiento) VALUES (77,'Archibald Bortolozzi','1997-12-27');
INSERT INTO cliente(id_cliente,nombre,fecha_nacimiento) VALUES (78,'Richart Rosle','2002-07-16');
INSERT INTO cliente(id_cliente,nombre,fecha_nacimiento) VALUES (79,'Sisile Vernau','1998-05-19');
INSERT INTO cliente(id_cliente,nombre,fecha_nacimiento) VALUES (80,'Andrej Halmkin','1991-10-31');
INSERT INTO cliente(id_cliente,nombre,fecha_nacimiento) VALUES (81,'Xenos Sprules','1997-03-28');
INSERT INTO cliente(id_cliente,nombre,fecha_nacimiento) VALUES (82,'Sheffy Tomasoni','1981-11-13');
INSERT INTO cliente(id_cliente,nombre,fecha_nacimiento) VALUES (83,'Ring Garm','1995-05-08');
INSERT INTO cliente(id_cliente,nombre,fecha_nacimiento) VALUES (84,'Norine Synke','1964-08-13');
INSERT INTO cliente(id_cliente,nombre,fecha_nacimiento) VALUES (85,'Jillayne Leeburne','1974-07-30');
INSERT INTO cliente(id_cliente,nombre,fecha_nacimiento) VALUES (86,'Ansel Gandley','1983-06-08');
INSERT INTO cliente(id_cliente,nombre,fecha_nacimiento) VALUES (87,'Roselia Shapira','2002-08-06');
INSERT INTO cliente(id_cliente,nombre,fecha_nacimiento) VALUES (88,'Marigold Pashen','1994-12-30');
INSERT INTO cliente(id_cliente,nombre,fecha_nacimiento) VALUES (89,'Stephi Renn','1991-06-18');
INSERT INTO cliente(id_cliente,nombre,fecha_nacimiento) VALUES (90,'Zach Manns','1963-04-07');
INSERT INTO cliente(id_cliente,nombre,fecha_nacimiento) VALUES (91,'Emerson Clarkin','1974-01-24');
INSERT INTO cliente(id_cliente,nombre,fecha_nacimiento) VALUES (92,'Rivy Kubacki','1974-01-07');
INSERT INTO cliente(id_cliente,nombre,fecha_nacimiento) VALUES (93,'Charmion Grosvener','1973-02-07');
INSERT INTO cliente(id_cliente,nombre,fecha_nacimiento) VALUES (94,'Spenser Hazelgrove','1997-03-14');
INSERT INTO cliente(id_cliente,nombre,fecha_nacimiento) VALUES (95,'Damiano Cicerone','1973-07-14');
INSERT INTO cliente(id_cliente,nombre,fecha_nacimiento) VALUES (96,'Joan Saw','1990-11-16');
INSERT INTO cliente(id_cliente,nombre,fecha_nacimiento) VALUES (97,'Paige Hardi','1991-07-25');
INSERT INTO cliente(id_cliente,nombre,fecha_nacimiento) VALUES (98,'Tallulah Itzcovich','1965-04-28');
INSERT INTO cliente(id_cliente,nombre,fecha_nacimiento) VALUES (99,'Golda Campkin','1996-06-04');
INSERT INTO cliente(id_cliente,nombre,fecha_nacimiento) VALUES (100,'Lorrie Sperrett','2002-07-12');

INSERT INTO correo_electronico_cliente(id_cliente,correo_electronico_cliente) VALUES (46,'glebourn0@drupal.org');
INSERT INTO correo_electronico_cliente(id_cliente,correo_electronico_cliente) VALUES (12,'fjerok1@java.com');
INSERT INTO correo_electronico_cliente(id_cliente,correo_electronico_cliente) VALUES (52,'prolse2@springer.com');
INSERT INTO correo_electronico_cliente(id_cliente,correo_electronico_cliente) VALUES (34,'veslemont3@senate.gov');
INSERT INTO correo_electronico_cliente(id_cliente,correo_electronico_cliente) VALUES (2,'qsafe4@wix.com');
INSERT INTO correo_electronico_cliente(id_cliente,correo_electronico_cliente) VALUES (40,'cdelia5@bbb.org');
INSERT INTO correo_electronico_cliente(id_cliente,correo_electronico_cliente) VALUES (87,'mcannell6@msu.edu');
INSERT INTO correo_electronico_cliente(id_cliente,correo_electronico_cliente) VALUES (45,'kcraze7@unc.edu');
INSERT INTO correo_electronico_cliente(id_cliente,correo_electronico_cliente) VALUES (69,'fmacourek8@drupal.org');
INSERT INTO correo_electronico_cliente(id_cliente,correo_electronico_cliente) VALUES (99,'wborris9@vinaora.com');
INSERT INTO correo_electronico_cliente(id_cliente,correo_electronico_cliente) VALUES (61,'afancutta@bandcamp.com');
INSERT INTO correo_electronico_cliente(id_cliente,correo_electronico_cliente) VALUES (30,'tcostanzab@geocities.jp');
INSERT INTO correo_electronico_cliente(id_cliente,correo_electronico_cliente) VALUES (63,'aedgleyc@ucoz.ru');
INSERT INTO correo_electronico_cliente(id_cliente,correo_electronico_cliente) VALUES (60,'mgalierd@naver.com');
INSERT INTO correo_electronico_cliente(id_cliente,correo_electronico_cliente) VALUES (8,'dcasae@alexa.com');
INSERT INTO correo_electronico_cliente(id_cliente,correo_electronico_cliente) VALUES (59,'pbransdonf@123-reg.co.uk');
INSERT INTO correo_electronico_cliente(id_cliente,correo_electronico_cliente) VALUES (72,'nkrolikg@google.pl');
INSERT INTO correo_electronico_cliente(id_cliente,correo_electronico_cliente) VALUES (84,'pmarklinh@e-recht24.de');
INSERT INTO correo_electronico_cliente(id_cliente,correo_electronico_cliente) VALUES (33,'cmurieli@marketwatch.com');
INSERT INTO correo_electronico_cliente(id_cliente,correo_electronico_cliente) VALUES (61,'ejollimanj@reference.com');
INSERT INTO correo_electronico_cliente(id_cliente,correo_electronico_cliente) VALUES (52,'apretoriusk@ifeng.com');
INSERT INTO correo_electronico_cliente(id_cliente,correo_electronico_cliente) VALUES (49,'wadamekl@tumblr.com');
INSERT INTO correo_electronico_cliente(id_cliente,correo_electronico_cliente) VALUES (2,'btearm@umich.edu');
INSERT INTO correo_electronico_cliente(id_cliente,correo_electronico_cliente) VALUES (42,'nbridgelandn@multiply.com');
INSERT INTO correo_electronico_cliente(id_cliente,correo_electronico_cliente) VALUES (99,'mbraideno@about.com');
INSERT INTO correo_electronico_cliente(id_cliente,correo_electronico_cliente) VALUES (17,'csilvermanp@tuttocitta.it');
INSERT INTO correo_electronico_cliente(id_cliente,correo_electronico_cliente) VALUES (76,'mocrevyq@163.com');
INSERT INTO correo_electronico_cliente(id_cliente,correo_electronico_cliente) VALUES (75,'agrovierr@arstechnica.com');
INSERT INTO correo_electronico_cliente(id_cliente,correo_electronico_cliente) VALUES (55,'gsemans@yahoo.com');
INSERT INTO correo_electronico_cliente(id_cliente,correo_electronico_cliente) VALUES (39,'mbourtont@shutterfly.com');
INSERT INTO correo_electronico_cliente(id_cliente,correo_electronico_cliente) VALUES (53,'sdefrancisciu@soundcloud.com');
INSERT INTO correo_electronico_cliente(id_cliente,correo_electronico_cliente) VALUES (7,'sgethynv@chicagotribune.com');
INSERT INTO correo_electronico_cliente(id_cliente,correo_electronico_cliente) VALUES (42,'csahnoww@wikimedia.org');
INSERT INTO correo_electronico_cliente(id_cliente,correo_electronico_cliente) VALUES (20,'mbuffyx@squidoo.com');
INSERT INTO correo_electronico_cliente(id_cliente,correo_electronico_cliente) VALUES (32,'hcreery@discuz.net');
INSERT INTO correo_electronico_cliente(id_cliente,correo_electronico_cliente) VALUES (58,'gcirlosz@cnet.com');
INSERT INTO correo_electronico_cliente(id_cliente,correo_electronico_cliente) VALUES (80,'lheathcoat10@slideshare.net');
INSERT INTO correo_electronico_cliente(id_cliente,correo_electronico_cliente) VALUES (61,'dkleehuhler11@reddit.com');
INSERT INTO correo_electronico_cliente(id_cliente,correo_electronico_cliente) VALUES (18,'eeaster12@shop-pro.jp');
INSERT INTO correo_electronico_cliente(id_cliente,correo_electronico_cliente) VALUES (27,'mcosely13@sitemeter.com');
INSERT INTO correo_electronico_cliente(id_cliente,correo_electronico_cliente) VALUES (46,'cbernholt14@is.gd');
INSERT INTO correo_electronico_cliente(id_cliente,correo_electronico_cliente) VALUES (64,'mdeporte15@omniture.com');
INSERT INTO correo_electronico_cliente(id_cliente,correo_electronico_cliente) VALUES (100,'blawther16@upenn.edu');
INSERT INTO correo_electronico_cliente(id_cliente,correo_electronico_cliente) VALUES (85,'gbilles17@chicagotribune.com');
INSERT INTO correo_electronico_cliente(id_cliente,correo_electronico_cliente) VALUES (67,'mstain18@newyorker.com');
INSERT INTO correo_electronico_cliente(id_cliente,correo_electronico_cliente) VALUES (69,'gthorns19@google.nl');
INSERT INTO correo_electronico_cliente(id_cliente,correo_electronico_cliente) VALUES (4,'asuggitt1a@google.ca');
INSERT INTO correo_electronico_cliente(id_cliente,correo_electronico_cliente) VALUES (70,'iullrich1b@wired.com');
INSERT INTO correo_electronico_cliente(id_cliente,correo_electronico_cliente) VALUES (64,'rchellenham1c@imgur.com');
INSERT INTO correo_electronico_cliente(id_cliente,correo_electronico_cliente) VALUES (7,'motowey1d@howstuffworks.com');
INSERT INTO correo_electronico_cliente(id_cliente,correo_electronico_cliente) VALUES (84,'asimmill1e@dagondesign.com');
INSERT INTO correo_electronico_cliente(id_cliente,correo_electronico_cliente) VALUES (80,'jmcilmorie1f@earthlink.net');
INSERT INTO correo_electronico_cliente(id_cliente,correo_electronico_cliente) VALUES (10,'bsimonini1g@imageshack.us');
INSERT INTO correo_electronico_cliente(id_cliente,correo_electronico_cliente) VALUES (69,'sshier1h@addtoany.com');
INSERT INTO correo_electronico_cliente(id_cliente,correo_electronico_cliente) VALUES (53,'jdermot1i@marketwatch.com');
INSERT INTO correo_electronico_cliente(id_cliente,correo_electronico_cliente) VALUES (6,'cfraschini1j@chronoengine.com');
INSERT INTO correo_electronico_cliente(id_cliente,correo_electronico_cliente) VALUES (86,'ehawkridge1k@businessinsider.com');
INSERT INTO correo_electronico_cliente(id_cliente,correo_electronico_cliente) VALUES (49,'rsperwell1l@unesco.org');
INSERT INTO correo_electronico_cliente(id_cliente,correo_electronico_cliente) VALUES (50,'ebendon1m@infoseek.co.jp');
INSERT INTO correo_electronico_cliente(id_cliente,correo_electronico_cliente) VALUES (79,'cbarson1n@opera.com');
INSERT INTO correo_electronico_cliente(id_cliente,correo_electronico_cliente) VALUES (18,'mconnett1o@icq.com');
INSERT INTO correo_electronico_cliente(id_cliente,correo_electronico_cliente) VALUES (42,'lgaukrodge1p@indiegogo.com');
INSERT INTO correo_electronico_cliente(id_cliente,correo_electronico_cliente) VALUES (19,'aheinig1q@instagram.com');
INSERT INTO correo_electronico_cliente(id_cliente,correo_electronico_cliente) VALUES (49,'vmaddrell1r@spotify.com');
INSERT INTO correo_electronico_cliente(id_cliente,correo_electronico_cliente) VALUES (1,'vanstee1s@acquirethisname.com');
INSERT INTO correo_electronico_cliente(id_cliente,correo_electronico_cliente) VALUES (20,'qcoates1t@vk.com');
INSERT INTO correo_electronico_cliente(id_cliente,correo_electronico_cliente) VALUES (88,'zmacdiarmid1u@census.gov');
INSERT INTO correo_electronico_cliente(id_cliente,correo_electronico_cliente) VALUES (86,'kvonasek1v@google.com');
INSERT INTO correo_electronico_cliente(id_cliente,correo_electronico_cliente) VALUES (75,'cstoacley1w@wikispaces.com');
INSERT INTO correo_electronico_cliente(id_cliente,correo_electronico_cliente) VALUES (78,'bcherry1x@hatena.ne.jp');
INSERT INTO correo_electronico_cliente(id_cliente,correo_electronico_cliente) VALUES (9,'churd1y@nps.gov');
INSERT INTO correo_electronico_cliente(id_cliente,correo_electronico_cliente) VALUES (88,'sjenking1z@hugedomains.com');
INSERT INTO correo_electronico_cliente(id_cliente,correo_electronico_cliente) VALUES (19,'rbarkworth20@va.gov');
INSERT INTO correo_electronico_cliente(id_cliente,correo_electronico_cliente) VALUES (98,'tcrottagh21@scribd.com');
INSERT INTO correo_electronico_cliente(id_cliente,correo_electronico_cliente) VALUES (75,'jbarnett22@unblog.fr');
INSERT INTO correo_electronico_cliente(id_cliente,correo_electronico_cliente) VALUES (83,'roroan23@blog.com');
INSERT INTO correo_electronico_cliente(id_cliente,correo_electronico_cliente) VALUES (22,'sbuttriss24@sciencedirect.com');
INSERT INTO correo_electronico_cliente(id_cliente,correo_electronico_cliente) VALUES (15,'pshepherd25@simplemachines.org');
INSERT INTO correo_electronico_cliente(id_cliente,correo_electronico_cliente) VALUES (61,'dknibbs26@t-online.de');
INSERT INTO correo_electronico_cliente(id_cliente,correo_electronico_cliente) VALUES (76,'pglaze27@kickstarter.com');
INSERT INTO correo_electronico_cliente(id_cliente,correo_electronico_cliente) VALUES (44,'vcrackett28@answers.com');
INSERT INTO correo_electronico_cliente(id_cliente,correo_electronico_cliente) VALUES (14,'cbrute29@nature.com');
INSERT INTO correo_electronico_cliente(id_cliente,correo_electronico_cliente) VALUES (92,'sspinetti2a@cornell.edu');
INSERT INTO correo_electronico_cliente(id_cliente,correo_electronico_cliente) VALUES (42,'wcroysdale2b@google.fr');
INSERT INTO correo_electronico_cliente(id_cliente,correo_electronico_cliente) VALUES (14,'mkennsley2c@patch.com');
INSERT INTO correo_electronico_cliente(id_cliente,correo_electronico_cliente) VALUES (72,'gwittrington2d@msu.edu');
INSERT INTO correo_electronico_cliente(id_cliente,correo_electronico_cliente) VALUES (89,'jvero2e@house.gov');
INSERT INTO correo_electronico_cliente(id_cliente,correo_electronico_cliente) VALUES (77,'bbrisley2f@epa.gov');
INSERT INTO correo_electronico_cliente(id_cliente,correo_electronico_cliente) VALUES (86,'nbottle2g@dot.gov');
INSERT INTO correo_electronico_cliente(id_cliente,correo_electronico_cliente) VALUES (70,'dgerriet2h@imgur.com');
INSERT INTO correo_electronico_cliente(id_cliente,correo_electronico_cliente) VALUES (48,'leary2i@unicef.org');
INSERT INTO correo_electronico_cliente(id_cliente,correo_electronico_cliente) VALUES (72,'iclarridge2j@dell.com');
INSERT INTO correo_electronico_cliente(id_cliente,correo_electronico_cliente) VALUES (24,'obernhardt2k@aol.com');
INSERT INTO correo_electronico_cliente(id_cliente,correo_electronico_cliente) VALUES (65,'stittershill2l@adobe.com');
INSERT INTO correo_electronico_cliente(id_cliente,correo_electronico_cliente) VALUES (96,'achapling2m@cnet.com');
INSERT INTO correo_electronico_cliente(id_cliente,correo_electronico_cliente) VALUES (68,'nfoddy2n@washington.edu');
INSERT INTO correo_electronico_cliente(id_cliente,correo_electronico_cliente) VALUES (23,'wdencs2o@indiegogo.com');
INSERT INTO correo_electronico_cliente(id_cliente,correo_electronico_cliente) VALUES (19,'fhadeke2p@blog.com');
INSERT INTO correo_electronico_cliente(id_cliente,correo_electronico_cliente) VALUES (25,'fhaggett2q@upenn.edu');
INSERT INTO correo_electronico_cliente(id_cliente,correo_electronico_cliente) VALUES (53,'apods2r@whitehouse.gov');

INSERT INTO telefono_cliente(id_cliente,telefono_cliente) VALUES (89,'5503978461');
INSERT INTO telefono_cliente(id_cliente,telefono_cliente) VALUES (77,'5527716720');
INSERT INTO telefono_cliente(id_cliente,telefono_cliente) VALUES (32,'5543655272');
INSERT INTO telefono_cliente(id_cliente,telefono_cliente) VALUES (64,'5533448271');
INSERT INTO telefono_cliente(id_cliente,telefono_cliente) VALUES (92,'5580686534');
INSERT INTO telefono_cliente(id_cliente,telefono_cliente) VALUES (46,'5503584314');
INSERT INTO telefono_cliente(id_cliente,telefono_cliente) VALUES (5,'5557834814');
INSERT INTO telefono_cliente(id_cliente,telefono_cliente) VALUES (76,'5548013646');
INSERT INTO telefono_cliente(id_cliente,telefono_cliente) VALUES (34,'5562123317');
INSERT INTO telefono_cliente(id_cliente,telefono_cliente) VALUES (85,'5576944196');
INSERT INTO telefono_cliente(id_cliente,telefono_cliente) VALUES (89,'5568270703');
INSERT INTO telefono_cliente(id_cliente,telefono_cliente) VALUES (42,'5571518199');
INSERT INTO telefono_cliente(id_cliente,telefono_cliente) VALUES (56,'5557173703');
INSERT INTO telefono_cliente(id_cliente,telefono_cliente) VALUES (62,'5587133123');
INSERT INTO telefono_cliente(id_cliente,telefono_cliente) VALUES (72,'5513428897');
INSERT INTO telefono_cliente(id_cliente,telefono_cliente) VALUES (90,'5561685300');
INSERT INTO telefono_cliente(id_cliente,telefono_cliente) VALUES (15,'5575376358');
INSERT INTO telefono_cliente(id_cliente,telefono_cliente) VALUES (29,'5517069319');
INSERT INTO telefono_cliente(id_cliente,telefono_cliente) VALUES (63,'5526147250');
INSERT INTO telefono_cliente(id_cliente,telefono_cliente) VALUES (19,'5591981270');
INSERT INTO telefono_cliente(id_cliente,telefono_cliente) VALUES (64,'5527384798');
INSERT INTO telefono_cliente(id_cliente,telefono_cliente) VALUES (87,'5556730134');
INSERT INTO telefono_cliente(id_cliente,telefono_cliente) VALUES (62,'5521393886');
INSERT INTO telefono_cliente(id_cliente,telefono_cliente) VALUES (72,'5549375591');
INSERT INTO telefono_cliente(id_cliente,telefono_cliente) VALUES (17,'5523401643');
INSERT INTO telefono_cliente(id_cliente,telefono_cliente) VALUES (80,'5546655236');
INSERT INTO telefono_cliente(id_cliente,telefono_cliente) VALUES (57,'5581961946');
INSERT INTO telefono_cliente(id_cliente,telefono_cliente) VALUES (20,'5529638814');
INSERT INTO telefono_cliente(id_cliente,telefono_cliente) VALUES (52,'5502400299');
INSERT INTO telefono_cliente(id_cliente,telefono_cliente) VALUES (65,'5518944098');
INSERT INTO telefono_cliente(id_cliente,telefono_cliente) VALUES (90,'5557999599');
INSERT INTO telefono_cliente(id_cliente,telefono_cliente) VALUES (53,'5506261901');
INSERT INTO telefono_cliente(id_cliente,telefono_cliente) VALUES (49,'5558243051');
INSERT INTO telefono_cliente(id_cliente,telefono_cliente) VALUES (22,'5537580954');
INSERT INTO telefono_cliente(id_cliente,telefono_cliente) VALUES (95,'5566896619');
INSERT INTO telefono_cliente(id_cliente,telefono_cliente) VALUES (30,'5566687847');
INSERT INTO telefono_cliente(id_cliente,telefono_cliente) VALUES (18,'5504369528');
INSERT INTO telefono_cliente(id_cliente,telefono_cliente) VALUES (81,'5565420671');
INSERT INTO telefono_cliente(id_cliente,telefono_cliente) VALUES (15,'5556708483');
INSERT INTO telefono_cliente(id_cliente,telefono_cliente) VALUES (71,'5556886569');
INSERT INTO telefono_cliente(id_cliente,telefono_cliente) VALUES (28,'5574435277');
INSERT INTO telefono_cliente(id_cliente,telefono_cliente) VALUES (76,'5595680285');
INSERT INTO telefono_cliente(id_cliente,telefono_cliente) VALUES (36,'5579045526');
INSERT INTO telefono_cliente(id_cliente,telefono_cliente) VALUES (77,'5577871727');
INSERT INTO telefono_cliente(id_cliente,telefono_cliente) VALUES (65,'5568719488');
INSERT INTO telefono_cliente(id_cliente,telefono_cliente) VALUES (6,'5572982861');
INSERT INTO telefono_cliente(id_cliente,telefono_cliente) VALUES (67,'5522111638');
INSERT INTO telefono_cliente(id_cliente,telefono_cliente) VALUES (5,'5581326552');
INSERT INTO telefono_cliente(id_cliente,telefono_cliente) VALUES (98,'5540203886');
INSERT INTO telefono_cliente(id_cliente,telefono_cliente) VALUES (78,'5535275929');
INSERT INTO telefono_cliente(id_cliente,telefono_cliente) VALUES (98,'5524173630');
INSERT INTO telefono_cliente(id_cliente,telefono_cliente) VALUES (61,'5539537963');
INSERT INTO telefono_cliente(id_cliente,telefono_cliente) VALUES (24,'5540559461');
INSERT INTO telefono_cliente(id_cliente,telefono_cliente) VALUES (16,'5560235276');
INSERT INTO telefono_cliente(id_cliente,telefono_cliente) VALUES (11,'5596108422');
INSERT INTO telefono_cliente(id_cliente,telefono_cliente) VALUES (23,'5517378811');
INSERT INTO telefono_cliente(id_cliente,telefono_cliente) VALUES (66,'5587509916');
INSERT INTO telefono_cliente(id_cliente,telefono_cliente) VALUES (21,'5550973347');
INSERT INTO telefono_cliente(id_cliente,telefono_cliente) VALUES (48,'5533353291');
INSERT INTO telefono_cliente(id_cliente,telefono_cliente) VALUES (57,'5536872531');
INSERT INTO telefono_cliente(id_cliente,telefono_cliente) VALUES (34,'5598366374');
INSERT INTO telefono_cliente(id_cliente,telefono_cliente) VALUES (84,'5524287686');
INSERT INTO telefono_cliente(id_cliente,telefono_cliente) VALUES (84,'5585541605');
INSERT INTO telefono_cliente(id_cliente,telefono_cliente) VALUES (21,'5590800975');
INSERT INTO telefono_cliente(id_cliente,telefono_cliente) VALUES (36,'5551461349');
INSERT INTO telefono_cliente(id_cliente,telefono_cliente) VALUES (67,'5581467487');
INSERT INTO telefono_cliente(id_cliente,telefono_cliente) VALUES (31,'5539925364');
INSERT INTO telefono_cliente(id_cliente,telefono_cliente) VALUES (100,'5591866375');
INSERT INTO telefono_cliente(id_cliente,telefono_cliente) VALUES (76,'5551495247');
INSERT INTO telefono_cliente(id_cliente,telefono_cliente) VALUES (26,'5542334772');
INSERT INTO telefono_cliente(id_cliente,telefono_cliente) VALUES (41,'5532175284');
INSERT INTO telefono_cliente(id_cliente,telefono_cliente) VALUES (96,'5589451624');
INSERT INTO telefono_cliente(id_cliente,telefono_cliente) VALUES (95,'5504616719');
INSERT INTO telefono_cliente(id_cliente,telefono_cliente) VALUES (34,'5536199576');
INSERT INTO telefono_cliente(id_cliente,telefono_cliente) VALUES (53,'5520544577');
INSERT INTO telefono_cliente(id_cliente,telefono_cliente) VALUES (63,'5562976335');
INSERT INTO telefono_cliente(id_cliente,telefono_cliente) VALUES (79,'5569977374');
INSERT INTO telefono_cliente(id_cliente,telefono_cliente) VALUES (75,'5560424713');
INSERT INTO telefono_cliente(id_cliente,telefono_cliente) VALUES (73,'5576800615');
INSERT INTO telefono_cliente(id_cliente,telefono_cliente) VALUES (42,'5557812041');
INSERT INTO telefono_cliente(id_cliente,telefono_cliente) VALUES (25,'5519003684');
INSERT INTO telefono_cliente(id_cliente,telefono_cliente) VALUES (4,'5570281722');
INSERT INTO telefono_cliente(id_cliente,telefono_cliente) VALUES (88,'5589376847');
INSERT INTO telefono_cliente(id_cliente,telefono_cliente) VALUES (60,'5560322252');
INSERT INTO telefono_cliente(id_cliente,telefono_cliente) VALUES (89,'5593423464');
INSERT INTO telefono_cliente(id_cliente,telefono_cliente) VALUES (50,'5558842924');
INSERT INTO telefono_cliente(id_cliente,telefono_cliente) VALUES (76,'5541746090');
INSERT INTO telefono_cliente(id_cliente,telefono_cliente) VALUES (28,'5555479790');
INSERT INTO telefono_cliente(id_cliente,telefono_cliente) VALUES (40,'5554775437');
INSERT INTO telefono_cliente(id_cliente,telefono_cliente) VALUES (22,'5575762956');
INSERT INTO telefono_cliente(id_cliente,telefono_cliente) VALUES (15,'5503772998');
INSERT INTO telefono_cliente(id_cliente,telefono_cliente) VALUES (70,'5568740135');
INSERT INTO telefono_cliente(id_cliente,telefono_cliente) VALUES (46,'5583975748');
INSERT INTO telefono_cliente(id_cliente,telefono_cliente) VALUES (74,'5565977512');
INSERT INTO telefono_cliente(id_cliente,telefono_cliente) VALUES (32,'5537906008');
INSERT INTO telefono_cliente(id_cliente,telefono_cliente) VALUES (56,'5590081815');
INSERT INTO telefono_cliente(id_cliente,telefono_cliente) VALUES (11,'5564938045');
INSERT INTO telefono_cliente(id_cliente,telefono_cliente) VALUES (96,'5554187393');
INSERT INTO telefono_cliente(id_cliente,telefono_cliente) VALUES (61,'5578024952');
INSERT INTO telefono_cliente(id_cliente,telefono_cliente) VALUES (33,'5580918001');

INSERT INTO c_rol(id_rol,descripcion) VALUES (1,'Gerente de vivero');
INSERT INTO c_rol(id_rol,descripcion) VALUES (2,'Cuidador de plantas');
INSERT INTO c_rol(id_rol,descripcion) VALUES (3,'Encargado de mostrador');
INSERT INTO c_rol(id_rol,descripcion) VALUES (4,'Cajero');

INSERT INTO empleado(id_vivero,id_rol,id_empleado,nombre,fecha_nacimiento,salario,ciudad,estado,cp,calle) VALUES (62,2,1,'Blake Ogers','19/08/1992','$17334.63','Duluth','Minnesota',55811,'8 Leroy Avenue');
INSERT INTO empleado(id_vivero,id_rol,id_empleado,nombre,fecha_nacimiento,salario,ciudad,estado,cp,calle) VALUES (55,1,2,'Noam Bilson','05/05/1905','$14166.37','Wichita','Kansas',67205,'21813 Carberry Parkway');
INSERT INTO empleado(id_vivero,id_rol,id_empleado,nombre,fecha_nacimiento,salario,ciudad,estado,cp,calle) VALUES (73,2,3,'Ashla Dacke','21/04/1945','$16469.72','El Paso','Texas',79940,'0323 Lukken Alley');
INSERT INTO empleado(id_vivero,id_rol,id_empleado,nombre,fecha_nacimiento,salario,ciudad,estado,cp,calle) VALUES (86,2,4,'Gus China','21/10/2000','$19294.58','Washington','District of Columbia',20535,'7838 Hansons Terrace');
INSERT INTO empleado(id_vivero,id_rol,id_empleado,nombre,fecha_nacimiento,salario,ciudad,estado,cp,calle) VALUES (97,4,5,'Thaine Dredge','13/02/1975','$17522.93','Dallas','Texas',75367,'6 Ruskin Point');
INSERT INTO empleado(id_vivero,id_rol,id_empleado,nombre,fecha_nacimiento,salario,ciudad,estado,cp,calle) VALUES (3,4,6,'Chloe McGlashan','10/03/1946','$20443.37','El Paso','Texas',79955,'2 Melvin Way');
INSERT INTO empleado(id_vivero,id_rol,id_empleado,nombre,fecha_nacimiento,salario,ciudad,estado,cp,calle) VALUES (64,2,7,'Rachael Collin','17/01/1970','$12967.11','San Diego','California',92115,'14 Kenwood Drive');
INSERT INTO empleado(id_vivero,id_rol,id_empleado,nombre,fecha_nacimiento,salario,ciudad,estado,cp,calle) VALUES (42,1,8,'Mellisent Lain','27/05/1983','$26925.85','Pittsburgh','Pennsylvania',15279,'7 Dexter Road');
INSERT INTO empleado(id_vivero,id_rol,id_empleado,nombre,fecha_nacimiento,salario,ciudad,estado,cp,calle) VALUES (87,2,9,'Marietta Dundin','06/12/2003','$7906.91','Tucson','Arizona',85710,'8 Waywood Alley');
INSERT INTO empleado(id_vivero,id_rol,id_empleado,nombre,fecha_nacimiento,salario,ciudad,estado,cp,calle) VALUES (76,2,10,'Linette Pavlov','14/09/2004','$20891.26','El Paso','Texas',79950,'40761 Harbort Court');
INSERT INTO empleado(id_vivero,id_rol,id_empleado,nombre,fecha_nacimiento,salario,ciudad,estado,cp,calle) VALUES (91,2,11,'Nicolas Mill','06/06/1982','$21601.75','Charleston','West Virginia',25321,'35503 Arapahoe Trail');
INSERT INTO empleado(id_vivero,id_rol,id_empleado,nombre,fecha_nacimiento,salario,ciudad,estado,cp,calle) VALUES (18,3,12,'Keely Broske','26/08/1932','$13691.76','Fresno','California',93715,'34853 Weeping Birch Court');
INSERT INTO empleado(id_vivero,id_rol,id_empleado,nombre,fecha_nacimiento,salario,ciudad,estado,cp,calle) VALUES (92,4,13,'Chrisse Jeske','14/12/2003','$9796.40','Montgomery','Alabama',36125,'9901 American Ash Lane');
INSERT INTO empleado(id_vivero,id_rol,id_empleado,nombre,fecha_nacimiento,salario,ciudad,estado,cp,calle) VALUES (52,4,14,'Errick McClay','02/05/1914','$14374.62','Elizabeth','New Jersey',07208,'9217 Dorton Trail');
INSERT INTO empleado(id_vivero,id_rol,id_empleado,nombre,fecha_nacimiento,salario,ciudad,estado,cp,calle) VALUES (15,4,15,'Lettie Klewi','07/10/1992','$28382.71','Greenville','South Carolina',29610,'7 Scofield Court');
INSERT INTO empleado(id_vivero,id_rol,id_empleado,nombre,fecha_nacimiento,salario,ciudad,estado,cp,calle) VALUES (56,4,16,'Goddard Denniss','27/04/1950','$14614.97','San Antonio','Texas',78215,'54 Mayer Court');
INSERT INTO empleado(id_vivero,id_rol,id_empleado,nombre,fecha_nacimiento,salario,ciudad,estado,cp,calle) VALUES (87,1,17,'Franchot Sallows','15/07/1942','$13080.09','Fresno','California',93750,'97 Grim Parkway');
INSERT INTO empleado(id_vivero,id_rol,id_empleado,nombre,fecha_nacimiento,salario,ciudad,estado,cp,calle) VALUES (98,3,18,'Steffie Ballantine','30/09/1999','$10822.30','San Diego','California',92165,'806 Reinke Road');
INSERT INTO empleado(id_vivero,id_rol,id_empleado,nombre,fecha_nacimiento,salario,ciudad,estado,cp,calle) VALUES (99,4,19,'Leigh Prettejohns','02/10/1925','$10774.03','Shreveport','Louisiana',71115,'92 Upham Street');
INSERT INTO empleado(id_vivero,id_rol,id_empleado,nombre,fecha_nacimiento,salario,ciudad,estado,cp,calle) VALUES (84,4,20,'Ezri Parres','22/06/1999','$28136.99','Aurora','Illinois',60505,'27596 Loomis Terrace');
INSERT INTO empleado(id_vivero,id_rol,id_empleado,nombre,fecha_nacimiento,salario,ciudad,estado,cp,calle) VALUES (61,3,21,'Erika Skelding','21/10/1929','$19283.22','Palo Alto','California',94302,'6796 Prairieview Road');
INSERT INTO empleado(id_vivero,id_rol,id_empleado,nombre,fecha_nacimiento,salario,ciudad,estado,cp,calle) VALUES (9,4,22,'Galina Edinburgh','11/01/1950','$11076.08','Cincinnati','Ohio',45228,'4401 Autumn Leaf Plaza');
INSERT INTO empleado(id_vivero,id_rol,id_empleado,nombre,fecha_nacimiento,salario,ciudad,estado,cp,calle) VALUES (25,1,23,'Serena Viner','04/07/1930','$27545.58','San Antonio','Texas',78220,'99407 Bultman Junction');
INSERT INTO empleado(id_vivero,id_rol,id_empleado,nombre,fecha_nacimiento,salario,ciudad,estado,cp,calle) VALUES (61,2,24,'Vic Raylton','25/04/1914','$26565.94','Oklahoma City','Oklahoma',73179,'1 Drewry Terrace');
INSERT INTO empleado(id_vivero,id_rol,id_empleado,nombre,fecha_nacimiento,salario,ciudad,estado,cp,calle) VALUES (44,2,25,'Cynthy Brockhouse','17/07/1963','$11812.96','Las Vegas','Nevada',89160,'57058 Buena Vista Street');
INSERT INTO empleado(id_vivero,id_rol,id_empleado,nombre,fecha_nacimiento,salario,ciudad,estado,cp,calle) VALUES (40,2,26,'Emmi Hefner','23/02/1911','$24162.20','Minneapolis','Minnesota',55402,'0 Elmside Avenue');
INSERT INTO empleado(id_vivero,id_rol,id_empleado,nombre,fecha_nacimiento,salario,ciudad,estado,cp,calle) VALUES (18,2,27,'Modesty Aldin','09/07/1999','$7244.96','Sioux City','Iowa',51110,'95 Stone Corner Center');
INSERT INTO empleado(id_vivero,id_rol,id_empleado,nombre,fecha_nacimiento,salario,ciudad,estado,cp,calle) VALUES (76,3,28,'Jacynth Theaker','21/06/1941','$16030.09','Denver','Colorado',80279,'4 Pawling Place');
INSERT INTO empleado(id_vivero,id_rol,id_empleado,nombre,fecha_nacimiento,salario,ciudad,estado,cp,calle) VALUES (34,4,29,'Alecia Jaskowicz','11/05/1977','$15786.13','Washington','District of Columbia',20599,'51005 Maryland Hill');
INSERT INTO empleado(id_vivero,id_rol,id_empleado,nombre,fecha_nacimiento,salario,ciudad,estado,cp,calle) VALUES (80,4,30,'Enrica Morcomb','22/01/1940','$24589.07','Provo','Utah',84605,'34189 East Road');
INSERT INTO empleado(id_vivero,id_rol,id_empleado,nombre,fecha_nacimiento,salario,ciudad,estado,cp,calle) VALUES (53,1,31,'Caralie Cooke','29/01/1984','$16810.78','Greenville','South Carolina',29610,'96 1st Circle');
INSERT INTO empleado(id_vivero,id_rol,id_empleado,nombre,fecha_nacimiento,salario,ciudad,estado,cp,calle) VALUES (42,2,32,'Fiona Lejeune','20/06/1902','$17471.20','Richmond','Virginia',23237,'968 Haas Place');
INSERT INTO empleado(id_vivero,id_rol,id_empleado,nombre,fecha_nacimiento,salario,ciudad,estado,cp,calle) VALUES (59,2,33,'Sayer Lytell','14/12/1989','$11222.77','Louisville','Kentucky',40210,'71451 Gale Street');
INSERT INTO empleado(id_vivero,id_rol,id_empleado,nombre,fecha_nacimiento,salario,ciudad,estado,cp,calle) VALUES (65,4,34,'Gale Hamel','14/10/1949','$15269.17','Amarillo','Texas',79105,'17 Jenifer Court');
INSERT INTO empleado(id_vivero,id_rol,id_empleado,nombre,fecha_nacimiento,salario,ciudad,estado,cp,calle) VALUES (66,2,35,'Honor Blackhall','03/11/1992','$26619.67','Columbia','Missouri',65218,'81325 Merrick Lane');
INSERT INTO empleado(id_vivero,id_rol,id_empleado,nombre,fecha_nacimiento,salario,ciudad,estado,cp,calle) VALUES (21,4,36,'Brianne Kiffe','18/01/1971','$4907.14','Woburn','Massachusetts',01813,'35289 Heffernan Place');
INSERT INTO empleado(id_vivero,id_rol,id_empleado,nombre,fecha_nacimiento,salario,ciudad,estado,cp,calle) VALUES (67,4,37,'Edward Doctor','26/09/1993','$7100.53','Newport News','Virginia',23612,'20880 Arrowood Street');
INSERT INTO empleado(id_vivero,id_rol,id_empleado,nombre,fecha_nacimiento,salario,ciudad,estado,cp,calle) VALUES (10,4,38,'Sebastian Grigore','06/04/1950','$28636.03','Waterbury','Connecticut',06721,'4 Green Road');
INSERT INTO empleado(id_vivero,id_rol,id_empleado,nombre,fecha_nacimiento,salario,ciudad,estado,cp,calle) VALUES (98,3,39,'Cristiano Dargie','03/05/1947','$16469.53','Bowie','Maryland',20719,'42862 Judy Crossing');
INSERT INTO empleado(id_vivero,id_rol,id_empleado,nombre,fecha_nacimiento,salario,ciudad,estado,cp,calle) VALUES (75,4,40,'Ophelie Glasheen','03/05/1904','$21403.91','Pomona','California',91797,'84749 Dawn Crossing');
INSERT INTO empleado(id_vivero,id_rol,id_empleado,nombre,fecha_nacimiento,salario,ciudad,estado,cp,calle) VALUES (57,4,41,'Kort Blazejewski','08/03/1940','$12615.47','San Jose','California',95128,'67 Raven Way');
INSERT INTO empleado(id_vivero,id_rol,id_empleado,nombre,fecha_nacimiento,salario,ciudad,estado,cp,calle) VALUES (25,3,42,'Ethelda Budgett','13/07/1943','$28290.08','Dallas','Texas',75397,'62 Waubesa Trail');
INSERT INTO empleado(id_vivero,id_rol,id_empleado,nombre,fecha_nacimiento,salario,ciudad,estado,cp,calle) VALUES (2,1,43,'Barri Bucknell','08/07/1999','$16201.89','Washington','District of Columbia',20022,'5 Sutherland Court');
INSERT INTO empleado(id_vivero,id_rol,id_empleado,nombre,fecha_nacimiento,salario,ciudad,estado,cp,calle) VALUES (93,4,44,'Matty Dunmuir','01/04/1998','$25673.21','Jackson','Tennessee',38308,'8 Meadow Valley Drive');
INSERT INTO empleado(id_vivero,id_rol,id_empleado,nombre,fecha_nacimiento,salario,ciudad,estado,cp,calle) VALUES (90,3,45,'Tildy Heditch','05/08/1903','$17352.85','Ashburn','Virginia',22093,'67 Bluestem Way');
INSERT INTO empleado(id_vivero,id_rol,id_empleado,nombre,fecha_nacimiento,salario,ciudad,estado,cp,calle) VALUES (21,3,46,'Josy Triplet','31/12/1917','$24105.92','Bethesda','Maryland',20892,'824 Clove Parkway');
INSERT INTO empleado(id_vivero,id_rol,id_empleado,nombre,fecha_nacimiento,salario,ciudad,estado,cp,calle) VALUES (72,2,47,'Clement Gilhooley','07/02/1925','$6056.03','San Jose','California',95108,'21111 Arkansas Plaza');
INSERT INTO empleado(id_vivero,id_rol,id_empleado,nombre,fecha_nacimiento,salario,ciudad,estado,cp,calle) VALUES (88,3,48,'Meredithe Annetts','03/10/1949','$11260.18','Port Saint Lucie','Florida',34985,'9267 Miller Hill');
INSERT INTO empleado(id_vivero,id_rol,id_empleado,nombre,fecha_nacimiento,salario,ciudad,estado,cp,calle) VALUES (91,2,49,'Gussy Gornar','10/03/1984','$28672.14','New York City','New York',10280,'369 Little Fleur Court');
INSERT INTO empleado(id_vivero,id_rol,id_empleado,nombre,fecha_nacimiento,salario,ciudad,estado,cp,calle) VALUES (73,2,50,'Alvin Verling','19/09/1977','$21365.96','Phoenix','Arizona',85077,'55015 Becker Terrace');
INSERT INTO empleado(id_vivero,id_rol,id_empleado,nombre,fecha_nacimiento,salario,ciudad,estado,cp,calle) VALUES (7,3,51,'Arthur Poolman','12/04/1922','$9112.41','Shreveport','Louisiana',71130,'0 Jackson Parkway');
INSERT INTO empleado(id_vivero,id_rol,id_empleado,nombre,fecha_nacimiento,salario,ciudad,estado,cp,calle) VALUES (54,1,52,'Erich Stothert','13/02/1966','$11949.24','Seattle','Washington',98175,'776 Northview Drive');
INSERT INTO empleado(id_vivero,id_rol,id_empleado,nombre,fecha_nacimiento,salario,ciudad,estado,cp,calle) VALUES (11,2,53,'Hayyim Marte','14/11/1986','$9402.63','Saint Paul','Minnesota',55114,'7 Fulton Hill');
INSERT INTO empleado(id_vivero,id_rol,id_empleado,nombre,fecha_nacimiento,salario,ciudad,estado,cp,calle) VALUES (72,1,54,'Dianemarie Tibalt','17/05/1954','$29241.11','Kalamazoo','Michigan',49006,'6470 Montana Road');
INSERT INTO empleado(id_vivero,id_rol,id_empleado,nombre,fecha_nacimiento,salario,ciudad,estado,cp,calle) VALUES (6,1,55,'Devlen Rutherforth','10/03/1997','$21161.60','Fort Myers','Florida',33906,'6603 Hallows Place');
INSERT INTO empleado(id_vivero,id_rol,id_empleado,nombre,fecha_nacimiento,salario,ciudad,estado,cp,calle) VALUES (69,3,56,'Giralda Nerval','25/07/1938','$12708.65','Lancaster','Pennsylvania',17605,'333 Trailsway Point');
INSERT INTO empleado(id_vivero,id_rol,id_empleado,nombre,fecha_nacimiento,salario,ciudad,estado,cp,calle) VALUES (49,3,57,'Wally Gaitung','11/03/1953','$29249.91','Shreveport','Louisiana',71151,'5 Melby Way');
INSERT INTO empleado(id_vivero,id_rol,id_empleado,nombre,fecha_nacimiento,salario,ciudad,estado,cp,calle) VALUES (83,2,58,'Carey Toffetto','09/01/1942','$13314.50','Miami','Florida',33158,'4 Eliot Way');
INSERT INTO empleado(id_vivero,id_rol,id_empleado,nombre,fecha_nacimiento,salario,ciudad,estado,cp,calle) VALUES (81,4,59,'Garrik Acory','29/05/1976','$15461.60','Southfield','Michigan',48076,'24 Marquette Road');
INSERT INTO empleado(id_vivero,id_rol,id_empleado,nombre,fecha_nacimiento,salario,ciudad,estado,cp,calle) VALUES (46,3,60,'Harv Portch','12/05/1967','$3766.44','Tallahassee','Florida',32309,'9 Logan Road');
INSERT INTO empleado(id_vivero,id_rol,id_empleado,nombre,fecha_nacimiento,salario,ciudad,estado,cp,calle) VALUES (92,3,61,'Cassondra Humphery','05/05/1996','$3203.06','Pocatello','Idaho',83206,'6327 Ramsey Road');
INSERT INTO empleado(id_vivero,id_rol,id_empleado,nombre,fecha_nacimiento,salario,ciudad,estado,cp,calle) VALUES (6,4,62,'Briana Pretswell','28/02/1904','$20292.59','Nashville','Tennessee',37245,'1 Fordem Circle');
INSERT INTO empleado(id_vivero,id_rol,id_empleado,nombre,fecha_nacimiento,salario,ciudad,estado,cp,calle) VALUES (15,1,63,'Patrice Walicki','28/04/1993','$23756.26','Columbia','South Carolina',29240,'21278 Clove Park');
INSERT INTO empleado(id_vivero,id_rol,id_empleado,nombre,fecha_nacimiento,salario,ciudad,estado,cp,calle) VALUES (46,2,64,'Janaye Jirasek','16/12/1900','$25972.01','Mesa','Arizona',85215,'7788 Anderson Terrace');
INSERT INTO empleado(id_vivero,id_rol,id_empleado,nombre,fecha_nacimiento,salario,ciudad,estado,cp,calle) VALUES (12,1,65,'Virge Baltzar','17/02/1992','$17970.63','Newton','Massachusetts',02162,'2418 Hooker Plaza');
INSERT INTO empleado(id_vivero,id_rol,id_empleado,nombre,fecha_nacimiento,salario,ciudad,estado,cp,calle) VALUES (8,3,66,'Roxana Walkey','29/06/1938','$11099.13','Charlotte','North Carolina',28272,'27125 Helena Plaza');
INSERT INTO empleado(id_vivero,id_rol,id_empleado,nombre,fecha_nacimiento,salario,ciudad,estado,cp,calle) VALUES (97,3,67,'Sylas Castagne','31/12/1969','$26206.99','San Diego','California',92170,'0 Monica Court');
INSERT INTO empleado(id_vivero,id_rol,id_empleado,nombre,fecha_nacimiento,salario,ciudad,estado,cp,calle) VALUES (15,1,68,'Edythe Brekonridge','06/04/1965','$26373.50','El Paso','Texas',88579,'4 Anhalt Way');
INSERT INTO empleado(id_vivero,id_rol,id_empleado,nombre,fecha_nacimiento,salario,ciudad,estado,cp,calle) VALUES (15,4,69,'Lisbeth Kinforth','14/02/1921','$26890.58','Peoria','Illinois',61651,'615 Moland Trail');
INSERT INTO empleado(id_vivero,id_rol,id_empleado,nombre,fecha_nacimiento,salario,ciudad,estado,cp,calle) VALUES (52,3,70,'Jonis Thunderman','12/11/1975','$26205.34','Lynchburg','Virginia',24515,'3471 1st Place');
INSERT INTO empleado(id_vivero,id_rol,id_empleado,nombre,fecha_nacimiento,salario,ciudad,estado,cp,calle) VALUES (70,2,71,'Oneida Dikes','04/08/1924','$5698.82','Knoxville','Tennessee',37939,'519 Carberry Alley');
INSERT INTO empleado(id_vivero,id_rol,id_empleado,nombre,fecha_nacimiento,salario,ciudad,estado,cp,calle) VALUES (82,2,72,'Britni Darree','18/06/1900','$4676.92','Atlanta','Georgia',30358,'524 Jana Parkway');
INSERT INTO empleado(id_vivero,id_rol,id_empleado,nombre,fecha_nacimiento,salario,ciudad,estado,cp,calle) VALUES (40,3,73,'Cori Rathborne','08/02/1946','$22103.47','Santa Barbara','California',93150,'9825 Lindbergh Terrace');
INSERT INTO empleado(id_vivero,id_rol,id_empleado,nombre,fecha_nacimiento,salario,ciudad,estado,cp,calle) VALUES (43,1,74,'Udall Ashbridge','09/02/1903','$14621.11','Raleigh','North Carolina',27615,'9072 Corscot Plaza');
INSERT INTO empleado(id_vivero,id_rol,id_empleado,nombre,fecha_nacimiento,salario,ciudad,estado,cp,calle) VALUES (12,2,75,'Gael Songist','02/08/1983','$3844.11','Carson City','Nevada',89714,'79934 Nova Way');
INSERT INTO empleado(id_vivero,id_rol,id_empleado,nombre,fecha_nacimiento,salario,ciudad,estado,cp,calle) VALUES (71,2,76,'Reyna Gussin','31/10/1968','$22196.51','Boston','Massachusetts',02283,'93 Granby Alley');
INSERT INTO empleado(id_vivero,id_rol,id_empleado,nombre,fecha_nacimiento,salario,ciudad,estado,cp,calle) VALUES (2,4,77,'Ewart Gannicleff','09/09/1996','$16314.07','Des Moines','Iowa',50330,'47142 Riverside Way');
INSERT INTO empleado(id_vivero,id_rol,id_empleado,nombre,fecha_nacimiento,salario,ciudad,estado,cp,calle) VALUES (28,3,78,'Papageno MacEllen','27/12/1929','$7740.67','Springfield','Massachusetts',01114,'64 Mcbride Point');
INSERT INTO empleado(id_vivero,id_rol,id_empleado,nombre,fecha_nacimiento,salario,ciudad,estado,cp,calle) VALUES (75,2,79,'Melloney Nicol','17/11/1990','$22109.47','Fayetteville','North Carolina',28314,'1 New Castle Hill');
INSERT INTO empleado(id_vivero,id_rol,id_empleado,nombre,fecha_nacimiento,salario,ciudad,estado,cp,calle) VALUES (75,3,80,'Sharlene Legerton','22/05/1913','$18453.51','South Lake Tahoe','California',96154,'2499 Quincy Place');
INSERT INTO empleado(id_vivero,id_rol,id_empleado,nombre,fecha_nacimiento,salario,ciudad,estado,cp,calle) VALUES (57,2,81,'Matthaeus Harnett','24/03/1935','$22568.55','Madison','Wisconsin',53790,'49017 Green Ridge Hill');
INSERT INTO empleado(id_vivero,id_rol,id_empleado,nombre,fecha_nacimiento,salario,ciudad,estado,cp,calle) VALUES (91,2,82,'Cymbre Sinderson','19/04/1986','$14374.48','Knoxville','Tennessee',37924,'2 Mifflin Drive');
INSERT INTO empleado(id_vivero,id_rol,id_empleado,nombre,fecha_nacimiento,salario,ciudad,estado,cp,calle) VALUES (87,4,83,'Bartel Youel','09/02/1914','$5697.45','Fort Worth','Texas',76162,'6411 Marquette Road');
INSERT INTO empleado(id_vivero,id_rol,id_empleado,nombre,fecha_nacimiento,salario,ciudad,estado,cp,calle) VALUES (67,4,84,'Gretna Presslee','10/10/1937','$11577.34','Brooklyn','New York',11220,'36668 Lien Pass');
INSERT INTO empleado(id_vivero,id_rol,id_empleado,nombre,fecha_nacimiento,salario,ciudad,estado,cp,calle) VALUES (75,4,85,'Dredi Cargo','02/03/1993','$17990.78','Schaumburg','Illinois',60193,'79 Cambridge Trail');
INSERT INTO empleado(id_vivero,id_rol,id_empleado,nombre,fecha_nacimiento,salario,ciudad,estado,cp,calle) VALUES (47,1,86,'Karoly Este','09/03/1993','$5433.94','Honolulu','Hawaii',96825,'684 Victoria Hill');
INSERT INTO empleado(id_vivero,id_rol,id_empleado,nombre,fecha_nacimiento,salario,ciudad,estado,cp,calle) VALUES (76,1,87,'Michelina Giggie','23/04/1937','$13255.23','Long Beach','California',90810,'04083 Dennis Road');
INSERT INTO empleado(id_vivero,id_rol,id_empleado,nombre,fecha_nacimiento,salario,ciudad,estado,cp,calle) VALUES (29,2,88,'Kareem Burston','29/01/1999','$9125.28','Charleston','South Carolina',29411,'8 Montana Drive');
INSERT INTO empleado(id_vivero,id_rol,id_empleado,nombre,fecha_nacimiento,salario,ciudad,estado,cp,calle) VALUES (48,1,89,'Fletcher Walcher','05/12/1972','$19718.03','Portland','Oregon',97271,'7766 Kipling Terrace');
INSERT INTO empleado(id_vivero,id_rol,id_empleado,nombre,fecha_nacimiento,salario,ciudad,estado,cp,calle) VALUES (50,4,90,'Tim Schwandermann','22/09/1991','$25269.84','Raleigh','North Carolina',27615,'3 Riverside Drive');
INSERT INTO empleado(id_vivero,id_rol,id_empleado,nombre,fecha_nacimiento,salario,ciudad,estado,cp,calle) VALUES (61,2,91,'Patience Howard','15/07/1946','$3097.66','Salt Lake City','Utah',84105,'922 Shoshone Terrace');
INSERT INTO empleado(id_vivero,id_rol,id_empleado,nombre,fecha_nacimiento,salario,ciudad,estado,cp,calle) VALUES (54,3,92,'Elliott Chern','08/01/1943','$26982.52','Las Vegas','Nevada',89150,'900 Glacier Hill Circle');
INSERT INTO empleado(id_vivero,id_rol,id_empleado,nombre,fecha_nacimiento,salario,ciudad,estado,cp,calle) VALUES (36,2,93,'Yvonne Ciric','24/04/1975','$22098.67','Birmingham','Alabama',35285,'498 Eagan Point');
INSERT INTO empleado(id_vivero,id_rol,id_empleado,nombre,fecha_nacimiento,salario,ciudad,estado,cp,calle) VALUES (13,3,94,'Laureen Piche','28/10/1910','$28171.57','Macon','Georgia',31296,'4319 Fuller Junction');
INSERT INTO empleado(id_vivero,id_rol,id_empleado,nombre,fecha_nacimiento,salario,ciudad,estado,cp,calle) VALUES (2,4,95,'Tamarra Davet','08/05/1921','$22128.22','Las Vegas','Nevada',89125,'9 Bultman Circle');
INSERT INTO empleado(id_vivero,id_rol,id_empleado,nombre,fecha_nacimiento,salario,ciudad,estado,cp,calle) VALUES (56,2,96,'Orin Itzakson','28/11/1929','$21369.47','Anderson','South Carolina',29625,'2963 Granby Junction');
INSERT INTO empleado(id_vivero,id_rol,id_empleado,nombre,fecha_nacimiento,salario,ciudad,estado,cp,calle) VALUES (79,2,97,'Theodoric Cholomin','12/07/1949','$27321.92','El Paso','Texas',88541,'17069 Annamark Hill');
INSERT INTO empleado(id_vivero,id_rol,id_empleado,nombre,fecha_nacimiento,salario,ciudad,estado,cp,calle) VALUES (53,1,98,'Estelle Brumham','04/11/1916','$14008.81','Orange','California',92862,'8932 Barnett Court');
INSERT INTO empleado(id_vivero,id_rol,id_empleado,nombre,fecha_nacimiento,salario,ciudad,estado,cp,calle) VALUES (19,2,99,'Wyatan Thurston','17/05/1943','$28773.60','Washington','District of Columbia',20370,'87 Vidon Center');
INSERT INTO empleado(id_vivero,id_rol,id_empleado,nombre,fecha_nacimiento,salario,ciudad,estado,cp,calle) VALUES (87,2,100,'Dillon Briiginshaw','17/04/1963','$26787.47','San Diego','California',92145,'866 Daystar Place');

INSERT INTO telefono_empleado(id_vivero,id_rol,id_empleado,telefono_empleado) VALUES (48,1,47,'940-402-3686');
INSERT INTO telefono_empleado(id_vivero,id_rol,id_empleado,telefono_empleado) VALUES (50,2,95,'608-832-5284');
INSERT INTO telefono_empleado(id_vivero,id_rol,id_empleado,telefono_empleado) VALUES (25,4,89,'229-485-7046');
INSERT INTO telefono_empleado(id_vivero,id_rol,id_empleado,telefono_empleado) VALUES (63,3,33,'940-964-3788');
INSERT INTO telefono_empleado(id_vivero,id_rol,id_empleado,telefono_empleado) VALUES (61,3,5,'269-332-0521');
INSERT INTO telefono_empleado(id_vivero,id_rol,id_empleado,telefono_empleado) VALUES (59,2,29,'440-405-4537');
INSERT INTO telefono_empleado(id_vivero,id_rol,id_empleado,telefono_empleado) VALUES (23,4,66,'814-926-4927');
INSERT INTO telefono_empleado(id_vivero,id_rol,id_empleado,telefono_empleado) VALUES (69,4,89,'923-891-6175');
INSERT INTO telefono_empleado(id_vivero,id_rol,id_empleado,telefono_empleado) VALUES (78,3,96,'629-801-4878');
INSERT INTO telefono_empleado(id_vivero,id_rol,id_empleado,telefono_empleado) VALUES (17,1,12,'986-791-9523');
INSERT INTO telefono_empleado(id_vivero,id_rol,id_empleado,telefono_empleado) VALUES (28,1,33,'406-472-3635');
INSERT INTO telefono_empleado(id_vivero,id_rol,id_empleado,telefono_empleado) VALUES (48,1,53,'425-297-8708');
INSERT INTO telefono_empleado(id_vivero,id_rol,id_empleado,telefono_empleado) VALUES (10,3,89,'309-280-1951');
INSERT INTO telefono_empleado(id_vivero,id_rol,id_empleado,telefono_empleado) VALUES (1,3,44,'205-131-6725');
INSERT INTO telefono_empleado(id_vivero,id_rol,id_empleado,telefono_empleado) VALUES (38,2,37,'254-394-6491');
INSERT INTO telefono_empleado(id_vivero,id_rol,id_empleado,telefono_empleado) VALUES (97,3,71,'483-525-6517');
INSERT INTO telefono_empleado(id_vivero,id_rol,id_empleado,telefono_empleado) VALUES (57,2,39,'266-857-7783');
INSERT INTO telefono_empleado(id_vivero,id_rol,id_empleado,telefono_empleado) VALUES (48,3,32,'112-355-4443');
INSERT INTO telefono_empleado(id_vivero,id_rol,id_empleado,telefono_empleado) VALUES (62,2,11,'451-178-5996');
INSERT INTO telefono_empleado(id_vivero,id_rol,id_empleado,telefono_empleado) VALUES (60,1,1,'503-889-3885');
INSERT INTO telefono_empleado(id_vivero,id_rol,id_empleado,telefono_empleado) VALUES (52,2,63,'885-701-6957');
INSERT INTO telefono_empleado(id_vivero,id_rol,id_empleado,telefono_empleado) VALUES (57,2,71,'219-593-5502');
INSERT INTO telefono_empleado(id_vivero,id_rol,id_empleado,telefono_empleado) VALUES (17,4,42,'630-308-7447');
INSERT INTO telefono_empleado(id_vivero,id_rol,id_empleado,telefono_empleado) VALUES (68,1,62,'852-368-6242');
INSERT INTO telefono_empleado(id_vivero,id_rol,id_empleado,telefono_empleado) VALUES (99,3,80,'814-959-1570');
INSERT INTO telefono_empleado(id_vivero,id_rol,id_empleado,telefono_empleado) VALUES (41,1,37,'855-246-5285');
INSERT INTO telefono_empleado(id_vivero,id_rol,id_empleado,telefono_empleado) VALUES (56,2,4,'889-966-0145');
INSERT INTO telefono_empleado(id_vivero,id_rol,id_empleado,telefono_empleado) VALUES (54,3,3,'609-980-6270');
INSERT INTO telefono_empleado(id_vivero,id_rol,id_empleado,telefono_empleado) VALUES (88,3,39,'371-560-7885');
INSERT INTO telefono_empleado(id_vivero,id_rol,id_empleado,telefono_empleado) VALUES (97,2,17,'976-615-9187');
INSERT INTO telefono_empleado(id_vivero,id_rol,id_empleado,telefono_empleado) VALUES (10,3,9,'872-381-7631');
INSERT INTO telefono_empleado(id_vivero,id_rol,id_empleado,telefono_empleado) VALUES (32,3,98,'502-706-4898');
INSERT INTO telefono_empleado(id_vivero,id_rol,id_empleado,telefono_empleado) VALUES (76,3,63,'802-835-9728');
INSERT INTO telefono_empleado(id_vivero,id_rol,id_empleado,telefono_empleado) VALUES (87,2,100,'147-315-6887');
INSERT INTO telefono_empleado(id_vivero,id_rol,id_empleado,telefono_empleado) VALUES (52,2,59,'220-735-7894');
INSERT INTO telefono_empleado(id_vivero,id_rol,id_empleado,telefono_empleado) VALUES (41,2,34,'920-319-8319');
INSERT INTO telefono_empleado(id_vivero,id_rol,id_empleado,telefono_empleado) VALUES (71,2,83,'896-670-9157');
INSERT INTO telefono_empleado(id_vivero,id_rol,id_empleado,telefono_empleado) VALUES (90,4,4,'521-733-9957');
INSERT INTO telefono_empleado(id_vivero,id_rol,id_empleado,telefono_empleado) VALUES (62,4,17,'233-918-5837');
INSERT INTO telefono_empleado(id_vivero,id_rol,id_empleado,telefono_empleado) VALUES (11,3,32,'343-227-3584');
INSERT INTO telefono_empleado(id_vivero,id_rol,id_empleado,telefono_empleado) VALUES (72,3,77,'803-546-9765');
INSERT INTO telefono_empleado(id_vivero,id_rol,id_empleado,telefono_empleado) VALUES (17,1,70,'986-417-7693');
INSERT INTO telefono_empleado(id_vivero,id_rol,id_empleado,telefono_empleado) VALUES (79,1,22,'547-519-1285');
INSERT INTO telefono_empleado(id_vivero,id_rol,id_empleado,telefono_empleado) VALUES (2,1,28,'292-573-6681');
INSERT INTO telefono_empleado(id_vivero,id_rol,id_empleado,telefono_empleado) VALUES (58,2,97,'716-440-8768');
INSERT INTO telefono_empleado(id_vivero,id_rol,id_empleado,telefono_empleado) VALUES (58,1,31,'210-129-2770');
INSERT INTO telefono_empleado(id_vivero,id_rol,id_empleado,telefono_empleado) VALUES (20,3,6,'387-795-7634');
INSERT INTO telefono_empleado(id_vivero,id_rol,id_empleado,telefono_empleado) VALUES (21,3,19,'820-373-5830');
INSERT INTO telefono_empleado(id_vivero,id_rol,id_empleado,telefono_empleado) VALUES (22,1,49,'554-193-4521');
INSERT INTO telefono_empleado(id_vivero,id_rol,id_empleado,telefono_empleado) VALUES (15,4,6,'218-104-8796');
INSERT INTO telefono_empleado(id_vivero,id_rol,id_empleado,telefono_empleado) VALUES (18,3,98,'516-736-4573');
INSERT INTO telefono_empleado(id_vivero,id_rol,id_empleado,telefono_empleado) VALUES (81,4,22,'984-436-1543');
INSERT INTO telefono_empleado(id_vivero,id_rol,id_empleado,telefono_empleado) VALUES (19,4,68,'591-316-4434');
INSERT INTO telefono_empleado(id_vivero,id_rol,id_empleado,telefono_empleado) VALUES (8,1,100,'589-499-6336');
INSERT INTO telefono_empleado(id_vivero,id_rol,id_empleado,telefono_empleado) VALUES (6,3,56,'598-985-9155');
INSERT INTO telefono_empleado(id_vivero,id_rol,id_empleado,telefono_empleado) VALUES (5,2,6,'858-565-1617');
INSERT INTO telefono_empleado(id_vivero,id_rol,id_empleado,telefono_empleado) VALUES (11,2,93,'257-748-5763');
INSERT INTO telefono_empleado(id_vivero,id_rol,id_empleado,telefono_empleado) VALUES (91,2,6,'804-113-7667');
INSERT INTO telefono_empleado(id_vivero,id_rol,id_empleado,telefono_empleado) VALUES (78,2,79,'394-313-9819');
INSERT INTO telefono_empleado(id_vivero,id_rol,id_empleado,telefono_empleado) VALUES (32,4,56,'314-179-3378');
INSERT INTO telefono_empleado(id_vivero,id_rol,id_empleado,telefono_empleado) VALUES (68,4,42,'808-419-9874');
INSERT INTO telefono_empleado(id_vivero,id_rol,id_empleado,telefono_empleado) VALUES (32,3,98,'458-861-0077');
INSERT INTO telefono_empleado(id_vivero,id_rol,id_empleado,telefono_empleado) VALUES (37,2,95,'566-370-2492');
INSERT INTO telefono_empleado(id_vivero,id_rol,id_empleado,telefono_empleado) VALUES (36,3,63,'707-107-7031');
INSERT INTO telefono_empleado(id_vivero,id_rol,id_empleado,telefono_empleado) VALUES (84,1,76,'224-544-7678');
INSERT INTO telefono_empleado(id_vivero,id_rol,id_empleado,telefono_empleado) VALUES (98,4,60,'308-286-9509');
INSERT INTO telefono_empleado(id_vivero,id_rol,id_empleado,telefono_empleado) VALUES (34,3,18,'859-707-7105');
INSERT INTO telefono_empleado(id_vivero,id_rol,id_empleado,telefono_empleado) VALUES (54,2,75,'441-340-8438');
INSERT INTO telefono_empleado(id_vivero,id_rol,id_empleado,telefono_empleado) VALUES (25,1,76,'920-890-7809');
INSERT INTO telefono_empleado(id_vivero,id_rol,id_empleado,telefono_empleado) VALUES (56,3,55,'681-443-7042');
INSERT INTO telefono_empleado(id_vivero,id_rol,id_empleado,telefono_empleado) VALUES (43,1,45,'570-490-1817');
INSERT INTO telefono_empleado(id_vivero,id_rol,id_empleado,telefono_empleado) VALUES (59,1,21,'384-891-3257');
INSERT INTO telefono_empleado(id_vivero,id_rol,id_empleado,telefono_empleado) VALUES (52,4,5,'145-391-4576');
INSERT INTO telefono_empleado(id_vivero,id_rol,id_empleado,telefono_empleado) VALUES (58,1,90,'117-785-7328');
INSERT INTO telefono_empleado(id_vivero,id_rol,id_empleado,telefono_empleado) VALUES (81,1,11,'418-426-8047');
INSERT INTO telefono_empleado(id_vivero,id_rol,id_empleado,telefono_empleado) VALUES (56,2,68,'342-694-0840');
INSERT INTO telefono_empleado(id_vivero,id_rol,id_empleado,telefono_empleado) VALUES (35,2,97,'250-112-5728');
INSERT INTO telefono_empleado(id_vivero,id_rol,id_empleado,telefono_empleado) VALUES (100,3,31,'317-696-7674');
INSERT INTO telefono_empleado(id_vivero,id_rol,id_empleado,telefono_empleado) VALUES (4,4,88,'989-123-4759');
INSERT INTO telefono_empleado(id_vivero,id_rol,id_empleado,telefono_empleado) VALUES (89,2,70,'117-720-7056');
INSERT INTO telefono_empleado(id_vivero,id_rol,id_empleado,telefono_empleado) VALUES (16,1,25,'986-232-8116');
INSERT INTO telefono_empleado(id_vivero,id_rol,id_empleado,telefono_empleado) VALUES (11,4,67,'781-790-4739');
INSERT INTO telefono_empleado(id_vivero,id_rol,id_empleado,telefono_empleado) VALUES (99,4,64,'127-796-0841');
INSERT INTO telefono_empleado(id_vivero,id_rol,id_empleado,telefono_empleado) VALUES (90,4,55,'582-827-4779');
INSERT INTO telefono_empleado(id_vivero,id_rol,id_empleado,telefono_empleado) VALUES (93,4,68,'122-529-8965');
INSERT INTO telefono_empleado(id_vivero,id_rol,id_empleado,telefono_empleado) VALUES (1,4,8,'427-803-5304');
INSERT INTO telefono_empleado(id_vivero,id_rol,id_empleado,telefono_empleado) VALUES (8,3,50,'734-764-5465');
INSERT INTO telefono_empleado(id_vivero,id_rol,id_empleado,telefono_empleado) VALUES (14,3,61,'276-485-0295');
INSERT INTO telefono_empleado(id_vivero,id_rol,id_empleado,telefono_empleado) VALUES (77,2,59,'944-209-6926');
INSERT INTO telefono_empleado(id_vivero,id_rol,id_empleado,telefono_empleado) VALUES (48,3,66,'141-121-8587');
INSERT INTO telefono_empleado(id_vivero,id_rol,id_empleado,telefono_empleado) VALUES (89,2,51,'719-586-4678');
INSERT INTO telefono_empleado(id_vivero,id_rol,id_empleado,telefono_empleado) VALUES (41,2,23,'153-406-9027');
INSERT INTO telefono_empleado(id_vivero,id_rol,id_empleado,telefono_empleado) VALUES (95,2,3,'427-171-3807');
INSERT INTO telefono_empleado(id_vivero,id_rol,id_empleado,telefono_empleado) VALUES (3,1,79,'452-372-7049');
INSERT INTO telefono_empleado(id_vivero,id_rol,id_empleado,telefono_empleado) VALUES (88,2,36,'878-578-6898');
INSERT INTO telefono_empleado(id_vivero,id_rol,id_empleado,telefono_empleado) VALUES (17,1,87,'763-328-3600');
INSERT INTO telefono_empleado(id_vivero,id_rol,id_empleado,telefono_empleado) VALUES (29,3,99,'905-137-6230');
INSERT INTO telefono_empleado(id_vivero,id_rol,id_empleado,telefono_empleado) VALUES (44,3,88,'261-522-2390');
INSERT INTO telefono_empleado(id_vivero,id_rol,id_empleado,telefono_empleado) VALUES (1,3,73,'331-185-9031');
INSERT INTO telefono_empleado(id_vivero,id_rol,id_empleado,telefono_empleado) VALUES (67,1,64,'887-628-9102');
INSERT INTO telefono_empleado(id_vivero,id_rol,id_empleado,telefono_empleado) VALUES (50,3,11,'638-136-5290');
INSERT INTO telefono_empleado(id_vivero,id_rol,id_empleado,telefono_empleado) VALUES (54,4,13,'451-109-9337');

INSERT INTO correo_electronico_empl(id_vivero,id_rol,id_empleado,correo_electronico_empl) VALUES (12,2,79,'rbrunke0@youtu.be');
INSERT INTO correo_electronico_empl(id_vivero,id_rol,id_empleado,correo_electronico_empl) VALUES (85,4,23,'ldeath1@ehow.com');
INSERT INTO correo_electronico_empl(id_vivero,id_rol,id_empleado,correo_electronico_empl) VALUES (64,3,56,'hduferie2@blog.com');
INSERT INTO correo_electronico_empl(id_vivero,id_rol,id_empleado,correo_electronico_empl) VALUES (10,3,44,'mgunney3@squarespace.com');
INSERT INTO correo_electronico_empl(id_vivero,id_rol,id_empleado,correo_electronico_empl) VALUES (87,4,92,'tboutell4@csmonitor.com');
INSERT INTO correo_electronico_empl(id_vivero,id_rol,id_empleado,correo_electronico_empl) VALUES (18,4,47,'gilchuk5@pcworld.com');
INSERT INTO correo_electronico_empl(id_vivero,id_rol,id_empleado,correo_electronico_empl) VALUES (66,3,62,'lakerman6@ebay.com');
INSERT INTO correo_electronico_empl(id_vivero,id_rol,id_empleado,correo_electronico_empl) VALUES (11,4,35,'jmatyatin7@chicagotribune.com');
INSERT INTO correo_electronico_empl(id_vivero,id_rol,id_empleado,correo_electronico_empl) VALUES (51,1,37,'pbertolaccini8@gmpg.org');
INSERT INTO correo_electronico_empl(id_vivero,id_rol,id_empleado,correo_electronico_empl) VALUES (6,4,96,'aparrett9@theguardian.com');
INSERT INTO correo_electronico_empl(id_vivero,id_rol,id_empleado,correo_electronico_empl) VALUES (36,4,51,'mstricka@nifty.com');
INSERT INTO correo_electronico_empl(id_vivero,id_rol,id_empleado,correo_electronico_empl) VALUES (47,2,89,'thussetb@oaic.gov.au');
INSERT INTO correo_electronico_empl(id_vivero,id_rol,id_empleado,correo_electronico_empl) VALUES (57,2,70,'mjersonc@sourceforge.net');
INSERT INTO correo_electronico_empl(id_vivero,id_rol,id_empleado,correo_electronico_empl) VALUES (30,2,77,'sberesfored@usgs.gov');
INSERT INTO correo_electronico_empl(id_vivero,id_rol,id_empleado,correo_electronico_empl) VALUES (97,1,78,'mrowaszkiewicze@msn.com');
INSERT INTO correo_electronico_empl(id_vivero,id_rol,id_empleado,correo_electronico_empl) VALUES (94,3,5,'cslevinf@msn.com');
INSERT INTO correo_electronico_empl(id_vivero,id_rol,id_empleado,correo_electronico_empl) VALUES (30,2,54,'mantoshing@nih.gov');
INSERT INTO correo_electronico_empl(id_vivero,id_rol,id_empleado,correo_electronico_empl) VALUES (98,4,10,'tprestieh@deviantart.com');
INSERT INTO correo_electronico_empl(id_vivero,id_rol,id_empleado,correo_electronico_empl) VALUES (61,1,77,'elaythami@noaa.gov');
INSERT INTO correo_electronico_empl(id_vivero,id_rol,id_empleado,correo_electronico_empl) VALUES (41,2,88,'rciobotaruj@webs.com');
INSERT INTO correo_electronico_empl(id_vivero,id_rol,id_empleado,correo_electronico_empl) VALUES (6,3,29,'pbodleyk@parallels.com');
INSERT INTO correo_electronico_empl(id_vivero,id_rol,id_empleado,correo_electronico_empl) VALUES (7,4,87,'rroothaml@php.net');
INSERT INTO correo_electronico_empl(id_vivero,id_rol,id_empleado,correo_electronico_empl) VALUES (35,1,91,'fbarenskym@tmall.com');
INSERT INTO correo_electronico_empl(id_vivero,id_rol,id_empleado,correo_electronico_empl) VALUES (51,1,15,'fskiptonn@canalblog.com');
INSERT INTO correo_electronico_empl(id_vivero,id_rol,id_empleado,correo_electronico_empl) VALUES (90,2,39,'pkirkwoodo@seattletimes.com');
INSERT INTO correo_electronico_empl(id_vivero,id_rol,id_empleado,correo_electronico_empl) VALUES (39,4,75,'mhassallp@altervista.org');
INSERT INTO correo_electronico_empl(id_vivero,id_rol,id_empleado,correo_electronico_empl) VALUES (81,4,36,'apeaceyq@shinystat.com');
INSERT INTO correo_electronico_empl(id_vivero,id_rol,id_empleado,correo_electronico_empl) VALUES (59,1,25,'sslatorr@state.tx.us');
INSERT INTO correo_electronico_empl(id_vivero,id_rol,id_empleado,correo_electronico_empl) VALUES (54,3,47,'stetfords@example.com');
INSERT INTO correo_electronico_empl(id_vivero,id_rol,id_empleado,correo_electronico_empl) VALUES (99,3,40,'egoldet@pbs.org');
INSERT INTO correo_electronico_empl(id_vivero,id_rol,id_empleado,correo_electronico_empl) VALUES (11,3,51,'rmincheru@gnu.org');
INSERT INTO correo_electronico_empl(id_vivero,id_rol,id_empleado,correo_electronico_empl) VALUES (25,2,28,'dmorillasv@webeden.co.uk');
INSERT INTO correo_electronico_empl(id_vivero,id_rol,id_empleado,correo_electronico_empl) VALUES (59,3,47,'dtschiersew@wsj.com');
INSERT INTO correo_electronico_empl(id_vivero,id_rol,id_empleado,correo_electronico_empl) VALUES (38,2,7,'abaggarleyx@hugedomains.com');
INSERT INTO correo_electronico_empl(id_vivero,id_rol,id_empleado,correo_electronico_empl) VALUES (10,2,51,'ndaddy@virginia.edu');
INSERT INTO correo_electronico_empl(id_vivero,id_rol,id_empleado,correo_electronico_empl) VALUES (55,4,3,'rdebowz@yahoo.com');
INSERT INTO correo_electronico_empl(id_vivero,id_rol,id_empleado,correo_electronico_empl) VALUES (3,2,78,'tgiggs10@list-manage.com');
INSERT INTO correo_electronico_empl(id_vivero,id_rol,id_empleado,correo_electronico_empl) VALUES (36,2,100,'kkees11@booking.com');
INSERT INTO correo_electronico_empl(id_vivero,id_rol,id_empleado,correo_electronico_empl) VALUES (66,2,31,'rwyrall12@wiley.com');
INSERT INTO correo_electronico_empl(id_vivero,id_rol,id_empleado,correo_electronico_empl) VALUES (37,2,50,'gmcpeck13@jalbum.net');
INSERT INTO correo_electronico_empl(id_vivero,id_rol,id_empleado,correo_electronico_empl) VALUES (33,2,33,'aroberti14@addtoany.com');
INSERT INTO correo_electronico_empl(id_vivero,id_rol,id_empleado,correo_electronico_empl) VALUES (46,2,72,'rstothert15@usnews.com');
INSERT INTO correo_electronico_empl(id_vivero,id_rol,id_empleado,correo_electronico_empl) VALUES (2,3,97,'gmulbry16@nasa.gov');
INSERT INTO correo_electronico_empl(id_vivero,id_rol,id_empleado,correo_electronico_empl) VALUES (70,1,59,'mdeevey17@wordpress.com');
INSERT INTO correo_electronico_empl(id_vivero,id_rol,id_empleado,correo_electronico_empl) VALUES (48,2,12,'shallward18@altervista.org');
INSERT INTO correo_electronico_empl(id_vivero,id_rol,id_empleado,correo_electronico_empl) VALUES (48,2,49,'ksole19@bbb.org');
INSERT INTO correo_electronico_empl(id_vivero,id_rol,id_empleado,correo_electronico_empl) VALUES (53,2,80,'tmcleman1a@gov.uk');
INSERT INTO correo_electronico_empl(id_vivero,id_rol,id_empleado,correo_electronico_empl) VALUES (21,3,39,'dbergstram1b@ucla.edu');
INSERT INTO correo_electronico_empl(id_vivero,id_rol,id_empleado,correo_electronico_empl) VALUES (72,1,63,'growlatt1c@noaa.gov');
INSERT INTO correo_electronico_empl(id_vivero,id_rol,id_empleado,correo_electronico_empl) VALUES (68,3,65,'jlongley1d@nsw.gov.au');
INSERT INTO correo_electronico_empl(id_vivero,id_rol,id_empleado,correo_electronico_empl) VALUES (66,3,73,'cbristowe1e@who.int');
INSERT INTO correo_electronico_empl(id_vivero,id_rol,id_empleado,correo_electronico_empl) VALUES (21,3,5,'mpantridge1f@i2i.jp');
INSERT INTO correo_electronico_empl(id_vivero,id_rol,id_empleado,correo_electronico_empl) VALUES (30,3,44,'clancley1g@cdc.gov');
INSERT INTO correo_electronico_empl(id_vivero,id_rol,id_empleado,correo_electronico_empl) VALUES (1,2,25,'iheinsius1h@booking.com');
INSERT INTO correo_electronico_empl(id_vivero,id_rol,id_empleado,correo_electronico_empl) VALUES (62,2,55,'ccammiemile1i@pagesperso-orange.fr');
INSERT INTO correo_electronico_empl(id_vivero,id_rol,id_empleado,correo_electronico_empl) VALUES (71,3,37,'melleton1j@upenn.edu');
INSERT INTO correo_electronico_empl(id_vivero,id_rol,id_empleado,correo_electronico_empl) VALUES (38,4,11,'wbartley1k@xinhuanet.com');
INSERT INTO correo_electronico_empl(id_vivero,id_rol,id_empleado,correo_electronico_empl) VALUES (17,4,21,'rgumbley1l@wikipedia.org');
INSERT INTO correo_electronico_empl(id_vivero,id_rol,id_empleado,correo_electronico_empl) VALUES (53,4,84,'fgilbane1m@sohu.com');
INSERT INTO correo_electronico_empl(id_vivero,id_rol,id_empleado,correo_electronico_empl) VALUES (77,2,58,'msimounet1n@symantec.com');
INSERT INTO correo_electronico_empl(id_vivero,id_rol,id_empleado,correo_electronico_empl) VALUES (95,2,43,'kdrewery1o@vinaora.com');
INSERT INTO correo_electronico_empl(id_vivero,id_rol,id_empleado,correo_electronico_empl) VALUES (47,1,49,'dcropp1p@answers.com');
INSERT INTO correo_electronico_empl(id_vivero,id_rol,id_empleado,correo_electronico_empl) VALUES (94,2,86,'tbatrip1q@howstuffworks.com');
INSERT INTO correo_electronico_empl(id_vivero,id_rol,id_empleado,correo_electronico_empl) VALUES (34,4,70,'gcleife1r@lycos.com');
INSERT INTO correo_electronico_empl(id_vivero,id_rol,id_empleado,correo_electronico_empl) VALUES (60,3,8,'gshambroke1s@usda.gov');
INSERT INTO correo_electronico_empl(id_vivero,id_rol,id_empleado,correo_electronico_empl) VALUES (96,4,44,'ephoebe1t@newsvine.com');
INSERT INTO correo_electronico_empl(id_vivero,id_rol,id_empleado,correo_electronico_empl) VALUES (96,2,3,'wkyngdon1u@joomla.org');
INSERT INTO correo_electronico_empl(id_vivero,id_rol,id_empleado,correo_electronico_empl) VALUES (19,4,84,'ddagleas1v@wired.com');
INSERT INTO correo_electronico_empl(id_vivero,id_rol,id_empleado,correo_electronico_empl) VALUES (88,2,11,'kjeeks1w@ucsd.edu');
INSERT INTO correo_electronico_empl(id_vivero,id_rol,id_empleado,correo_electronico_empl) VALUES (63,1,95,'tkneller1x@ca.gov');
INSERT INTO correo_electronico_empl(id_vivero,id_rol,id_empleado,correo_electronico_empl) VALUES (41,3,27,'aeverleigh1y@abc.net.au');
INSERT INTO correo_electronico_empl(id_vivero,id_rol,id_empleado,correo_electronico_empl) VALUES (51,4,19,'llawlan1z@exblog.jp');
INSERT INTO correo_electronico_empl(id_vivero,id_rol,id_empleado,correo_electronico_empl) VALUES (82,1,32,'ffollan20@w3.org');
INSERT INTO correo_electronico_empl(id_vivero,id_rol,id_empleado,correo_electronico_empl) VALUES (91,1,60,'ymackey21@disqus.com');
INSERT INTO correo_electronico_empl(id_vivero,id_rol,id_empleado,correo_electronico_empl) VALUES (74,4,95,'aalelsandrovich22@ebay.com');
INSERT INTO correo_electronico_empl(id_vivero,id_rol,id_empleado,correo_electronico_empl) VALUES (84,3,30,'jodooley23@blogger.com');
INSERT INTO correo_electronico_empl(id_vivero,id_rol,id_empleado,correo_electronico_empl) VALUES (17,1,60,'spalfreman24@ovh.net');
INSERT INTO correo_electronico_empl(id_vivero,id_rol,id_empleado,correo_electronico_empl) VALUES (20,2,44,'kcolin25@army.mil');
INSERT INTO correo_electronico_empl(id_vivero,id_rol,id_empleado,correo_electronico_empl) VALUES (95,4,74,'rdiamond26@geocities.com');
INSERT INTO correo_electronico_empl(id_vivero,id_rol,id_empleado,correo_electronico_empl) VALUES (49,4,42,'cvinnick27@google.nl');
INSERT INTO correo_electronico_empl(id_vivero,id_rol,id_empleado,correo_electronico_empl) VALUES (21,3,23,'mwrettum28@google.ca');
INSERT INTO correo_electronico_empl(id_vivero,id_rol,id_empleado,correo_electronico_empl) VALUES (58,1,83,'iwagen29@amazon.co.uk');
INSERT INTO correo_electronico_empl(id_vivero,id_rol,id_empleado,correo_electronico_empl) VALUES (2,1,66,'gbanister2a@berkeley.edu');
INSERT INTO correo_electronico_empl(id_vivero,id_rol,id_empleado,correo_electronico_empl) VALUES (66,1,14,'mcrosland2b@com.com');
INSERT INTO correo_electronico_empl(id_vivero,id_rol,id_empleado,correo_electronico_empl) VALUES (21,3,16,'skennally2c@tripadvisor.com');
INSERT INTO correo_electronico_empl(id_vivero,id_rol,id_empleado,correo_electronico_empl) VALUES (11,1,36,'fknappitt2d@dot.gov');
INSERT INTO correo_electronico_empl(id_vivero,id_rol,id_empleado,correo_electronico_empl) VALUES (85,2,8,'amayze2e@unc.edu');
INSERT INTO correo_electronico_empl(id_vivero,id_rol,id_empleado,correo_electronico_empl) VALUES (76,2,17,'aflucker2f@goo.gl');
INSERT INTO correo_electronico_empl(id_vivero,id_rol,id_empleado,correo_electronico_empl) VALUES (22,3,85,'ostockau2g@elpais.com');
INSERT INTO correo_electronico_empl(id_vivero,id_rol,id_empleado,correo_electronico_empl) VALUES (70,3,58,'rkinchin2h@google.com.br');
INSERT INTO correo_electronico_empl(id_vivero,id_rol,id_empleado,correo_electronico_empl) VALUES (64,4,26,'gtorre2i@dailymotion.com');
INSERT INTO correo_electronico_empl(id_vivero,id_rol,id_empleado,correo_electronico_empl) VALUES (43,1,19,'bharcombe2j@ftc.gov');
INSERT INTO correo_electronico_empl(id_vivero,id_rol,id_empleado,correo_electronico_empl) VALUES (39,3,100,'mewols2k@tripadvisor.com');
INSERT INTO correo_electronico_empl(id_vivero,id_rol,id_empleado,correo_electronico_empl) VALUES (26,1,40,'svivyan2l@bbb.org');
INSERT INTO correo_electronico_empl(id_vivero,id_rol,id_empleado,correo_electronico_empl) VALUES (64,4,31,'kwestfield2m@google.ru');
INSERT INTO correo_electronico_empl(id_vivero,id_rol,id_empleado,correo_electronico_empl) VALUES (28,1,40,'wahlf2n@sina.com.cn');
INSERT INTO correo_electronico_empl(id_vivero,id_rol,id_empleado,correo_electronico_empl) VALUES (21,3,40,'smumbray2o@ovh.net');
INSERT INTO correo_electronico_empl(id_vivero,id_rol,id_empleado,correo_electronico_empl) VALUES (85,3,14,'ecurnnokk2p@microsoft.com');
INSERT INTO correo_electronico_empl(id_vivero,id_rol,id_empleado,correo_electronico_empl) VALUES (7,3,58,'jswansborough2q@mapquest.com');
INSERT INTO correo_electronico_empl(id_vivero,id_rol,id_empleado,correo_electronico_empl) VALUES (76,4,39,'sutridge2r@4shared.com');


INSERT INTO c_forma_pago(id_forma_pago,descripcion) VALUES (1,'TarjetaCredito');
INSERT INTO c_forma_pago(id_forma_pago,descripcion) VALUES (2,'TarjetaDebito');
INSERT INTO c_forma_pago(id_forma_pago,descripcion) VALUES (3,'Mixo');
INSERT INTO venta_fisica(id_venta_fisica,id_vivero,id_planta,id_empleado_ayudar,id_rol_ayudar,id_empleado_cobrar,id_rol_cobrar,id_forma_pago) VALUES (1,90,619425,46,3,50,2,3);
INSERT INTO venta_fisica(id_venta_fisica,id_vivero,id_planta,id_empleado_ayudar,id_rol_ayudar,id_empleado_cobrar,id_rol_cobrar,id_forma_pago) VALUES (2,1,918966,13,4,51,3,3);
INSERT INTO venta_fisica(id_venta_fisica,id_vivero,id_planta,id_empleado_ayudar,id_rol_ayudar,id_empleado_cobrar,id_rol_cobrar,id_forma_pago) VALUES (3,1,155558,57,1,26,1,3);
INSERT INTO venta_fisica(id_venta_fisica,id_vivero,id_planta,id_empleado_ayudar,id_rol_ayudar,id_empleado_cobrar,id_rol_cobrar,id_forma_pago) VALUES (4,72,921721,34,1,71,3,2);
INSERT INTO venta_fisica(id_venta_fisica,id_vivero,id_planta,id_empleado_ayudar,id_rol_ayudar,id_empleado_cobrar,id_rol_cobrar,id_forma_pago) VALUES (5,15,478892,6,4,98,1,3);
INSERT INTO venta_fisica(id_venta_fisica,id_vivero,id_planta,id_empleado_ayudar,id_rol_ayudar,id_empleado_cobrar,id_rol_cobrar,id_forma_pago) VALUES (6,97,193361,12,3,68,3,1);
INSERT INTO venta_fisica(id_venta_fisica,id_vivero,id_planta,id_empleado_ayudar,id_rol_ayudar,id_empleado_cobrar,id_rol_cobrar,id_forma_pago) VALUES (7,91,807331,72,3,14,3,3);
INSERT INTO venta_fisica(id_venta_fisica,id_vivero,id_planta,id_empleado_ayudar,id_rol_ayudar,id_empleado_cobrar,id_rol_cobrar,id_forma_pago) VALUES (8,58,711707,33,2,9,1,2);
INSERT INTO venta_fisica(id_venta_fisica,id_vivero,id_planta,id_empleado_ayudar,id_rol_ayudar,id_empleado_cobrar,id_rol_cobrar,id_forma_pago) VALUES (9,88,711496,67,3,8,1,2);
INSERT INTO venta_fisica(id_venta_fisica,id_vivero,id_planta,id_empleado_ayudar,id_rol_ayudar,id_empleado_cobrar,id_rol_cobrar,id_forma_pago) VALUES (10,81,116708,5,4,9,2,3);
INSERT INTO venta_fisica(id_venta_fisica,id_vivero,id_planta,id_empleado_ayudar,id_rol_ayudar,id_empleado_cobrar,id_rol_cobrar,id_forma_pago) VALUES (11,93,444918,4,1,28,1,1);
INSERT INTO venta_fisica(id_venta_fisica,id_vivero,id_planta,id_empleado_ayudar,id_rol_ayudar,id_empleado_cobrar,id_rol_cobrar,id_forma_pago) VALUES (12,51,342496,56,2,33,2,1);
INSERT INTO venta_fisica(id_venta_fisica,id_vivero,id_planta,id_empleado_ayudar,id_rol_ayudar,id_empleado_cobrar,id_rol_cobrar,id_forma_pago) VALUES (13,9,640246,97,3,13,1,1);
INSERT INTO venta_fisica(id_venta_fisica,id_vivero,id_planta,id_empleado_ayudar,id_rol_ayudar,id_empleado_cobrar,id_rol_cobrar,id_forma_pago) VALUES (14,82,742892,49,3,16,1,2);
INSERT INTO venta_fisica(id_venta_fisica,id_vivero,id_planta,id_empleado_ayudar,id_rol_ayudar,id_empleado_cobrar,id_rol_cobrar,id_forma_pago) VALUES (15,38,723032,85,1,2,1,3);
INSERT INTO venta_fisica(id_venta_fisica,id_vivero,id_planta,id_empleado_ayudar,id_rol_ayudar,id_empleado_cobrar,id_rol_cobrar,id_forma_pago) VALUES (16,67,675254,4,2,65,3,2);
INSERT INTO venta_fisica(id_venta_fisica,id_vivero,id_planta,id_empleado_ayudar,id_rol_ayudar,id_empleado_cobrar,id_rol_cobrar,id_forma_pago) VALUES (17,18,30761,66,3,100,4,2);
INSERT INTO venta_fisica(id_venta_fisica,id_vivero,id_planta,id_empleado_ayudar,id_rol_ayudar,id_empleado_cobrar,id_rol_cobrar,id_forma_pago) VALUES (18,34,967412,30,2,84,2,1);
INSERT INTO venta_fisica(id_venta_fisica,id_vivero,id_planta,id_empleado_ayudar,id_rol_ayudar,id_empleado_cobrar,id_rol_cobrar,id_forma_pago) VALUES (19,47,50230,31,2,64,4,3);
INSERT INTO venta_fisica(id_venta_fisica,id_vivero,id_planta,id_empleado_ayudar,id_rol_ayudar,id_empleado_cobrar,id_rol_cobrar,id_forma_pago) VALUES (20,83,741542,58,1,100,4,1);
INSERT INTO venta_fisica(id_venta_fisica,id_vivero,id_planta,id_empleado_ayudar,id_rol_ayudar,id_empleado_cobrar,id_rol_cobrar,id_forma_pago) VALUES (21,38,706531,60,2,53,2,3);
INSERT INTO venta_fisica(id_venta_fisica,id_vivero,id_planta,id_empleado_ayudar,id_rol_ayudar,id_empleado_cobrar,id_rol_cobrar,id_forma_pago) VALUES (22,45,870682,76,2,50,2,2);
INSERT INTO venta_fisica(id_venta_fisica,id_vivero,id_planta,id_empleado_ayudar,id_rol_ayudar,id_empleado_cobrar,id_rol_cobrar,id_forma_pago) VALUES (23,61,730021,6,1,54,2,1);
INSERT INTO venta_fisica(id_venta_fisica,id_vivero,id_planta,id_empleado_ayudar,id_rol_ayudar,id_empleado_cobrar,id_rol_cobrar,id_forma_pago) VALUES (24,19,853931,57,4,93,3,3);
INSERT INTO venta_fisica(id_venta_fisica,id_vivero,id_planta,id_empleado_ayudar,id_rol_ayudar,id_empleado_cobrar,id_rol_cobrar,id_forma_pago) VALUES (25,58,613867,70,1,49,3,3);
INSERT INTO venta_fisica(id_venta_fisica,id_vivero,id_planta,id_empleado_ayudar,id_rol_ayudar,id_empleado_cobrar,id_rol_cobrar,id_forma_pago) VALUES (26,89,219717,65,1,77,2,3);
INSERT INTO venta_fisica(id_venta_fisica,id_vivero,id_planta,id_empleado_ayudar,id_rol_ayudar,id_empleado_cobrar,id_rol_cobrar,id_forma_pago) VALUES (27,1,617755,10,1,82,3,1);
INSERT INTO venta_fisica(id_venta_fisica,id_vivero,id_planta,id_empleado_ayudar,id_rol_ayudar,id_empleado_cobrar,id_rol_cobrar,id_forma_pago) VALUES (28,42,474997,98,3,95,2,2);
INSERT INTO venta_fisica(id_venta_fisica,id_vivero,id_planta,id_empleado_ayudar,id_rol_ayudar,id_empleado_cobrar,id_rol_cobrar,id_forma_pago) VALUES (29,55,189813,53,2,66,2,1);
INSERT INTO venta_fisica(id_venta_fisica,id_vivero,id_planta,id_empleado_ayudar,id_rol_ayudar,id_empleado_cobrar,id_rol_cobrar,id_forma_pago) VALUES (30,60,819924,35,1,69,4,2);
INSERT INTO venta_fisica(id_venta_fisica,id_vivero,id_planta,id_empleado_ayudar,id_rol_ayudar,id_empleado_cobrar,id_rol_cobrar,id_forma_pago) VALUES (31,76,50230,30,1,74,2,1);
INSERT INTO venta_fisica(id_venta_fisica,id_vivero,id_planta,id_empleado_ayudar,id_rol_ayudar,id_empleado_cobrar,id_rol_cobrar,id_forma_pago) VALUES (32,68,34771,47,3,81,4,3);
INSERT INTO venta_fisica(id_venta_fisica,id_vivero,id_planta,id_empleado_ayudar,id_rol_ayudar,id_empleado_cobrar,id_rol_cobrar,id_forma_pago) VALUES (33,31,108971,68,3,58,3,2);
INSERT INTO venta_fisica(id_venta_fisica,id_vivero,id_planta,id_empleado_ayudar,id_rol_ayudar,id_empleado_cobrar,id_rol_cobrar,id_forma_pago) VALUES (34,76,206370,8,4,33,2,1);
INSERT INTO venta_fisica(id_venta_fisica,id_vivero,id_planta,id_empleado_ayudar,id_rol_ayudar,id_empleado_cobrar,id_rol_cobrar,id_forma_pago) VALUES (35,58,451061,52,1,91,4,1);
INSERT INTO venta_fisica(id_venta_fisica,id_vivero,id_planta,id_empleado_ayudar,id_rol_ayudar,id_empleado_cobrar,id_rol_cobrar,id_forma_pago) VALUES (36,48,374355,50,3,87,2,3);
INSERT INTO venta_fisica(id_venta_fisica,id_vivero,id_planta,id_empleado_ayudar,id_rol_ayudar,id_empleado_cobrar,id_rol_cobrar,id_forma_pago) VALUES (37,92,494309,60,4,62,4,1);
INSERT INTO venta_fisica(id_venta_fisica,id_vivero,id_planta,id_empleado_ayudar,id_rol_ayudar,id_empleado_cobrar,id_rol_cobrar,id_forma_pago) VALUES (38,17,828841,31,3,60,4,3);
INSERT INTO venta_fisica(id_venta_fisica,id_vivero,id_planta,id_empleado_ayudar,id_rol_ayudar,id_empleado_cobrar,id_rol_cobrar,id_forma_pago) VALUES (39,27,640246,13,1,3,3,2);
INSERT INTO venta_fisica(id_venta_fisica,id_vivero,id_planta,id_empleado_ayudar,id_rol_ayudar,id_empleado_cobrar,id_rol_cobrar,id_forma_pago) VALUES (40,95,325673,30,4,68,3,3);
INSERT INTO venta_fisica(id_venta_fisica,id_vivero,id_planta,id_empleado_ayudar,id_rol_ayudar,id_empleado_cobrar,id_rol_cobrar,id_forma_pago) VALUES (41,74,521167,62,4,28,3,2);
INSERT INTO venta_fisica(id_venta_fisica,id_vivero,id_planta,id_empleado_ayudar,id_rol_ayudar,id_empleado_cobrar,id_rol_cobrar,id_forma_pago) VALUES (42,86,5001,9,2,87,2,3);
INSERT INTO venta_fisica(id_venta_fisica,id_vivero,id_planta,id_empleado_ayudar,id_rol_ayudar,id_empleado_cobrar,id_rol_cobrar,id_forma_pago) VALUES (43,42,711496,73,1,100,2,2);
INSERT INTO venta_fisica(id_venta_fisica,id_vivero,id_planta,id_empleado_ayudar,id_rol_ayudar,id_empleado_cobrar,id_rol_cobrar,id_forma_pago) VALUES (44,91,245748,63,4,50,1,3);
INSERT INTO venta_fisica(id_venta_fisica,id_vivero,id_planta,id_empleado_ayudar,id_rol_ayudar,id_empleado_cobrar,id_rol_cobrar,id_forma_pago) VALUES (45,62,897323,8,4,44,3,2);
INSERT INTO venta_fisica(id_venta_fisica,id_vivero,id_planta,id_empleado_ayudar,id_rol_ayudar,id_empleado_cobrar,id_rol_cobrar,id_forma_pago) VALUES (46,81,5001,7,1,50,1,1);
INSERT INTO venta_fisica(id_venta_fisica,id_vivero,id_planta,id_empleado_ayudar,id_rol_ayudar,id_empleado_cobrar,id_rol_cobrar,id_forma_pago) VALUES (47,20,727820,9,2,13,3,1);
INSERT INTO venta_fisica(id_venta_fisica,id_vivero,id_planta,id_empleado_ayudar,id_rol_ayudar,id_empleado_cobrar,id_rol_cobrar,id_forma_pago) VALUES (48,86,236138,28,4,10,2,2);
INSERT INTO venta_fisica(id_venta_fisica,id_vivero,id_planta,id_empleado_ayudar,id_rol_ayudar,id_empleado_cobrar,id_rol_cobrar,id_forma_pago) VALUES (49,6,799954,57,3,19,1,1);
INSERT INTO venta_fisica(id_venta_fisica,id_vivero,id_planta,id_empleado_ayudar,id_rol_ayudar,id_empleado_cobrar,id_rol_cobrar,id_forma_pago) VALUES (50,18,208894,63,4,61,3,1);
INSERT INTO venta_fisica(id_venta_fisica,id_vivero,id_planta,id_empleado_ayudar,id_rol_ayudar,id_empleado_cobrar,id_rol_cobrar,id_forma_pago) VALUES (51,86,975262,92,4,62,1,2);
INSERT INTO venta_fisica(id_venta_fisica,id_vivero,id_planta,id_empleado_ayudar,id_rol_ayudar,id_empleado_cobrar,id_rol_cobrar,id_forma_pago) VALUES (52,70,907811,16,1,63,2,2);
INSERT INTO venta_fisica(id_venta_fisica,id_vivero,id_planta,id_empleado_ayudar,id_rol_ayudar,id_empleado_cobrar,id_rol_cobrar,id_forma_pago) VALUES (53,33,934543,44,4,62,3,1);
INSERT INTO venta_fisica(id_venta_fisica,id_vivero,id_planta,id_empleado_ayudar,id_rol_ayudar,id_empleado_cobrar,id_rol_cobrar,id_forma_pago) VALUES (54,1,799954,38,2,49,2,3);
INSERT INTO venta_fisica(id_venta_fisica,id_vivero,id_planta,id_empleado_ayudar,id_rol_ayudar,id_empleado_cobrar,id_rol_cobrar,id_forma_pago) VALUES (55,73,342496,53,4,42,2,3);
INSERT INTO venta_fisica(id_venta_fisica,id_vivero,id_planta,id_empleado_ayudar,id_rol_ayudar,id_empleado_cobrar,id_rol_cobrar,id_forma_pago) VALUES (56,43,619425,62,4,85,2,3);
INSERT INTO venta_fisica(id_venta_fisica,id_vivero,id_planta,id_empleado_ayudar,id_rol_ayudar,id_empleado_cobrar,id_rol_cobrar,id_forma_pago) VALUES (57,93,155558,97,1,91,3,2);
INSERT INTO venta_fisica(id_venta_fisica,id_vivero,id_planta,id_empleado_ayudar,id_rol_ayudar,id_empleado_cobrar,id_rol_cobrar,id_forma_pago) VALUES (58,12,224041,55,4,16,4,1);
INSERT INTO venta_fisica(id_venta_fisica,id_vivero,id_planta,id_empleado_ayudar,id_rol_ayudar,id_empleado_cobrar,id_rol_cobrar,id_forma_pago) VALUES (59,88,934543,75,2,20,1,1);
INSERT INTO venta_fisica(id_venta_fisica,id_vivero,id_planta,id_empleado_ayudar,id_rol_ayudar,id_empleado_cobrar,id_rol_cobrar,id_forma_pago) VALUES (60,5,465628,96,2,58,1,1);
INSERT INTO venta_fisica(id_venta_fisica,id_vivero,id_planta,id_empleado_ayudar,id_rol_ayudar,id_empleado_cobrar,id_rol_cobrar,id_forma_pago) VALUES (61,99,958968,35,2,83,2,1);
INSERT INTO venta_fisica(id_venta_fisica,id_vivero,id_planta,id_empleado_ayudar,id_rol_ayudar,id_empleado_cobrar,id_rol_cobrar,id_forma_pago) VALUES (62,92,309917,61,4,58,3,2);
INSERT INTO venta_fisica(id_venta_fisica,id_vivero,id_planta,id_empleado_ayudar,id_rol_ayudar,id_empleado_cobrar,id_rol_cobrar,id_forma_pago) VALUES (63,75,147613,53,2,39,2,3);
INSERT INTO venta_fisica(id_venta_fisica,id_vivero,id_planta,id_empleado_ayudar,id_rol_ayudar,id_empleado_cobrar,id_rol_cobrar,id_forma_pago) VALUES (64,10,173833,4,1,81,4,2);
INSERT INTO venta_fisica(id_venta_fisica,id_vivero,id_planta,id_empleado_ayudar,id_rol_ayudar,id_empleado_cobrar,id_rol_cobrar,id_forma_pago) VALUES (65,53,706531,54,2,52,1,1);
INSERT INTO venta_fisica(id_venta_fisica,id_vivero,id_planta,id_empleado_ayudar,id_rol_ayudar,id_empleado_cobrar,id_rol_cobrar,id_forma_pago) VALUES (66,53,987430,77,1,20,1,1);
INSERT INTO venta_fisica(id_venta_fisica,id_vivero,id_planta,id_empleado_ayudar,id_rol_ayudar,id_empleado_cobrar,id_rol_cobrar,id_forma_pago) VALUES (67,54,205719,47,4,56,1,2);
INSERT INTO venta_fisica(id_venta_fisica,id_vivero,id_planta,id_empleado_ayudar,id_rol_ayudar,id_empleado_cobrar,id_rol_cobrar,id_forma_pago) VALUES (68,87,50230,89,2,22,2,1);
INSERT INTO venta_fisica(id_venta_fisica,id_vivero,id_planta,id_empleado_ayudar,id_rol_ayudar,id_empleado_cobrar,id_rol_cobrar,id_forma_pago) VALUES (69,27,434499,20,4,75,2,1);
INSERT INTO venta_fisica(id_venta_fisica,id_vivero,id_planta,id_empleado_ayudar,id_rol_ayudar,id_empleado_cobrar,id_rol_cobrar,id_forma_pago) VALUES (70,52,251781,30,3,66,1,2);
INSERT INTO venta_fisica(id_venta_fisica,id_vivero,id_planta,id_empleado_ayudar,id_rol_ayudar,id_empleado_cobrar,id_rol_cobrar,id_forma_pago) VALUES (71,53,298493,10,2,2,4,2);
INSERT INTO venta_fisica(id_venta_fisica,id_vivero,id_planta,id_empleado_ayudar,id_rol_ayudar,id_empleado_cobrar,id_rol_cobrar,id_forma_pago) VALUES (72,25,236138,97,1,75,3,2);
INSERT INTO venta_fisica(id_venta_fisica,id_vivero,id_planta,id_empleado_ayudar,id_rol_ayudar,id_empleado_cobrar,id_rol_cobrar,id_forma_pago) VALUES (73,93,775165,36,4,78,1,3);
INSERT INTO venta_fisica(id_venta_fisica,id_vivero,id_planta,id_empleado_ayudar,id_rol_ayudar,id_empleado_cobrar,id_rol_cobrar,id_forma_pago) VALUES (74,99,675277,14,3,88,4,3);
INSERT INTO venta_fisica(id_venta_fisica,id_vivero,id_planta,id_empleado_ayudar,id_rol_ayudar,id_empleado_cobrar,id_rol_cobrar,id_forma_pago) VALUES (75,93,597289,67,3,99,3,2);
INSERT INTO venta_fisica(id_venta_fisica,id_vivero,id_planta,id_empleado_ayudar,id_rol_ayudar,id_empleado_cobrar,id_rol_cobrar,id_forma_pago) VALUES (76,44,729420,88,3,55,3,2);
INSERT INTO venta_fisica(id_venta_fisica,id_vivero,id_planta,id_empleado_ayudar,id_rol_ayudar,id_empleado_cobrar,id_rol_cobrar,id_forma_pago) VALUES (77,77,5001,23,1,68,1,1);
INSERT INTO venta_fisica(id_venta_fisica,id_vivero,id_planta,id_empleado_ayudar,id_rol_ayudar,id_empleado_cobrar,id_rol_cobrar,id_forma_pago) VALUES (78,61,706531,45,2,73,3,1);
INSERT INTO venta_fisica(id_venta_fisica,id_vivero,id_planta,id_empleado_ayudar,id_rol_ayudar,id_empleado_cobrar,id_rol_cobrar,id_forma_pago) VALUES (79,7,747743,67,2,5,2,2);
INSERT INTO venta_fisica(id_venta_fisica,id_vivero,id_planta,id_empleado_ayudar,id_rol_ayudar,id_empleado_cobrar,id_rol_cobrar,id_forma_pago) VALUES (80,18,241101,65,1,38,3,1);
INSERT INTO venta_fisica(id_venta_fisica,id_vivero,id_planta,id_empleado_ayudar,id_rol_ayudar,id_empleado_cobrar,id_rol_cobrar,id_forma_pago) VALUES (81,78,593873,83,3,14,4,2);
INSERT INTO venta_fisica(id_venta_fisica,id_vivero,id_planta,id_empleado_ayudar,id_rol_ayudar,id_empleado_cobrar,id_rol_cobrar,id_forma_pago) VALUES (82,88,958968,46,2,89,4,1);
INSERT INTO venta_fisica(id_venta_fisica,id_vivero,id_planta,id_empleado_ayudar,id_rol_ayudar,id_empleado_cobrar,id_rol_cobrar,id_forma_pago) VALUES (83,68,741542,43,4,91,3,3);
INSERT INTO venta_fisica(id_venta_fisica,id_vivero,id_planta,id_empleado_ayudar,id_rol_ayudar,id_empleado_cobrar,id_rol_cobrar,id_forma_pago) VALUES (84,23,465628,74,2,28,4,1);
INSERT INTO venta_fisica(id_venta_fisica,id_vivero,id_planta,id_empleado_ayudar,id_rol_ayudar,id_empleado_cobrar,id_rol_cobrar,id_forma_pago) VALUES (85,45,819924,80,1,3,1,1);
INSERT INTO venta_fisica(id_venta_fisica,id_vivero,id_planta,id_empleado_ayudar,id_rol_ayudar,id_empleado_cobrar,id_rol_cobrar,id_forma_pago) VALUES (86,76,474997,5,1,16,1,2);
INSERT INTO venta_fisica(id_venta_fisica,id_vivero,id_planta,id_empleado_ayudar,id_rol_ayudar,id_empleado_cobrar,id_rol_cobrar,id_forma_pago) VALUES (87,21,478892,50,4,14,4,2);
INSERT INTO venta_fisica(id_venta_fisica,id_vivero,id_planta,id_empleado_ayudar,id_rol_ayudar,id_empleado_cobrar,id_rol_cobrar,id_forma_pago) VALUES (88,40,228691,57,4,88,1,2);
INSERT INTO venta_fisica(id_venta_fisica,id_vivero,id_planta,id_empleado_ayudar,id_rol_ayudar,id_empleado_cobrar,id_rol_cobrar,id_forma_pago) VALUES (89,48,741542,50,2,82,3,3);
INSERT INTO venta_fisica(id_venta_fisica,id_vivero,id_planta,id_empleado_ayudar,id_rol_ayudar,id_empleado_cobrar,id_rol_cobrar,id_forma_pago) VALUES (90,49,474997,43,1,5,2,3);
INSERT INTO venta_fisica(id_venta_fisica,id_vivero,id_planta,id_empleado_ayudar,id_rol_ayudar,id_empleado_cobrar,id_rol_cobrar,id_forma_pago) VALUES (91,63,512923,20,2,73,4,1);
INSERT INTO venta_fisica(id_venta_fisica,id_vivero,id_planta,id_empleado_ayudar,id_rol_ayudar,id_empleado_cobrar,id_rol_cobrar,id_forma_pago) VALUES (92,86,245748,44,4,36,3,1);
INSERT INTO venta_fisica(id_venta_fisica,id_vivero,id_planta,id_empleado_ayudar,id_rol_ayudar,id_empleado_cobrar,id_rol_cobrar,id_forma_pago) VALUES (93,60,11197,80,4,84,1,1);
INSERT INTO venta_fisica(id_venta_fisica,id_vivero,id_planta,id_empleado_ayudar,id_rol_ayudar,id_empleado_cobrar,id_rol_cobrar,id_forma_pago) VALUES (94,73,610303,28,3,96,2,1);
INSERT INTO venta_fisica(id_venta_fisica,id_vivero,id_planta,id_empleado_ayudar,id_rol_ayudar,id_empleado_cobrar,id_rol_cobrar,id_forma_pago) VALUES (95,4,575030,28,2,15,1,3);
INSERT INTO venta_fisica(id_venta_fisica,id_vivero,id_planta,id_empleado_ayudar,id_rol_ayudar,id_empleado_cobrar,id_rol_cobrar,id_forma_pago) VALUES (96,98,434499,47,2,72,1,1);
INSERT INTO venta_fisica(id_venta_fisica,id_vivero,id_planta,id_empleado_ayudar,id_rol_ayudar,id_empleado_cobrar,id_rol_cobrar,id_forma_pago) VALUES (97,27,9244,34,1,68,3,3);
INSERT INTO venta_fisica(id_venta_fisica,id_vivero,id_planta,id_empleado_ayudar,id_rol_ayudar,id_empleado_cobrar,id_rol_cobrar,id_forma_pago) VALUES (98,21,727820,78,1,28,3,1);
INSERT INTO venta_fisica(id_venta_fisica,id_vivero,id_planta,id_empleado_ayudar,id_rol_ayudar,id_empleado_cobrar,id_rol_cobrar,id_forma_pago) VALUES (99,95,224041,97,1,11,4,2);
INSERT INTO venta_fisica(id_venta_fisica,id_vivero,id_planta,id_empleado_ayudar,id_rol_ayudar,id_empleado_cobrar,id_rol_cobrar,id_forma_pago) VALUES (100,24,853646,90,4,19,3,1);
INSERT INTO venta_linea(id_venta_linea,id_vivero,id_planta,id_cliente,id_forma_pago,fecha_pedido,num_segu_envio,direc_envio,monto) VALUES (1,75,30761,8,3,'2022/10/29',1,'2 Prairie Rose Center',$89.19);
INSERT INTO venta_linea(id_venta_linea,id_vivero,id_planta,id_cliente,id_forma_pago,fecha_pedido,num_segu_envio,direc_envio,monto) VALUES (2,71,401015,76,3,'2021/06/23',2,'4 Clove Parkway',$170.06);
INSERT INTO venta_linea(id_venta_linea,id_vivero,id_planta,id_cliente,id_forma_pago,fecha_pedido,num_segu_envio,direc_envio,monto) VALUES (3,71,69579,44,1,'2021/10/17',3,'945 Forster Way',$145.61);
INSERT INTO venta_linea(id_venta_linea,id_vivero,id_planta,id_cliente,id_forma_pago,fecha_pedido,num_segu_envio,direc_envio,monto) VALUES (4,21,653070,1,3,'2021/06/14',4,'71527 Express Point',$624.36);
INSERT INTO venta_linea(id_venta_linea,id_vivero,id_planta,id_cliente,id_forma_pago,fecha_pedido,num_segu_envio,direc_envio,monto) VALUES (5,87,448505,44,3,'2021/09/08',5,'5 Sherman Lane',$373.85);
INSERT INTO venta_linea(id_venta_linea,id_vivero,id_planta,id_cliente,id_forma_pago,fecha_pedido,num_segu_envio,direc_envio,monto) VALUES (6,91,229062,46,1,'2022/10/17',6,'74 Derek Lane',$102.32);
INSERT INTO venta_linea(id_venta_linea,id_vivero,id_planta,id_cliente,id_forma_pago,fecha_pedido,num_segu_envio,direc_envio,monto) VALUES (7,23,732665,62,3,'2022/02/17',7,'2806 Lyons Park',$400.16);
INSERT INTO venta_linea(id_venta_linea,id_vivero,id_planta,id_cliente,id_forma_pago,fecha_pedido,num_segu_envio,direc_envio,monto) VALUES (8,97,468347,30,1,'2022/02/03',8,'973 Crownhardt Hill',$467.42);
INSERT INTO venta_linea(id_venta_linea,id_vivero,id_planta,id_cliente,id_forma_pago,fecha_pedido,num_segu_envio,direc_envio,monto) VALUES (9,100,130696,39,3,'2022/06/29',9,'3 Sullivan Place',$482.90);
INSERT INTO venta_linea(id_venta_linea,id_vivero,id_planta,id_cliente,id_forma_pago,fecha_pedido,num_segu_envio,direc_envio,monto) VALUES (10,17,13246,36,1,'2021/11/19',10,'8 Gale Place',$418.60);
INSERT INTO venta_linea(id_venta_linea,id_vivero,id_planta,id_cliente,id_forma_pago,fecha_pedido,num_segu_envio,direc_envio,monto) VALUES (11,63,183010,63,3,'2021/06/01',11,'23 Declaration Circle',$465.59);
INSERT INTO venta_linea(id_venta_linea,id_vivero,id_planta,id_cliente,id_forma_pago,fecha_pedido,num_segu_envio,direc_envio,monto) VALUES (12,3,189813,62,3,'2022/02/22',12,'85067 Commercial Pass',$318.56);
INSERT INTO venta_linea(id_venta_linea,id_vivero,id_planta,id_cliente,id_forma_pago,fecha_pedido,num_segu_envio,direc_envio,monto) VALUES (13,52,704316,96,3,'2021/07/05',13,'167 Golden Leaf Parkway',$679.40);
INSERT INTO venta_linea(id_venta_linea,id_vivero,id_planta,id_cliente,id_forma_pago,fecha_pedido,num_segu_envio,direc_envio,monto) VALUES (14,45,5001,77,2,'2022/06/05',14,'52 Arapahoe Circle',$582.30);
INSERT INTO venta_linea(id_venta_linea,id_vivero,id_planta,id_cliente,id_forma_pago,fecha_pedido,num_segu_envio,direc_envio,monto) VALUES (15,69,907656,84,1,'2022/03/18',15,'69381 Farragut Crossing',$162.13);
INSERT INTO venta_linea(id_venta_linea,id_vivero,id_planta,id_cliente,id_forma_pago,fecha_pedido,num_segu_envio,direc_envio,monto) VALUES (16,80,907811,78,2,'2021/07/12',16,'32247 Nova Drive',$481.03);
INSERT INTO venta_linea(id_venta_linea,id_vivero,id_planta,id_cliente,id_forma_pago,fecha_pedido,num_segu_envio,direc_envio,monto) VALUES (17,49,575030,43,2,'2022/07/13',17,'824 Granby Avenue',$641.31);
INSERT INTO venta_linea(id_venta_linea,id_vivero,id_planta,id_cliente,id_forma_pago,fecha_pedido,num_segu_envio,direc_envio,monto) VALUES (18,10,401015,25,1,'2022/11/07',18,'3 Calypso Plaza',$264.88);
INSERT INTO venta_linea(id_venta_linea,id_vivero,id_planta,id_cliente,id_forma_pago,fecha_pedido,num_segu_envio,direc_envio,monto) VALUES (19,72,342496,53,3,'2022/04/23',19,'8 Westport Junction',$151.14);
INSERT INTO venta_linea(id_venta_linea,id_vivero,id_planta,id_cliente,id_forma_pago,fecha_pedido,num_segu_envio,direc_envio,monto) VALUES (20,35,575030,85,2,'2022/10/23',20,'950 Gina Lane',$132.21);
INSERT INTO venta_linea(id_venta_linea,id_vivero,id_planta,id_cliente,id_forma_pago,fecha_pedido,num_segu_envio,direc_envio,monto) VALUES (21,40,775165,80,3,'2021/09/01',21,'06177 Vernon Circle',$128.35);
INSERT INTO venta_linea(id_venta_linea,id_vivero,id_planta,id_cliente,id_forma_pago,fecha_pedido,num_segu_envio,direc_envio,monto) VALUES (22,94,711496,67,2,'2021/10/08',22,'7 Canary Center',$239.13);
INSERT INTO venta_linea(id_venta_linea,id_vivero,id_planta,id_cliente,id_forma_pago,fecha_pedido,num_segu_envio,direc_envio,monto) VALUES (23,100,30761,23,1,'2021/10/02',23,'032 Schmedeman Avenue',$677.23);
INSERT INTO venta_linea(id_venta_linea,id_vivero,id_planta,id_cliente,id_forma_pago,fecha_pedido,num_segu_envio,direc_envio,monto) VALUES (24,41,241101,71,1,'2022/01/23',24,'72 Sauthoff Crossing',$343.92);
INSERT INTO venta_linea(id_venta_linea,id_vivero,id_planta,id_cliente,id_forma_pago,fecha_pedido,num_segu_envio,direc_envio,monto) VALUES (25,66,147613,88,2,'2021/09/12',25,'7896 Waxwing Place',$663.59);
INSERT INTO venta_linea(id_venta_linea,id_vivero,id_planta,id_cliente,id_forma_pago,fecha_pedido,num_segu_envio,direc_envio,monto) VALUES (26,16,145691,16,1,'2021/07/04',26,'9 Graedel Pass',$386.96);
INSERT INTO venta_linea(id_venta_linea,id_vivero,id_planta,id_cliente,id_forma_pago,fecha_pedido,num_segu_envio,direc_envio,monto) VALUES (27,87,878483,1,1,'2022/08/25',27,'2733 Farragut Circle',$116.14);
INSERT INTO venta_linea(id_venta_linea,id_vivero,id_planta,id_cliente,id_forma_pago,fecha_pedido,num_segu_envio,direc_envio,monto) VALUES (28,69,252412,28,3,'2022/08/15',28,'52 Arizona Center',$625.06);
INSERT INTO venta_linea(id_venta_linea,id_vivero,id_planta,id_cliente,id_forma_pago,fecha_pedido,num_segu_envio,direc_envio,monto) VALUES (29,6,13246,11,1,'2021/07/04',29,'65735 Meadow Ridge Crossing',$622.78);
INSERT INTO venta_linea(id_venta_linea,id_vivero,id_planta,id_cliente,id_forma_pago,fecha_pedido,num_segu_envio,direc_envio,monto) VALUES (30,32,711707,18,1,'2022/05/08',30,'437 Kedzie Court',$185.81);
INSERT INTO venta_linea(id_venta_linea,id_vivero,id_planta,id_cliente,id_forma_pago,fecha_pedido,num_segu_envio,direc_envio,monto) VALUES (31,94,34771,39,3,'2022/06/05',31,'48159 Scott Circle',$278.23);
INSERT INTO venta_linea(id_venta_linea,id_vivero,id_planta,id_cliente,id_forma_pago,fecha_pedido,num_segu_envio,direc_envio,monto) VALUES (32,66,424731,84,3,'2022/02/11',32,'0024 Schurz Trail',$288.62);
INSERT INTO venta_linea(id_venta_linea,id_vivero,id_planta,id_cliente,id_forma_pago,fecha_pedido,num_segu_envio,direc_envio,monto) VALUES (33,57,247591,41,1,'2021/10/10',33,'21 Longview Alley',$611.40);
INSERT INTO venta_linea(id_venta_linea,id_vivero,id_planta,id_cliente,id_forma_pago,fecha_pedido,num_segu_envio,direc_envio,monto) VALUES (34,29,799954,60,3,'2021/05/23',34,'18 Straubel Center',$387.07);
INSERT INTO venta_linea(id_venta_linea,id_vivero,id_planta,id_cliente,id_forma_pago,fecha_pedido,num_segu_envio,direc_envio,monto) VALUES (35,88,374355,22,3,'2022/08/04',35,'184 Grasskamp Center',$113.07);
INSERT INTO venta_linea(id_venta_linea,id_vivero,id_planta,id_cliente,id_forma_pago,fecha_pedido,num_segu_envio,direc_envio,monto) VALUES (36,68,732665,65,2,'2021/08/31',36,'2345 Shopko Alley',$643.97);
INSERT INTO venta_linea(id_venta_linea,id_vivero,id_planta,id_cliente,id_forma_pago,fecha_pedido,num_segu_envio,direc_envio,monto) VALUES (37,93,853857,100,3,'2022/10/24',37,'56966 Norway Maple Park',$337.80);
INSERT INTO venta_linea(id_venta_linea,id_vivero,id_planta,id_cliente,id_forma_pago,fecha_pedido,num_segu_envio,direc_envio,monto) VALUES (38,100,714515,72,2,'2021/08/25',38,'955 Carioca Alley',$166.86);
INSERT INTO venta_linea(id_venta_linea,id_vivero,id_planta,id_cliente,id_forma_pago,fecha_pedido,num_segu_envio,direc_envio,monto) VALUES (39,84,362033,63,1,'2022/05/02',39,'27 Iowa Avenue',$179.67);
INSERT INTO venta_linea(id_venta_linea,id_vivero,id_planta,id_cliente,id_forma_pago,fecha_pedido,num_segu_envio,direc_envio,monto) VALUES (40,84,822679,96,1,'2021/07/20',40,'726 Mosinee Point',$208.27);
INSERT INTO venta_linea(id_venta_linea,id_vivero,id_planta,id_cliente,id_forma_pago,fecha_pedido,num_segu_envio,direc_envio,monto) VALUES (41,5,474451,89,1,'2022/08/10',41,'1587 Bashford Court',$580.57);
INSERT INTO venta_linea(id_venta_linea,id_vivero,id_planta,id_cliente,id_forma_pago,fecha_pedido,num_segu_envio,direc_envio,monto) VALUES (42,47,711496,53,2,'2022/05/04',42,'11 Superior Street',$276.87);
INSERT INTO venta_linea(id_venta_linea,id_vivero,id_planta,id_cliente,id_forma_pago,fecha_pedido,num_segu_envio,direc_envio,monto) VALUES (43,75,575030,1,2,'2021/12/15',43,'2335 Schlimgen Pass',$344.32);
INSERT INTO venta_linea(id_venta_linea,id_vivero,id_planta,id_cliente,id_forma_pago,fecha_pedido,num_segu_envio,direc_envio,monto) VALUES (44,7,448505,19,2,'2021/09/23',44,'5099 Marquette Pass',$439.31);
INSERT INTO venta_linea(id_venta_linea,id_vivero,id_planta,id_cliente,id_forma_pago,fecha_pedido,num_segu_envio,direc_envio,monto) VALUES (45,91,883480,73,1,'2022/11/11',45,'1 Pond Junction',$270.78);
INSERT INTO venta_linea(id_venta_linea,id_vivero,id_planta,id_cliente,id_forma_pago,fecha_pedido,num_segu_envio,direc_envio,monto) VALUES (46,7,3724,21,1,'2022/09/13',46,'261 Lerdahl Crossing',$236.29);
INSERT INTO venta_linea(id_venta_linea,id_vivero,id_planta,id_cliente,id_forma_pago,fecha_pedido,num_segu_envio,direc_envio,monto) VALUES (47,74,116708,43,2,'2022/05/30',47,'89 Acker Plaza',$697.30);
INSERT INTO venta_linea(id_venta_linea,id_vivero,id_planta,id_cliente,id_forma_pago,fecha_pedido,num_segu_envio,direc_envio,monto) VALUES (48,83,729420,19,2,'2021/08/22',48,'6945 Atwood Hill',$644.87);
INSERT INTO venta_linea(id_venta_linea,id_vivero,id_planta,id_cliente,id_forma_pago,fecha_pedido,num_segu_envio,direc_envio,monto) VALUES (49,23,640246,39,2,'2022/02/26',49,'1069 Pine View Plaza',$546.02);
INSERT INTO venta_linea(id_venta_linea,id_vivero,id_planta,id_cliente,id_forma_pago,fecha_pedido,num_segu_envio,direc_envio,monto) VALUES (50,96,392522,22,1,'2022/07/29',50,'9189 Macpherson Place',$118.79);
INSERT INTO venta_linea(id_venta_linea,id_vivero,id_planta,id_cliente,id_forma_pago,fecha_pedido,num_segu_envio,direc_envio,monto) VALUES (51,55,711707,94,3,'2022/06/17',51,'39281 Laurel Street',$266.98);
INSERT INTO venta_linea(id_venta_linea,id_vivero,id_planta,id_cliente,id_forma_pago,fecha_pedido,num_segu_envio,direc_envio,monto) VALUES (52,35,374355,44,2,'2021/11/06',52,'784 Warrior Pass',$197.80);
INSERT INTO venta_linea(id_venta_linea,id_vivero,id_planta,id_cliente,id_forma_pago,fecha_pedido,num_segu_envio,direc_envio,monto) VALUES (53,8,9244,37,1,'2022/11/15',53,'27447 Lyons Park',$542.21);
INSERT INTO venta_linea(id_venta_linea,id_vivero,id_planta,id_cliente,id_forma_pago,fecha_pedido,num_segu_envio,direc_envio,monto) VALUES (54,57,494309,8,2,'2022/07/22',54,'04 Arkansas Place',$679.17);
INSERT INTO venta_linea(id_venta_linea,id_vivero,id_planta,id_cliente,id_forma_pago,fecha_pedido,num_segu_envio,direc_envio,monto) VALUES (55,34,309917,81,3,'2021/07/07',55,'667 Marquette Center',$541.01);
INSERT INTO venta_linea(id_venta_linea,id_vivero,id_planta,id_cliente,id_forma_pago,fecha_pedido,num_segu_envio,direc_envio,monto) VALUES (56,35,775165,55,1,'2022/11/11',56,'47 Thompson Center',$86.39);
INSERT INTO venta_linea(id_venta_linea,id_vivero,id_planta,id_cliente,id_forma_pago,fecha_pedido,num_segu_envio,direc_envio,monto) VALUES (57,51,516175,39,3,'2021/08/01',57,'00 Fremont Avenue',$128.11);
INSERT INTO venta_linea(id_venta_linea,id_vivero,id_planta,id_cliente,id_forma_pago,fecha_pedido,num_segu_envio,direc_envio,monto) VALUES (58,13,512923,54,1,'2021/07/15',58,'90748 Kensington Drive',$112.37);
INSERT INTO venta_linea(id_venta_linea,id_vivero,id_planta,id_cliente,id_forma_pago,fecha_pedido,num_segu_envio,direc_envio,monto) VALUES (59,85,711707,49,1,'2021/10/14',59,'240 Portage Hill',$558.09);
INSERT INTO venta_linea(id_venta_linea,id_vivero,id_planta,id_cliente,id_forma_pago,fecha_pedido,num_segu_envio,direc_envio,monto) VALUES (60,67,236138,54,3,'2021/09/28',60,'74 Quincy Pass',$643.32);
INSERT INTO venta_linea(id_venta_linea,id_vivero,id_planta,id_cliente,id_forma_pago,fecha_pedido,num_segu_envio,direc_envio,monto) VALUES (61,69,236138,53,1,'2022/06/30',61,'22 Hagan Junction',$459.31);
INSERT INTO venta_linea(id_venta_linea,id_vivero,id_planta,id_cliente,id_forma_pago,fecha_pedido,num_segu_envio,direc_envio,monto) VALUES (62,93,640246,93,2,'2021/09/14',62,'3 Welch Court',$603.15);
INSERT INTO venta_linea(id_venta_linea,id_vivero,id_planta,id_cliente,id_forma_pago,fecha_pedido,num_segu_envio,direc_envio,monto) VALUES (63,6,512923,1,1,'2022/04/27',63,'2 Dryden Alley',$339.92);
INSERT INTO venta_linea(id_venta_linea,id_vivero,id_planta,id_cliente,id_forma_pago,fecha_pedido,num_segu_envio,direc_envio,monto) VALUES (64,21,13246,17,2,'2021/10/25',64,'080 Morningstar Parkway',$348.34);
INSERT INTO venta_linea(id_venta_linea,id_vivero,id_planta,id_cliente,id_forma_pago,fecha_pedido,num_segu_envio,direc_envio,monto) VALUES (65,60,333386,42,2,'2022/04/24',65,'26 Welch Plaza',$173.14);
INSERT INTO venta_linea(id_venta_linea,id_vivero,id_planta,id_cliente,id_forma_pago,fecha_pedido,num_segu_envio,direc_envio,monto) VALUES (66,78,642580,98,1,'2021/06/16',66,'9276 Cambridge Place',$172.11);
INSERT INTO venta_linea(id_venta_linea,id_vivero,id_planta,id_cliente,id_forma_pago,fecha_pedido,num_segu_envio,direc_envio,monto) VALUES (67,97,918966,68,1,'2022/08/29',67,'06290 Blackbird Street',$292.73);
INSERT INTO venta_linea(id_venta_linea,id_vivero,id_planta,id_cliente,id_forma_pago,fecha_pedido,num_segu_envio,direc_envio,monto) VALUES (68,43,883480,38,1,'2022/11/05',68,'5959 Bartelt Avenue',$660.76);
INSERT INTO venta_linea(id_venta_linea,id_vivero,id_planta,id_cliente,id_forma_pago,fecha_pedido,num_segu_envio,direc_envio,monto) VALUES (69,10,521167,67,2,'2021/10/12',69,'09511 Lyons Drive',$568.57);
INSERT INTO venta_linea(id_venta_linea,id_vivero,id_planta,id_cliente,id_forma_pago,fecha_pedido,num_segu_envio,direc_envio,monto) VALUES (70,69,934543,34,1,'2022/11/02',70,'28652 Merrick Place',$556.98);
INSERT INTO venta_linea(id_venta_linea,id_vivero,id_planta,id_cliente,id_forma_pago,fecha_pedido,num_segu_envio,direc_envio,monto) VALUES (71,34,704316,48,2,'2021/09/17',71,'5224 Canary Avenue',$624.64);
INSERT INTO venta_linea(id_venta_linea,id_vivero,id_planta,id_cliente,id_forma_pago,fecha_pedido,num_segu_envio,direc_envio,monto) VALUES (72,82,247591,73,1,'2022/08/01',72,'2779 Hoffman Plaza',$650.85);
INSERT INTO venta_linea(id_venta_linea,id_vivero,id_planta,id_cliente,id_forma_pago,fecha_pedido,num_segu_envio,direc_envio,monto) VALUES (73,81,251781,11,1,'2021/07/18',73,'82911 Arkansas Road',$71.31);
INSERT INTO venta_linea(id_venta_linea,id_vivero,id_planta,id_cliente,id_forma_pago,fecha_pedido,num_segu_envio,direc_envio,monto) VALUES (74,70,410781,81,3,'2022/09/16',74,'769 Wayridge Hill',$457.91);
INSERT INTO venta_linea(id_venta_linea,id_vivero,id_planta,id_cliente,id_forma_pago,fecha_pedido,num_segu_envio,direc_envio,monto) VALUES (75,87,89013,35,1,'2022/07/20',75,'1157 Corry Pass',$503.34);
INSERT INTO venta_linea(id_venta_linea,id_vivero,id_planta,id_cliente,id_forma_pago,fecha_pedido,num_segu_envio,direc_envio,monto) VALUES (76,62,521167,6,1,'2021/08/20',76,'12 Arkansas Place',$644.34);
INSERT INTO venta_linea(id_venta_linea,id_vivero,id_planta,id_cliente,id_forma_pago,fecha_pedido,num_segu_envio,direc_envio,monto) VALUES (77,69,444918,39,1,'2022/06/12',77,'136 Hansons Hill',$684.02);
INSERT INTO venta_linea(id_venta_linea,id_vivero,id_planta,id_cliente,id_forma_pago,fecha_pedido,num_segu_envio,direc_envio,monto) VALUES (78,89,574873,47,3,'2022/07/26',78,'9461 Bayside Road',$693.78);
INSERT INTO venta_linea(id_venta_linea,id_vivero,id_planta,id_cliente,id_forma_pago,fecha_pedido,num_segu_envio,direc_envio,monto) VALUES (79,30,374355,4,1,'2022/11/08',79,'4 Northfield Trail',$473.60);
INSERT INTO venta_linea(id_venta_linea,id_vivero,id_planta,id_cliente,id_forma_pago,fecha_pedido,num_segu_envio,direc_envio,monto) VALUES (80,99,3724,67,1,'2022/10/29',80,'7 Drewry Way',$644.72);
INSERT INTO venta_linea(id_venta_linea,id_vivero,id_planta,id_cliente,id_forma_pago,fecha_pedido,num_segu_envio,direc_envio,monto) VALUES (81,75,512923,57,2,'2021/05/31',81,'7843 Arrowood Park',$686.92);
INSERT INTO venta_linea(id_venta_linea,id_vivero,id_planta,id_cliente,id_forma_pago,fecha_pedido,num_segu_envio,direc_envio,monto) VALUES (82,82,706531,6,3,'2021/11/19',82,'85 Muir Court',$226.73);
INSERT INTO venta_linea(id_venta_linea,id_vivero,id_planta,id_cliente,id_forma_pago,fecha_pedido,num_segu_envio,direc_envio,monto) VALUES (83,51,396763,37,3,'2022/01/13',83,'472 Pepper Wood Drive',$689.07);
INSERT INTO venta_linea(id_venta_linea,id_vivero,id_planta,id_cliente,id_forma_pago,fecha_pedido,num_segu_envio,direc_envio,monto) VALUES (84,30,758422,90,3,'2022/04/30',84,'53418 Bartelt Pass',$91.62);
INSERT INTO venta_linea(id_venta_linea,id_vivero,id_planta,id_cliente,id_forma_pago,fecha_pedido,num_segu_envio,direc_envio,monto) VALUES (85,52,987430,44,3,'2022/02/21',85,'03301 Declaration Drive',$304.17);
INSERT INTO venta_linea(id_venta_linea,id_vivero,id_planta,id_cliente,id_forma_pago,fecha_pedido,num_segu_envio,direc_envio,monto) VALUES (86,25,9244,58,2,'2022/05/23',86,'725 Continental Lane',$202.41);
INSERT INTO venta_linea(id_venta_linea,id_vivero,id_planta,id_cliente,id_forma_pago,fecha_pedido,num_segu_envio,direc_envio,monto) VALUES (87,3,69579,41,2,'2021/12/04',87,'59 Red Cloud Center',$144.13);
INSERT INTO venta_linea(id_venta_linea,id_vivero,id_planta,id_cliente,id_forma_pago,fecha_pedido,num_segu_envio,direc_envio,monto) VALUES (88,13,124769,71,1,'2021/07/20',88,'13 Maple Wood Road',$352.25);
INSERT INTO venta_linea(id_venta_linea,id_vivero,id_planta,id_cliente,id_forma_pago,fecha_pedido,num_segu_envio,direc_envio,monto) VALUES (89,44,145691,89,2,'2021/05/08',89,'2499 Hagan Plaza',$639.56);
INSERT INTO venta_linea(id_venta_linea,id_vivero,id_planta,id_cliente,id_forma_pago,fecha_pedido,num_segu_envio,direc_envio,monto) VALUES (90,12,721277,69,1,'2022/04/10',90,'65871 Hollow Ridge Lane',$616.70);
INSERT INTO venta_linea(id_venta_linea,id_vivero,id_planta,id_cliente,id_forma_pago,fecha_pedido,num_segu_envio,direc_envio,monto) VALUES (91,100,727820,69,3,'2022/08/13',91,'19 Kennedy Lane',$158.75);
INSERT INTO venta_linea(id_venta_linea,id_vivero,id_planta,id_cliente,id_forma_pago,fecha_pedido,num_segu_envio,direc_envio,monto) VALUES (92,42,208894,76,2,'2022/08/15',92,'0815 Dexter Hill',$337.99);
INSERT INTO venta_linea(id_venta_linea,id_vivero,id_planta,id_cliente,id_forma_pago,fecha_pedido,num_segu_envio,direc_envio,monto) VALUES (93,79,344357,26,1,'2021/05/01',93,'37 Twin Pines Circle',$303.34);
INSERT INTO venta_linea(id_venta_linea,id_vivero,id_planta,id_cliente,id_forma_pago,fecha_pedido,num_segu_envio,direc_envio,monto) VALUES (94,83,927302,20,2,'2022/07/01',94,'9 Prairie Rose Center',$589.54);
INSERT INTO venta_linea(id_venta_linea,id_vivero,id_planta,id_cliente,id_forma_pago,fecha_pedido,num_segu_envio,direc_envio,monto) VALUES (95,73,50230,37,3,'2022/02/13',95,'7 Little Fleur Alley',$494.66);
INSERT INTO venta_linea(id_venta_linea,id_vivero,id_planta,id_cliente,id_forma_pago,fecha_pedido,num_segu_envio,direc_envio,monto) VALUES (96,23,642580,17,2,'2021/06/06',96,'5 Sherman Park',$214.64);
INSERT INTO venta_linea(id_venta_linea,id_vivero,id_planta,id_cliente,id_forma_pago,fecha_pedido,num_segu_envio,direc_envio,monto) VALUES (97,74,828841,94,1,'2022/06/03',97,'99 Corben Terrace',$279.81);
INSERT INTO venta_linea(id_venta_linea,id_vivero,id_planta,id_cliente,id_forma_pago,fecha_pedido,num_segu_envio,direc_envio,monto) VALUES (98,94,189813,90,3,'2021/06/07',98,'5704 Waxwing Crossing',$527.11);
INSERT INTO venta_linea(id_venta_linea,id_vivero,id_planta,id_cliente,id_forma_pago,fecha_pedido,num_segu_envio,direc_envio,monto) VALUES (99,42,444918,40,3,'2022/09/24',99,'76247 Straubel Plaza',$498.80);
INSERT INTO venta_linea(id_venta_linea,id_vivero,id_planta,id_cliente,id_forma_pago,fecha_pedido,num_segu_envio,direc_envio,monto) VALUES (100,9,516175,3,2,'2022/02/10',100,'4 Thackeray Way',$201.06);
