INSERT INTO vivero(id_vivero,nombre_vivero,fecha_apertura,estado,ciudad,calle,cp) VALUES (1,'Kovacek-Bergstrom','2016-05-22','Nevada','Las Vegas','Old Gate','89160');
INSERT INTO vivero(id_vivero,nombre_vivero,fecha_apertura,estado,ciudad,calle,cp) VALUES (2,'Cummings and Sons','2013-02-18','Pennsylvania','Wilkes Barre','Summit','18768');
INSERT INTO vivero(id_vivero,nombre_vivero,fecha_apertura,estado,ciudad,calle,cp) VALUES (3,'Mante LLC','2015-07-23','Maryland','Laurel','Hollow Ridge','20709');
INSERT INTO vivero(id_vivero,nombre_vivero,fecha_apertura,estado,ciudad,calle,cp) VALUES (4,'Parker-Rolfson','2008-06-04','Colorado','Pueblo','Carioca','81010');
INSERT INTO vivero(id_vivero,nombre_vivero,fecha_apertura,estado,ciudad,calle,cp) VALUES (5,'Shields, McGlynn and Marvin','2014-02-23','Idaho','Boise','Aberg','83722');
INSERT INTO vivero(id_vivero,nombre_vivero,fecha_apertura,estado,ciudad,calle,cp) VALUES (6,'Conroy and Sons','2007-10-07','Ohio','Cleveland','Kingsford','44118');
INSERT INTO vivero(id_vivero,nombre_vivero,fecha_apertura,estado,ciudad,calle,cp) VALUES (7,'Kihn-Metz','2004-10-21','Indiana','Fort Wayne','Melrose','46805');
INSERT INTO vivero(id_vivero,nombre_vivero,fecha_apertura,estado,ciudad,calle,cp) VALUES (8,'Boyer, Heidenreich and Goyette','2016-09-26','Virginia','Reston','Grasskamp','22096');
INSERT INTO vivero(id_vivero,nombre_vivero,fecha_apertura,estado,ciudad,calle,cp) VALUES (9,'Reinger LLC','2000-03-24','Virginia','Norfolk','Trailsway','23520');
INSERT INTO vivero(id_vivero,nombre_vivero,fecha_apertura,estado,ciudad,calle,cp) VALUES (10,'Hudson-Kuhn','2019-10-07','Kentucky','Lexington','Florence','40505');
INSERT INTO vivero(id_vivero,nombre_vivero,fecha_apertura,estado,ciudad,calle,cp) VALUES (11,'Goldner-O''Kon','2015-12-10','Georgia','Atlanta','Warrior','30343');
INSERT INTO vivero(id_vivero,nombre_vivero,fecha_apertura,estado,ciudad,calle,cp) VALUES (12,'Kuhn Inc','2001-12-20','Virginia','Roanoke','Clemons','24024');
INSERT INTO vivero(id_vivero,nombre_vivero,fecha_apertura,estado,ciudad,calle,cp) VALUES (13,'Ferry-Crooks','2013-12-30','Nevada','Carson City','Eggendart','89706');
INSERT INTO vivero(id_vivero,nombre_vivero,fecha_apertura,estado,ciudad,calle,cp) VALUES (14,'Haley-Rohan','2005-01-10','Nevada','North Las Vegas','Arrowood','89036');
INSERT INTO vivero(id_vivero,nombre_vivero,fecha_apertura,estado,ciudad,calle,cp) VALUES (15,'Bergstrom-Sipes','2002-06-20','Indiana','Evansville','Lakeland','47705');
INSERT INTO vivero(id_vivero,nombre_vivero,fecha_apertura,estado,ciudad,calle,cp) VALUES (16,'Schumm-Hackett','2013-06-08','Florida','Tampa','Waubesa','33610');
INSERT INTO vivero(id_vivero,nombre_vivero,fecha_apertura,estado,ciudad,calle,cp) VALUES (17,'Orn-Friesen','2012-12-29','Kentucky','Louisville','Elka','40225');
INSERT INTO vivero(id_vivero,nombre_vivero,fecha_apertura,estado,ciudad,calle,cp) VALUES (18,'Parisian Group','2018-06-04','Kentucky','Lexington','Golf Course','40546');
INSERT INTO vivero(id_vivero,nombre_vivero,fecha_apertura,estado,ciudad,calle,cp) VALUES (19,'Brakus, Kuvalis and Kassulke','2011-04-05','California','San Bernardino','Texas','92410');
INSERT INTO vivero(id_vivero,nombre_vivero,fecha_apertura,estado,ciudad,calle,cp) VALUES (20,'Olson-Hayes','2021-02-09','Pennsylvania','Philadelphia','Blue Bill Park','19104');
INSERT INTO vivero(id_vivero,nombre_vivero,fecha_apertura,estado,ciudad,calle,cp) VALUES (21,'Macejkovic and Sons','2014-11-05','New York','New York City','Loeprich','10120');
INSERT INTO vivero(id_vivero,nombre_vivero,fecha_apertura,estado,ciudad,calle,cp) VALUES (22,'Blanda, Carroll and Pfannerstill','2003-03-10','Texas','Dallas','Dunning','75358');
INSERT INTO vivero(id_vivero,nombre_vivero,fecha_apertura,estado,ciudad,calle,cp) VALUES (23,'Gislason-Dicki','2015-07-12','New York','Utica','Thackeray','13505');
INSERT INTO vivero(id_vivero,nombre_vivero,fecha_apertura,estado,ciudad,calle,cp) VALUES (24,'Kozey, Hayes and Ortiz','2006-08-18','Kentucky','Lexington','Pawling','40576');
INSERT INTO vivero(id_vivero,nombre_vivero,fecha_apertura,estado,ciudad,calle,cp) VALUES (25,'Bailey-Dickinson','2020-05-21','Alabama','Montgomery','Northwestern','36195');
INSERT INTO vivero(id_vivero,nombre_vivero,fecha_apertura,estado,ciudad,calle,cp) VALUES (26,'Littel LLC','2019-08-21','Alaska','Fairbanks','Sunnyside','99790');
INSERT INTO vivero(id_vivero,nombre_vivero,fecha_apertura,estado,ciudad,calle,cp) VALUES (27,'Hauck-Gerhold','2004-11-24','Michigan','Saginaw','Goodland','48609');
INSERT INTO vivero(id_vivero,nombre_vivero,fecha_apertura,estado,ciudad,calle,cp) VALUES (28,'Rohan Inc','2011-04-06','Illinois','East Saint Louis','Stang','62205');
INSERT INTO vivero(id_vivero,nombre_vivero,fecha_apertura,estado,ciudad,calle,cp) VALUES (29,'Hamill Inc','2010-05-17','Missouri','Saint Louis','Hintze','63121');
INSERT INTO vivero(id_vivero,nombre_vivero,fecha_apertura,estado,ciudad,calle,cp) VALUES (30,'Bergstrom and Sons','2012-12-22','Texas','Spring','Ohio','77388');
INSERT INTO vivero(id_vivero,nombre_vivero,fecha_apertura,estado,ciudad,calle,cp) VALUES (31,'Hamill-Heller','2019-07-06','Ohio','Cleveland','Melody','44125');
INSERT INTO vivero(id_vivero,nombre_vivero,fecha_apertura,estado,ciudad,calle,cp) VALUES (32,'Hahn Inc','2002-08-10','Ohio','Columbus','Weeping Birch','43226');
INSERT INTO vivero(id_vivero,nombre_vivero,fecha_apertura,estado,ciudad,calle,cp) VALUES (33,'Marvin, Lakin and Stiedemann','2005-12-05','California','Fresno','Waubesa','93750');
INSERT INTO vivero(id_vivero,nombre_vivero,fecha_apertura,estado,ciudad,calle,cp) VALUES (34,'Kilback and Sons','2008-08-01','Maryland','Baltimore','Stone Corner','21281');
INSERT INTO vivero(id_vivero,nombre_vivero,fecha_apertura,estado,ciudad,calle,cp) VALUES (35,'Rogahn-Conn','2009-09-26','New York','Yonkers','Merry','10705');
INSERT INTO vivero(id_vivero,nombre_vivero,fecha_apertura,estado,ciudad,calle,cp) VALUES (36,'Cruickshank and Sons','2009-06-07','Florida','Tallahassee','Fulton','32309');
INSERT INTO vivero(id_vivero,nombre_vivero,fecha_apertura,estado,ciudad,calle,cp) VALUES (37,'Durgan-Schulist','2003-05-03','District of Columbia','Washington','Vidon','20409');
INSERT INTO vivero(id_vivero,nombre_vivero,fecha_apertura,estado,ciudad,calle,cp) VALUES (38,'Moore Group','2007-01-29','Georgia','Atlanta','Farragut','31190');
INSERT INTO vivero(id_vivero,nombre_vivero,fecha_apertura,estado,ciudad,calle,cp) VALUES (39,'Marvin Group','2019-09-26','Kentucky','Louisville','Del Sol','40205');
INSERT INTO vivero(id_vivero,nombre_vivero,fecha_apertura,estado,ciudad,calle,cp) VALUES (40,'Jerde Group','2004-12-04','New York','Brooklyn','Sunfield','11241');
INSERT INTO vivero(id_vivero,nombre_vivero,fecha_apertura,estado,ciudad,calle,cp) VALUES (41,'Abernathy and Sons','2012-11-19','New York','New York City','Esker','10029');
INSERT INTO vivero(id_vivero,nombre_vivero,fecha_apertura,estado,ciudad,calle,cp) VALUES (42,'Collins, Roberts and Feest','2019-01-07','Florida','Orlando','Waywood','32854');
INSERT INTO vivero(id_vivero,nombre_vivero,fecha_apertura,estado,ciudad,calle,cp) VALUES (43,'Carroll, Champlin and Schroeder','2000-02-25','Texas','El Paso','La Follette','88546');
INSERT INTO vivero(id_vivero,nombre_vivero,fecha_apertura,estado,ciudad,calle,cp) VALUES (44,'Mohr, Schamberger and Mertz','2000-12-04','Indiana','Fort Wayne','Miller','46805');
INSERT INTO vivero(id_vivero,nombre_vivero,fecha_apertura,estado,ciudad,calle,cp) VALUES (45,'Watsica, Reynolds and Yost','2019-03-26','Wisconsin','Madison','Summerview','53726');
INSERT INTO vivero(id_vivero,nombre_vivero,fecha_apertura,estado,ciudad,calle,cp) VALUES (46,'Rippin and Sons','2007-07-19','Arizona','Mesa','New Castle','85215');
INSERT INTO vivero(id_vivero,nombre_vivero,fecha_apertura,estado,ciudad,calle,cp) VALUES (47,'Harvey Inc','2010-01-22','Connecticut','Waterbury','Anzinger','06726');
INSERT INTO vivero(id_vivero,nombre_vivero,fecha_apertura,estado,ciudad,calle,cp) VALUES (48,'Halvorson LLC','2005-04-08','Texas','Corpus Christi','Ridge Oak','78465');
INSERT INTO vivero(id_vivero,nombre_vivero,fecha_apertura,estado,ciudad,calle,cp) VALUES (49,'Schuster-Crist','2007-11-25','Ohio','Columbus','Banding','43204');
INSERT INTO vivero(id_vivero,nombre_vivero,fecha_apertura,estado,ciudad,calle,cp) VALUES (50,'Kessler LLC','2002-01-19','Colorado','Colorado Springs','Scott','80905');
INSERT INTO vivero(id_vivero,nombre_vivero,fecha_apertura,estado,ciudad,calle,cp) VALUES (51,'Dickinson-Metz','2012-04-02','Texas','Houston','Randy','77030');
INSERT INTO vivero(id_vivero,nombre_vivero,fecha_apertura,estado,ciudad,calle,cp) VALUES (52,'Witting-Connelly','2007-04-21','California','Fresno','Stuart','93709');
INSERT INTO vivero(id_vivero,nombre_vivero,fecha_apertura,estado,ciudad,calle,cp) VALUES (53,'Kiehn-Graham','2011-03-09','Louisiana','New Orleans','Eastlawn','70142');
INSERT INTO vivero(id_vivero,nombre_vivero,fecha_apertura,estado,ciudad,calle,cp) VALUES (54,'Lesch LLC','2016-03-27','Arkansas','Little Rock','Muir','72222');
INSERT INTO vivero(id_vivero,nombre_vivero,fecha_apertura,estado,ciudad,calle,cp) VALUES (55,'Borer, Flatley and Stoltenberg','2003-06-19','Georgia','Columbus','Dawn','31914');
INSERT INTO vivero(id_vivero,nombre_vivero,fecha_apertura,estado,ciudad,calle,cp) VALUES (56,'Weber Group','2008-07-15','Illinois','Springfield','Hauk','62705');
INSERT INTO vivero(id_vivero,nombre_vivero,fecha_apertura,estado,ciudad,calle,cp) VALUES (57,'Mohr, Bergstrom and Green','2007-12-11','Missouri','Saint Louis','Hoffman','63136');
INSERT INTO vivero(id_vivero,nombre_vivero,fecha_apertura,estado,ciudad,calle,cp) VALUES (58,'Ratke and Sons','2007-05-19','California','San Francisco','Briar Crest','94132');
INSERT INTO vivero(id_vivero,nombre_vivero,fecha_apertura,estado,ciudad,calle,cp) VALUES (59,'Parker LLC','2021-02-21','District of Columbia','Washington','Sauthoff','20210');
INSERT INTO vivero(id_vivero,nombre_vivero,fecha_apertura,estado,ciudad,calle,cp) VALUES (60,'Hahn, Hackett and Swaniawski','2020-07-07','Arizona','Phoenix','Vera','85099');
INSERT INTO vivero(id_vivero,nombre_vivero,fecha_apertura,estado,ciudad,calle,cp) VALUES (61,'Smith LLC','2010-05-18','District of Columbia','Washington','Kingsford','20260');
INSERT INTO vivero(id_vivero,nombre_vivero,fecha_apertura,estado,ciudad,calle,cp) VALUES (62,'Gusikowski-Weber','2005-12-06','Massachusetts','Springfield','Hanson','01105');
INSERT INTO vivero(id_vivero,nombre_vivero,fecha_apertura,estado,ciudad,calle,cp) VALUES (63,'Marquardt Inc','2022-05-12','Arizona','Phoenix','Nancy','85053');
INSERT INTO vivero(id_vivero,nombre_vivero,fecha_apertura,estado,ciudad,calle,cp) VALUES (64,'Jerde, Stark and Hilpert','2021-07-20','Texas','Dallas','Crest Line','75353');
INSERT INTO vivero(id_vivero,nombre_vivero,fecha_apertura,estado,ciudad,calle,cp) VALUES (65,'Mayer-Jerde','2021-02-23','California','San Bernardino','Lukken','92415');
INSERT INTO vivero(id_vivero,nombre_vivero,fecha_apertura,estado,ciudad,calle,cp) VALUES (66,'Turner, Reichert and Wiza','2007-09-19','Tennessee','Memphis','Del Mar','38197');
INSERT INTO vivero(id_vivero,nombre_vivero,fecha_apertura,estado,ciudad,calle,cp) VALUES (67,'Jones, Davis and Tillman','2022-01-02','Alaska','Anchorage','Reinke','99522');
INSERT INTO vivero(id_vivero,nombre_vivero,fecha_apertura,estado,ciudad,calle,cp) VALUES (68,'Fisher, Mitchell and Torphy','2008-05-09','Nevada','North Las Vegas','Shopko','89087');
INSERT INTO vivero(id_vivero,nombre_vivero,fecha_apertura,estado,ciudad,calle,cp) VALUES (69,'Terry and Sons','2006-12-21','Florida','Lakeland','Blue Bill Park','33805');
INSERT INTO vivero(id_vivero,nombre_vivero,fecha_apertura,estado,ciudad,calle,cp) VALUES (70,'Glover-Abshire','2009-10-19','Kentucky','Frankfort','Old Gate','40618');
INSERT INTO vivero(id_vivero,nombre_vivero,fecha_apertura,estado,ciudad,calle,cp) VALUES (71,'Jerde and Sons','2007-01-27','Texas','El Paso','Golden Leaf','79977');
INSERT INTO vivero(id_vivero,nombre_vivero,fecha_apertura,estado,ciudad,calle,cp) VALUES (72,'Dach-Hermiston','2001-11-04','Michigan','Lansing','Sycamore','48956');
INSERT INTO vivero(id_vivero,nombre_vivero,fecha_apertura,estado,ciudad,calle,cp) VALUES (73,'Moen, Larson and Ernser','2007-04-13','New York','New York City','Killdeer','10105');
INSERT INTO vivero(id_vivero,nombre_vivero,fecha_apertura,estado,ciudad,calle,cp) VALUES (74,'Pfannerstill Inc','2009-08-30','Connecticut','Bridgeport','Crest Line','06606');
INSERT INTO vivero(id_vivero,nombre_vivero,fecha_apertura,estado,ciudad,calle,cp) VALUES (75,'Muller, Leannon and DuBuque','2019-07-27','Alabama','Huntsville','Gateway','35810');
INSERT INTO vivero(id_vivero,nombre_vivero,fecha_apertura,estado,ciudad,calle,cp) VALUES (76,'Christiansen LLC','2017-10-07','Texas','El Paso','7th','79945');
INSERT INTO vivero(id_vivero,nombre_vivero,fecha_apertura,estado,ciudad,calle,cp) VALUES (77,'Armstrong-Bechtelar','2006-09-11','Florida','Naples','Jenifer','33963');
INSERT INTO vivero(id_vivero,nombre_vivero,fecha_apertura,estado,ciudad,calle,cp) VALUES (78,'Stroman-Cassin','2022-10-04','Oregon','Portland','Talisman','97201');
INSERT INTO vivero(id_vivero,nombre_vivero,fecha_apertura,estado,ciudad,calle,cp) VALUES (79,'Huel-Cole','2008-09-14','Maryland','Baltimore','Buena Vista','21229');
INSERT INTO vivero(id_vivero,nombre_vivero,fecha_apertura,estado,ciudad,calle,cp) VALUES (80,'Beier, Kling and Terry','2016-02-13','California','Fresno','Caliangt','93740');
INSERT INTO vivero(id_vivero,nombre_vivero,fecha_apertura,estado,ciudad,calle,cp) VALUES (81,'Rolfson, Swaniawski and Fahey','2005-02-18','New York','New York City','Grasskamp','10170');
INSERT INTO vivero(id_vivero,nombre_vivero,fecha_apertura,estado,ciudad,calle,cp) VALUES (82,'Feest, Block and Zemlak','2005-07-01','Arizona','Chandler','Everett','85246');
INSERT INTO vivero(id_vivero,nombre_vivero,fecha_apertura,estado,ciudad,calle,cp) VALUES (83,'Bogan LLC','2009-06-30','Georgia','Atlanta','Sunfield','31119');
INSERT INTO vivero(id_vivero,nombre_vivero,fecha_apertura,estado,ciudad,calle,cp) VALUES (84,'Boyle Inc','2007-04-28','California','Orange','Grim','92668');
INSERT INTO vivero(id_vivero,nombre_vivero,fecha_apertura,estado,ciudad,calle,cp) VALUES (85,'Rolfson, Cartwright and Gleason','2003-12-31','West Virginia','Charleston','Division','25331');
INSERT INTO vivero(id_vivero,nombre_vivero,fecha_apertura,estado,ciudad,calle,cp) VALUES (86,'Ward Group','2009-12-28','Tennessee','Chattanooga','Continental','37450');
INSERT INTO vivero(id_vivero,nombre_vivero,fecha_apertura,estado,ciudad,calle,cp) VALUES (87,'Cartwright Inc','2000-04-29','California','Simi Valley','Graceland','93094');
INSERT INTO vivero(id_vivero,nombre_vivero,fecha_apertura,estado,ciudad,calle,cp) VALUES (88,'Tromp and Sons','2021-05-31','Pennsylvania','Philadelphia','Shelley','19160');
INSERT INTO vivero(id_vivero,nombre_vivero,fecha_apertura,estado,ciudad,calle,cp) VALUES (89,'Satterfield-Kertzmann','2022-02-05','New Jersey','Newark','Scoville','07188');
INSERT INTO vivero(id_vivero,nombre_vivero,fecha_apertura,estado,ciudad,calle,cp) VALUES (90,'Will-Rutherford','2009-06-27','California','Redwood City','Debs','94064');
INSERT INTO vivero(id_vivero,nombre_vivero,fecha_apertura,estado,ciudad,calle,cp) VALUES (91,'Carter-Lang','2007-04-09','Utah','Provo','Leroy','84605');
INSERT INTO vivero(id_vivero,nombre_vivero,fecha_apertura,estado,ciudad,calle,cp) VALUES (92,'Anderson LLC','2013-03-27','Arizona','Prescott','Troy','86305');
INSERT INTO vivero(id_vivero,nombre_vivero,fecha_apertura,estado,ciudad,calle,cp) VALUES (93,'Wyman, Ernser and Predovic','2016-06-24','Kentucky','Louisville','Pennsylvania','40215');
INSERT INTO vivero(id_vivero,nombre_vivero,fecha_apertura,estado,ciudad,calle,cp) VALUES (94,'Wiza Group','2020-06-21','New York','Albany','Comanche','12242');
INSERT INTO vivero(id_vivero,nombre_vivero,fecha_apertura,estado,ciudad,calle,cp) VALUES (95,'Emard-Klein','2005-05-01','Tennessee','Knoxville','Pawling','37939');
INSERT INTO vivero(id_vivero,nombre_vivero,fecha_apertura,estado,ciudad,calle,cp) VALUES (96,'Bernhard-Simonis','2002-04-06','Texas','Arlington','Debs','76004');
INSERT INTO vivero(id_vivero,nombre_vivero,fecha_apertura,estado,ciudad,calle,cp) VALUES (97,'Bernier-Daniel','2017-08-06','Idaho','Boise','Shopko','83722');
INSERT INTO vivero(id_vivero,nombre_vivero,fecha_apertura,estado,ciudad,calle,cp) VALUES (98,'Kertzmann-Swift','2000-11-30','Pennsylvania','Philadelphia','Burrows','19136');
INSERT INTO vivero(id_vivero,nombre_vivero,fecha_apertura,estado,ciudad,calle,cp) VALUES (99,'Jakubowski and Sons','2012-01-27','Texas','Arlington','Mccormick','76004');
INSERT INTO vivero(id_vivero,nombre_vivero,fecha_apertura,estado,ciudad,calle,cp) VALUES (100,'Nolan-Fritsch','2004-04-06','Colorado','Denver','Quincy','80209');

INSERT INTO c_tipo_planta(id_tp,descripcion) VALUES (682896,'Duis bibendum.');
INSERT INTO c_tipo_planta(id_tp,descripcion) VALUES (836875,'Nunc purus.');
INSERT INTO c_tipo_planta(id_tp,descripcion) VALUES (604842,'Nulla tellus.');
INSERT INTO c_tipo_planta(id_tp,descripcion) VALUES (121916,'Proin leo odio, porttitor id, consequat in, consequat ut, nulla.');
INSERT INTO c_tipo_planta(id_tp,descripcion) VALUES (168059,'Sed ante.');
INSERT INTO c_tipo_planta(id_tp,descripcion) VALUES (336560,'Quisque erat eros, viverra eget, congue eget, semper rutrum, nulla.');
INSERT INTO c_tipo_planta(id_tp,descripcion) VALUES (504577,'Morbi non lectus.');
INSERT INTO c_tipo_planta(id_tp,descripcion) VALUES (357571,'Maecenas tristique, est et tempus semper, est quam pharetra magna, ac consequat metus sapien ut nunc.');
INSERT INTO c_tipo_planta(id_tp,descripcion) VALUES (425417,'Pellentesque at nulla.');
INSERT INTO c_tipo_planta(id_tp,descripcion) VALUES (221954,'Maecenas rhoncus aliquam lacus.');
INSERT INTO c_tipo_planta(id_tp,descripcion) VALUES (280672,'Pellentesque viverra pede ac diam.');
INSERT INTO c_tipo_planta(id_tp,descripcion) VALUES (794518,'Aenean fermentum.');
INSERT INTO c_tipo_planta(id_tp,descripcion) VALUES (763375,'Nulla tempus.');
INSERT INTO c_tipo_planta(id_tp,descripcion) VALUES (642684,'In sagittis dui vel nisl.');
INSERT INTO c_tipo_planta(id_tp,descripcion) VALUES (479412,'Praesent blandit.');
INSERT INTO c_tipo_planta(id_tp,descripcion) VALUES (230047,'Maecenas ut massa quis augue luctus tincidunt.');
INSERT INTO c_tipo_planta(id_tp,descripcion) VALUES (37826,'Nullam molestie nibh in lectus.');
INSERT INTO c_tipo_planta(id_tp,descripcion) VALUES (569617,'Lorem ipsum dolor sit amet, consectetuer adipiscing elit.');
INSERT INTO c_tipo_planta(id_tp,descripcion) VALUES (444381,'Nullam molestie nibh in lectus.');
INSERT INTO c_tipo_planta(id_tp,descripcion) VALUES (590642,'Nam dui.');
INSERT INTO c_tipo_planta(id_tp,descripcion) VALUES (325224,'Morbi ut odio.');
INSERT INTO c_tipo_planta(id_tp,descripcion) VALUES (110354,'Nam ultrices, libero non mattis pulvinar, nulla pede ullamcorper augue, a suscipit nulla elit ac nulla.');
INSERT INTO c_tipo_planta(id_tp,descripcion) VALUES (784754,'Morbi non quam nec dui luctus rutrum.');
INSERT INTO c_tipo_planta(id_tp,descripcion) VALUES (521198,'Morbi sem mauris, laoreet ut, rhoncus aliquet, pulvinar sed, nisl.');
INSERT INTO c_tipo_planta(id_tp,descripcion) VALUES (409188,'Cras mi pede, malesuada in, imperdiet et, commodo vulputate, justo.');
INSERT INTO c_tipo_planta(id_tp,descripcion) VALUES (440787,'In sagittis dui vel nisl.');
INSERT INTO c_tipo_planta(id_tp,descripcion) VALUES (77928,'Pellentesque viverra pede ac diam.');
INSERT INTO c_tipo_planta(id_tp,descripcion) VALUES (972937,'Nunc nisl.');
INSERT INTO c_tipo_planta(id_tp,descripcion) VALUES (212286,'In sagittis dui vel nisl.');
INSERT INTO c_tipo_planta(id_tp,descripcion) VALUES (51132,'Pellentesque viverra pede ac diam.');
INSERT INTO c_tipo_planta(id_tp,descripcion) VALUES (68092,'In sagittis dui vel nisl.');
INSERT INTO c_tipo_planta(id_tp,descripcion) VALUES (257860,'Morbi non lectus.');
INSERT INTO c_tipo_planta(id_tp,descripcion) VALUES (242223,'Mauris enim leo, rhoncus sed, vestibulum sit amet, cursus id, turpis.');
INSERT INTO c_tipo_planta(id_tp,descripcion) VALUES (603600,'Sed ante.');
INSERT INTO c_tipo_planta(id_tp,descripcion) VALUES (557121,'Nullam sit amet turpis elementum ligula vehicula consequat.');
INSERT INTO c_tipo_planta(id_tp,descripcion) VALUES (947912,'Suspendisse accumsan tortor quis turpis.');
INSERT INTO c_tipo_planta(id_tp,descripcion) VALUES (318832,'Maecenas tristique, est et tempus semper, est quam pharetra magna, ac consequat metus sapien ut nunc.');
INSERT INTO c_tipo_planta(id_tp,descripcion) VALUES (771440,'In hac habitasse platea dictumst.');
INSERT INTO c_tipo_planta(id_tp,descripcion) VALUES (926345,'Integer a nibh.');
INSERT INTO c_tipo_planta(id_tp,descripcion) VALUES (561376,'Mauris lacinia sapien quis libero.');
INSERT INTO c_tipo_planta(id_tp,descripcion) VALUES (129913,'Maecenas tristique, est et tempus semper, est quam pharetra magna, ac consequat metus sapien ut nunc.');
INSERT INTO c_tipo_planta(id_tp,descripcion) VALUES (219580,'Vivamus tortor.');
INSERT INTO c_tipo_planta(id_tp,descripcion) VALUES (592784,'Nullam porttitor lacus at turpis.');
INSERT INTO c_tipo_planta(id_tp,descripcion) VALUES (854861,'Duis bibendum, felis sed interdum venenatis, turpis enim blandit mi, in porttitor pede justo eu massa.');
INSERT INTO c_tipo_planta(id_tp,descripcion) VALUES (731681,'Nam dui.');
INSERT INTO c_tipo_planta(id_tp,descripcion) VALUES (133565,'Quisque porta volutpat erat.');
INSERT INTO c_tipo_planta(id_tp,descripcion) VALUES (787342,'Cras pellentesque volutpat dui.');
INSERT INTO c_tipo_planta(id_tp,descripcion) VALUES (916729,'Nam congue, risus semper porta volutpat, quam pede lobortis ligula, sit amet eleifend pede libero quis orci.');
INSERT INTO c_tipo_planta(id_tp,descripcion) VALUES (934086,'Duis aliquam convallis nunc.');
INSERT INTO c_tipo_planta(id_tp,descripcion) VALUES (180737,'In eleifend quam a odio.');
INSERT INTO c_tipo_planta(id_tp,descripcion) VALUES (131345,'Vestibulum ante ipsum primis in faucibus orci luctus et ultrices posuere cubilia Curae; Duis faucibus accumsan odio.');
INSERT INTO c_tipo_planta(id_tp,descripcion) VALUES (809441,'Nullam porttitor lacus at turpis.');
INSERT INTO c_tipo_planta(id_tp,descripcion) VALUES (367706,'Fusce consequat.');
INSERT INTO c_tipo_planta(id_tp,descripcion) VALUES (814212,'Sed vel enim sit amet nunc viverra dapibus.');
INSERT INTO c_tipo_planta(id_tp,descripcion) VALUES (361236,'Aenean auctor gravida sem.');
INSERT INTO c_tipo_planta(id_tp,descripcion) VALUES (106189,'Vestibulum quam sapien, varius ut, blandit non, interdum in, ante.');
INSERT INTO c_tipo_planta(id_tp,descripcion) VALUES (546849,'In quis justo.');
INSERT INTO c_tipo_planta(id_tp,descripcion) VALUES (985202,'Fusce congue, diam id ornare imperdiet, sapien urna pretium nisl, ut volutpat sapien arcu sed augue.');
INSERT INTO c_tipo_planta(id_tp,descripcion) VALUES (980015,'Nullam varius.');
INSERT INTO c_tipo_planta(id_tp,descripcion) VALUES (797502,'Morbi quis tortor id nulla ultrices aliquet.');
INSERT INTO c_tipo_planta(id_tp,descripcion) VALUES (8192,'Integer tincidunt ante vel ipsum.');
INSERT INTO c_tipo_planta(id_tp,descripcion) VALUES (325196,'Nam dui.');
INSERT INTO c_tipo_planta(id_tp,descripcion) VALUES (59959,'Duis aliquam convallis nunc.');
INSERT INTO c_tipo_planta(id_tp,descripcion) VALUES (491197,'Nullam varius.');
INSERT INTO c_tipo_planta(id_tp,descripcion) VALUES (74239,'Fusce consequat.');
INSERT INTO c_tipo_planta(id_tp,descripcion) VALUES (825784,'In quis justo.');
INSERT INTO c_tipo_planta(id_tp,descripcion) VALUES (553331,'Duis bibendum, felis sed interdum venenatis, turpis enim blandit mi, in porttitor pede justo eu massa.');
INSERT INTO c_tipo_planta(id_tp,descripcion) VALUES (793918,'Integer ac neque.');
INSERT INTO c_tipo_planta(id_tp,descripcion) VALUES (538231,'Quisque porta volutpat erat.');
INSERT INTO c_tipo_planta(id_tp,descripcion) VALUES (25008,'Donec posuere metus vitae ipsum.');
INSERT INTO c_tipo_planta(id_tp,descripcion) VALUES (665585,'Proin at turpis a pede posuere nonummy.');
INSERT INTO c_tipo_planta(id_tp,descripcion) VALUES (508371,'Pellentesque ultrices mattis odio.');
INSERT INTO c_tipo_planta(id_tp,descripcion) VALUES (218574,'Morbi vel lectus in quam fringilla rhoncus.');
INSERT INTO c_tipo_planta(id_tp,descripcion) VALUES (999440,'Etiam faucibus cursus urna.');
INSERT INTO c_tipo_planta(id_tp,descripcion) VALUES (496403,'Cum sociis natoque penatibus et magnis dis parturient montes, nascetur ridiculus mus.');
INSERT INTO c_tipo_planta(id_tp,descripcion) VALUES (685838,'Morbi a ipsum.');
INSERT INTO c_tipo_planta(id_tp,descripcion) VALUES (993022,'Suspendisse potenti.');
INSERT INTO c_tipo_planta(id_tp,descripcion) VALUES (337622,'Vivamus tortor.');
INSERT INTO c_tipo_planta(id_tp,descripcion) VALUES (292357,'Proin interdum mauris non ligula pellentesque ultrices.');
INSERT INTO c_tipo_planta(id_tp,descripcion) VALUES (528184,'Donec ut mauris eget massa tempor convallis.');
INSERT INTO c_tipo_planta(id_tp,descripcion) VALUES (481068,'Phasellus in felis.');
INSERT INTO c_tipo_planta(id_tp,descripcion) VALUES (316249,'Nulla ac enim.');
INSERT INTO c_tipo_planta(id_tp,descripcion) VALUES (206942,'In tempor, turpis nec euismod scelerisque, quam turpis adipiscing lorem, vitae mattis nibh ligula nec sem.');
INSERT INTO c_tipo_planta(id_tp,descripcion) VALUES (328525,'Lorem ipsum dolor sit amet, consectetuer adipiscing elit.');
INSERT INTO c_tipo_planta(id_tp,descripcion) VALUES (668428,'Proin interdum mauris non ligula pellentesque ultrices.');
INSERT INTO c_tipo_planta(id_tp,descripcion) VALUES (427082,'Vestibulum ante ipsum primis in faucibus orci luctus et ultrices posuere cubilia Curae; Mauris viverra diam vitae quam.');
INSERT INTO c_tipo_planta(id_tp,descripcion) VALUES (292039,'Suspendisse potenti.');
INSERT INTO c_tipo_planta(id_tp,descripcion) VALUES (337241,'Nulla mollis molestie lorem.');
INSERT INTO c_tipo_planta(id_tp,descripcion) VALUES (829284,'Nullam sit amet turpis elementum ligula vehicula consequat.');
INSERT INTO c_tipo_planta(id_tp,descripcion) VALUES (451513,'Maecenas leo odio, condimentum id, luctus nec, molestie sed, justo.');
INSERT INTO c_tipo_planta(id_tp,descripcion) VALUES (441733,'Curabitur gravida nisi at nibh.');
INSERT INTO c_tipo_planta(id_tp,descripcion) VALUES (934007,'Phasellus in felis.');
INSERT INTO c_tipo_planta(id_tp,descripcion) VALUES (180092,'Fusce lacus purus, aliquet at, feugiat non, pretium quis, lectus.');
INSERT INTO c_tipo_planta(id_tp,descripcion) VALUES (582337,'Pellentesque viverra pede ac diam.');
INSERT INTO c_tipo_planta(id_tp,descripcion) VALUES (229244,'In sagittis dui vel nisl.');
INSERT INTO c_tipo_planta(id_tp,descripcion) VALUES (994883,'Lorem ipsum dolor sit amet, consectetuer adipiscing elit.');
INSERT INTO c_tipo_planta(id_tp,descripcion) VALUES (621150,'Pellentesque at nulla.');
INSERT INTO c_tipo_planta(id_tp,descripcion) VALUES (115648,'Vestibulum ante ipsum primis in faucibus orci luctus et ultrices posuere cubilia Curae; Mauris viverra diam vitae quam.');
INSERT INTO c_tipo_planta(id_tp,descripcion) VALUES (534468,'Sed vel enim sit amet nunc viverra dapibus.');
INSERT INTO c_tipo_planta(id_tp,descripcion) VALUES (354157,'In hac habitasse platea dictumst.');
INSERT INTO c_tipo_planta(id_tp,descripcion) VALUES (185644,'Donec semper sapien a libero.');
INSERT INTO c_tipo_planta(id_tp,descripcion) VALUES (287264,'Mauris sit amet eros.');
INSERT INTO c_tipo_planta(id_tp,descripcion) VALUES (653905,'Cum sociis natoque penatibus et magnis dis parturient montes, nascetur ridiculus mus.');
INSERT INTO c_tipo_planta(id_tp,descripcion) VALUES (126832,'Nullam orci pede, venenatis non, sodales sed, tincidunt eu, felis.');
INSERT INTO c_tipo_planta(id_tp,descripcion) VALUES (615508,'Aliquam erat volutpat.');
INSERT INTO c_tipo_planta(id_tp,descripcion) VALUES (829410,'Integer ac leo.');
INSERT INTO c_tipo_planta(id_tp,descripcion) VALUES (999271,'Donec posuere metus vitae ipsum.');
INSERT INTO c_tipo_planta(id_tp,descripcion) VALUES (90695,'Nullam sit amet turpis elementum ligula vehicula consequat.');
INSERT INTO c_tipo_planta(id_tp,descripcion) VALUES (607286,'Cras mi pede, malesuada in, imperdiet et, commodo vulputate, justo.');
INSERT INTO c_tipo_planta(id_tp,descripcion) VALUES (619051,'Sed sagittis.');
INSERT INTO c_tipo_planta(id_tp,descripcion) VALUES (482584,'Maecenas tristique, est et tempus semper, est quam pharetra magna, ac consequat metus sapien ut nunc.');
INSERT INTO c_tipo_planta(id_tp,descripcion) VALUES (599453,'Cras in purus eu magna vulputate luctus.');
INSERT INTO c_tipo_planta(id_tp,descripcion) VALUES (949287,'Fusce lacus purus, aliquet at, feugiat non, pretium quis, lectus.');
INSERT INTO c_tipo_planta(id_tp,descripcion) VALUES (421671,'Pellentesque ultrices mattis odio.');
INSERT INTO c_tipo_planta(id_tp,descripcion) VALUES (213672,'In hac habitasse platea dictumst.');
INSERT INTO c_tipo_planta(id_tp,descripcion) VALUES (71163,'Duis mattis egestas metus.');
INSERT INTO c_tipo_planta(id_tp,descripcion) VALUES (625916,'Quisque porta volutpat erat.');
INSERT INTO c_tipo_planta(id_tp,descripcion) VALUES (445800,'Nulla facilisi.');
INSERT INTO c_tipo_planta(id_tp,descripcion) VALUES (592847,'Morbi non lectus.');
INSERT INTO c_tipo_planta(id_tp,descripcion) VALUES (637940,'Proin eu mi.');
INSERT INTO c_tipo_planta(id_tp,descripcion) VALUES (969001,'Sed vel enim sit amet nunc viverra dapibus.');
INSERT INTO c_tipo_planta(id_tp,descripcion) VALUES (76791,'Proin at turpis a pede posuere nonummy.');
INSERT INTO c_tipo_planta(id_tp,descripcion) VALUES (559486,'In hac habitasse platea dictumst.');
INSERT INTO c_tipo_planta(id_tp,descripcion) VALUES (300781,'Morbi a ipsum.');
INSERT INTO c_tipo_planta(id_tp,descripcion) VALUES (459233,'Etiam justo.');
INSERT INTO c_tipo_planta(id_tp,descripcion) VALUES (254218,'Vestibulum quam sapien, varius ut, blandit non, interdum in, ante.');
INSERT INTO c_tipo_planta(id_tp,descripcion) VALUES (701259,'Integer non velit.');
INSERT INTO c_tipo_planta(id_tp,descripcion) VALUES (305039,'Sed ante.');
INSERT INTO c_tipo_planta(id_tp,descripcion) VALUES (490496,'Proin risus.');
INSERT INTO c_tipo_planta(id_tp,descripcion) VALUES (616118,'Fusce posuere felis sed lacus.');
INSERT INTO c_tipo_planta(id_tp,descripcion) VALUES (774417,'Cras pellentesque volutpat dui.');
INSERT INTO c_tipo_planta(id_tp,descripcion) VALUES (444587,'Nam tristique tortor eu pede.');
INSERT INTO c_tipo_planta(id_tp,descripcion) VALUES (377047,'Nam nulla.');
INSERT INTO c_tipo_planta(id_tp,descripcion) VALUES (966472,'Fusce posuere felis sed lacus.');
INSERT INTO c_tipo_planta(id_tp,descripcion) VALUES (394098,'Nullam sit amet turpis elementum ligula vehicula consequat.');
INSERT INTO c_tipo_planta(id_tp,descripcion) VALUES (72640,'Vivamus vel nulla eget eros elementum pellentesque.');
INSERT INTO c_tipo_planta(id_tp,descripcion) VALUES (469260,'Pellentesque viverra pede ac diam.');
INSERT INTO c_tipo_planta(id_tp,descripcion) VALUES (540866,'Curabitur at ipsum ac tellus semper interdum.');
INSERT INTO c_tipo_planta(id_tp,descripcion) VALUES (933165,'Donec odio justo, sollicitudin ut, suscipit a, feugiat et, eros.');
INSERT INTO c_tipo_planta(id_tp,descripcion) VALUES (823849,'Duis mattis egestas metus.');
INSERT INTO c_tipo_planta(id_tp,descripcion) VALUES (310049,'Vivamus metus arcu, adipiscing molestie, hendrerit at, vulputate vitae, nisl.');
INSERT INTO c_tipo_planta(id_tp,descripcion) VALUES (479660,'Quisque porta volutpat erat.');
INSERT INTO c_tipo_planta(id_tp,descripcion) VALUES (803006,'Proin interdum mauris non ligula pellentesque ultrices.');
INSERT INTO c_tipo_planta(id_tp,descripcion) VALUES (638168,'In tempor, turpis nec euismod scelerisque, quam turpis adipiscing lorem, vitae mattis nibh ligula nec sem.');
INSERT INTO c_tipo_planta(id_tp,descripcion) VALUES (826965,'Pellentesque at nulla.');
INSERT INTO c_tipo_planta(id_tp,descripcion) VALUES (435836,'Nunc nisl.');
INSERT INTO c_tipo_planta(id_tp,descripcion) VALUES (730505,'Morbi porttitor lorem id ligula.');
INSERT INTO c_tipo_planta(id_tp,descripcion) VALUES (625892,'Nulla ac enim.');
INSERT INTO c_tipo_planta(id_tp,descripcion) VALUES (496824,'Quisque erat eros, viverra eget, congue eget, semper rutrum, nulla.');
INSERT INTO c_tipo_planta(id_tp,descripcion) VALUES (159002,'In quis justo.');

INSERT INTO planta(id_planta,id_vivero,id_tp,precio,fecha_germinacion,sustrato,genero,nombre_planta) VALUES (173833,10,763375,743,'2022-04-12','Glass','Acarosporaceae','Cracked Lichen');
INSERT INTO planta(id_planta,id_vivero,id_tp,precio,fecha_germinacion,sustrato,genero,nombre_planta) VALUES (863226,6,771440,055,'2022-01-22','Steel','Poaceae','South African Oatgrass');
INSERT INTO planta(id_planta,id_vivero,id_tp,precio,fecha_germinacion,sustrato,genero,nombre_planta) VALUES (34771,90,168059,420,'2022-10-14','Stone','Fabaceae','Common Bird''s-foot');
INSERT INTO planta(id_planta,id_vivero,id_tp,precio,fecha_germinacion,sustrato,genero,nombre_planta) VALUES (593873,92,51132,367,'2022-01-01','Glass','Asteraceae','Clear Creek Fleabane');
INSERT INTO planta(id_planta,id_vivero,id_tp,precio,fecha_germinacion,sustrato,genero,nombre_planta) VALUES (967412,56,310049,755,'2022-01-28','Plastic','Euphorbiaceae','Tall Silverbush');
INSERT INTO planta(id_planta,id_vivero,id_tp,precio,fecha_germinacion,sustrato,genero,nombre_planta) VALUES (975262,85,8192,806,'2022-08-30','Vinyl','Scrophulariaceae','Egg Lake Monkeyflower');
INSERT INTO planta(id_planta,id_vivero,id_tp,precio,fecha_germinacion,sustrato,genero,nombre_planta) VALUES (137087,48,637940,090,'2022-09-17','Aluminum','Hydrophyllaceae','Miami Mist');
INSERT INTO planta(id_planta,id_vivero,id_tp,precio,fecha_germinacion,sustrato,genero,nombre_planta) VALUES (645055,57,213672,399,'2022-08-08','Plexiglass','Rosaceae','Nootka Rose');
INSERT INTO planta(id_planta,id_vivero,id_tp,precio,fecha_germinacion,sustrato,genero,nombre_planta) VALUES (211005,20,528184,688,'2022-01-15','Wood','Asteraceae','Smallhead Tetramolopium');
INSERT INTO planta(id_planta,id_vivero,id_tp,precio,fecha_germinacion,sustrato,genero,nombre_planta) VALUES (217267,67,361236,776,'2022-08-03','Vinyl','Liliaceae','San Clemente Island Brodiaea');
INSERT INTO planta(id_planta,id_vivero,id_tp,precio,fecha_germinacion,sustrato,genero,nombre_planta) VALUES (145691,67,25008,323,'2022-10-08','Rubber','Rutaceae','Haleakala Melicope');
INSERT INTO planta(id_planta,id_vivero,id_tp,precio,fecha_germinacion,sustrato,genero,nombre_planta) VALUES (630436,97,229244,603,'2022-06-07','Plastic','Gnetaceae','Jointfir');
INSERT INTO planta(id_planta,id_vivero,id_tp,precio,fecha_germinacion,sustrato,genero,nombre_planta) VALUES (729420,88,599453,189,'2022-04-03','Rubber','Campanulaceae','Papery Cyanea');
INSERT INTO planta(id_planta,id_vivero,id_tp,precio,fecha_germinacion,sustrato,genero,nombre_planta) VALUES (446020,81,490496,572,'2022-01-12','Glass','Portulacaceae','Spiny Fameflower');
INSERT INTO planta(id_planta,id_vivero,id_tp,precio,fecha_germinacion,sustrato,genero,nombre_planta) VALUES (958968,87,592784,527,'2022-08-26','Steel','Vitaceae','Pilgrim Grape');
INSERT INTO planta(id_planta,id_vivero,id_tp,precio,fecha_germinacion,sustrato,genero,nombre_planta) VALUES (9244,76,367706,173,'2022-09-07','Rubber','Fabaceae','Brewer''s Lupine');
INSERT INTO planta(id_planta,id_vivero,id_tp,precio,fecha_germinacion,sustrato,genero,nombre_planta) VALUES (3724,66,76791,718,'2022-01-04','Plexiglass','Brassicaceae','Aphragmus');
INSERT INTO planta(id_planta,id_vivero,id_tp,precio,fecha_germinacion,sustrato,genero,nombre_planta) VALUES (448505,91,625892,031,'2022-10-08','Vinyl','Saxifragaceae','American Alumroot');
INSERT INTO planta(id_planta,id_vivero,id_tp,precio,fecha_germinacion,sustrato,genero,nombre_planta) VALUES (721277,78,668428,161,'2022-09-20','Rubber','Caricaceae','Mountain Papaya');
INSERT INTO planta(id_planta,id_vivero,id_tp,precio,fecha_germinacion,sustrato,genero,nombre_planta) VALUES (50230,24,292039,356,'2022-02-16','Rubber','Asteraceae','Hempleaf Ragwort');
INSERT INTO planta(id_planta,id_vivero,id_tp,precio,fecha_germinacion,sustrato,genero,nombre_planta) VALUES (476403,95,336560,094,'2022-06-15','Plexiglass','Poaceae','Iowa Barley');
INSERT INTO planta(id_planta,id_vivero,id_tp,precio,fecha_germinacion,sustrato,genero,nombre_planta) VALUES (241101,21,825784,282,'2022-10-21','Brass','Actinidiaceae','Kiwi');
INSERT INTO planta(id_planta,id_vivero,id_tp,precio,fecha_germinacion,sustrato,genero,nombre_planta) VALUES (732665,70,504577,266,'2022-02-04','Granite','Linaceae','Lewis Flax');
INSERT INTO planta(id_planta,id_vivero,id_tp,precio,fecha_germinacion,sustrato,genero,nombre_planta) VALUES (441922,85,599453,454,'2022-04-09','Stone','Rubiaceae','Arabian Coffee');
INSERT INTO planta(id_planta,id_vivero,id_tp,precio,fecha_germinacion,sustrato,genero,nombre_planta) VALUES (198011,14,763375,378,'2022-04-20','Aluminum','Poaceae','Lakeshore Panicgrass');
INSERT INTO planta(id_planta,id_vivero,id_tp,precio,fecha_germinacion,sustrato,genero,nombre_planta) VALUES (344357,74,361236,444,'2022-08-05','Steel','Cactaceae','Spinystar');
INSERT INTO planta(id_planta,id_vivero,id_tp,precio,fecha_germinacion,sustrato,genero,nombre_planta) VALUES (229062,45,508371,336,'2022-09-27','Rubber','Boraginaceae','Tawny Cryptantha');
INSERT INTO planta(id_planta,id_vivero,id_tp,precio,fecha_germinacion,sustrato,genero,nombre_planta) VALUES (727536,42,496824,099,'2022-05-02','Vinyl','Scrophulariaceae','Idaho Kittentails');
INSERT INTO planta(id_planta,id_vivero,id_tp,precio,fecha_germinacion,sustrato,genero,nombre_planta) VALUES (727820,59,367706,543,'2022-06-25','Stone','Asteraceae','Riddell''s Goldenrod');
INSERT INTO planta(id_planta,id_vivero,id_tp,precio,fecha_germinacion,sustrato,genero,nombre_planta) VALUES (236138,40,825784,917,'2022-10-31','Granite','Aspleniaceae','Shinystem Spleenwort');
INSERT INTO planta(id_planta,id_vivero,id_tp,precio,fecha_germinacion,sustrato,genero,nombre_planta) VALUES (575030,22,599453,994,'2022-08-07','Rubber','Gomphillaceae','Echinoplaca Lichen');
INSERT INTO planta(id_planta,id_vivero,id_tp,precio,fecha_germinacion,sustrato,genero,nombre_planta) VALUES (724464,89,784754,524,'2022-08-12','Brass','Dactylosporaceae','Dactylospora Lichen');
INSERT INTO planta(id_planta,id_vivero,id_tp,precio,fecha_germinacion,sustrato,genero,nombre_planta) VALUES (799954,11,25008,215,'2022-05-25','Glass','Fabaceae','Utah Sweetvetch');
INSERT INTO planta(id_planta,id_vivero,id_tp,precio,fecha_germinacion,sustrato,genero,nombre_planta) VALUES (742892,55,528184,825,'2022-01-30','Plastic','Polygonaceae','Curlytop Knotweed');
INSERT INTO planta(id_planta,id_vivero,id_tp,precio,fecha_germinacion,sustrato,genero,nombre_planta) VALUES (741542,65,292357,136,'2022-08-15','Granite','Asteraceae','Shasta County Arnica');
INSERT INTO planta(id_planta,id_vivero,id_tp,precio,fecha_germinacion,sustrato,genero,nombre_planta) VALUES (424731,44,993022,460,'2022-09-16','Wood','Fabaceae','Duchesne Milkvetch');
INSERT INTO planta(id_planta,id_vivero,id_tp,precio,fecha_germinacion,sustrato,genero,nombre_planta) VALUES (842964,61,934007,393,'2022-08-28','Granite','Asclepiadaceae','Talayote');
INSERT INTO planta(id_planta,id_vivero,id_tp,precio,fecha_germinacion,sustrato,genero,nombre_planta) VALUES (675254,76,354157,511,'2022-03-17','Wood','Ranunculaceae','Yellow White Larkspur');
INSERT INTO planta(id_planta,id_vivero,id_tp,precio,fecha_germinacion,sustrato,genero,nombre_planta) VALUES (918966,31,482584,877,'2022-04-13','Granite','Asteraceae','Whiteflower Goldenbush');
INSERT INTO planta(id_planta,id_vivero,id_tp,precio,fecha_germinacion,sustrato,genero,nombre_planta) VALUES (653070,59,325196,780,'2022-08-17','Aluminum','Grimmiaceae','Racomitrium Moss');
INSERT INTO planta(id_planta,id_vivero,id_tp,precio,fecha_germinacion,sustrato,genero,nombre_planta) VALUES (853931,18,180092,897,'2022-05-19','Steel','Orchidaceae','Latin American Orchid');
INSERT INTO planta(id_planta,id_vivero,id_tp,precio,fecha_germinacion,sustrato,genero,nombre_planta) VALUES (613867,56,582337,296,'2022-04-03','Plexiglass','Asteraceae','Longleaf Arnica');
INSERT INTO planta(id_planta,id_vivero,id_tp,precio,fecha_germinacion,sustrato,genero,nombre_planta) VALUES (392522,73,809441,284,'2022-01-19','Stone','Buxbaumiaceae','Diphyscium Moss');
INSERT INTO planta(id_planta,id_vivero,id_tp,precio,fecha_germinacion,sustrato,genero,nombre_planta) VALUES (130696,95,638168,167,'2022-10-22','Rubber','Poaceae','Spike Fescue');
INSERT INTO planta(id_planta,id_vivero,id_tp,precio,fecha_germinacion,sustrato,genero,nombre_planta) VALUES (512916,26,305039,237,'2022-04-09','Glass','Orobanchaceae','Nodding Broomrape');
INSERT INTO planta(id_planta,id_vivero,id_tp,precio,fecha_germinacion,sustrato,genero,nombre_planta) VALUES (298493,32,774417,288,'2022-07-30','Plexiglass','Capparaceae','Bird Spiderflower');
INSERT INTO planta(id_planta,id_vivero,id_tp,precio,fecha_germinacion,sustrato,genero,nombre_planta) VALUES (204611,43,180092,002,'2022-02-13','Wood','Peltulaceae','Peltula Lichen');
INSERT INTO planta(id_planta,id_vivero,id_tp,precio,fecha_germinacion,sustrato,genero,nombre_planta) VALUES (640246,44,377047,200,'2022-09-01','Aluminum','Hippocastanaceae','Buckeye');
INSERT INTO planta(id_planta,id_vivero,id_tp,precio,fecha_germinacion,sustrato,genero,nombre_planta) VALUES (205719,3,159002,619,'2022-07-08','Brass','Aspleniaceae','Sickle Island Spleenwort');
INSERT INTO planta(id_planta,id_vivero,id_tp,precio,fecha_germinacion,sustrato,genero,nombre_planta) VALUES (619425,40,357571,247,'2022-04-13','Granite','Orchidaceae','Harrisella');
INSERT INTO planta(id_planta,id_vivero,id_tp,precio,fecha_germinacion,sustrato,genero,nombre_planta) VALUES (788353,43,8192,315,'2022-03-01','Aluminum','Asteraceae','Siskiyou Fleabane');
INSERT INTO planta(id_planta,id_vivero,id_tp,precio,fecha_germinacion,sustrato,genero,nombre_planta) VALUES (147613,16,534468,718,'2022-07-07','Rubber','Aspleniaceae','Spleenwort');
INSERT INTO planta(id_planta,id_vivero,id_tp,precio,fecha_germinacion,sustrato,genero,nombre_planta) VALUES (189813,48,590642,374,'2022-06-08','Rubber','Scrophulariaceae','Pale Indian Paintbrush');
INSERT INTO planta(id_planta,id_vivero,id_tp,precio,fecha_germinacion,sustrato,genero,nombre_planta) VALUES (444918,46,421671,544,'2022-01-13','Plexiglass','Hydrophyllaceae','Mud Fiddleleaf');
INSERT INTO planta(id_planta,id_vivero,id_tp,precio,fecha_germinacion,sustrato,genero,nombre_planta) VALUES (987430,54,180737,619,'2022-11-13','Plexiglass','Nephromataceae','Swiss Kidney Lichen');
INSERT INTO planta(id_planta,id_vivero,id_tp,precio,fecha_germinacion,sustrato,genero,nombre_planta) VALUES (177142,11,394098,529,'2022-07-11','Wood','Bryaceae','Elongate Pohlia Moss');
INSERT INTO planta(id_planta,id_vivero,id_tp,precio,fecha_germinacion,sustrato,genero,nombre_planta) VALUES (35891,60,615508,627,'2022-02-15','Glass','Poaceae','Wavy Hairgrass');
INSERT INTO planta(id_planta,id_vivero,id_tp,precio,fecha_germinacion,sustrato,genero,nombre_planta) VALUES (116708,27,730505,236,'2022-07-31','Wood','Solanaceae','Carolina Desert-thorn');
INSERT INTO planta(id_planta,id_vivero,id_tp,precio,fecha_germinacion,sustrato,genero,nombre_planta) VALUES (675277,49,569617,174,'2022-08-14','Granite','Scrophulariaceae','Eggleaf Coraldrops');
INSERT INTO planta(id_planta,id_vivero,id_tp,precio,fecha_germinacion,sustrato,genero,nombre_planta) VALUES (362033,25,328525,640,'2022-05-02','Brass','Stereophyllaceae','Stereophyllum Moss');
INSERT INTO planta(id_planta,id_vivero,id_tp,precio,fecha_germinacion,sustrato,genero,nombre_planta) VALUES (730021,17,212286,560,'2022-01-31','Plexiglass','Grossulariaceae','Whisky Currant');
INSERT INTO planta(id_planta,id_vivero,id_tp,precio,fecha_germinacion,sustrato,genero,nombre_planta) VALUES (678151,29,590642,088,'2022-03-31','Glass','Gyalectaceae','Cryptolechia Lichen');
INSERT INTO planta(id_planta,id_vivero,id_tp,precio,fecha_germinacion,sustrato,genero,nombre_planta) VALUES (208894,88,427082,770,'2022-01-14','Steel','Theophrastaceae','Joewood');
INSERT INTO planta(id_planta,id_vivero,id_tp,precio,fecha_germinacion,sustrato,genero,nombre_planta) VALUES (714515,75,377047,627,'2022-09-08','Wood','Solanaceae','Arizona Desert-thorn');
INSERT INTO planta(id_planta,id_vivero,id_tp,precio,fecha_germinacion,sustrato,genero,nombre_planta) VALUES (333386,43,637940,684,'2022-08-01','Vinyl','Asteraceae','Little Sagebrush');
INSERT INTO planta(id_planta,id_vivero,id_tp,precio,fecha_germinacion,sustrato,genero,nombre_planta) VALUES (5001,89,797502,437,'2022-04-12','Aluminum','Scrophulariaceae','Woodland Beardtongue');
INSERT INTO planta(id_planta,id_vivero,id_tp,precio,fecha_germinacion,sustrato,genero,nombre_planta) VALUES (747743,72,357571,221,'2022-05-11','Plastic','Brassicaceae','Nuttall''s Toothwort');
INSERT INTO planta(id_planta,id_vivero,id_tp,precio,fecha_germinacion,sustrato,genero,nombre_planta) VALUES (450836,97,607286,989,'2022-09-14','Aluminum','Potamogetonaceae','Greenland Pondweed');
INSERT INTO planta(id_planta,id_vivero,id_tp,precio,fecha_germinacion,sustrato,genero,nombre_planta) VALUES (853646,52,814212,273,'2022-08-21','Vinyl','Rosaceae','Common Pear');
INSERT INTO planta(id_planta,id_vivero,id_tp,precio,fecha_germinacion,sustrato,genero,nombre_planta) VALUES (870682,79,159002,010,'2022-08-04','Wood','Parmeliaceae','Imshaugia Lichen');
INSERT INTO planta(id_planta,id_vivero,id_tp,precio,fecha_germinacion,sustrato,genero,nombre_planta) VALUES (711496,54,490496,334,'2022-03-01','Brass','Gesneriaceae','Wahiawa Mountain Cyrtandra');
INSERT INTO planta(id_planta,id_vivero,id_tp,precio,fecha_germinacion,sustrato,genero,nombre_planta) VALUES (907811,66,316249,950,'2022-03-22','Vinyl','Sapindaceae','Blighia');
INSERT INTO planta(id_planta,id_vivero,id_tp,precio,fecha_germinacion,sustrato,genero,nombre_planta) VALUES (259007,74,115648,353,'2022-06-20','Plastic','Orchidaceae','Oblong-leaf Star Orchid');
INSERT INTO planta(id_planta,id_vivero,id_tp,precio,fecha_germinacion,sustrato,genero,nombre_planta) VALUES (921721,80,826965,187,'2022-06-09','Vinyl','Poaceae','West Indian Bristlegrass');
INSERT INTO planta(id_planta,id_vivero,id_tp,precio,fecha_germinacion,sustrato,genero,nombre_planta) VALUES (75717,67,377047,233,'2022-09-01','Vinyl','Fabaceae','Oxus Locoweed');
INSERT INTO planta(id_planta,id_vivero,id_tp,precio,fecha_germinacion,sustrato,genero,nombre_planta) VALUES (317330,69,300781,651,'2022-07-02','Steel','Onagraceae','Oakes'' Evening Primrose');
INSERT INTO planta(id_planta,id_vivero,id_tp,precio,fecha_germinacion,sustrato,genero,nombre_planta) VALUES (309917,32,482584,669,'2022-01-19','Aluminum','Bryaceae','Schleicher''s Bryum Moss');
INSERT INTO planta(id_planta,id_vivero,id_tp,precio,fecha_germinacion,sustrato,genero,nombre_planta) VALUES (451061,69,106189,067,'2022-06-27','Brass','Poaceae','Annual Fescue');
INSERT INTO planta(id_planta,id_vivero,id_tp,precio,fecha_germinacion,sustrato,genero,nombre_planta) VALUES (43411,71,441733,791,'2022-09-06','Glass','Poaceae','Hairy Woollygrass');
INSERT INTO planta(id_planta,id_vivero,id_tp,precio,fecha_germinacion,sustrato,genero,nombre_planta) VALUES (404541,6,534468,644,'2022-07-25','Aluminum','Orchidaceae','Keyflower');
INSERT INTO planta(id_planta,id_vivero,id_tp,precio,fecha_germinacion,sustrato,genero,nombre_planta) VALUES (659719,9,546849,097,'2022-03-26','Vinyl','Geraniaceae','Rasp-leaf Pelargonium');
INSERT INTO planta(id_planta,id_vivero,id_tp,precio,fecha_germinacion,sustrato,genero,nombre_planta) VALUES (521167,5,479412,958,'2022-09-04','Vinyl','Rubiaceae','Pentas');
INSERT INTO planta(id_planta,id_vivero,id_tp,precio,fecha_germinacion,sustrato,genero,nombre_planta) VALUES (465628,39,159002,854,'2022-02-22','Granite','Caliciaceae','Thelomma Lichen');
INSERT INTO planta(id_planta,id_vivero,id_tp,precio,fecha_germinacion,sustrato,genero,nombre_planta) VALUES (108971,59,451513,885,'2022-10-09','Glass','Solanaceae','Smallflower Groundcherry');
INSERT INTO planta(id_planta,id_vivero,id_tp,precio,fecha_germinacion,sustrato,genero,nombre_planta) VALUES (711707,35,76791,287,'2022-02-16','Brass','Monotropaceae','Woodland Pinedrops');
INSERT INTO planta(id_planta,id_vivero,id_tp,precio,fecha_germinacion,sustrato,genero,nombre_planta) VALUES (13246,76,797502,397,'2022-05-14','Wood','Chenopodiaceae','Lambsquarters');
INSERT INTO planta(id_planta,id_vivero,id_tp,precio,fecha_germinacion,sustrato,genero,nombre_planta) VALUES (434499,6,491197,213,'2022-04-23','Steel','Pottiaceae','Barbula Moss');
INSERT INTO planta(id_planta,id_vivero,id_tp,precio,fecha_germinacion,sustrato,genero,nombre_planta) VALUES (251781,13,823849,356,'2022-04-07','Glass','Asteraceae','Skyblue Aster');
INSERT INTO planta(id_planta,id_vivero,id_tp,precio,fecha_germinacion,sustrato,genero,nombre_planta) VALUES (494309,7,508371,210,'2022-10-12','Rubber','Smilacaceae','English Peak Greenbrier');
INSERT INTO planta(id_planta,id_vivero,id_tp,precio,fecha_germinacion,sustrato,genero,nombre_planta) VALUES (410781,85,592847,829,'2022-03-08','Stone','Asteraceae','Bigelow''s Fleabane');
INSERT INTO planta(id_planta,id_vivero,id_tp,precio,fecha_germinacion,sustrato,genero,nombre_planta) VALUES (478892,6,637940,107,'2022-07-12','Plexiglass','Lecanoraceae','Miriquidica Lichen');
INSERT INTO planta(id_planta,id_vivero,id_tp,precio,fecha_germinacion,sustrato,genero,nombre_planta) VALUES (25831,9,72640,097,'2022-01-09','Vinyl','Rosaceae','Eagle Rock Blackberry');
INSERT INTO planta(id_planta,id_vivero,id_tp,precio,fecha_germinacion,sustrato,genero,nombre_planta) VALUES (445771,87,528184,053,'2022-08-10','Glass','Onagraceae','Hummingbird Trumpet');
INSERT INTO planta(id_planta,id_vivero,id_tp,precio,fecha_germinacion,sustrato,genero,nombre_planta) VALUES (325673,16,546849,527,'2022-08-29','Stone','Scrophulariaceae','Sulphur Indian Paintbrush');
INSERT INTO planta(id_planta,id_vivero,id_tp,precio,fecha_germinacion,sustrato,genero,nombre_planta) VALUES (335574,94,444381,802,'2022-07-11','Granite','Asteraceae','Western Daisy');
INSERT INTO planta(id_planta,id_vivero,id_tp,precio,fecha_germinacion,sustrato,genero,nombre_planta) VALUES (775165,53,682896,171,'2022-05-02','Steel','Rosaceae','Boulder Mountain Cinquefoil');
INSERT INTO planta(id_planta,id_vivero,id_tp,precio,fecha_germinacion,sustrato,genero,nombre_planta) VALUES (401015,84,394098,494,'2022-02-14','Brass','Poaceae','Churchmouse Threeawn');
INSERT INTO planta(id_planta,id_vivero,id_tp,precio,fecha_germinacion,sustrato,genero,nombre_planta) VALUES (836322,64,972937,474,'2022-03-08','Plexiglass','Asteraceae','Scaly Blazing Star');
INSERT INTO planta(id_planta,id_vivero,id_tp,precio,fecha_germinacion,sustrato,genero,nombre_planta) VALUES (512923,63,496403,809,'2022-01-07','Steel','Rosaceae','Ithaca Blackberry');
INSERT INTO planta(id_planta,id_vivero,id_tp,precio,fecha_germinacion,sustrato,genero,nombre_planta) VALUES (907656,94,496403,927,'2022-05-24','Glass','Cyperaceae','Needle Spikerush');
INSERT INTO planta(id_planta,id_vivero,id_tp,precio,fecha_germinacion,sustrato,genero,nombre_planta) VALUES (642580,81,409188,702,'2022-07-28','Steel','Sphagnaceae','Pylaes'' Sphagnum');
INSERT INTO planta(id_planta,id_vivero,id_tp,precio,fecha_germinacion,sustrato,genero,nombre_planta) VALUES (706531,70,490496,338,'2022-11-01','Steel','Verbenaceae','Porterweed');
INSERT INTO planta(id_planta,id_vivero,id_tp,precio,fecha_germinacion,sustrato,genero,nombre_planta) VALUES (758422,82,451513,879,'2022-10-19','Aluminum','Zingiberaceae','Renealmia');
INSERT INTO planta(id_planta,id_vivero,id_tp,precio,fecha_germinacion,sustrato,genero,nombre_planta) VALUES (252412,32,625916,759,'2022-10-12','Rubber','Loganiaceae','Paleflower Labordia');
INSERT INTO planta(id_planta,id_vivero,id_tp,precio,fecha_germinacion,sustrato,genero,nombre_planta) VALUES (822679,44,337622,700,'2022-08-05','Plexiglass','Primulaceae','Mackenzie River Dwarf-primrose');
INSERT INTO planta(id_planta,id_vivero,id_tp,precio,fecha_germinacion,sustrato,genero,nombre_planta) VALUES (436954,74,615508,545,'2022-02-04','Vinyl','Scrophulariaceae','Annual Redspot Monkeyflower');
INSERT INTO planta(id_planta,id_vivero,id_tp,precio,fecha_germinacion,sustrato,genero,nombre_planta) VALUES (784880,28,653905,738,'2022-06-24','Plexiglass','Brassicaceae','Texas Selenia');
INSERT INTO planta(id_planta,id_vivero,id_tp,precio,fecha_germinacion,sustrato,genero,nombre_planta) VALUES (245748,40,999440,918,'2022-11-05','Brass','Cactaceae','Blind Pricklypear');
INSERT INTO planta(id_planta,id_vivero,id_tp,precio,fecha_germinacion,sustrato,genero,nombre_planta) VALUES (516175,75,8192,417,'2022-06-25','Glass','Verbenaceae','Hoary Verbena');
INSERT INTO planta(id_planta,id_vivero,id_tp,precio,fecha_germinacion,sustrato,genero,nombre_planta) VALUES (183010,96,582337,241,'2022-07-04','Wood','Boraginaceae','Shasta Popcornflower');
INSERT INTO planta(id_planta,id_vivero,id_tp,precio,fecha_germinacion,sustrato,genero,nombre_planta) VALUES (321019,94,803006,892,'2022-08-22','Rubber','Bignoniaceae','Arrabidaea');
INSERT INTO planta(id_planta,id_vivero,id_tp,precio,fecha_germinacion,sustrato,genero,nombre_planta) VALUES (597289,51,508371,843,'2022-07-24','Aluminum','Scrophulariaceae','Thompson''s Indian Paintbrush');
INSERT INTO planta(id_planta,id_vivero,id_tp,precio,fecha_germinacion,sustrato,genero,nombre_planta) VALUES (707710,28,490496,487,'2022-03-11','Plexiglass','Boraginaceae','Little Combseed');
INSERT INTO planta(id_planta,id_vivero,id_tp,precio,fecha_germinacion,sustrato,genero,nombre_planta) VALUES (474997,57,701259,795,'2022-10-19','Aluminum','Nyctaginaceae','Gypsum Moonpod');
INSERT INTO planta(id_planta,id_vivero,id_tp,precio,fecha_germinacion,sustrato,genero,nombre_planta) VALUES (89013,22,377047,213,'2022-10-25','Plastic','Pottiaceae','Tortula Moss');
INSERT INTO planta(id_planta,id_vivero,id_tp,precio,fecha_germinacion,sustrato,genero,nombre_planta) VALUES (828841,53,916729,882,'2022-02-14','Plastic','Poaceae','Glenwoodgrass');
INSERT INTO planta(id_planta,id_vivero,id_tp,precio,fecha_germinacion,sustrato,genero,nombre_planta) VALUES (155558,29,933165,295,'2022-01-16','Glass','Orchidaceae','Lesser Rattlesnake Plantain');
INSERT INTO planta(id_planta,id_vivero,id_tp,precio,fecha_germinacion,sustrato,genero,nombre_planta) VALUES (934543,99,51132,276,'2022-02-28','Vinyl','Polygonaceae','Parasol Buckwheat');
INSERT INTO planta(id_planta,id_vivero,id_tp,precio,fecha_germinacion,sustrato,genero,nombre_planta) VALUES (124769,46,642684,165,'2022-07-28','Wood','Brassicaceae','Pak Choi');
INSERT INTO planta(id_planta,id_vivero,id_tp,precio,fecha_germinacion,sustrato,genero,nombre_planta) VALUES (878483,84,829284,542,'2022-09-19','Granite','Asteraceae','Rosy Pussytoes');
INSERT INTO planta(id_planta,id_vivero,id_tp,precio,fecha_germinacion,sustrato,genero,nombre_planta) VALUES (30761,70,229244,910,'2022-06-04','Plexiglass','Sphagnaceae','Austin''s Sphagnum');
INSERT INTO planta(id_planta,id_vivero,id_tp,precio,fecha_germinacion,sustrato,genero,nombre_planta) VALUES (247591,95,836875,640,'2022-08-02','Brass','Hypnaceae','Mexican Homomallium Moss');
INSERT INTO planta(id_planta,id_vivero,id_tp,precio,fecha_germinacion,sustrato,genero,nombre_planta) VALUES (617755,11,999271,232,'2022-01-05','Aluminum','Asteraceae','Western Daisy Fleabane');
INSERT INTO planta(id_planta,id_vivero,id_tp,precio,fecha_germinacion,sustrato,genero,nombre_planta) VALUES (11197,76,8192,898,'2022-04-09','Wood','Poaceae','Colusagrass');
INSERT INTO planta(id_planta,id_vivero,id_tp,precio,fecha_germinacion,sustrato,genero,nombre_planta) VALUES (627047,18,642684,953,'2022-03-19','Aluminum','Brassicaceae','Mustard');
INSERT INTO planta(id_planta,id_vivero,id_tp,precio,fecha_germinacion,sustrato,genero,nombre_planta) VALUES (927302,40,553331,762,'2022-08-18','Steel','Hydrophyllaceae','Branching Phacelia');
INSERT INTO planta(id_planta,id_vivero,id_tp,precio,fecha_germinacion,sustrato,genero,nombre_planta) VALUES (193361,31,619051,062,'2022-08-08','Wood','Fabaceae','Strand Tangantangan');
INSERT INTO planta(id_planta,id_vivero,id_tp,precio,fecha_germinacion,sustrato,genero,nombre_planta) VALUES (463059,34,37826,869,'2022-02-13','Wood','Asteraceae','Lindheimera');
INSERT INTO planta(id_planta,id_vivero,id_tp,precio,fecha_germinacion,sustrato,genero,nombre_planta) VALUES (574873,81,590642,487,'2022-06-23','Steel','Lecanoraceae','Psorinia');
INSERT INTO planta(id_planta,id_vivero,id_tp,precio,fecha_germinacion,sustrato,genero,nombre_planta) VALUES (206370,13,180737,384,'2022-08-13','Aluminum','Xyridaceae','Slender Yelloweyed Grass');
INSERT INTO planta(id_planta,id_vivero,id_tp,precio,fecha_germinacion,sustrato,genero,nombre_planta) VALUES (853857,89,546849,011,'2022-07-26','Wood','Onagraceae','Peruvian Primrose-willow');
INSERT INTO planta(id_planta,id_vivero,id_tp,precio,fecha_germinacion,sustrato,genero,nombre_planta) VALUES (228691,28,77928,594,'2022-05-20','Steel','Solanaceae','Florida Horsenettle');
INSERT INTO planta(id_planta,id_vivero,id_tp,precio,fecha_germinacion,sustrato,genero,nombre_planta) VALUES (468347,20,444381,647,'2022-05-21','Wood','Rhamnaceae','Texan Hogplum');
INSERT INTO planta(id_planta,id_vivero,id_tp,precio,fecha_germinacion,sustrato,genero,nombre_planta) VALUES (807331,85,947912,564,'2022-08-12','Plexiglass','Iridaceae','Arizona Blue-eyed Grass');
INSERT INTO planta(id_planta,id_vivero,id_tp,precio,fecha_germinacion,sustrato,genero,nombre_planta) VALUES (219717,38,668428,793,'2022-04-11','Plastic','Gyalectaceae','Pachyphiale Lichen');
INSERT INTO planta(id_planta,id_vivero,id_tp,precio,fecha_germinacion,sustrato,genero,nombre_planta) VALUES (152909,9,528184,002,'2022-07-20','Wood','Orchidaceae','Fringed Orchid');
INSERT INTO planta(id_planta,id_vivero,id_tp,precio,fecha_germinacion,sustrato,genero,nombre_planta) VALUES (819924,65,185644,719,'2022-05-23','Glass','Seligeriaceae','Olympic Brachydontium Moss');
INSERT INTO planta(id_planta,id_vivero,id_tp,precio,fecha_germinacion,sustrato,genero,nombre_planta) VALUES (396763,20,625916,325,'2022-04-10','Plastic','Lythraceae','Pink Redstem');
INSERT INTO planta(id_planta,id_vivero,id_tp,precio,fecha_germinacion,sustrato,genero,nombre_planta) VALUES (883480,52,318832,602,'2022-06-19','Granite','Asteraceae','Indian Headdress');
INSERT INTO planta(id_planta,id_vivero,id_tp,precio,fecha_germinacion,sustrato,genero,nombre_planta) VALUES (723032,24,999440,559,'2022-01-31','Steel','Chenopodiaceae','Wormseed');
INSERT INTO planta(id_planta,id_vivero,id_tp,precio,fecha_germinacion,sustrato,genero,nombre_planta) VALUES (897323,79,553331,273,'2022-02-06','Vinyl','Dryopteridaceae','Utah Bladderfern');
INSERT INTO planta(id_planta,id_vivero,id_tp,precio,fecha_germinacion,sustrato,genero,nombre_planta) VALUES (474451,4,969001,452,'2022-09-27','Plastic','Fabaceae','Western Trailing Ticktrefoil');
INSERT INTO planta(id_planta,id_vivero,id_tp,precio,fecha_germinacion,sustrato,genero,nombre_planta) VALUES (449100,89,292357,615,'2022-05-09','Aluminum','Rubiaceae','Genipa');
INSERT INTO planta(id_planta,id_vivero,id_tp,precio,fecha_germinacion,sustrato,genero,nombre_planta) VALUES (69579,51,809441,592,'2022-01-14','Glass','Ericaceae','Hybrid Rhododendron');
INSERT INTO planta(id_planta,id_vivero,id_tp,precio,fecha_germinacion,sustrato,genero,nombre_planta) VALUES (224041,79,829284,289,'2022-11-09','Stone','Poaceae','Needlegrass');
INSERT INTO planta(id_planta,id_vivero,id_tp,precio,fecha_germinacion,sustrato,genero,nombre_planta) VALUES (342496,11,421671,867,'2022-06-13','Brass','Papaveraceae','Celandine');
INSERT INTO planta(id_planta,id_vivero,id_tp,precio,fecha_germinacion,sustrato,genero,nombre_planta) VALUES (610303,14,90695,271,'2022-08-29','Plexiglass','Pottiaceae','Ligulate Scopelophila Moss');
INSERT INTO planta(id_planta,id_vivero,id_tp,precio,fecha_germinacion,sustrato,genero,nombre_planta) VALUES (374355,91,129913,674,'2022-04-14','Wood','Asteraceae','Kokolau');
INSERT INTO planta(id_planta,id_vivero,id_tp,precio,fecha_germinacion,sustrato,genero,nombre_planta) VALUES (630316,65,479412,077,'2022-06-16','Rubber','Valerianaceae','Gray''s Seablush');
INSERT INTO planta(id_planta,id_vivero,id_tp,precio,fecha_germinacion,sustrato,genero,nombre_planta) VALUES (704316,55,292039,031,'2022-03-05','Plexiglass','Onagraceae','Mono Hot Springs Evening Primrose');

INSERT INTO cuidado_basico(id_planta,cuidado_basico) VALUES (678151,'ckslvmsxvllupopg');
INSERT INTO cuidado_basico(id_planta,cuidado_basico) VALUES (853931,'gssguezvfuopgsdt');
INSERT INTO cuidado_basico(id_planta,cuidado_basico) VALUES (742892,'mgshuqahppxvxvif');
INSERT INTO cuidado_basico(id_planta,cuidado_basico) VALUES (236138,'otcvspecuvbifgcz');
INSERT INTO cuidado_basico(id_planta,cuidado_basico) VALUES (707710,'jltsnwqedcmqpcal');
INSERT INTO cuidado_basico(id_planta,cuidado_basico) VALUES (436954,'unfcubezkbovvhly');
INSERT INTO cuidado_basico(id_planta,cuidado_basico) VALUES (241101,'fzgoyitpkaaiqlsw');
INSERT INTO cuidado_basico(id_planta,cuidado_basico) VALUES (11197,'uymjuelwyfjpoxpo');
INSERT INTO cuidado_basico(id_planta,cuidado_basico) VALUES (512916,'cdgzxdeyaleumxdv');
INSERT INTO cuidado_basico(id_planta,cuidado_basico) VALUES (436954,'enncirbyejgygqhq');
INSERT INTO cuidado_basico(id_planta,cuidado_basico) VALUES (828841,'jdkwecrtflcgfcsf');
INSERT INTO cuidado_basico(id_planta,cuidado_basico) VALUES (43411,'pcuhvkmzxebpwfjt');
INSERT INTO cuidado_basico(id_planta,cuidado_basico) VALUES (228691,'bprodwswygrqfvfd');
INSERT INTO cuidado_basico(id_planta,cuidado_basico) VALUES (863226,'vripfldlwanbsyvk');
INSERT INTO cuidado_basico(id_planta,cuidado_basico) VALUES (9244,'gnwkxwrrtdrwnahu');
INSERT INTO cuidado_basico(id_planta,cuidado_basico) VALUES (828841,'qcctazzqhlpjzjug');
INSERT INTO cuidado_basico(id_planta,cuidado_basico) VALUES (478892,'uqxrlfwngygeqwye');
INSERT INTO cuidado_basico(id_planta,cuidado_basico) VALUES (707710,'dyzrrosflsuurtse');
INSERT INTO cuidado_basico(id_planta,cuidado_basico) VALUES (958968,'lpdghvcmurloxfxd');
INSERT INTO cuidado_basico(id_planta,cuidado_basico) VALUES (13246,'xdrtdccnfuumyprw');
INSERT INTO cuidado_basico(id_planta,cuidado_basico) VALUES (30761,'beoltezhfjhgjdhv');
INSERT INTO cuidado_basico(id_planta,cuidado_basico) VALUES (25831,'kfosetdwyuabobho');
INSERT INTO cuidado_basico(id_planta,cuidado_basico) VALUES (711707,'ckgyjeldivytsufu');
INSERT INTO cuidado_basico(id_planta,cuidado_basico) VALUES (627047,'ojosfuorbejyiljx');
INSERT INTO cuidado_basico(id_planta,cuidado_basico) VALUES (967412,'rzahqmwmadwwoidb');
INSERT INTO cuidado_basico(id_planta,cuidado_basico) VALUES (653070,'yhhtbcylxwkbxbce');
INSERT INTO cuidado_basico(id_planta,cuidado_basico) VALUES (247591,'eblbvklbaqujewjr');
INSERT INTO cuidado_basico(id_planta,cuidado_basico) VALUES (675277,'fbyplqbzjpfuupav');
INSERT INTO cuidado_basico(id_planta,cuidado_basico) VALUES (799954,'gvfovidtsfcmrbbj');
INSERT INTO cuidado_basico(id_planta,cuidado_basico) VALUES (819924,'tlcvzjdgkbulufzd');
INSERT INTO cuidado_basico(id_planta,cuidado_basico) VALUES (723032,'wbybnhvgronenxiy');
INSERT INTO cuidado_basico(id_planta,cuidado_basico) VALUES (34771,'kxbviviolmfynmrz');
INSERT INTO cuidado_basico(id_planta,cuidado_basico) VALUES (465628,'vtpqoxqkgngcfkgj');
INSERT INTO cuidado_basico(id_planta,cuidado_basico) VALUES (404541,'ssvrhdzxogkujsgq');
INSERT INTO cuidado_basico(id_planta,cuidado_basico) VALUES (724464,'rtjwqgwfqhnvwhhu');
INSERT INTO cuidado_basico(id_planta,cuidado_basico) VALUES (724464,'izrxicorzqxmwcpb');
INSERT INTO cuidado_basico(id_planta,cuidado_basico) VALUES (619425,'vocpvyadmohakial');
INSERT INTO cuidado_basico(id_planta,cuidado_basico) VALUES (259007,'tbxnuxqrdnwvahah');
INSERT INTO cuidado_basico(id_planta,cuidado_basico) VALUES (967412,'oiaukobhmjdqlrfr');
INSERT INTO cuidado_basico(id_planta,cuidado_basico) VALUES (224041,'xhibfoceuferirld');
INSERT INTO cuidado_basico(id_planta,cuidado_basico) VALUES (870682,'wvzrbduzvivohwvh');
INSERT INTO cuidado_basico(id_planta,cuidado_basico) VALUES (198011,'bxlmlnpmoayoqltk');
INSERT INTO cuidado_basico(id_planta,cuidado_basico) VALUES (853646,'nupouxxnywdbxqho');
INSERT INTO cuidado_basico(id_planta,cuidado_basico) VALUES (198011,'dpnrdqhogxvlitur');
INSERT INTO cuidado_basico(id_planta,cuidado_basico) VALUES (298493,'qqyxaydljeqigedw');
INSERT INTO cuidado_basico(id_planta,cuidado_basico) VALUES (721277,'itwhzjujdwpyajma');
INSERT INTO cuidado_basico(id_planta,cuidado_basico) VALUES (678151,'ymswswhjtteuwfqm');
INSERT INTO cuidado_basico(id_planta,cuidado_basico) VALUES (732665,'pcootfxnjqaexaxe');
INSERT INTO cuidado_basico(id_planta,cuidado_basico) VALUES (404541,'zjpykoiervanwewi');
INSERT INTO cuidado_basico(id_planta,cuidado_basico) VALUES (907656,'vyihaqlkeowqqfzm');
INSERT INTO cuidado_basico(id_planta,cuidado_basico) VALUES (228691,'cmmvugttworqewur');
INSERT INTO cuidado_basico(id_planta,cuidado_basico) VALUES (5001,'zisnfcxhpcimqynu');
INSERT INTO cuidado_basico(id_planta,cuidado_basico) VALUES (183010,'izwobpllsylbpgrn');
INSERT INTO cuidado_basico(id_planta,cuidado_basico) VALUES (445771,'siqkukrmodkpophi');
INSERT INTO cuidado_basico(id_planta,cuidado_basico) VALUES (342496,'ehkjorgkmuprjfkw');
INSERT INTO cuidado_basico(id_planta,cuidado_basico) VALUES (732665,'ujdpbytzeejzlebh');
INSERT INTO cuidado_basico(id_planta,cuidado_basico) VALUES (152909,'vvmrxrxiwlovidzl');
INSERT INTO cuidado_basico(id_planta,cuidado_basico) VALUES (147613,'pwkjofygccttmext');
INSERT INTO cuidado_basico(id_planta,cuidado_basico) VALUES (448505,'garkawwwcohspghh');
INSERT INTO cuidado_basico(id_planta,cuidado_basico) VALUES (727820,'ddqvbhhauunsmiqw');
INSERT INTO cuidado_basico(id_planta,cuidado_basico) VALUES (494309,'vxggarkrzkycfkuu');
INSERT INTO cuidado_basico(id_planta,cuidado_basico) VALUES (229062,'mttxhjbqduwiyaxh');
INSERT INTO cuidado_basico(id_planta,cuidado_basico) VALUES (9244,'pakjxlokxmkdtrum');
INSERT INTO cuidado_basico(id_planta,cuidado_basico) VALUES (34771,'trrewjxnplpfuxyu');
INSERT INTO cuidado_basico(id_planta,cuidado_basico) VALUES (958968,'nxiykyfmrxxrxhoe');
INSERT INTO cuidado_basico(id_planta,cuidado_basico) VALUES (678151,'oettniaqfsdbnvje');
INSERT INTO cuidado_basico(id_planta,cuidado_basico) VALUES (575030,'wsmaksivefcfswtr');
INSERT INTO cuidado_basico(id_planta,cuidado_basico) VALUES (987430,'bvhazzfufbotupjc');
INSERT INTO cuidado_basico(id_planta,cuidado_basico) VALUES (155558,'aiutjfiqrnzastso');
INSERT INTO cuidado_basico(id_planta,cuidado_basico) VALUES (173833,'ywcfszryatfrcumx');
INSERT INTO cuidado_basico(id_planta,cuidado_basico) VALUES (807331,'ibgxvaxmdpfkqczv');
INSERT INTO cuidado_basico(id_planta,cuidado_basico) VALUES (441922,'cdpbxyrymskmyzcv');
INSERT INTO cuidado_basico(id_planta,cuidado_basico) VALUES (335574,'xrycjwfdhiuggykr');
INSERT INTO cuidado_basico(id_planta,cuidado_basico) VALUES (177142,'geszdixmwvkvrmls');
INSERT INTO cuidado_basico(id_planta,cuidado_basico) VALUES (259007,'kemdymyczillghfy');
INSERT INTO cuidado_basico(id_planta,cuidado_basico) VALUES (189813,'dgtqfjzuutwzphre');
INSERT INTO cuidado_basico(id_planta,cuidado_basico) VALUES (404541,'hipfisltlvsnfxri');
INSERT INTO cuidado_basico(id_planta,cuidado_basico) VALUES (617755,'mugdtjlsfzuaajpu');
INSERT INTO cuidado_basico(id_planta,cuidado_basico) VALUES (967412,'njjpdtdhxdykyrmb');
INSERT INTO cuidado_basico(id_planta,cuidado_basico) VALUES (494309,'iulxvmlbppyzywfa');
INSERT INTO cuidado_basico(id_planta,cuidado_basico) VALUES (784880,'yzjhedflxnzvwfto');
INSERT INTO cuidado_basico(id_planta,cuidado_basico) VALUES (247591,'yedjsggnpxuzqmqh');
INSERT INTO cuidado_basico(id_planta,cuidado_basico) VALUES (921721,'taaepenkajfastws');
INSERT INTO cuidado_basico(id_planta,cuidado_basico) VALUES (247591,'mndpnnvzahzipicx');
INSERT INTO cuidado_basico(id_planta,cuidado_basico) VALUES (252412,'tmznvsspkhabnkwe');
INSERT INTO cuidado_basico(id_planta,cuidado_basico) VALUES (124769,'euxhiatbmxtcuamy');
INSERT INTO cuidado_basico(id_planta,cuidado_basico) VALUES (145691,'muzzgqycujdjrots');
INSERT INTO cuidado_basico(id_planta,cuidado_basico) VALUES (247591,'rxcqvkicvivlmbmt');
INSERT INTO cuidado_basico(id_planta,cuidado_basico) VALUES (9244,'pwjsnnvoeizvlxlr');
INSERT INTO cuidado_basico(id_planta,cuidado_basico) VALUES (463059,'xhhdwkrzoenjsdsq');
INSERT INTO cuidado_basico(id_planta,cuidado_basico) VALUES (69579,'mdsrgxhpbsquqlqz');
INSERT INTO cuidado_basico(id_planta,cuidado_basico) VALUES (465628,'kqhdyyccgwcgvyid');
INSERT INTO cuidado_basico(id_planta,cuidado_basico) VALUES (224041,'ivxgsuahmotqujto');
INSERT INTO cuidado_basico(id_planta,cuidado_basico) VALUES (784880,'jyknjfrkamijommh');
INSERT INTO cuidado_basico(id_planta,cuidado_basico) VALUES (43411,'hhhbyjrjuuclsxol');
INSERT INTO cuidado_basico(id_planta,cuidado_basico) VALUES (836322,'glvwsgdgvgpkbpsh');
INSERT INTO cuidado_basico(id_planta,cuidado_basico) VALUES (934543,'auotoehzaybmnsjz');
INSERT INTO cuidado_basico(id_planta,cuidado_basico) VALUES (50230,'xagakfapnkfjukly');
INSERT INTO cuidado_basico(id_planta,cuidado_basico) VALUES (309917,'tlwbpcvakvuhxpnq');
INSERT INTO cuidado_basico(id_planta,cuidado_basico) VALUES (69579,'qlnddvwwvilmuhsk');
INSERT INTO cuidado_basico(id_planta,cuidado_basico) VALUES (465628,'rxudzfwqauhsvvmj');
INSERT INTO cuidado_basico(id_planta,cuidado_basico) VALUES (645055,'xabwemcebknbdhip');
INSERT INTO cuidado_basico(id_planta,cuidado_basico) VALUES (137087,'brlpcveqgryyzezv');
INSERT INTO cuidado_basico(id_planta,cuidado_basico) VALUES (819924,'xlzdhbuldamyiors');
INSERT INTO cuidado_basico(id_planta,cuidado_basico) VALUES (842964,'mrelpauggrtuxucu');
INSERT INTO cuidado_basico(id_planta,cuidado_basico) VALUES (724464,'xdygabwisdjeubzc');
INSERT INTO cuidado_basico(id_planta,cuidado_basico) VALUES (675254,'vpjyxeoeunderoed');
INSERT INTO cuidado_basico(id_planta,cuidado_basico) VALUES (463059,'xsmqqeporoplzzqj');
INSERT INTO cuidado_basico(id_planta,cuidado_basico) VALUES (474451,'pebtvrmxoxanpkwy');
INSERT INTO cuidado_basico(id_planta,cuidado_basico) VALUES (711707,'wjbdtinqacksdhop');
INSERT INTO cuidado_basico(id_planta,cuidado_basico) VALUES (727820,'abqijblozhgcvhgc');
INSERT INTO cuidado_basico(id_planta,cuidado_basico) VALUES (441922,'diqtlifrjettrqrk');
INSERT INTO cuidado_basico(id_planta,cuidado_basico) VALUES (883480,'lqdcgutwfrolnkyd');
INSERT INTO cuidado_basico(id_planta,cuidado_basico) VALUES (204611,'zvpwnlazskkfwmyk');
INSERT INTO cuidado_basico(id_planta,cuidado_basico) VALUES (610303,'oopqznfmuvprnywm');
INSERT INTO cuidado_basico(id_planta,cuidado_basico) VALUES (613867,'ajykyqyirzuzkkdi');
INSERT INTO cuidado_basico(id_planta,cuidado_basico) VALUES (434499,'tepwhbvpnwvxaigq');
INSERT INTO cuidado_basico(id_planta,cuidado_basico) VALUES (478892,'jvwgfzczjlndrgeh');
INSERT INTO cuidado_basico(id_planta,cuidado_basico) VALUES (342496,'ftouehzymhtpxxsm');
INSERT INTO cuidado_basico(id_planta,cuidado_basico) VALUES (198011,'kviytuhtlajdrwfx');
INSERT INTO cuidado_basico(id_planta,cuidado_basico) VALUES (921721,'slrftvaskhwrprmo');
INSERT INTO cuidado_basico(id_planta,cuidado_basico) VALUES (627047,'yoghahthopvjzypx');
INSERT INTO cuidado_basico(id_planta,cuidado_basico) VALUES (465628,'ylfhsfeewpaqyanp');
INSERT INTO cuidado_basico(id_planta,cuidado_basico) VALUES (512923,'tbvcqvzcjpqbzpby');
INSERT INTO cuidado_basico(id_planta,cuidado_basico) VALUES (247591,'vrbxxjgqgklleoog');
INSERT INTO cuidado_basico(id_planta,cuidado_basico) VALUES (206370,'jeubvmzxmxykligb');
INSERT INTO cuidado_basico(id_planta,cuidado_basico) VALUES (401015,'vcwydjncltrejmte');
INSERT INTO cuidado_basico(id_planta,cuidado_basico) VALUES (441922,'aqqcixrdveejoiyx');
INSERT INTO cuidado_basico(id_planta,cuidado_basico) VALUES (870682,'cugyufjyuefcvilw');
INSERT INTO cuidado_basico(id_planta,cuidado_basico) VALUES (742892,'yeznsmtellzndpvu');
INSERT INTO cuidado_basico(id_planta,cuidado_basico) VALUES (788353,'rlcomdmplsgjsdff');
INSERT INTO cuidado_basico(id_planta,cuidado_basico) VALUES (593873,'fmcepypqwnobueqo');
INSERT INTO cuidado_basico(id_planta,cuidado_basico) VALUES (927302,'dmqgdidqzjsrzurx');
INSERT INTO cuidado_basico(id_planta,cuidado_basico) VALUES (362033,'iloziygaejttkvcb');
INSERT INTO cuidado_basico(id_planta,cuidado_basico) VALUES (907656,'ertdinwrsxiaeojm');
INSERT INTO cuidado_basico(id_planta,cuidado_basico) VALUES (205719,'duriimdpthzhobam');
INSERT INTO cuidado_basico(id_planta,cuidado_basico) VALUES (436954,'ijrxgztwcibpnwdt');
INSERT INTO cuidado_basico(id_planta,cuidado_basico) VALUES (236138,'rtlkcbdejmqaqqnh');
INSERT INTO cuidado_basico(id_planta,cuidado_basico) VALUES (404541,'cveegfmaykrujrgj');
INSERT INTO cuidado_basico(id_planta,cuidado_basico) VALUES (130696,'iuziymustudodpck');
INSERT INTO cuidado_basico(id_planta,cuidado_basico) VALUES (251781,'zbdxajjbhywobdyf');
INSERT INTO cuidado_basico(id_planta,cuidado_basico) VALUES (89013,'zcfcpkfavrnhvqhq');
INSERT INTO cuidado_basico(id_planta,cuidado_basico) VALUES (474997,'pwdphmbhliguorpk');
INSERT INTO cuidado_basico(id_planta,cuidado_basico) VALUES (436954,'hgjabmxjoalrsabv');
INSERT INTO cuidado_basico(id_planta,cuidado_basico) VALUES (130696,'izhdarpplxwrjcul');
INSERT INTO cuidado_basico(id_planta,cuidado_basico) VALUES (155558,'xfwloacokjiqxkfj');
INSERT INTO cuidado_basico(id_planta,cuidado_basico) VALUES (863226,'dzjkxlmwoqqspuan');
INSERT INTO cuidado_basico(id_planta,cuidado_basico) VALUES (259007,'ukiogswjiurwtdal');
INSERT INTO cuidado_basico(id_planta,cuidado_basico) VALUES (441922,'tvphutceyfzcbuhd');
INSERT INTO cuidado_basico(id_planta,cuidado_basico) VALUES (3724,'guosyfofuahbkgnv');

INSERT INTO telefono_vivero(id_vivero,telefono_vivero) VALUES (13,5549964050);
INSERT INTO telefono_vivero(id_vivero,telefono_vivero) VALUES (70,5587637376);
INSERT INTO telefono_vivero(id_vivero,telefono_vivero) VALUES (59,5582571847);
INSERT INTO telefono_vivero(id_vivero,telefono_vivero) VALUES (42,5581200785);
INSERT INTO telefono_vivero(id_vivero,telefono_vivero) VALUES (79,5552511467);
INSERT INTO telefono_vivero(id_vivero,telefono_vivero) VALUES (72,5559689688);
INSERT INTO telefono_vivero(id_vivero,telefono_vivero) VALUES (30,5584508258);
INSERT INTO telefono_vivero(id_vivero,telefono_vivero) VALUES (4,5526163329);
INSERT INTO telefono_vivero(id_vivero,telefono_vivero) VALUES (39,5554703787);
INSERT INTO telefono_vivero(id_vivero,telefono_vivero) VALUES (66,5532446877);
INSERT INTO telefono_vivero(id_vivero,telefono_vivero) VALUES (64,5555826314);
INSERT INTO telefono_vivero(id_vivero,telefono_vivero) VALUES (33,5561462748);
INSERT INTO telefono_vivero(id_vivero,telefono_vivero) VALUES (85,5590773912);
INSERT INTO telefono_vivero(id_vivero,telefono_vivero) VALUES (90,5584445355);
INSERT INTO telefono_vivero(id_vivero,telefono_vivero) VALUES (20,5570273266);
INSERT INTO telefono_vivero(id_vivero,telefono_vivero) VALUES (55,5545891573);
INSERT INTO telefono_vivero(id_vivero,telefono_vivero) VALUES (34,5589073581);
INSERT INTO telefono_vivero(id_vivero,telefono_vivero) VALUES (99,5508251456);
INSERT INTO telefono_vivero(id_vivero,telefono_vivero) VALUES (25,5573775948);
INSERT INTO telefono_vivero(id_vivero,telefono_vivero) VALUES (82,5596931668);
INSERT INTO telefono_vivero(id_vivero,telefono_vivero) VALUES (22,5510288916);
INSERT INTO telefono_vivero(id_vivero,telefono_vivero) VALUES (40,5546686700);
INSERT INTO telefono_vivero(id_vivero,telefono_vivero) VALUES (1,5556296660);
INSERT INTO telefono_vivero(id_vivero,telefono_vivero) VALUES (63,5537695553);
INSERT INTO telefono_vivero(id_vivero,telefono_vivero) VALUES (94,5598551334);
INSERT INTO telefono_vivero(id_vivero,telefono_vivero) VALUES (11,5500725853);
INSERT INTO telefono_vivero(id_vivero,telefono_vivero) VALUES (67,5543684577);
INSERT INTO telefono_vivero(id_vivero,telefono_vivero) VALUES (23,5521760739);
INSERT INTO telefono_vivero(id_vivero,telefono_vivero) VALUES (38,5582550351);
INSERT INTO telefono_vivero(id_vivero,telefono_vivero) VALUES (47,5524807392);
INSERT INTO telefono_vivero(id_vivero,telefono_vivero) VALUES (17,5562473014);
INSERT INTO telefono_vivero(id_vivero,telefono_vivero) VALUES (76,5548536088);
INSERT INTO telefono_vivero(id_vivero,telefono_vivero) VALUES (57,5570190857);
INSERT INTO telefono_vivero(id_vivero,telefono_vivero) VALUES (8,5509588289);
INSERT INTO telefono_vivero(id_vivero,telefono_vivero) VALUES (54,5594483784);
INSERT INTO telefono_vivero(id_vivero,telefono_vivero) VALUES (68,5567047293);
INSERT INTO telefono_vivero(id_vivero,telefono_vivero) VALUES (48,5555057049);
INSERT INTO telefono_vivero(id_vivero,telefono_vivero) VALUES (19,5570549780);
INSERT INTO telefono_vivero(id_vivero,telefono_vivero) VALUES (75,5538220014);
INSERT INTO telefono_vivero(id_vivero,telefono_vivero) VALUES (6,5570619704);
INSERT INTO telefono_vivero(id_vivero,telefono_vivero) VALUES (29,5579408766);
INSERT INTO telefono_vivero(id_vivero,telefono_vivero) VALUES (62,5530427226);
INSERT INTO telefono_vivero(id_vivero,telefono_vivero) VALUES (45,5503263865);
INSERT INTO telefono_vivero(id_vivero,telefono_vivero) VALUES (60,5569319513);
INSERT INTO telefono_vivero(id_vivero,telefono_vivero) VALUES (78,5569854699);
INSERT INTO telefono_vivero(id_vivero,telefono_vivero) VALUES (91,5553197049);
INSERT INTO telefono_vivero(id_vivero,telefono_vivero) VALUES (96,5599277369);
INSERT INTO telefono_vivero(id_vivero,telefono_vivero) VALUES (46,5537358477);
INSERT INTO telefono_vivero(id_vivero,telefono_vivero) VALUES (3,5567698487);
INSERT INTO telefono_vivero(id_vivero,telefono_vivero) VALUES (14,5587154159);
INSERT INTO telefono_vivero(id_vivero,telefono_vivero) VALUES (92,5571021615);
INSERT INTO telefono_vivero(id_vivero,telefono_vivero) VALUES (32,5572807027);
INSERT INTO telefono_vivero(id_vivero,telefono_vivero) VALUES (36,5591123631);
INSERT INTO telefono_vivero(id_vivero,telefono_vivero) VALUES (61,5510200864);
INSERT INTO telefono_vivero(id_vivero,telefono_vivero) VALUES (28,5566750937);
INSERT INTO telefono_vivero(id_vivero,telefono_vivero) VALUES (88,5595088892);
INSERT INTO telefono_vivero(id_vivero,telefono_vivero) VALUES (69,5559733799);
INSERT INTO telefono_vivero(id_vivero,telefono_vivero) VALUES (24,5579408062);
INSERT INTO telefono_vivero(id_vivero,telefono_vivero) VALUES (26,5508432505);
INSERT INTO telefono_vivero(id_vivero,telefono_vivero) VALUES (12,5567886720);
INSERT INTO telefono_vivero(id_vivero,telefono_vivero) VALUES (18,5551005509);
INSERT INTO telefono_vivero(id_vivero,telefono_vivero) VALUES (16,5543973861);
INSERT INTO telefono_vivero(id_vivero,telefono_vivero) VALUES (73,5584857312);
INSERT INTO telefono_vivero(id_vivero,telefono_vivero) VALUES (27,5569099685);
INSERT INTO telefono_vivero(id_vivero,telefono_vivero) VALUES (95,5573698815);
INSERT INTO telefono_vivero(id_vivero,telefono_vivero) VALUES (51,5526877072);
INSERT INTO telefono_vivero(id_vivero,telefono_vivero) VALUES (44,5560550865);
INSERT INTO telefono_vivero(id_vivero,telefono_vivero) VALUES (65,5581122828);
INSERT INTO telefono_vivero(id_vivero,telefono_vivero) VALUES (10,5587422662);
INSERT INTO telefono_vivero(id_vivero,telefono_vivero) VALUES (52,5538718165);
INSERT INTO telefono_vivero(id_vivero,telefono_vivero) VALUES (53,5501304747);
INSERT INTO telefono_vivero(id_vivero,telefono_vivero) VALUES (86,5547183421);
INSERT INTO telefono_vivero(id_vivero,telefono_vivero) VALUES (84,5594151937);
INSERT INTO telefono_vivero(id_vivero,telefono_vivero) VALUES (58,5551794719);
INSERT INTO telefono_vivero(id_vivero,telefono_vivero) VALUES (81,5594820419);
INSERT INTO telefono_vivero(id_vivero,telefono_vivero) VALUES (35,5585528300);
INSERT INTO telefono_vivero(id_vivero,telefono_vivero) VALUES (5,5522883834);
INSERT INTO telefono_vivero(id_vivero,telefono_vivero) VALUES (2,5593317091);
INSERT INTO telefono_vivero(id_vivero,telefono_vivero) VALUES (74,5589443011);
INSERT INTO telefono_vivero(id_vivero,telefono_vivero) VALUES (80,5567971276);
INSERT INTO telefono_vivero(id_vivero,telefono_vivero) VALUES (37,5544488659);
INSERT INTO telefono_vivero(id_vivero,telefono_vivero) VALUES (98,5577062578);
INSERT INTO telefono_vivero(id_vivero,telefono_vivero) VALUES (71,5547081292);
INSERT INTO telefono_vivero(id_vivero,telefono_vivero) VALUES (77,5543468969);
INSERT INTO telefono_vivero(id_vivero,telefono_vivero) VALUES (49,5578150497);
INSERT INTO telefono_vivero(id_vivero,telefono_vivero) VALUES (7,5517898627);
INSERT INTO telefono_vivero(id_vivero,telefono_vivero) VALUES (41,5562726908);
INSERT INTO telefono_vivero(id_vivero,telefono_vivero) VALUES (50,5552774421);
INSERT INTO telefono_vivero(id_vivero,telefono_vivero) VALUES (43,5587785837);
INSERT INTO telefono_vivero(id_vivero,telefono_vivero) VALUES (15,5554810764);
INSERT INTO telefono_vivero(id_vivero,telefono_vivero) VALUES (31,5522164923);
INSERT INTO telefono_vivero(id_vivero,telefono_vivero) VALUES (83,5554285479);
INSERT INTO telefono_vivero(id_vivero,telefono_vivero) VALUES (89,5502679145);
INSERT INTO telefono_vivero(id_vivero,telefono_vivero) VALUES (93,5550854147);
INSERT INTO telefono_vivero(id_vivero,telefono_vivero) VALUES (100,5507807666);
INSERT INTO telefono_vivero(id_vivero,telefono_vivero) VALUES (9,5548262412);
INSERT INTO telefono_vivero(id_vivero,telefono_vivero) VALUES (87,5509387646);
INSERT INTO telefono_vivero(id_vivero,telefono_vivero) VALUES (21,5534284806);
INSERT INTO telefono_vivero(id_vivero,telefono_vivero) VALUES (56,5533699380);
INSERT INTO telefono_vivero(id_vivero,telefono_vivero) VALUES (97,5586000520);
INSERT INTO telefono_vivero(id_vivero,telefono_vivero) VALUES (50,5517062096);
INSERT INTO telefono_vivero(id_vivero,telefono_vivero) VALUES (35,5537565155);
INSERT INTO telefono_vivero(id_vivero,telefono_vivero) VALUES (54,5527074477);
INSERT INTO telefono_vivero(id_vivero,telefono_vivero) VALUES (9,5561923695);
INSERT INTO telefono_vivero(id_vivero,telefono_vivero) VALUES (14,5588439286);
INSERT INTO telefono_vivero(id_vivero,telefono_vivero) VALUES (42,5565690345);
INSERT INTO telefono_vivero(id_vivero,telefono_vivero) VALUES (20,5566621412);
INSERT INTO telefono_vivero(id_vivero,telefono_vivero) VALUES (82,5524507107);
INSERT INTO telefono_vivero(id_vivero,telefono_vivero) VALUES (53,5526472067);
INSERT INTO telefono_vivero(id_vivero,telefono_vivero) VALUES (26,5546091571);
INSERT INTO telefono_vivero(id_vivero,telefono_vivero) VALUES (6,5529746493);
INSERT INTO telefono_vivero(id_vivero,telefono_vivero) VALUES (58,5533051813);
INSERT INTO telefono_vivero(id_vivero,telefono_vivero) VALUES (79,5599180531);
INSERT INTO telefono_vivero(id_vivero,telefono_vivero) VALUES (63,5537259838);
INSERT INTO telefono_vivero(id_vivero,telefono_vivero) VALUES (46,5559189537);
INSERT INTO telefono_vivero(id_vivero,telefono_vivero) VALUES (55,5509187076);
INSERT INTO telefono_vivero(id_vivero,telefono_vivero) VALUES (16,5527366781);
INSERT INTO telefono_vivero(id_vivero,telefono_vivero) VALUES (95,5591199704);
INSERT INTO telefono_vivero(id_vivero,telefono_vivero) VALUES (60,5565271971);
INSERT INTO telefono_vivero(id_vivero,telefono_vivero) VALUES (52,5555198308);
INSERT INTO telefono_vivero(id_vivero,telefono_vivero) VALUES (40,5505874073);
INSERT INTO telefono_vivero(id_vivero,telefono_vivero) VALUES (57,5586196398);
INSERT INTO telefono_vivero(id_vivero,telefono_vivero) VALUES (10,5518391173);
INSERT INTO telefono_vivero(id_vivero,telefono_vivero) VALUES (19,5546426478);
INSERT INTO telefono_vivero(id_vivero,telefono_vivero) VALUES (73,5539652213);
INSERT INTO telefono_vivero(id_vivero,telefono_vivero) VALUES (3,5578455212);
INSERT INTO telefono_vivero(id_vivero,telefono_vivero) VALUES (65,5556261322);
INSERT INTO telefono_vivero(id_vivero,telefono_vivero) VALUES (21,5540170266);
INSERT INTO telefono_vivero(id_vivero,telefono_vivero) VALUES (31,5539902748);
INSERT INTO telefono_vivero(id_vivero,telefono_vivero) VALUES (51,5549299683);
INSERT INTO telefono_vivero(id_vivero,telefono_vivero) VALUES (49,5529288222);
INSERT INTO telefono_vivero(id_vivero,telefono_vivero) VALUES (33,5546459337);
INSERT INTO telefono_vivero(id_vivero,telefono_vivero) VALUES (8,5599798934);
INSERT INTO telefono_vivero(id_vivero,telefono_vivero) VALUES (39,5587021406);
INSERT INTO telefono_vivero(id_vivero,telefono_vivero) VALUES (38,5525365372);
INSERT INTO telefono_vivero(id_vivero,telefono_vivero) VALUES (78,5521563145);
INSERT INTO telefono_vivero(id_vivero,telefono_vivero) VALUES (64,5567610881);
INSERT INTO telefono_vivero(id_vivero,telefono_vivero) VALUES (87,5598993114);
INSERT INTO telefono_vivero(id_vivero,telefono_vivero) VALUES (77,5572343155);
INSERT INTO telefono_vivero(id_vivero,telefono_vivero) VALUES (67,5532636278);
INSERT INTO telefono_vivero(id_vivero,telefono_vivero) VALUES (92,5509625309);
INSERT INTO telefono_vivero(id_vivero,telefono_vivero) VALUES (32,5504798039);
INSERT INTO telefono_vivero(id_vivero,telefono_vivero) VALUES (93,5593197227);
INSERT INTO telefono_vivero(id_vivero,telefono_vivero) VALUES (88,5570814808);
INSERT INTO telefono_vivero(id_vivero,telefono_vivero) VALUES (17,5558436008);
INSERT INTO telefono_vivero(id_vivero,telefono_vivero) VALUES (76,5583511370);
INSERT INTO telefono_vivero(id_vivero,telefono_vivero) VALUES (24,5522001919);
INSERT INTO telefono_vivero(id_vivero,telefono_vivero) VALUES (81,5571554494);
INSERT INTO telefono_vivero(id_vivero,telefono_vivero) VALUES (74,5555403507);
INSERT INTO telefono_vivero(id_vivero,telefono_vivero) VALUES (86,5533450024);
INSERT INTO telefono_vivero(id_vivero,telefono_vivero) VALUES (36,5589246824);
INSERT INTO telefono_vivero(id_vivero,telefono_vivero) VALUES (89,5593736336);
INSERT INTO telefono_vivero(id_vivero,telefono_vivero) VALUES (27,5549282232);
INSERT INTO telefono_vivero(id_vivero,telefono_vivero) VALUES (4,5588136458);
INSERT INTO telefono_vivero(id_vivero,telefono_vivero) VALUES (90,5561694156);
INSERT INTO telefono_vivero(id_vivero,telefono_vivero) VALUES (25,5576286207);
INSERT INTO telefono_vivero(id_vivero,telefono_vivero) VALUES (48,5533136584);
INSERT INTO telefono_vivero(id_vivero,telefono_vivero) VALUES (22,5516244930);
INSERT INTO telefono_vivero(id_vivero,telefono_vivero) VALUES (66,5529776999);
INSERT INTO telefono_vivero(id_vivero,telefono_vivero) VALUES (1,5532621220);
INSERT INTO telefono_vivero(id_vivero,telefono_vivero) VALUES (29,5585828733);
INSERT INTO telefono_vivero(id_vivero,telefono_vivero) VALUES (2,5535299060);
INSERT INTO telefono_vivero(id_vivero,telefono_vivero) VALUES (72,5579277011);
INSERT INTO telefono_vivero(id_vivero,telefono_vivero) VALUES (84,5529502901);
INSERT INTO telefono_vivero(id_vivero,telefono_vivero) VALUES (83,5567444509);
INSERT INTO telefono_vivero(id_vivero,telefono_vivero) VALUES (98,5522216722);
INSERT INTO telefono_vivero(id_vivero,telefono_vivero) VALUES (28,5536265739);
INSERT INTO telefono_vivero(id_vivero,telefono_vivero) VALUES (100,5502796374);
INSERT INTO telefono_vivero(id_vivero,telefono_vivero) VALUES (70,5587860072);
INSERT INTO telefono_vivero(id_vivero,telefono_vivero) VALUES (96,5536508645);
INSERT INTO telefono_vivero(id_vivero,telefono_vivero) VALUES (56,5554551239);
INSERT INTO telefono_vivero(id_vivero,telefono_vivero) VALUES (30,5556163965);
INSERT INTO telefono_vivero(id_vivero,telefono_vivero) VALUES (68,5516029123);
INSERT INTO telefono_vivero(id_vivero,telefono_vivero) VALUES (71,5537611755);
INSERT INTO telefono_vivero(id_vivero,telefono_vivero) VALUES (7,5544872050);
INSERT INTO telefono_vivero(id_vivero,telefono_vivero) VALUES (15,5525725067);
INSERT INTO telefono_vivero(id_vivero,telefono_vivero) VALUES (91,5568642660);
INSERT INTO telefono_vivero(id_vivero,telefono_vivero) VALUES (62,5569117653);
INSERT INTO telefono_vivero(id_vivero,telefono_vivero) VALUES (43,5578618874);
INSERT INTO telefono_vivero(id_vivero,telefono_vivero) VALUES (12,5590880071);
INSERT INTO telefono_vivero(id_vivero,telefono_vivero) VALUES (94,5502296395);
INSERT INTO telefono_vivero(id_vivero,telefono_vivero) VALUES (18,5594701277);
INSERT INTO telefono_vivero(id_vivero,telefono_vivero) VALUES (34,5538752925);
INSERT INTO telefono_vivero(id_vivero,telefono_vivero) VALUES (13,5535416295);
INSERT INTO telefono_vivero(id_vivero,telefono_vivero) VALUES (80,5522944276);
INSERT INTO telefono_vivero(id_vivero,telefono_vivero) VALUES (97,5568279686);
INSERT INTO telefono_vivero(id_vivero,telefono_vivero) VALUES (59,5585989956);
INSERT INTO telefono_vivero(id_vivero,telefono_vivero) VALUES (5,5500080805);
INSERT INTO telefono_vivero(id_vivero,telefono_vivero) VALUES (85,5514645918);
INSERT INTO telefono_vivero(id_vivero,telefono_vivero) VALUES (61,5528093234);
INSERT INTO telefono_vivero(id_vivero,telefono_vivero) VALUES (47,5532430054);
INSERT INTO telefono_vivero(id_vivero,telefono_vivero) VALUES (75,5520970495);
INSERT INTO telefono_vivero(id_vivero,telefono_vivero) VALUES (99,5523785143);
INSERT INTO telefono_vivero(id_vivero,telefono_vivero) VALUES (44,5502369888);
INSERT INTO telefono_vivero(id_vivero,telefono_vivero) VALUES (41,5515148583);
INSERT INTO telefono_vivero(id_vivero,telefono_vivero) VALUES (23,5585227153);
INSERT INTO telefono_vivero(id_vivero,telefono_vivero) VALUES (45,5534118416);
INSERT INTO telefono_vivero(id_vivero,telefono_vivero) VALUES (69,5571650519);
INSERT INTO telefono_vivero(id_vivero,telefono_vivero) VALUES (11,5570283605);
INSERT INTO telefono_vivero(id_vivero,telefono_vivero) VALUES (37,5589079020);

INSERT INTO cliente(id_cliente,nombre,fecha_nacimiento) VALUES (1,'Ebeneser Cherrett','1990-10-07');
INSERT INTO cliente(id_cliente,nombre,fecha_nacimiento) VALUES (2,'Grover Yankishin','1999-09-20');
INSERT INTO cliente(id_cliente,nombre,fecha_nacimiento) VALUES (3,'Fanechka Pellamonuten','1974-03-27');
INSERT INTO cliente(id_cliente,nombre,fecha_nacimiento) VALUES (4,'Mikol McQuorkel','1961-08-27');
INSERT INTO cliente(id_cliente,nombre,fecha_nacimiento) VALUES (5,'Ailey Dickey','1989-01-24');
INSERT INTO cliente(id_cliente,nombre,fecha_nacimiento) VALUES (6,'Harrietta Arden','1981-06-28');
INSERT INTO cliente(id_cliente,nombre,fecha_nacimiento) VALUES (7,'Trace Foch','1971-09-21');
INSERT INTO cliente(id_cliente,nombre,fecha_nacimiento) VALUES (8,'Mahala Bonifazio','2002-05-24');
INSERT INTO cliente(id_cliente,nombre,fecha_nacimiento) VALUES (9,'Nevin Ryal','1975-09-01');
INSERT INTO cliente(id_cliente,nombre,fecha_nacimiento) VALUES (10,'Eveleen Gosnall','1969-03-18');
INSERT INTO cliente(id_cliente,nombre,fecha_nacimiento) VALUES (11,'Alasteir Storry','1965-03-31');
INSERT INTO cliente(id_cliente,nombre,fecha_nacimiento) VALUES (12,'Harvey Perrot','1988-05-15');
INSERT INTO cliente(id_cliente,nombre,fecha_nacimiento) VALUES (13,'Norbert Vallance','2002-05-26');
INSERT INTO cliente(id_cliente,nombre,fecha_nacimiento) VALUES (14,'Kristel Barneville','1966-12-07');
INSERT INTO cliente(id_cliente,nombre,fecha_nacimiento) VALUES (15,'Silva Sutterfield','1968-09-06');
INSERT INTO cliente(id_cliente,nombre,fecha_nacimiento) VALUES (16,'Hilary Mathey','1984-03-26');
INSERT INTO cliente(id_cliente,nombre,fecha_nacimiento) VALUES (17,'Willi Rosita','1992-01-24');
INSERT INTO cliente(id_cliente,nombre,fecha_nacimiento) VALUES (18,'Lianna Robeson','1980-09-05');
INSERT INTO cliente(id_cliente,nombre,fecha_nacimiento) VALUES (19,'Keefe Parr','1968-03-18');
INSERT INTO cliente(id_cliente,nombre,fecha_nacimiento) VALUES (20,'Jasmina Ovesen','1970-03-22');
INSERT INTO cliente(id_cliente,nombre,fecha_nacimiento) VALUES (21,'Teodorico Guslon','1997-04-18');
INSERT INTO cliente(id_cliente,nombre,fecha_nacimiento) VALUES (22,'Ely Barchrameev','1981-03-22');
INSERT INTO cliente(id_cliente,nombre,fecha_nacimiento) VALUES (23,'Rawley Bocock','1990-09-22');
INSERT INTO cliente(id_cliente,nombre,fecha_nacimiento) VALUES (24,'Joela Sancraft','1962-11-03');
INSERT INTO cliente(id_cliente,nombre,fecha_nacimiento) VALUES (25,'Petronella Hiscocks','1967-06-14');
INSERT INTO cliente(id_cliente,nombre,fecha_nacimiento) VALUES (26,'Aviva Castle','1973-08-10');
INSERT INTO cliente(id_cliente,nombre,fecha_nacimiento) VALUES (27,'Jilleen Linfield','1967-07-02');
INSERT INTO cliente(id_cliente,nombre,fecha_nacimiento) VALUES (28,'Corrine Crosoer','1975-10-19');
INSERT INTO cliente(id_cliente,nombre,fecha_nacimiento) VALUES (29,'Baillie Kynoch','1964-01-17');
INSERT INTO cliente(id_cliente,nombre,fecha_nacimiento) VALUES (30,'Rosaleen Sawkin','1965-06-21');
INSERT INTO cliente(id_cliente,nombre,fecha_nacimiento) VALUES (31,'Tara Frankema','1993-09-08');
INSERT INTO cliente(id_cliente,nombre,fecha_nacimiento) VALUES (32,'Pia Andri','1961-03-30');
INSERT INTO cliente(id_cliente,nombre,fecha_nacimiento) VALUES (33,'Kermy Cartin','2002-03-15');
INSERT INTO cliente(id_cliente,nombre,fecha_nacimiento) VALUES (34,'Ringo Larter','1981-08-09');
INSERT INTO cliente(id_cliente,nombre,fecha_nacimiento) VALUES (35,'Nydia Hedger','1981-06-17');
INSERT INTO cliente(id_cliente,nombre,fecha_nacimiento) VALUES (36,'Marlow MacGown','1995-12-06');
INSERT INTO cliente(id_cliente,nombre,fecha_nacimiento) VALUES (37,'Uri Olman','1977-09-03');
INSERT INTO cliente(id_cliente,nombre,fecha_nacimiento) VALUES (38,'Rikki Disbury','1961-11-24');
INSERT INTO cliente(id_cliente,nombre,fecha_nacimiento) VALUES (39,'Flori Dwight','1996-05-31');
INSERT INTO cliente(id_cliente,nombre,fecha_nacimiento) VALUES (40,'Amalee Lakeman','1997-11-08');
INSERT INTO cliente(id_cliente,nombre,fecha_nacimiento) VALUES (41,'Camilla Everal','1961-05-24');
INSERT INTO cliente(id_cliente,nombre,fecha_nacimiento) VALUES (42,'Mora Barabisch','1983-02-06');
INSERT INTO cliente(id_cliente,nombre,fecha_nacimiento) VALUES (43,'Dolly Olliver','1975-12-06');
INSERT INTO cliente(id_cliente,nombre,fecha_nacimiento) VALUES (44,'Maureene Praundl','1979-04-06');
INSERT INTO cliente(id_cliente,nombre,fecha_nacimiento) VALUES (45,'Delaney Sexstone','1969-03-25');
INSERT INTO cliente(id_cliente,nombre,fecha_nacimiento) VALUES (46,'Hubert Breagan','1974-07-05');
INSERT INTO cliente(id_cliente,nombre,fecha_nacimiento) VALUES (47,'Aeriel Laible','1985-11-01');
INSERT INTO cliente(id_cliente,nombre,fecha_nacimiento) VALUES (48,'Rennie Peckett','1990-09-30');
INSERT INTO cliente(id_cliente,nombre,fecha_nacimiento) VALUES (49,'Magdaia Baribal','2002-07-19');
INSERT INTO cliente(id_cliente,nombre,fecha_nacimiento) VALUES (50,'Mariam Dayne','1976-12-04');
INSERT INTO cliente(id_cliente,nombre,fecha_nacimiento) VALUES (51,'Adriane Karus','1996-11-07');
INSERT INTO cliente(id_cliente,nombre,fecha_nacimiento) VALUES (52,'Carena Roz','1961-03-22');
INSERT INTO cliente(id_cliente,nombre,fecha_nacimiento) VALUES (53,'Bria Kirkup','2004-05-06');
INSERT INTO cliente(id_cliente,nombre,fecha_nacimiento) VALUES (54,'Reilly Merioth','1984-06-29');
INSERT INTO cliente(id_cliente,nombre,fecha_nacimiento) VALUES (55,'Derron Egginton','1976-07-09');
INSERT INTO cliente(id_cliente,nombre,fecha_nacimiento) VALUES (56,'Cam Orht','1982-02-11');
INSERT INTO cliente(id_cliente,nombre,fecha_nacimiento) VALUES (57,'Bonnee Bowyer','1979-02-10');
INSERT INTO cliente(id_cliente,nombre,fecha_nacimiento) VALUES (58,'Orsa Estabrook','1993-02-01');
INSERT INTO cliente(id_cliente,nombre,fecha_nacimiento) VALUES (59,'Giovanna Nesbit','1998-07-19');
INSERT INTO cliente(id_cliente,nombre,fecha_nacimiento) VALUES (60,'Charo MacAnellye','1991-12-21');
INSERT INTO cliente(id_cliente,nombre,fecha_nacimiento) VALUES (61,'Adah Pyburn','2004-01-14');
INSERT INTO cliente(id_cliente,nombre,fecha_nacimiento) VALUES (62,'Gerty Ohms','2002-01-26');
INSERT INTO cliente(id_cliente,nombre,fecha_nacimiento) VALUES (63,'Penny Duddle','2003-01-08');
INSERT INTO cliente(id_cliente,nombre,fecha_nacimiento) VALUES (64,'Demetris Rewan','1985-11-26');
INSERT INTO cliente(id_cliente,nombre,fecha_nacimiento) VALUES (65,'Fenelia Frantzeni','1989-01-20');
INSERT INTO cliente(id_cliente,nombre,fecha_nacimiento) VALUES (66,'Myrah Jahan','2002-08-30');
INSERT INTO cliente(id_cliente,nombre,fecha_nacimiento) VALUES (67,'Percival Harsent','1991-01-15');
INSERT INTO cliente(id_cliente,nombre,fecha_nacimiento) VALUES (68,'Fiona Barrass','1988-01-20');
INSERT INTO cliente(id_cliente,nombre,fecha_nacimiento) VALUES (69,'Bambi Wellbeloved','1960-02-07');
INSERT INTO cliente(id_cliente,nombre,fecha_nacimiento) VALUES (70,'Shannon Knights','1999-09-22');
INSERT INTO cliente(id_cliente,nombre,fecha_nacimiento) VALUES (71,'Adoree Lawling','2002-05-18');
INSERT INTO cliente(id_cliente,nombre,fecha_nacimiento) VALUES (72,'Wally Loalday','1976-10-27');
INSERT INTO cliente(id_cliente,nombre,fecha_nacimiento) VALUES (73,'Cedric Yatman','2004-08-16');
INSERT INTO cliente(id_cliente,nombre,fecha_nacimiento) VALUES (74,'Josee Pirnie','1972-05-08');
INSERT INTO cliente(id_cliente,nombre,fecha_nacimiento) VALUES (75,'Fonz Goby','1974-09-19');
INSERT INTO cliente(id_cliente,nombre,fecha_nacimiento) VALUES (76,'Evelyn Roots','1961-04-05');
INSERT INTO cliente(id_cliente,nombre,fecha_nacimiento) VALUES (77,'Archibald Bortolozzi','1997-12-27');
INSERT INTO cliente(id_cliente,nombre,fecha_nacimiento) VALUES (78,'Richart Rosle','2002-07-16');
INSERT INTO cliente(id_cliente,nombre,fecha_nacimiento) VALUES (79,'Sisile Vernau','1998-05-19');
INSERT INTO cliente(id_cliente,nombre,fecha_nacimiento) VALUES (80,'Andrej Halmkin','1991-10-31');
INSERT INTO cliente(id_cliente,nombre,fecha_nacimiento) VALUES (81,'Xenos Sprules','1997-03-28');
INSERT INTO cliente(id_cliente,nombre,fecha_nacimiento) VALUES (82,'Sheffy Tomasoni','1981-11-13');
INSERT INTO cliente(id_cliente,nombre,fecha_nacimiento) VALUES (83,'Ring Garm','1995-05-08');
INSERT INTO cliente(id_cliente,nombre,fecha_nacimiento) VALUES (84,'Norine Synke','1964-08-13');
INSERT INTO cliente(id_cliente,nombre,fecha_nacimiento) VALUES (85,'Jillayne Leeburne','1974-07-30');
INSERT INTO cliente(id_cliente,nombre,fecha_nacimiento) VALUES (86,'Ansel Gandley','1983-06-08');
INSERT INTO cliente(id_cliente,nombre,fecha_nacimiento) VALUES (87,'Roselia Shapira','2002-08-06');
INSERT INTO cliente(id_cliente,nombre,fecha_nacimiento) VALUES (88,'Marigold Pashen','1994-12-30');
INSERT INTO cliente(id_cliente,nombre,fecha_nacimiento) VALUES (89,'Stephi Renn','1991-06-18');
INSERT INTO cliente(id_cliente,nombre,fecha_nacimiento) VALUES (90,'Zach Manns','1963-04-07');
INSERT INTO cliente(id_cliente,nombre,fecha_nacimiento) VALUES (91,'Emerson Clarkin','1974-01-24');
INSERT INTO cliente(id_cliente,nombre,fecha_nacimiento) VALUES (92,'Rivy Kubacki','1974-01-07');
INSERT INTO cliente(id_cliente,nombre,fecha_nacimiento) VALUES (93,'Charmion Grosvener','1973-02-07');
INSERT INTO cliente(id_cliente,nombre,fecha_nacimiento) VALUES (94,'Spenser Hazelgrove','1997-03-14');
INSERT INTO cliente(id_cliente,nombre,fecha_nacimiento) VALUES (95,'Damiano Cicerone','1973-07-14');
INSERT INTO cliente(id_cliente,nombre,fecha_nacimiento) VALUES (96,'Joan Saw','1990-11-16');
INSERT INTO cliente(id_cliente,nombre,fecha_nacimiento) VALUES (97,'Paige Hardi','1991-07-25');
INSERT INTO cliente(id_cliente,nombre,fecha_nacimiento) VALUES (98,'Tallulah Itzcovich','1965-04-28');
INSERT INTO cliente(id_cliente,nombre,fecha_nacimiento) VALUES (99,'Golda Campkin','1996-06-04');
INSERT INTO cliente(id_cliente,nombre,fecha_nacimiento) VALUES (100,'Lorrie Sperrett','2002-07-12');

INSERT INTO correo_electronico_cliente(id_cliente,correo_electronico_cliente) VALUES (46,'glebourn0@drupal.org');
INSERT INTO correo_electronico_cliente(id_cliente,correo_electronico_cliente) VALUES (12,'fjerok1@java.com');
INSERT INTO correo_electronico_cliente(id_cliente,correo_electronico_cliente) VALUES (52,'prolse2@springer.com');
INSERT INTO correo_electronico_cliente(id_cliente,correo_electronico_cliente) VALUES (34,'veslemont3@senate.gov');
INSERT INTO correo_electronico_cliente(id_cliente,correo_electronico_cliente) VALUES (2,'qsafe4@wix.com');
INSERT INTO correo_electronico_cliente(id_cliente,correo_electronico_cliente) VALUES (40,'cdelia5@bbb.org');
INSERT INTO correo_electronico_cliente(id_cliente,correo_electronico_cliente) VALUES (87,'mcannell6@msu.edu');
INSERT INTO correo_electronico_cliente(id_cliente,correo_electronico_cliente) VALUES (45,'kcraze7@unc.edu');
INSERT INTO correo_electronico_cliente(id_cliente,correo_electronico_cliente) VALUES (69,'fmacourek8@drupal.org');
INSERT INTO correo_electronico_cliente(id_cliente,correo_electronico_cliente) VALUES (99,'wborris9@vinaora.com');
INSERT INTO correo_electronico_cliente(id_cliente,correo_electronico_cliente) VALUES (61,'afancutta@bandcamp.com');
INSERT INTO correo_electronico_cliente(id_cliente,correo_electronico_cliente) VALUES (30,'tcostanzab@geocities.jp');
INSERT INTO correo_electronico_cliente(id_cliente,correo_electronico_cliente) VALUES (63,'aedgleyc@ucoz.ru');
INSERT INTO correo_electronico_cliente(id_cliente,correo_electronico_cliente) VALUES (60,'mgalierd@naver.com');
INSERT INTO correo_electronico_cliente(id_cliente,correo_electronico_cliente) VALUES (8,'dcasae@alexa.com');
INSERT INTO correo_electronico_cliente(id_cliente,correo_electronico_cliente) VALUES (59,'pbransdonf@123-reg.co.uk');
INSERT INTO correo_electronico_cliente(id_cliente,correo_electronico_cliente) VALUES (72,'nkrolikg@google.pl');
INSERT INTO correo_electronico_cliente(id_cliente,correo_electronico_cliente) VALUES (84,'pmarklinh@e-recht24.de');
INSERT INTO correo_electronico_cliente(id_cliente,correo_electronico_cliente) VALUES (33,'cmurieli@marketwatch.com');
INSERT INTO correo_electronico_cliente(id_cliente,correo_electronico_cliente) VALUES (61,'ejollimanj@reference.com');
INSERT INTO correo_electronico_cliente(id_cliente,correo_electronico_cliente) VALUES (52,'apretoriusk@ifeng.com');
INSERT INTO correo_electronico_cliente(id_cliente,correo_electronico_cliente) VALUES (49,'wadamekl@tumblr.com');
INSERT INTO correo_electronico_cliente(id_cliente,correo_electronico_cliente) VALUES (2,'btearm@umich.edu');
INSERT INTO correo_electronico_cliente(id_cliente,correo_electronico_cliente) VALUES (42,'nbridgelandn@multiply.com');
INSERT INTO correo_electronico_cliente(id_cliente,correo_electronico_cliente) VALUES (99,'mbraideno@about.com');
INSERT INTO correo_electronico_cliente(id_cliente,correo_electronico_cliente) VALUES (17,'csilvermanp@tuttocitta.it');
INSERT INTO correo_electronico_cliente(id_cliente,correo_electronico_cliente) VALUES (76,'mocrevyq@163.com');
INSERT INTO correo_electronico_cliente(id_cliente,correo_electronico_cliente) VALUES (75,'agrovierr@arstechnica.com');
INSERT INTO correo_electronico_cliente(id_cliente,correo_electronico_cliente) VALUES (55,'gsemans@yahoo.com');
INSERT INTO correo_electronico_cliente(id_cliente,correo_electronico_cliente) VALUES (39,'mbourtont@shutterfly.com');
INSERT INTO correo_electronico_cliente(id_cliente,correo_electronico_cliente) VALUES (53,'sdefrancisciu@soundcloud.com');
INSERT INTO correo_electronico_cliente(id_cliente,correo_electronico_cliente) VALUES (7,'sgethynv@chicagotribune.com');
INSERT INTO correo_electronico_cliente(id_cliente,correo_electronico_cliente) VALUES (42,'csahnoww@wikimedia.org');
INSERT INTO correo_electronico_cliente(id_cliente,correo_electronico_cliente) VALUES (20,'mbuffyx@squidoo.com');
INSERT INTO correo_electronico_cliente(id_cliente,correo_electronico_cliente) VALUES (32,'hcreery@discuz.net');
INSERT INTO correo_electronico_cliente(id_cliente,correo_electronico_cliente) VALUES (58,'gcirlosz@cnet.com');
INSERT INTO correo_electronico_cliente(id_cliente,correo_electronico_cliente) VALUES (80,'lheathcoat10@slideshare.net');
INSERT INTO correo_electronico_cliente(id_cliente,correo_electronico_cliente) VALUES (61,'dkleehuhler11@reddit.com');
INSERT INTO correo_electronico_cliente(id_cliente,correo_electronico_cliente) VALUES (18,'eeaster12@shop-pro.jp');
INSERT INTO correo_electronico_cliente(id_cliente,correo_electronico_cliente) VALUES (27,'mcosely13@sitemeter.com');
INSERT INTO correo_electronico_cliente(id_cliente,correo_electronico_cliente) VALUES (46,'cbernholt14@is.gd');
INSERT INTO correo_electronico_cliente(id_cliente,correo_electronico_cliente) VALUES (64,'mdeporte15@omniture.com');
INSERT INTO correo_electronico_cliente(id_cliente,correo_electronico_cliente) VALUES (100,'blawther16@upenn.edu');
INSERT INTO correo_electronico_cliente(id_cliente,correo_electronico_cliente) VALUES (85,'gbilles17@chicagotribune.com');
INSERT INTO correo_electronico_cliente(id_cliente,correo_electronico_cliente) VALUES (67,'mstain18@newyorker.com');
INSERT INTO correo_electronico_cliente(id_cliente,correo_electronico_cliente) VALUES (69,'gthorns19@google.nl');
INSERT INTO correo_electronico_cliente(id_cliente,correo_electronico_cliente) VALUES (4,'asuggitt1a@google.ca');
INSERT INTO correo_electronico_cliente(id_cliente,correo_electronico_cliente) VALUES (70,'iullrich1b@wired.com');
INSERT INTO correo_electronico_cliente(id_cliente,correo_electronico_cliente) VALUES (64,'rchellenham1c@imgur.com');
INSERT INTO correo_electronico_cliente(id_cliente,correo_electronico_cliente) VALUES (7,'motowey1d@howstuffworks.com');
INSERT INTO correo_electronico_cliente(id_cliente,correo_electronico_cliente) VALUES (84,'asimmill1e@dagondesign.com');
INSERT INTO correo_electronico_cliente(id_cliente,correo_electronico_cliente) VALUES (80,'jmcilmorie1f@earthlink.net');
INSERT INTO correo_electronico_cliente(id_cliente,correo_electronico_cliente) VALUES (10,'bsimonini1g@imageshack.us');
INSERT INTO correo_electronico_cliente(id_cliente,correo_electronico_cliente) VALUES (69,'sshier1h@addtoany.com');
INSERT INTO correo_electronico_cliente(id_cliente,correo_electronico_cliente) VALUES (53,'jdermot1i@marketwatch.com');
INSERT INTO correo_electronico_cliente(id_cliente,correo_electronico_cliente) VALUES (6,'cfraschini1j@chronoengine.com');
INSERT INTO correo_electronico_cliente(id_cliente,correo_electronico_cliente) VALUES (86,'ehawkridge1k@businessinsider.com');
INSERT INTO correo_electronico_cliente(id_cliente,correo_electronico_cliente) VALUES (49,'rsperwell1l@unesco.org');
INSERT INTO correo_electronico_cliente(id_cliente,correo_electronico_cliente) VALUES (50,'ebendon1m@infoseek.co.jp');
INSERT INTO correo_electronico_cliente(id_cliente,correo_electronico_cliente) VALUES (79,'cbarson1n@opera.com');
INSERT INTO correo_electronico_cliente(id_cliente,correo_electronico_cliente) VALUES (18,'mconnett1o@icq.com');
INSERT INTO correo_electronico_cliente(id_cliente,correo_electronico_cliente) VALUES (42,'lgaukrodge1p@indiegogo.com');
INSERT INTO correo_electronico_cliente(id_cliente,correo_electronico_cliente) VALUES (19,'aheinig1q@instagram.com');
INSERT INTO correo_electronico_cliente(id_cliente,correo_electronico_cliente) VALUES (49,'vmaddrell1r@spotify.com');
INSERT INTO correo_electronico_cliente(id_cliente,correo_electronico_cliente) VALUES (1,'vanstee1s@acquirethisname.com');
INSERT INTO correo_electronico_cliente(id_cliente,correo_electronico_cliente) VALUES (20,'qcoates1t@vk.com');
INSERT INTO correo_electronico_cliente(id_cliente,correo_electronico_cliente) VALUES (88,'zmacdiarmid1u@census.gov');
INSERT INTO correo_electronico_cliente(id_cliente,correo_electronico_cliente) VALUES (86,'kvonasek1v@google.com');
INSERT INTO correo_electronico_cliente(id_cliente,correo_electronico_cliente) VALUES (75,'cstoacley1w@wikispaces.com');
INSERT INTO correo_electronico_cliente(id_cliente,correo_electronico_cliente) VALUES (78,'bcherry1x@hatena.ne.jp');
INSERT INTO correo_electronico_cliente(id_cliente,correo_electronico_cliente) VALUES (9,'churd1y@nps.gov');
INSERT INTO correo_electronico_cliente(id_cliente,correo_electronico_cliente) VALUES (88,'sjenking1z@hugedomains.com');
INSERT INTO correo_electronico_cliente(id_cliente,correo_electronico_cliente) VALUES (19,'rbarkworth20@va.gov');
INSERT INTO correo_electronico_cliente(id_cliente,correo_electronico_cliente) VALUES (98,'tcrottagh21@scribd.com');
INSERT INTO correo_electronico_cliente(id_cliente,correo_electronico_cliente) VALUES (75,'jbarnett22@unblog.fr');
INSERT INTO correo_electronico_cliente(id_cliente,correo_electronico_cliente) VALUES (83,'roroan23@blog.com');
INSERT INTO correo_electronico_cliente(id_cliente,correo_electronico_cliente) VALUES (22,'sbuttriss24@sciencedirect.com');
INSERT INTO correo_electronico_cliente(id_cliente,correo_electronico_cliente) VALUES (15,'pshepherd25@simplemachines.org');
INSERT INTO correo_electronico_cliente(id_cliente,correo_electronico_cliente) VALUES (61,'dknibbs26@t-online.de');
INSERT INTO correo_electronico_cliente(id_cliente,correo_electronico_cliente) VALUES (76,'pglaze27@kickstarter.com');
INSERT INTO correo_electronico_cliente(id_cliente,correo_electronico_cliente) VALUES (44,'vcrackett28@answers.com');
INSERT INTO correo_electronico_cliente(id_cliente,correo_electronico_cliente) VALUES (14,'cbrute29@nature.com');
INSERT INTO correo_electronico_cliente(id_cliente,correo_electronico_cliente) VALUES (92,'sspinetti2a@cornell.edu');
INSERT INTO correo_electronico_cliente(id_cliente,correo_electronico_cliente) VALUES (42,'wcroysdale2b@google.fr');
INSERT INTO correo_electronico_cliente(id_cliente,correo_electronico_cliente) VALUES (14,'mkennsley2c@patch.com');
INSERT INTO correo_electronico_cliente(id_cliente,correo_electronico_cliente) VALUES (72,'gwittrington2d@msu.edu');
INSERT INTO correo_electronico_cliente(id_cliente,correo_electronico_cliente) VALUES (89,'jvero2e@house.gov');
INSERT INTO correo_electronico_cliente(id_cliente,correo_electronico_cliente) VALUES (77,'bbrisley2f@epa.gov');
INSERT INTO correo_electronico_cliente(id_cliente,correo_electronico_cliente) VALUES (86,'nbottle2g@dot.gov');
INSERT INTO correo_electronico_cliente(id_cliente,correo_electronico_cliente) VALUES (70,'dgerriet2h@imgur.com');
INSERT INTO correo_electronico_cliente(id_cliente,correo_electronico_cliente) VALUES (48,'leary2i@unicef.org');
INSERT INTO correo_electronico_cliente(id_cliente,correo_electronico_cliente) VALUES (72,'iclarridge2j@dell.com');
INSERT INTO correo_electronico_cliente(id_cliente,correo_electronico_cliente) VALUES (24,'obernhardt2k@aol.com');
INSERT INTO correo_electronico_cliente(id_cliente,correo_electronico_cliente) VALUES (65,'stittershill2l@adobe.com');
INSERT INTO correo_electronico_cliente(id_cliente,correo_electronico_cliente) VALUES (96,'achapling2m@cnet.com');
INSERT INTO correo_electronico_cliente(id_cliente,correo_electronico_cliente) VALUES (68,'nfoddy2n@washington.edu');
INSERT INTO correo_electronico_cliente(id_cliente,correo_electronico_cliente) VALUES (23,'wdencs2o@indiegogo.com');
INSERT INTO correo_electronico_cliente(id_cliente,correo_electronico_cliente) VALUES (19,'fhadeke2p@blog.com');
INSERT INTO correo_electronico_cliente(id_cliente,correo_electronico_cliente) VALUES (25,'fhaggett2q@upenn.edu');
INSERT INTO correo_electronico_cliente(id_cliente,correo_electronico_cliente) VALUES (53,'apods2r@whitehouse.gov');

INSERT INTO telefono_cliente(id_cliente,telefono_cliente) VALUES (89,'5503978461');
INSERT INTO telefono_cliente(id_cliente,telefono_cliente) VALUES (77,'5527716720');
INSERT INTO telefono_cliente(id_cliente,telefono_cliente) VALUES (32,'5543655272');
INSERT INTO telefono_cliente(id_cliente,telefono_cliente) VALUES (64,'5533448271');
INSERT INTO telefono_cliente(id_cliente,telefono_cliente) VALUES (92,'5580686534');
INSERT INTO telefono_cliente(id_cliente,telefono_cliente) VALUES (46,'5503584314');
INSERT INTO telefono_cliente(id_cliente,telefono_cliente) VALUES (5,'5557834814');
INSERT INTO telefono_cliente(id_cliente,telefono_cliente) VALUES (76,'5548013646');
INSERT INTO telefono_cliente(id_cliente,telefono_cliente) VALUES (34,'5562123317');
INSERT INTO telefono_cliente(id_cliente,telefono_cliente) VALUES (85,'5576944196');
INSERT INTO telefono_cliente(id_cliente,telefono_cliente) VALUES (89,'5568270703');
INSERT INTO telefono_cliente(id_cliente,telefono_cliente) VALUES (42,'5571518199');
INSERT INTO telefono_cliente(id_cliente,telefono_cliente) VALUES (56,'5557173703');
INSERT INTO telefono_cliente(id_cliente,telefono_cliente) VALUES (62,'5587133123');
INSERT INTO telefono_cliente(id_cliente,telefono_cliente) VALUES (72,'5513428897');
INSERT INTO telefono_cliente(id_cliente,telefono_cliente) VALUES (90,'5561685300');
INSERT INTO telefono_cliente(id_cliente,telefono_cliente) VALUES (15,'5575376358');
INSERT INTO telefono_cliente(id_cliente,telefono_cliente) VALUES (29,'5517069319');
INSERT INTO telefono_cliente(id_cliente,telefono_cliente) VALUES (63,'5526147250');
INSERT INTO telefono_cliente(id_cliente,telefono_cliente) VALUES (19,'5591981270');
INSERT INTO telefono_cliente(id_cliente,telefono_cliente) VALUES (64,'5527384798');
INSERT INTO telefono_cliente(id_cliente,telefono_cliente) VALUES (87,'5556730134');
INSERT INTO telefono_cliente(id_cliente,telefono_cliente) VALUES (62,'5521393886');
INSERT INTO telefono_cliente(id_cliente,telefono_cliente) VALUES (72,'5549375591');
INSERT INTO telefono_cliente(id_cliente,telefono_cliente) VALUES (17,'5523401643');
INSERT INTO telefono_cliente(id_cliente,telefono_cliente) VALUES (80,'5546655236');
INSERT INTO telefono_cliente(id_cliente,telefono_cliente) VALUES (57,'5581961946');
INSERT INTO telefono_cliente(id_cliente,telefono_cliente) VALUES (20,'5529638814');
INSERT INTO telefono_cliente(id_cliente,telefono_cliente) VALUES (52,'5502400299');
INSERT INTO telefono_cliente(id_cliente,telefono_cliente) VALUES (65,'5518944098');
INSERT INTO telefono_cliente(id_cliente,telefono_cliente) VALUES (90,'5557999599');
INSERT INTO telefono_cliente(id_cliente,telefono_cliente) VALUES (53,'5506261901');
INSERT INTO telefono_cliente(id_cliente,telefono_cliente) VALUES (49,'5558243051');
INSERT INTO telefono_cliente(id_cliente,telefono_cliente) VALUES (22,'5537580954');
INSERT INTO telefono_cliente(id_cliente,telefono_cliente) VALUES (95,'5566896619');
INSERT INTO telefono_cliente(id_cliente,telefono_cliente) VALUES (30,'5566687847');
INSERT INTO telefono_cliente(id_cliente,telefono_cliente) VALUES (18,'5504369528');
INSERT INTO telefono_cliente(id_cliente,telefono_cliente) VALUES (81,'5565420671');
INSERT INTO telefono_cliente(id_cliente,telefono_cliente) VALUES (15,'5556708483');
INSERT INTO telefono_cliente(id_cliente,telefono_cliente) VALUES (71,'5556886569');
INSERT INTO telefono_cliente(id_cliente,telefono_cliente) VALUES (28,'5574435277');
INSERT INTO telefono_cliente(id_cliente,telefono_cliente) VALUES (76,'5595680285');
INSERT INTO telefono_cliente(id_cliente,telefono_cliente) VALUES (36,'5579045526');
INSERT INTO telefono_cliente(id_cliente,telefono_cliente) VALUES (77,'5577871727');
INSERT INTO telefono_cliente(id_cliente,telefono_cliente) VALUES (65,'5568719488');
INSERT INTO telefono_cliente(id_cliente,telefono_cliente) VALUES (6,'5572982861');
INSERT INTO telefono_cliente(id_cliente,telefono_cliente) VALUES (67,'5522111638');
INSERT INTO telefono_cliente(id_cliente,telefono_cliente) VALUES (5,'5581326552');
INSERT INTO telefono_cliente(id_cliente,telefono_cliente) VALUES (98,'5540203886');
INSERT INTO telefono_cliente(id_cliente,telefono_cliente) VALUES (78,'5535275929');
INSERT INTO telefono_cliente(id_cliente,telefono_cliente) VALUES (98,'5524173630');
INSERT INTO telefono_cliente(id_cliente,telefono_cliente) VALUES (61,'5539537963');
INSERT INTO telefono_cliente(id_cliente,telefono_cliente) VALUES (24,'5540559461');
INSERT INTO telefono_cliente(id_cliente,telefono_cliente) VALUES (16,'5560235276');
INSERT INTO telefono_cliente(id_cliente,telefono_cliente) VALUES (11,'5596108422');
INSERT INTO telefono_cliente(id_cliente,telefono_cliente) VALUES (23,'5517378811');
INSERT INTO telefono_cliente(id_cliente,telefono_cliente) VALUES (66,'5587509916');
INSERT INTO telefono_cliente(id_cliente,telefono_cliente) VALUES (21,'5550973347');
INSERT INTO telefono_cliente(id_cliente,telefono_cliente) VALUES (48,'5533353291');
INSERT INTO telefono_cliente(id_cliente,telefono_cliente) VALUES (57,'5536872531');
INSERT INTO telefono_cliente(id_cliente,telefono_cliente) VALUES (34,'5598366374');
INSERT INTO telefono_cliente(id_cliente,telefono_cliente) VALUES (84,'5524287686');
INSERT INTO telefono_cliente(id_cliente,telefono_cliente) VALUES (84,'5585541605');
INSERT INTO telefono_cliente(id_cliente,telefono_cliente) VALUES (21,'5590800975');
INSERT INTO telefono_cliente(id_cliente,telefono_cliente) VALUES (36,'5551461349');
INSERT INTO telefono_cliente(id_cliente,telefono_cliente) VALUES (67,'5581467487');
INSERT INTO telefono_cliente(id_cliente,telefono_cliente) VALUES (31,'5539925364');
INSERT INTO telefono_cliente(id_cliente,telefono_cliente) VALUES (100,'5591866375');
INSERT INTO telefono_cliente(id_cliente,telefono_cliente) VALUES (76,'5551495247');
INSERT INTO telefono_cliente(id_cliente,telefono_cliente) VALUES (26,'5542334772');
INSERT INTO telefono_cliente(id_cliente,telefono_cliente) VALUES (41,'5532175284');
INSERT INTO telefono_cliente(id_cliente,telefono_cliente) VALUES (96,'5589451624');
INSERT INTO telefono_cliente(id_cliente,telefono_cliente) VALUES (95,'5504616719');
INSERT INTO telefono_cliente(id_cliente,telefono_cliente) VALUES (34,'5536199576');
INSERT INTO telefono_cliente(id_cliente,telefono_cliente) VALUES (53,'5520544577');
INSERT INTO telefono_cliente(id_cliente,telefono_cliente) VALUES (63,'5562976335');
INSERT INTO telefono_cliente(id_cliente,telefono_cliente) VALUES (79,'5569977374');
INSERT INTO telefono_cliente(id_cliente,telefono_cliente) VALUES (75,'5560424713');
INSERT INTO telefono_cliente(id_cliente,telefono_cliente) VALUES (73,'5576800615');
INSERT INTO telefono_cliente(id_cliente,telefono_cliente) VALUES (42,'5557812041');
INSERT INTO telefono_cliente(id_cliente,telefono_cliente) VALUES (25,'5519003684');
INSERT INTO telefono_cliente(id_cliente,telefono_cliente) VALUES (4,'5570281722');
INSERT INTO telefono_cliente(id_cliente,telefono_cliente) VALUES (88,'5589376847');
INSERT INTO telefono_cliente(id_cliente,telefono_cliente) VALUES (60,'5560322252');
INSERT INTO telefono_cliente(id_cliente,telefono_cliente) VALUES (89,'5593423464');
INSERT INTO telefono_cliente(id_cliente,telefono_cliente) VALUES (50,'5558842924');
INSERT INTO telefono_cliente(id_cliente,telefono_cliente) VALUES (76,'5541746090');
INSERT INTO telefono_cliente(id_cliente,telefono_cliente) VALUES (28,'5555479790');
INSERT INTO telefono_cliente(id_cliente,telefono_cliente) VALUES (40,'5554775437');
INSERT INTO telefono_cliente(id_cliente,telefono_cliente) VALUES (22,'5575762956');
INSERT INTO telefono_cliente(id_cliente,telefono_cliente) VALUES (15,'5503772998');
INSERT INTO telefono_cliente(id_cliente,telefono_cliente) VALUES (70,'5568740135');
INSERT INTO telefono_cliente(id_cliente,telefono_cliente) VALUES (46,'5583975748');
INSERT INTO telefono_cliente(id_cliente,telefono_cliente) VALUES (74,'5565977512');
INSERT INTO telefono_cliente(id_cliente,telefono_cliente) VALUES (32,'5537906008');
INSERT INTO telefono_cliente(id_cliente,telefono_cliente) VALUES (56,'5590081815');
INSERT INTO telefono_cliente(id_cliente,telefono_cliente) VALUES (11,'5564938045');
INSERT INTO telefono_cliente(id_cliente,telefono_cliente) VALUES (96,'5554187393');
INSERT INTO telefono_cliente(id_cliente,telefono_cliente) VALUES (61,'5578024952');
INSERT INTO telefono_cliente(id_cliente,telefono_cliente) VALUES (33,'5580918001');

INSERT INTO c_rol(id_rol,descripcion) VALUES (1,'Gerente de vivero');
INSERT INTO c_rol(id_rol,descripcion) VALUES (2,'Cuidador de plantas');
INSERT INTO c_rol(id_rol,descripcion) VALUES (3,'Encargado de mostrador');
INSERT INTO c_rol(id_rol,descripcion) VALUES (4,'Cajero');

INSERT INTO empleado(id_vivero,id_rol,id_empleado,nombre,fecha_nacimiento,salario,ciudad,estado,cp,calle) VALUES (89,4,1,'Cecilla Wisson','1904-01-07','$13335.95','Fresno','California',93762,'76 Susan Terrace');
INSERT INTO empleado(id_vivero,id_rol,id_empleado,nombre,fecha_nacimiento,salario,ciudad,estado,cp,calle) VALUES (1,2,2,'Olenolin Kernocke','1927-01-07','$27880.64','Springfield','Illinois',62794,'02103 Village Green Court');
INSERT INTO empleado(id_vivero,id_rol,id_empleado,nombre,fecha_nacimiento,salario,ciudad,estado,cp,calle) VALUES (59,1,3,'Dorette Bayley','1978-07-18','$28699.46','Colorado Springs','Colorado',80940,'603 Wayridge Center');
INSERT INTO empleado(id_vivero,id_rol,id_empleado,nombre,fecha_nacimiento,salario,ciudad,estado,cp,calle) VALUES (7,4,4,'Nev Anten','1944-07-09','$15001.13','Amarillo','Texas',79171,'29 Norway Maple Avenue');
INSERT INTO empleado(id_vivero,id_rol,id_empleado,nombre,fecha_nacimiento,salario,ciudad,estado,cp,calle) VALUES (62,2,5,'Ellyn Busson','1934-01-31','$7892.64','Washington','District of Columbia',20057,'2029 Oak Valley Park');
INSERT INTO empleado(id_vivero,id_rol,id_empleado,nombre,fecha_nacimiento,salario,ciudad,estado,cp,calle) VALUES (92,2,6,'Larry McClinton','1909-03-03','$14022.00','Portsmouth','New Hampshire',03804,'81 Texas Parkway');
INSERT INTO empleado(id_vivero,id_rol,id_empleado,nombre,fecha_nacimiento,salario,ciudad,estado,cp,calle) VALUES (78,1,7,'Leeann Salman','1973-06-26','$20720.16','Charleston','West Virginia',25305,'0372 Stang Avenue');
INSERT INTO empleado(id_vivero,id_rol,id_empleado,nombre,fecha_nacimiento,salario,ciudad,estado,cp,calle) VALUES (85,4,8,'Ryon Chipperfield','1920-04-09','$14825.64','Los Angeles','California',90189,'622 Hayes Parkway');
INSERT INTO empleado(id_vivero,id_rol,id_empleado,nombre,fecha_nacimiento,salario,ciudad,estado,cp,calle) VALUES (4,3,9,'Joyce Quade','1951-04-26','$21506.19','Littleton','Colorado',80127,'2716 Canary Pass');
INSERT INTO empleado(id_vivero,id_rol,id_empleado,nombre,fecha_nacimiento,salario,ciudad,estado,cp,calle) VALUES (13,3,10,'Jeniffer Blucher','1905-05-31','$17973.76','Chicago','Illinois',60624,'7 Hoard Crossing');
INSERT INTO empleado(id_vivero,id_rol,id_empleado,nombre,fecha_nacimiento,salario,ciudad,estado,cp,calle) VALUES (25,3,11,'Westbrooke Mouget','1965-08-11','$9932.92','Lansing','Michigan',48912,'39 Reindahl Way');
INSERT INTO empleado(id_vivero,id_rol,id_empleado,nombre,fecha_nacimiento,salario,ciudad,estado,cp,calle) VALUES (13,4,12,'Filip Barkworth','1959-09-03','$11076.19','Tucson','Arizona',85705,'56 Coleman Circle');
INSERT INTO empleado(id_vivero,id_rol,id_empleado,nombre,fecha_nacimiento,salario,ciudad,estado,cp,calle) VALUES (63,3,13,'Cherri Robertelli','1959-07-09','$4945.41','Oklahoma City','Oklahoma',73152,'4222 Anniversary Way');
INSERT INTO empleado(id_vivero,id_rol,id_empleado,nombre,fecha_nacimiento,salario,ciudad,estado,cp,calle) VALUES (30,2,14,'Briana Harriskine','1991-04-15','$15029.98','Springfield','Virginia',22156,'02822 Havey Way');
INSERT INTO empleado(id_vivero,id_rol,id_empleado,nombre,fecha_nacimiento,salario,ciudad,estado,cp,calle) VALUES (53,4,15,'Lynda Collins','1921-12-10','$11875.00','Long Beach','California',90840,'095 Eggendart Parkway');
INSERT INTO empleado(id_vivero,id_rol,id_empleado,nombre,fecha_nacimiento,salario,ciudad,estado,cp,calle) VALUES (34,2,16,'Russ MacKintosh','2000-02-07','$21905.01','Las Vegas','Nevada',89193,'1 Fairview Road');
INSERT INTO empleado(id_vivero,id_rol,id_empleado,nombre,fecha_nacimiento,salario,ciudad,estado,cp,calle) VALUES (73,1,17,'Noellyn Bessant','1943-08-20','$13347.57','Maple Plain','Minnesota',55579,'56 Laurel Place');
INSERT INTO empleado(id_vivero,id_rol,id_empleado,nombre,fecha_nacimiento,salario,ciudad,estado,cp,calle) VALUES (91,2,18,'Garner Kite','2003-07-21','$25785.14','Saint Louis','Missouri',63196,'8 Darwin Hill');
INSERT INTO empleado(id_vivero,id_rol,id_empleado,nombre,fecha_nacimiento,salario,ciudad,estado,cp,calle) VALUES (85,1,19,'Ezra Crohan','1965-04-08','$19971.57','El Paso','Texas',88584,'10233 Del Mar Court');
INSERT INTO empleado(id_vivero,id_rol,id_empleado,nombre,fecha_nacimiento,salario,ciudad,estado,cp,calle) VALUES (15,4,20,'Jens Orwin','1973-09-25','$16591.94','Chicago','Illinois',60652,'104 Parkside Point');
INSERT INTO empleado(id_vivero,id_rol,id_empleado,nombre,fecha_nacimiento,salario,ciudad,estado,cp,calle) VALUES (21,3,21,'Alphonso Spavins','1966-12-29','$5644.15','Kalamazoo','Michigan',49048,'194 Morning Lane');
INSERT INTO empleado(id_vivero,id_rol,id_empleado,nombre,fecha_nacimiento,salario,ciudad,estado,cp,calle) VALUES (58,2,22,'Hamish Zimmerman','1993-08-01','$10857.00','Madison','Wisconsin',53779,'3 Fair Oaks Parkway');
INSERT INTO empleado(id_vivero,id_rol,id_empleado,nombre,fecha_nacimiento,salario,ciudad,estado,cp,calle) VALUES (4,4,23,'Rennie Crosseland','1974-10-25','$27090.73','Pensacola','Florida',32526,'0895 Laurel Point');
INSERT INTO empleado(id_vivero,id_rol,id_empleado,nombre,fecha_nacimiento,salario,ciudad,estado,cp,calle) VALUES (61,3,24,'Letitia Clymo','1930-09-25','$4050.54','Herndon','Virginia',22070,'2233 Anzinger Center');
INSERT INTO empleado(id_vivero,id_rol,id_empleado,nombre,fecha_nacimiento,salario,ciudad,estado,cp,calle) VALUES (66,3,25,'Novelia Antonutti','1945-09-29','$20569.85','Lansing','Michigan',48901,'16153 Marquette Parkway');
INSERT INTO empleado(id_vivero,id_rol,id_empleado,nombre,fecha_nacimiento,salario,ciudad,estado,cp,calle) VALUES (95,4,26,'Kristina Jovovic','1989-01-26','$15814.76','Roanoke','Virginia',24034,'0937 Manitowish Point');
INSERT INTO empleado(id_vivero,id_rol,id_empleado,nombre,fecha_nacimiento,salario,ciudad,estado,cp,calle) VALUES (48,2,27,'Antonio Triplow','1969-05-15','$21664.93','Harrisburg','Pennsylvania',17126,'2 Shelley Circle');
INSERT INTO empleado(id_vivero,id_rol,id_empleado,nombre,fecha_nacimiento,salario,ciudad,estado,cp,calle) VALUES (52,1,28,'Zsa zsa Morey','1900-01-17','$29144.19','Gary','Indiana',46406,'02 Green Ridge Crossing');
INSERT INTO empleado(id_vivero,id_rol,id_empleado,nombre,fecha_nacimiento,salario,ciudad,estado,cp,calle) VALUES (91,1,29,'Mariya Eisak','1969-09-09','$10902.38','Pomona','California',91797,'4700 Tennyson Lane');
INSERT INTO empleado(id_vivero,id_rol,id_empleado,nombre,fecha_nacimiento,salario,ciudad,estado,cp,calle) VALUES (31,1,30,'Theadora Bentley','1908-03-21','$23377.73','Memphis','Tennessee',38119,'6156 Holmberg Alley');
INSERT INTO empleado(id_vivero,id_rol,id_empleado,nombre,fecha_nacimiento,salario,ciudad,estado,cp,calle) VALUES (74,1,31,'Syman Nardi','1920-01-22','$7913.42','Corpus Christi','Texas',78415,'99542 Merrick Parkway');
INSERT INTO empleado(id_vivero,id_rol,id_empleado,nombre,fecha_nacimiento,salario,ciudad,estado,cp,calle) VALUES (70,4,32,'Adrianne Tierney','1921-12-25','$4229.49','Los Angeles','California',90050,'4 Meadow Vale Plaza');
INSERT INTO empleado(id_vivero,id_rol,id_empleado,nombre,fecha_nacimiento,salario,ciudad,estado,cp,calle) VALUES (49,4,33,'Bibbie Baume','1957-11-02','$17884.55','Virginia Beach','Virginia',23459,'44806 Merry Plaza');
INSERT INTO empleado(id_vivero,id_rol,id_empleado,nombre,fecha_nacimiento,salario,ciudad,estado,cp,calle) VALUES (22,2,34,'Katinka Vase','1927-12-13','$23552.04','Palatine','Illinois',60078,'608 Lakewood Lane');
INSERT INTO empleado(id_vivero,id_rol,id_empleado,nombre,fecha_nacimiento,salario,ciudad,estado,cp,calle) VALUES (23,2,35,'Dion Denham','1963-11-02','$17108.89','Houston','Texas',77260,'2 Emmet Court');
INSERT INTO empleado(id_vivero,id_rol,id_empleado,nombre,fecha_nacimiento,salario,ciudad,estado,cp,calle) VALUES (53,4,36,'Felicdad Rampton','1940-05-07','$23221.29','Des Moines','Iowa',50335,'9208 Armistice Pass');
INSERT INTO empleado(id_vivero,id_rol,id_empleado,nombre,fecha_nacimiento,salario,ciudad,estado,cp,calle) VALUES (96,1,37,'Clementius Tevlin','1992-09-06','$22027.27','Washington','District of Columbia',20442,'62033 Dayton Terrace');
INSERT INTO empleado(id_vivero,id_rol,id_empleado,nombre,fecha_nacimiento,salario,ciudad,estado,cp,calle) VALUES (55,4,38,'Marin Loude','1970-01-13','$19240.92','Austin','Texas',78749,'99 Atwood Pass');
INSERT INTO empleado(id_vivero,id_rol,id_empleado,nombre,fecha_nacimiento,salario,ciudad,estado,cp,calle) VALUES (71,4,39,'Julina Langthorne','1919-10-04','$17919.72','El Paso','Texas',88558,'3676 Sachtjen Plaza');
INSERT INTO empleado(id_vivero,id_rol,id_empleado,nombre,fecha_nacimiento,salario,ciudad,estado,cp,calle) VALUES (86,2,40,'Sue Caghy','1903-08-09','$11654.85','Denver','Colorado',80209,'0358 Ohio Drive');
INSERT INTO empleado(id_vivero,id_rol,id_empleado,nombre,fecha_nacimiento,salario,ciudad,estado,cp,calle) VALUES (89,1,41,'Beryle Kermit','1932-04-25','$11671.63','Nashville','Tennessee',37215,'30276 Surrey Street');
INSERT INTO empleado(id_vivero,id_rol,id_empleado,nombre,fecha_nacimiento,salario,ciudad,estado,cp,calle) VALUES (84,1,42,'Giffer Beverley','1914-07-08','$12827.69','Bronx','New York',10459,'9460 Tomscot Plaza');
INSERT INTO empleado(id_vivero,id_rol,id_empleado,nombre,fecha_nacimiento,salario,ciudad,estado,cp,calle) VALUES (16,4,43,'Sig Gremain','1921-03-06','$5017.22','Seminole','Florida',34642,'68223 Heffernan Trail');
INSERT INTO empleado(id_vivero,id_rol,id_empleado,nombre,fecha_nacimiento,salario,ciudad,estado,cp,calle) VALUES (47,4,44,'Ara Lusgdin','1985-02-23','$7700.16','Redwood City','California',94064,'46653 Hudson Street');
INSERT INTO empleado(id_vivero,id_rol,id_empleado,nombre,fecha_nacimiento,salario,ciudad,estado,cp,calle) VALUES (28,1,45,'Lotta Croxon','1900-07-30','$24354.46','Laurel','Maryland',20709,'0363 Jay Drive');
INSERT INTO empleado(id_vivero,id_rol,id_empleado,nombre,fecha_nacimiento,salario,ciudad,estado,cp,calle) VALUES (23,4,46,'Marinna Trimmill','1973-08-04','$8242.61','Tucson','Arizona',85715,'0105 Bartillon Terrace');
INSERT INTO empleado(id_vivero,id_rol,id_empleado,nombre,fecha_nacimiento,salario,ciudad,estado,cp,calle) VALUES (1,2,47,'Virgie Gutridge','1929-12-25','$28590.90','Charleston','West Virginia',25356,'6 David Alley');
INSERT INTO empleado(id_vivero,id_rol,id_empleado,nombre,fecha_nacimiento,salario,ciudad,estado,cp,calle) VALUES (92,1,48,'Freemon Castlake','1903-06-22','$14235.91','Washington','District of Columbia',20525,'3 Coolidge Crossing');
INSERT INTO empleado(id_vivero,id_rol,id_empleado,nombre,fecha_nacimiento,salario,ciudad,estado,cp,calle) VALUES (79,2,49,'Gerladina Monget','1998-10-12','$4408.90','White Plains','New York',10606,'8 Mallory Avenue');
INSERT INTO empleado(id_vivero,id_rol,id_empleado,nombre,fecha_nacimiento,salario,ciudad,estado,cp,calle) VALUES (89,4,50,'Homer Simper','1901-10-18','$27633.21','Columbus','Mississippi',39705,'8280 Granby Junction');
INSERT INTO empleado(id_vivero,id_rol,id_empleado,nombre,fecha_nacimiento,salario,ciudad,estado,cp,calle) VALUES (34,4,51,'Hilario Veazey','2002-01-09','$5191.07','Washington','District of Columbia',20430,'89552 Hovde Hill');
INSERT INTO empleado(id_vivero,id_rol,id_empleado,nombre,fecha_nacimiento,salario,ciudad,estado,cp,calle) VALUES (79,4,52,'Josephine Hoonahan','1952-12-21','$28052.53','Troy','Michigan',48098,'7835 Longview Center');
INSERT INTO empleado(id_vivero,id_rol,id_empleado,nombre,fecha_nacimiento,salario,ciudad,estado,cp,calle) VALUES (18,1,53,'Flossy Delafoy','1956-03-31','$4543.60','Warren','Ohio',44485,'98460 Acker Circle');
INSERT INTO empleado(id_vivero,id_rol,id_empleado,nombre,fecha_nacimiento,salario,ciudad,estado,cp,calle) VALUES (42,1,54,'Samaria Streeton','1982-03-18','$27825.98','Chico','California',95973,'39179 Karstens Pass');
INSERT INTO empleado(id_vivero,id_rol,id_empleado,nombre,fecha_nacimiento,salario,ciudad,estado,cp,calle) VALUES (70,2,55,'Eduardo MacLeod','1986-09-25','$9056.38','Indianapolis','Indiana',46266,'5817 Ryan Alley');
INSERT INTO empleado(id_vivero,id_rol,id_empleado,nombre,fecha_nacimiento,salario,ciudad,estado,cp,calle) VALUES (39,3,56,'Nahum Murison','1954-05-21','$10440.33','Miami','Florida',33129,'5256 Calypso Trail');
INSERT INTO empleado(id_vivero,id_rol,id_empleado,nombre,fecha_nacimiento,salario,ciudad,estado,cp,calle) VALUES (59,3,57,'Tine Blazhevich','1993-06-10','$29155.00','Harrisburg','Pennsylvania',17110,'6542 Lighthouse Bay Circle');
INSERT INTO empleado(id_vivero,id_rol,id_empleado,nombre,fecha_nacimiento,salario,ciudad,estado,cp,calle) VALUES (12,3,58,'Shari Dunnett','1937-07-27','$20522.15','Lancaster','California',93584,'333 Caliangt Plaza');
INSERT INTO empleado(id_vivero,id_rol,id_empleado,nombre,fecha_nacimiento,salario,ciudad,estado,cp,calle) VALUES (43,1,59,'Tammy Mowbray','1903-05-22','$7818.58','Rochester','New York',14639,'0 Elka Junction');
INSERT INTO empleado(id_vivero,id_rol,id_empleado,nombre,fecha_nacimiento,salario,ciudad,estado,cp,calle) VALUES (13,3,60,'Ladonna Fitzpayn','1980-07-15','$23166.61','Lubbock','Texas',79410,'0822 Rusk Avenue');
INSERT INTO empleado(id_vivero,id_rol,id_empleado,nombre,fecha_nacimiento,salario,ciudad,estado,cp,calle) VALUES (62,2,61,'Allis Hanscomb','1920-05-08','$17322.71','Dallas','Texas',75277,'53431 Lukken Way');
INSERT INTO empleado(id_vivero,id_rol,id_empleado,nombre,fecha_nacimiento,salario,ciudad,estado,cp,calle) VALUES (87,1,62,'Tirrell Mullally','1939-10-06','$11776.52','Arlington','Virginia',22244,'3243 School Court');
INSERT INTO empleado(id_vivero,id_rol,id_empleado,nombre,fecha_nacimiento,salario,ciudad,estado,cp,calle) VALUES (61,4,63,'Kylie Firman','1959-05-15','$27382.45','Houston','Texas',77060,'6473 Homewood Pass');
INSERT INTO empleado(id_vivero,id_rol,id_empleado,nombre,fecha_nacimiento,salario,ciudad,estado,cp,calle) VALUES (78,4,64,'Tori Skilling','1938-02-28','$20094.80','Falls Church','Virginia',22047,'18 Oak Valley Parkway');
INSERT INTO empleado(id_vivero,id_rol,id_empleado,nombre,fecha_nacimiento,salario,ciudad,estado,cp,calle) VALUES (98,3,65,'Karim Arcase','1909-06-22','$19475.08','Littleton','Colorado',80161,'5116 Trailsway Circle');
INSERT INTO empleado(id_vivero,id_rol,id_empleado,nombre,fecha_nacimiento,salario,ciudad,estado,cp,calle) VALUES (64,3,66,'Hewet Stiell','1976-01-10','$12282.92','Kansas City','Missouri',64142,'2 Roxbury Court');
INSERT INTO empleado(id_vivero,id_rol,id_empleado,nombre,fecha_nacimiento,salario,ciudad,estado,cp,calle) VALUES (23,1,67,'Giorgia Duffit','1960-12-02','$3659.42','Homestead','Florida',33034,'0225 Red Cloud Park');
INSERT INTO empleado(id_vivero,id_rol,id_empleado,nombre,fecha_nacimiento,salario,ciudad,estado,cp,calle) VALUES (100,2,68,'Bertrando Faraday','1917-06-05','$7260.75','New Orleans','Louisiana',70165,'0741 Northport Pass');
INSERT INTO empleado(id_vivero,id_rol,id_empleado,nombre,fecha_nacimiento,salario,ciudad,estado,cp,calle) VALUES (86,3,69,'Kamila Lehrle','1946-11-30','$3989.20','Roanoke','Virginia',24024,'628 Mayer Trail');
INSERT INTO empleado(id_vivero,id_rol,id_empleado,nombre,fecha_nacimiento,salario,ciudad,estado,cp,calle) VALUES (43,4,70,'Veradis Stuckford','1998-04-06','$19936.05','Minneapolis','Minnesota',55412,'5 Atwood Road');
INSERT INTO empleado(id_vivero,id_rol,id_empleado,nombre,fecha_nacimiento,salario,ciudad,estado,cp,calle) VALUES (40,2,71,'Leisha Behling','1976-09-22','$3895.94','Madison','Wisconsin',53726,'47 Darwin Trail');
INSERT INTO empleado(id_vivero,id_rol,id_empleado,nombre,fecha_nacimiento,salario,ciudad,estado,cp,calle) VALUES (17,3,72,'Armand Pollicott','1918-11-26','$12217.33','Las Vegas','Nevada',89115,'0136 Brickson Park Drive');
INSERT INTO empleado(id_vivero,id_rol,id_empleado,nombre,fecha_nacimiento,salario,ciudad,estado,cp,calle) VALUES (22,4,73,'Debor Rodder','1921-12-01','$6645.81','Boise','Idaho',83757,'872 Gulseth Point');
INSERT INTO empleado(id_vivero,id_rol,id_empleado,nombre,fecha_nacimiento,salario,ciudad,estado,cp,calle) VALUES (39,4,74,'Bendicty Janak','1918-04-12','$18040.16','Kansas City','Missouri',64125,'1943 Meadow Vale Circle');
INSERT INTO empleado(id_vivero,id_rol,id_empleado,nombre,fecha_nacimiento,salario,ciudad,estado,cp,calle) VALUES (58,1,75,'Arlan Humberstone','1979-01-23','$21954.25','Rochester','New York',14614,'8 Holy Cross Alley');
INSERT INTO empleado(id_vivero,id_rol,id_empleado,nombre,fecha_nacimiento,salario,ciudad,estado,cp,calle) VALUES (63,2,76,'Tiphany Delucia','1989-04-04','$10859.52','Lexington','Kentucky',40510,'36889 Garrison Road');
INSERT INTO empleado(id_vivero,id_rol,id_empleado,nombre,fecha_nacimiento,salario,ciudad,estado,cp,calle) VALUES (69,4,77,'Shay Lorking','1979-03-22','$14579.92','Cleveland','Ohio',44185,'9 Marcy Drive');
INSERT INTO empleado(id_vivero,id_rol,id_empleado,nombre,fecha_nacimiento,salario,ciudad,estado,cp,calle) VALUES (44,1,78,'Chanda Jakubowsky','1934-09-01','$14626.41','Winston Salem','North Carolina',27116,'5 Moose Lane');
INSERT INTO empleado(id_vivero,id_rol,id_empleado,nombre,fecha_nacimiento,salario,ciudad,estado,cp,calle) VALUES (64,4,79,'Biron Leathard','1954-05-06','$7621.18','Portland','Oregon',97229,'8 Spaight Place');
INSERT INTO empleado(id_vivero,id_rol,id_empleado,nombre,fecha_nacimiento,salario,ciudad,estado,cp,calle) VALUES (98,1,80,'Teressa Gearing','1944-08-15','$6638.34','Detroit','Michigan',48217,'2198 Summerview Drive');
INSERT INTO empleado(id_vivero,id_rol,id_empleado,nombre,fecha_nacimiento,salario,ciudad,estado,cp,calle) VALUES (63,1,81,'Jessie Draayer','1942-08-11','$9496.60','Cincinnati','Ohio',45213,'750 Clarendon Point');
INSERT INTO empleado(id_vivero,id_rol,id_empleado,nombre,fecha_nacimiento,salario,ciudad,estado,cp,calle) VALUES (32,2,82,'Annabal Bispham','1956-11-20','$19963.92','Phoenix','Arizona',85035,'8 Dorton Circle');
INSERT INTO empleado(id_vivero,id_rol,id_empleado,nombre,fecha_nacimiento,salario,ciudad,estado,cp,calle) VALUES (39,4,83,'Caritta Herety','1982-12-16','$7761.52','Houston','Texas',77293,'46 Ridgeview Road');
INSERT INTO empleado(id_vivero,id_rol,id_empleado,nombre,fecha_nacimiento,salario,ciudad,estado,cp,calle) VALUES (52,3,84,'Cyndy Gyngyll','1952-01-24','$25739.75','Las Vegas','Nevada',89140,'0922 Shoshone Center');
INSERT INTO empleado(id_vivero,id_rol,id_empleado,nombre,fecha_nacimiento,salario,ciudad,estado,cp,calle) VALUES (3,4,85,'Mattias Cratchley','1993-05-21','$27727.57','Denver','Colorado',80270,'609 Comanche Drive');
INSERT INTO empleado(id_vivero,id_rol,id_empleado,nombre,fecha_nacimiento,salario,ciudad,estado,cp,calle) VALUES (70,4,86,'Ario Dossettor','1979-10-15','$10264.44','Rochester','New York',14604,'02627 Corscot Avenue');
INSERT INTO empleado(id_vivero,id_rol,id_empleado,nombre,fecha_nacimiento,salario,ciudad,estado,cp,calle) VALUES (47,2,87,'Agathe Hauger','1903-11-19','$5950.33','Kansas City','Missouri',64187,'1 Corscot Avenue');
INSERT INTO empleado(id_vivero,id_rol,id_empleado,nombre,fecha_nacimiento,salario,ciudad,estado,cp,calle) VALUES (52,3,88,'Kris McGarva','1988-07-17','$16861.46','Worcester','Massachusetts',01605,'5519 Wayridge Hill');
INSERT INTO empleado(id_vivero,id_rol,id_empleado,nombre,fecha_nacimiento,salario,ciudad,estado,cp,calle) VALUES (10,1,89,'Noellyn Gianneschi','1953-06-28','$19024.58','Chicago','Illinois',60604,'8173 Green Trail');
INSERT INTO empleado(id_vivero,id_rol,id_empleado,nombre,fecha_nacimiento,salario,ciudad,estado,cp,calle) VALUES (91,3,90,'Netty Foley','1926-06-17','$12227.41','Peoria','Illinois',61635,'20319 Shasta Crossing');
INSERT INTO empleado(id_vivero,id_rol,id_empleado,nombre,fecha_nacimiento,salario,ciudad,estado,cp,calle) VALUES (86,2,91,'Stewart Wyman','1912-02-29','$4982.61','Oklahoma City','Oklahoma',73167,'3 Derek Pass');
INSERT INTO empleado(id_vivero,id_rol,id_empleado,nombre,fecha_nacimiento,salario,ciudad,estado,cp,calle) VALUES (44,1,92,'Gabrielle Caldayrou','1940-06-24','$5592.38','Philadelphia','Pennsylvania',19109,'36737 Mcbride Drive');
INSERT INTO empleado(id_vivero,id_rol,id_empleado,nombre,fecha_nacimiento,salario,ciudad,estado,cp,calle) VALUES (49,4,93,'Bethina Richardin','1949-08-09','$6315.20','San Jose','California',95155,'4031 Hagan Avenue');
INSERT INTO empleado(id_vivero,id_rol,id_empleado,nombre,fecha_nacimiento,salario,ciudad,estado,cp,calle) VALUES (23,3,94,'Jackelyn Queyos','1996-12-09','$20592.62','Charlotte','North Carolina',28225,'1 Charing Cross Center');
INSERT INTO empleado(id_vivero,id_rol,id_empleado,nombre,fecha_nacimiento,salario,ciudad,estado,cp,calle) VALUES (68,4,95,'Cora Veal','1964-11-27','$18323.12','Panama City','Florida',32412,'097 Sachs Alley');
INSERT INTO empleado(id_vivero,id_rol,id_empleado,nombre,fecha_nacimiento,salario,ciudad,estado,cp,calle) VALUES (67,4,96,'Milli Choake','1941-10-18','$15474.60','Littleton','Colorado',80127,'4523 Hallows Trail');
INSERT INTO empleado(id_vivero,id_rol,id_empleado,nombre,fecha_nacimiento,salario,ciudad,estado,cp,calle) VALUES (17,2,97,'Barr Killock','1968-10-22','$17052.19','Reno','Nevada',89519,'03858 Tennyson Plaza');
INSERT INTO empleado(id_vivero,id_rol,id_empleado,nombre,fecha_nacimiento,salario,ciudad,estado,cp,calle) VALUES (20,1,98,'Dodie Morfield','1923-08-19','$14861.52','Phoenix','Arizona',85025,'01927 Myrtle Point');
INSERT INTO empleado(id_vivero,id_rol,id_empleado,nombre,fecha_nacimiento,salario,ciudad,estado,cp,calle) VALUES (2,4,99,'Faulkner Brammar','1975-03-19','$22058.53','Atlanta','Georgia',31196,'5 Portage Court');
INSERT INTO empleado(id_vivero,id_rol,id_empleado,nombre,fecha_nacimiento,salario,ciudad,estado,cp,calle) VALUES (19,1,100,'Giorgio Summergill','1979-09-18','$16839.86','El Paso','Texas',88579,'8176 Transport Way');

INSERT INTO telefono_empleado(id_vivero,id_rol,id_empleado,telefono_empleado) VALUES (49,1,84,6733798419);
INSERT INTO telefono_empleado(id_vivero,id_rol,id_empleado,telefono_empleado) VALUES (97,3,40,2307332261);
INSERT INTO telefono_empleado(id_vivero,id_rol,id_empleado,telefono_empleado) VALUES (2,2,50,6015551661);
INSERT INTO telefono_empleado(id_vivero,id_rol,id_empleado,telefono_empleado) VALUES (61,3,58,2891326173);
INSERT INTO telefono_empleado(id_vivero,id_rol,id_empleado,telefono_empleado) VALUES (16,2,8,9014694109);
INSERT INTO telefono_empleado(id_vivero,id_rol,id_empleado,telefono_empleado) VALUES (62,1,26,7998222637);
INSERT INTO telefono_empleado(id_vivero,id_rol,id_empleado,telefono_empleado) VALUES (19,2,8,1166715531);
INSERT INTO telefono_empleado(id_vivero,id_rol,id_empleado,telefono_empleado) VALUES (36,2,84,1768842805);
INSERT INTO telefono_empleado(id_vivero,id_rol,id_empleado,telefono_empleado) VALUES (9,4,30,2288403950);
INSERT INTO telefono_empleado(id_vivero,id_rol,id_empleado,telefono_empleado) VALUES (8,3,79,2508887328);
INSERT INTO telefono_empleado(id_vivero,id_rol,id_empleado,telefono_empleado) VALUES (61,4,51,2912201905);
INSERT INTO telefono_empleado(id_vivero,id_rol,id_empleado,telefono_empleado) VALUES (58,2,71,9136277950);
INSERT INTO telefono_empleado(id_vivero,id_rol,id_empleado,telefono_empleado) VALUES (94,3,78,3926960278);
INSERT INTO telefono_empleado(id_vivero,id_rol,id_empleado,telefono_empleado) VALUES (80,2,18,5741122319);
INSERT INTO telefono_empleado(id_vivero,id_rol,id_empleado,telefono_empleado) VALUES (51,4,43,9018630668);
INSERT INTO telefono_empleado(id_vivero,id_rol,id_empleado,telefono_empleado) VALUES (10,2,70,2072908178);
INSERT INTO telefono_empleado(id_vivero,id_rol,id_empleado,telefono_empleado) VALUES (53,1,58,5822725799);
INSERT INTO telefono_empleado(id_vivero,id_rol,id_empleado,telefono_empleado) VALUES (99,1,57,5743136353);
INSERT INTO telefono_empleado(id_vivero,id_rol,id_empleado,telefono_empleado) VALUES (50,1,49,8872164907);
INSERT INTO telefono_empleado(id_vivero,id_rol,id_empleado,telefono_empleado) VALUES (73,2,89,4936263290);
INSERT INTO telefono_empleado(id_vivero,id_rol,id_empleado,telefono_empleado) VALUES (38,2,95,7846519861);
INSERT INTO telefono_empleado(id_vivero,id_rol,id_empleado,telefono_empleado) VALUES (5,3,75,7866269753);
INSERT INTO telefono_empleado(id_vivero,id_rol,id_empleado,telefono_empleado) VALUES (6,2,76,3993962145);
INSERT INTO telefono_empleado(id_vivero,id_rol,id_empleado,telefono_empleado) VALUES (48,2,87,8327682077);
INSERT INTO telefono_empleado(id_vivero,id_rol,id_empleado,telefono_empleado) VALUES (2,2,73,7221207687);
INSERT INTO telefono_empleado(id_vivero,id_rol,id_empleado,telefono_empleado) VALUES (46,3,34,8787740702);
INSERT INTO telefono_empleado(id_vivero,id_rol,id_empleado,telefono_empleado) VALUES (88,4,75,2809915619);
INSERT INTO telefono_empleado(id_vivero,id_rol,id_empleado,telefono_empleado) VALUES (12,4,7,3942182388);
INSERT INTO telefono_empleado(id_vivero,id_rol,id_empleado,telefono_empleado) VALUES (90,2,37,9466870453);
INSERT INTO telefono_empleado(id_vivero,id_rol,id_empleado,telefono_empleado) VALUES (91,1,43,1232177949);
INSERT INTO telefono_empleado(id_vivero,id_rol,id_empleado,telefono_empleado) VALUES (97,3,67,4394436911);
INSERT INTO telefono_empleado(id_vivero,id_rol,id_empleado,telefono_empleado) VALUES (84,4,98,6776014926);
INSERT INTO telefono_empleado(id_vivero,id_rol,id_empleado,telefono_empleado) VALUES (47,3,34,1645308677);
INSERT INTO telefono_empleado(id_vivero,id_rol,id_empleado,telefono_empleado) VALUES (9,3,62,7024511720);
INSERT INTO telefono_empleado(id_vivero,id_rol,id_empleado,telefono_empleado) VALUES (39,3,5,5393908847);
INSERT INTO telefono_empleado(id_vivero,id_rol,id_empleado,telefono_empleado) VALUES (86,2,79,9079890816);
INSERT INTO telefono_empleado(id_vivero,id_rol,id_empleado,telefono_empleado) VALUES (18,2,1,5653066918);
INSERT INTO telefono_empleado(id_vivero,id_rol,id_empleado,telefono_empleado) VALUES (4,1,49,9593757520);
INSERT INTO telefono_empleado(id_vivero,id_rol,id_empleado,telefono_empleado) VALUES (27,2,50,3864433892);
INSERT INTO telefono_empleado(id_vivero,id_rol,id_empleado,telefono_empleado) VALUES (12,1,91,7812864222);
INSERT INTO telefono_empleado(id_vivero,id_rol,id_empleado,telefono_empleado) VALUES (63,1,92,7469713067);
INSERT INTO telefono_empleado(id_vivero,id_rol,id_empleado,telefono_empleado) VALUES (93,3,30,3778560054);
INSERT INTO telefono_empleado(id_vivero,id_rol,id_empleado,telefono_empleado) VALUES (18,1,79,7621495666);
INSERT INTO telefono_empleado(id_vivero,id_rol,id_empleado,telefono_empleado) VALUES (96,4,71,7845205279);
INSERT INTO telefono_empleado(id_vivero,id_rol,id_empleado,telefono_empleado) VALUES (9,4,56,6455643440);
INSERT INTO telefono_empleado(id_vivero,id_rol,id_empleado,telefono_empleado) VALUES (92,2,2,9835059126);
INSERT INTO telefono_empleado(id_vivero,id_rol,id_empleado,telefono_empleado) VALUES (26,4,10,1146344896);
INSERT INTO telefono_empleado(id_vivero,id_rol,id_empleado,telefono_empleado) VALUES (58,1,78,8705212429);
INSERT INTO telefono_empleado(id_vivero,id_rol,id_empleado,telefono_empleado) VALUES (17,4,5,5964115697);
INSERT INTO telefono_empleado(id_vivero,id_rol,id_empleado,telefono_empleado) VALUES (73,2,17,7472098447);
INSERT INTO telefono_empleado(id_vivero,id_rol,id_empleado,telefono_empleado) VALUES (64,2,63,8914587476);
INSERT INTO telefono_empleado(id_vivero,id_rol,id_empleado,telefono_empleado) VALUES (29,3,87,4978819257);
INSERT INTO telefono_empleado(id_vivero,id_rol,id_empleado,telefono_empleado) VALUES (36,2,56,8131185019);
INSERT INTO telefono_empleado(id_vivero,id_rol,id_empleado,telefono_empleado) VALUES (36,4,29,5382693769);
INSERT INTO telefono_empleado(id_vivero,id_rol,id_empleado,telefono_empleado) VALUES (21,1,12,1753472014);
INSERT INTO telefono_empleado(id_vivero,id_rol,id_empleado,telefono_empleado) VALUES (2,1,51,1885814626);
INSERT INTO telefono_empleado(id_vivero,id_rol,id_empleado,telefono_empleado) VALUES (52,2,5,9169994343);
INSERT INTO telefono_empleado(id_vivero,id_rol,id_empleado,telefono_empleado) VALUES (34,3,37,8519041944);
INSERT INTO telefono_empleado(id_vivero,id_rol,id_empleado,telefono_empleado) VALUES (39,4,63,3203047862);
INSERT INTO telefono_empleado(id_vivero,id_rol,id_empleado,telefono_empleado) VALUES (30,2,11,8697979224);
INSERT INTO telefono_empleado(id_vivero,id_rol,id_empleado,telefono_empleado) VALUES (21,2,89,2012890587);
INSERT INTO telefono_empleado(id_vivero,id_rol,id_empleado,telefono_empleado) VALUES (39,2,20,9789636686);
INSERT INTO telefono_empleado(id_vivero,id_rol,id_empleado,telefono_empleado) VALUES (40,4,44,6188887330);
INSERT INTO telefono_empleado(id_vivero,id_rol,id_empleado,telefono_empleado) VALUES (34,3,6,4479381821);
INSERT INTO telefono_empleado(id_vivero,id_rol,id_empleado,telefono_empleado) VALUES (84,2,85,8993020464);
INSERT INTO telefono_empleado(id_vivero,id_rol,id_empleado,telefono_empleado) VALUES (8,1,66,7413210237);
INSERT INTO telefono_empleado(id_vivero,id_rol,id_empleado,telefono_empleado) VALUES (36,4,48,2852938741);
INSERT INTO telefono_empleado(id_vivero,id_rol,id_empleado,telefono_empleado) VALUES (93,1,11,7605276681);
INSERT INTO telefono_empleado(id_vivero,id_rol,id_empleado,telefono_empleado) VALUES (15,1,52,6267058077);
INSERT INTO telefono_empleado(id_vivero,id_rol,id_empleado,telefono_empleado) VALUES (98,4,57,9864618752);
INSERT INTO telefono_empleado(id_vivero,id_rol,id_empleado,telefono_empleado) VALUES (46,2,14,3189513670);
INSERT INTO telefono_empleado(id_vivero,id_rol,id_empleado,telefono_empleado) VALUES (39,3,56,7462332041);
INSERT INTO telefono_empleado(id_vivero,id_rol,id_empleado,telefono_empleado) VALUES (98,4,13,2214556621);
INSERT INTO telefono_empleado(id_vivero,id_rol,id_empleado,telefono_empleado) VALUES (66,4,59,4865528508);
INSERT INTO telefono_empleado(id_vivero,id_rol,id_empleado,telefono_empleado) VALUES (65,4,85,3306155116);
INSERT INTO telefono_empleado(id_vivero,id_rol,id_empleado,telefono_empleado) VALUES (53,4,37,4298003911);
INSERT INTO telefono_empleado(id_vivero,id_rol,id_empleado,telefono_empleado) VALUES (87,1,64,9524504428);
INSERT INTO telefono_empleado(id_vivero,id_rol,id_empleado,telefono_empleado) VALUES (53,4,5,8454785683);
INSERT INTO telefono_empleado(id_vivero,id_rol,id_empleado,telefono_empleado) VALUES (44,4,42,7946564704);
INSERT INTO telefono_empleado(id_vivero,id_rol,id_empleado,telefono_empleado) VALUES (88,4,92,4093510086);
INSERT INTO telefono_empleado(id_vivero,id_rol,id_empleado,telefono_empleado) VALUES (32,4,71,9254472503);
INSERT INTO telefono_empleado(id_vivero,id_rol,id_empleado,telefono_empleado) VALUES (46,3,93,5869332906);
INSERT INTO telefono_empleado(id_vivero,id_rol,id_empleado,telefono_empleado) VALUES (57,3,23,1735639511);
INSERT INTO telefono_empleado(id_vivero,id_rol,id_empleado,telefono_empleado) VALUES (41,2,10,3858329928);
INSERT INTO telefono_empleado(id_vivero,id_rol,id_empleado,telefono_empleado) VALUES (67,1,22,3468600951);
INSERT INTO telefono_empleado(id_vivero,id_rol,id_empleado,telefono_empleado) VALUES (79,1,82,4033809200);
INSERT INTO telefono_empleado(id_vivero,id_rol,id_empleado,telefono_empleado) VALUES (43,1,15,2103547183);
INSERT INTO telefono_empleado(id_vivero,id_rol,id_empleado,telefono_empleado) VALUES (62,4,35,9508693032);
INSERT INTO telefono_empleado(id_vivero,id_rol,id_empleado,telefono_empleado) VALUES (26,1,79,2625041444);
INSERT INTO telefono_empleado(id_vivero,id_rol,id_empleado,telefono_empleado) VALUES (11,3,48,6572641507);
INSERT INTO telefono_empleado(id_vivero,id_rol,id_empleado,telefono_empleado) VALUES (77,2,4,4137947489);
INSERT INTO telefono_empleado(id_vivero,id_rol,id_empleado,telefono_empleado) VALUES (37,2,39,4053999269);
INSERT INTO telefono_empleado(id_vivero,id_rol,id_empleado,telefono_empleado) VALUES (65,2,79,2853110571);
INSERT INTO telefono_empleado(id_vivero,id_rol,id_empleado,telefono_empleado) VALUES (37,3,18,5329490383);
INSERT INTO telefono_empleado(id_vivero,id_rol,id_empleado,telefono_empleado) VALUES (39,3,97,5807523523);
INSERT INTO telefono_empleado(id_vivero,id_rol,id_empleado,telefono_empleado) VALUES (55,4,24,5771895285);
INSERT INTO telefono_empleado(id_vivero,id_rol,id_empleado,telefono_empleado) VALUES (26,1,35,9203879360);
INSERT INTO telefono_empleado(id_vivero,id_rol,id_empleado,telefono_empleado) VALUES (91,4,68,9866242686);
INSERT INTO telefono_empleado(id_vivero,id_rol,id_empleado,telefono_empleado) VALUES (61,4,43,1888965809);
INSERT INTO telefono_empleado(id_vivero,id_rol,id_empleado,telefono_empleado) VALUES (52,4,76,6097170250);

INSERT INTO correo_electronico_empl(id_vivero,id_rol,id_empleado,correo_electronico_empl) VALUES (12,2,79,'rbrunke0@youtu.be');
INSERT INTO correo_electronico_empl(id_vivero,id_rol,id_empleado,correo_electronico_empl) VALUES (85,4,23,'ldeath1@ehow.com');
INSERT INTO correo_electronico_empl(id_vivero,id_rol,id_empleado,correo_electronico_empl) VALUES (64,3,56,'hduferie2@blog.com');
INSERT INTO correo_electronico_empl(id_vivero,id_rol,id_empleado,correo_electronico_empl) VALUES (10,3,44,'mgunney3@squarespace.com');
INSERT INTO correo_electronico_empl(id_vivero,id_rol,id_empleado,correo_electronico_empl) VALUES (87,4,92,'tboutell4@csmonitor.com');
INSERT INTO correo_electronico_empl(id_vivero,id_rol,id_empleado,correo_electronico_empl) VALUES (18,4,47,'gilchuk5@pcworld.com');
INSERT INTO correo_electronico_empl(id_vivero,id_rol,id_empleado,correo_electronico_empl) VALUES (66,3,62,'lakerman6@ebay.com');
INSERT INTO correo_electronico_empl(id_vivero,id_rol,id_empleado,correo_electronico_empl) VALUES (11,4,35,'jmatyatin7@chicagotribune.com');
INSERT INTO correo_electronico_empl(id_vivero,id_rol,id_empleado,correo_electronico_empl) VALUES (51,1,37,'pbertolaccini8@gmpg.org');
INSERT INTO correo_electronico_empl(id_vivero,id_rol,id_empleado,correo_electronico_empl) VALUES (6,4,96,'aparrett9@theguardian.com');
INSERT INTO correo_electronico_empl(id_vivero,id_rol,id_empleado,correo_electronico_empl) VALUES (36,4,51,'mstricka@nifty.com');
INSERT INTO correo_electronico_empl(id_vivero,id_rol,id_empleado,correo_electronico_empl) VALUES (47,2,89,'thussetb@oaic.gov.au');
INSERT INTO correo_electronico_empl(id_vivero,id_rol,id_empleado,correo_electronico_empl) VALUES (57,2,70,'mjersonc@sourceforge.net');
INSERT INTO correo_electronico_empl(id_vivero,id_rol,id_empleado,correo_electronico_empl) VALUES (30,2,77,'sberesfored@usgs.gov');
INSERT INTO correo_electronico_empl(id_vivero,id_rol,id_empleado,correo_electronico_empl) VALUES (97,1,78,'mrowaszkiewicze@msn.com');
INSERT INTO correo_electronico_empl(id_vivero,id_rol,id_empleado,correo_electronico_empl) VALUES (94,3,5,'cslevinf@msn.com');
INSERT INTO correo_electronico_empl(id_vivero,id_rol,id_empleado,correo_electronico_empl) VALUES (30,2,54,'mantoshing@nih.gov');
INSERT INTO correo_electronico_empl(id_vivero,id_rol,id_empleado,correo_electronico_empl) VALUES (98,4,10,'tprestieh@deviantart.com');
INSERT INTO correo_electronico_empl(id_vivero,id_rol,id_empleado,correo_electronico_empl) VALUES (61,1,77,'elaythami@noaa.gov');
INSERT INTO correo_electronico_empl(id_vivero,id_rol,id_empleado,correo_electronico_empl) VALUES (41,2,88,'rciobotaruj@webs.com');
INSERT INTO correo_electronico_empl(id_vivero,id_rol,id_empleado,correo_electronico_empl) VALUES (6,3,29,'pbodleyk@parallels.com');
INSERT INTO correo_electronico_empl(id_vivero,id_rol,id_empleado,correo_electronico_empl) VALUES (7,4,87,'rroothaml@php.net');
INSERT INTO correo_electronico_empl(id_vivero,id_rol,id_empleado,correo_electronico_empl) VALUES (35,1,91,'fbarenskym@tmall.com');
INSERT INTO correo_electronico_empl(id_vivero,id_rol,id_empleado,correo_electronico_empl) VALUES (51,1,15,'fskiptonn@canalblog.com');
INSERT INTO correo_electronico_empl(id_vivero,id_rol,id_empleado,correo_electronico_empl) VALUES (90,2,39,'pkirkwoodo@seattletimes.com');
INSERT INTO correo_electronico_empl(id_vivero,id_rol,id_empleado,correo_electronico_empl) VALUES (39,4,75,'mhassallp@altervista.org');
INSERT INTO correo_electronico_empl(id_vivero,id_rol,id_empleado,correo_electronico_empl) VALUES (81,4,36,'apeaceyq@shinystat.com');
INSERT INTO correo_electronico_empl(id_vivero,id_rol,id_empleado,correo_electronico_empl) VALUES (59,1,25,'sslatorr@state.tx.us');
INSERT INTO correo_electronico_empl(id_vivero,id_rol,id_empleado,correo_electronico_empl) VALUES (54,3,47,'stetfords@example.com');
INSERT INTO correo_electronico_empl(id_vivero,id_rol,id_empleado,correo_electronico_empl) VALUES (99,3,40,'egoldet@pbs.org');
INSERT INTO correo_electronico_empl(id_vivero,id_rol,id_empleado,correo_electronico_empl) VALUES (11,3,51,'rmincheru@gnu.org');
INSERT INTO correo_electronico_empl(id_vivero,id_rol,id_empleado,correo_electronico_empl) VALUES (25,2,28,'dmorillasv@webeden.co.uk');
INSERT INTO correo_electronico_empl(id_vivero,id_rol,id_empleado,correo_electronico_empl) VALUES (59,3,47,'dtschiersew@wsj.com');
INSERT INTO correo_electronico_empl(id_vivero,id_rol,id_empleado,correo_electronico_empl) VALUES (38,2,7,'abaggarleyx@hugedomains.com');
INSERT INTO correo_electronico_empl(id_vivero,id_rol,id_empleado,correo_electronico_empl) VALUES (10,2,51,'ndaddy@virginia.edu');
INSERT INTO correo_electronico_empl(id_vivero,id_rol,id_empleado,correo_electronico_empl) VALUES (55,4,3,'rdebowz@yahoo.com');
INSERT INTO correo_electronico_empl(id_vivero,id_rol,id_empleado,correo_electronico_empl) VALUES (3,2,78,'tgiggs10@list-manage.com');
INSERT INTO correo_electronico_empl(id_vivero,id_rol,id_empleado,correo_electronico_empl) VALUES (36,2,100,'kkees11@booking.com');
INSERT INTO correo_electronico_empl(id_vivero,id_rol,id_empleado,correo_electronico_empl) VALUES (66,2,31,'rwyrall12@wiley.com');
INSERT INTO correo_electronico_empl(id_vivero,id_rol,id_empleado,correo_electronico_empl) VALUES (37,2,50,'gmcpeck13@jalbum.net');
INSERT INTO correo_electronico_empl(id_vivero,id_rol,id_empleado,correo_electronico_empl) VALUES (33,2,33,'aroberti14@addtoany.com');
INSERT INTO correo_electronico_empl(id_vivero,id_rol,id_empleado,correo_electronico_empl) VALUES (46,2,72,'rstothert15@usnews.com');
INSERT INTO correo_electronico_empl(id_vivero,id_rol,id_empleado,correo_electronico_empl) VALUES (2,3,97,'gmulbry16@nasa.gov');
INSERT INTO correo_electronico_empl(id_vivero,id_rol,id_empleado,correo_electronico_empl) VALUES (70,1,59,'mdeevey17@wordpress.com');
INSERT INTO correo_electronico_empl(id_vivero,id_rol,id_empleado,correo_electronico_empl) VALUES (48,2,12,'shallward18@altervista.org');
INSERT INTO correo_electronico_empl(id_vivero,id_rol,id_empleado,correo_electronico_empl) VALUES (48,2,49,'ksole19@bbb.org');
INSERT INTO correo_electronico_empl(id_vivero,id_rol,id_empleado,correo_electronico_empl) VALUES (53,2,80,'tmcleman1a@gov.uk');
INSERT INTO correo_electronico_empl(id_vivero,id_rol,id_empleado,correo_electronico_empl) VALUES (21,3,39,'dbergstram1b@ucla.edu');
INSERT INTO correo_electronico_empl(id_vivero,id_rol,id_empleado,correo_electronico_empl) VALUES (72,1,63,'growlatt1c@noaa.gov');
INSERT INTO correo_electronico_empl(id_vivero,id_rol,id_empleado,correo_electronico_empl) VALUES (68,3,65,'jlongley1d@nsw.gov.au');
INSERT INTO correo_electronico_empl(id_vivero,id_rol,id_empleado,correo_electronico_empl) VALUES (66,3,73,'cbristowe1e@who.int');
INSERT INTO correo_electronico_empl(id_vivero,id_rol,id_empleado,correo_electronico_empl) VALUES (21,3,5,'mpantridge1f@i2i.jp');
INSERT INTO correo_electronico_empl(id_vivero,id_rol,id_empleado,correo_electronico_empl) VALUES (30,3,44,'clancley1g@cdc.gov');
INSERT INTO correo_electronico_empl(id_vivero,id_rol,id_empleado,correo_electronico_empl) VALUES (1,2,25,'iheinsius1h@booking.com');
INSERT INTO correo_electronico_empl(id_vivero,id_rol,id_empleado,correo_electronico_empl) VALUES (62,2,55,'ccammiemile1i@pagesperso-orange.fr');
INSERT INTO correo_electronico_empl(id_vivero,id_rol,id_empleado,correo_electronico_empl) VALUES (71,3,37,'melleton1j@upenn.edu');
INSERT INTO correo_electronico_empl(id_vivero,id_rol,id_empleado,correo_electronico_empl) VALUES (38,4,11,'wbartley1k@xinhuanet.com');
INSERT INTO correo_electronico_empl(id_vivero,id_rol,id_empleado,correo_electronico_empl) VALUES (17,4,21,'rgumbley1l@wikipedia.org');
INSERT INTO correo_electronico_empl(id_vivero,id_rol,id_empleado,correo_electronico_empl) VALUES (53,4,84,'fgilbane1m@sohu.com');
INSERT INTO correo_electronico_empl(id_vivero,id_rol,id_empleado,correo_electronico_empl) VALUES (77,2,58,'msimounet1n@symantec.com');
INSERT INTO correo_electronico_empl(id_vivero,id_rol,id_empleado,correo_electronico_empl) VALUES (95,2,43,'kdrewery1o@vinaora.com');
INSERT INTO correo_electronico_empl(id_vivero,id_rol,id_empleado,correo_electronico_empl) VALUES (47,1,49,'dcropp1p@answers.com');
INSERT INTO correo_electronico_empl(id_vivero,id_rol,id_empleado,correo_electronico_empl) VALUES (94,2,86,'tbatrip1q@howstuffworks.com');
INSERT INTO correo_electronico_empl(id_vivero,id_rol,id_empleado,correo_electronico_empl) VALUES (34,4,70,'gcleife1r@lycos.com');
INSERT INTO correo_electronico_empl(id_vivero,id_rol,id_empleado,correo_electronico_empl) VALUES (60,3,8,'gshambroke1s@usda.gov');
INSERT INTO correo_electronico_empl(id_vivero,id_rol,id_empleado,correo_electronico_empl) VALUES (96,4,44,'ephoebe1t@newsvine.com');
INSERT INTO correo_electronico_empl(id_vivero,id_rol,id_empleado,correo_electronico_empl) VALUES (96,2,3,'wkyngdon1u@joomla.org');
INSERT INTO correo_electronico_empl(id_vivero,id_rol,id_empleado,correo_electronico_empl) VALUES (19,4,84,'ddagleas1v@wired.com');
INSERT INTO correo_electronico_empl(id_vivero,id_rol,id_empleado,correo_electronico_empl) VALUES (88,2,11,'kjeeks1w@ucsd.edu');
INSERT INTO correo_electronico_empl(id_vivero,id_rol,id_empleado,correo_electronico_empl) VALUES (63,1,95,'tkneller1x@ca.gov');
INSERT INTO correo_electronico_empl(id_vivero,id_rol,id_empleado,correo_electronico_empl) VALUES (41,3,27,'aeverleigh1y@abc.net.au');
INSERT INTO correo_electronico_empl(id_vivero,id_rol,id_empleado,correo_electronico_empl) VALUES (51,4,19,'llawlan1z@exblog.jp');
INSERT INTO correo_electronico_empl(id_vivero,id_rol,id_empleado,correo_electronico_empl) VALUES (82,1,32,'ffollan20@w3.org');
INSERT INTO correo_electronico_empl(id_vivero,id_rol,id_empleado,correo_electronico_empl) VALUES (91,1,60,'ymackey21@disqus.com');
INSERT INTO correo_electronico_empl(id_vivero,id_rol,id_empleado,correo_electronico_empl) VALUES (74,4,95,'aalelsandrovich22@ebay.com');
INSERT INTO correo_electronico_empl(id_vivero,id_rol,id_empleado,correo_electronico_empl) VALUES (84,3,30,'jodooley23@blogger.com');
INSERT INTO correo_electronico_empl(id_vivero,id_rol,id_empleado,correo_electronico_empl) VALUES (17,1,60,'spalfreman24@ovh.net');
INSERT INTO correo_electronico_empl(id_vivero,id_rol,id_empleado,correo_electronico_empl) VALUES (20,2,44,'kcolin25@army.mil');
INSERT INTO correo_electronico_empl(id_vivero,id_rol,id_empleado,correo_electronico_empl) VALUES (95,4,74,'rdiamond26@geocities.com');
INSERT INTO correo_electronico_empl(id_vivero,id_rol,id_empleado,correo_electronico_empl) VALUES (49,4,42,'cvinnick27@google.nl');
INSERT INTO correo_electronico_empl(id_vivero,id_rol,id_empleado,correo_electronico_empl) VALUES (21,3,23,'mwrettum28@google.ca');
INSERT INTO correo_electronico_empl(id_vivero,id_rol,id_empleado,correo_electronico_empl) VALUES (58,1,83,'iwagen29@amazon.co.uk');
INSERT INTO correo_electronico_empl(id_vivero,id_rol,id_empleado,correo_electronico_empl) VALUES (2,1,66,'gbanister2a@berkeley.edu');
INSERT INTO correo_electronico_empl(id_vivero,id_rol,id_empleado,correo_electronico_empl) VALUES (66,1,14,'mcrosland2b@com.com');
INSERT INTO correo_electronico_empl(id_vivero,id_rol,id_empleado,correo_electronico_empl) VALUES (21,3,16,'skennally2c@tripadvisor.com');
INSERT INTO correo_electronico_empl(id_vivero,id_rol,id_empleado,correo_electronico_empl) VALUES (11,1,36,'fknappitt2d@dot.gov');
INSERT INTO correo_electronico_empl(id_vivero,id_rol,id_empleado,correo_electronico_empl) VALUES (85,2,8,'amayze2e@unc.edu');
INSERT INTO correo_electronico_empl(id_vivero,id_rol,id_empleado,correo_electronico_empl) VALUES (76,2,17,'aflucker2f@goo.gl');
INSERT INTO correo_electronico_empl(id_vivero,id_rol,id_empleado,correo_electronico_empl) VALUES (22,3,85,'ostockau2g@elpais.com');
INSERT INTO correo_electronico_empl(id_vivero,id_rol,id_empleado,correo_electronico_empl) VALUES (70,3,58,'rkinchin2h@google.com.br');
INSERT INTO correo_electronico_empl(id_vivero,id_rol,id_empleado,correo_electronico_empl) VALUES (64,4,26,'gtorre2i@dailymotion.com');
INSERT INTO correo_electronico_empl(id_vivero,id_rol,id_empleado,correo_electronico_empl) VALUES (43,1,19,'bharcombe2j@ftc.gov');
INSERT INTO correo_electronico_empl(id_vivero,id_rol,id_empleado,correo_electronico_empl) VALUES (39,3,100,'mewols2k@tripadvisor.com');
INSERT INTO correo_electronico_empl(id_vivero,id_rol,id_empleado,correo_electronico_empl) VALUES (26,1,40,'svivyan2l@bbb.org');
INSERT INTO correo_electronico_empl(id_vivero,id_rol,id_empleado,correo_electronico_empl) VALUES (64,4,31,'kwestfield2m@google.ru');
INSERT INTO correo_electronico_empl(id_vivero,id_rol,id_empleado,correo_electronico_empl) VALUES (28,1,40,'wahlf2n@sina.com.cn');
INSERT INTO correo_electronico_empl(id_vivero,id_rol,id_empleado,correo_electronico_empl) VALUES (21,3,40,'smumbray2o@ovh.net');
INSERT INTO correo_electronico_empl(id_vivero,id_rol,id_empleado,correo_electronico_empl) VALUES (85,3,14,'ecurnnokk2p@microsoft.com');
INSERT INTO correo_electronico_empl(id_vivero,id_rol,id_empleado,correo_electronico_empl) VALUES (7,3,58,'jswansborough2q@mapquest.com');
INSERT INTO correo_electronico_empl(id_vivero,id_rol,id_empleado,correo_electronico_empl) VALUES (76,4,39,'sutridge2r@4shared.com');


INSERT INTO c_forma_de_pago(id_forma_pago,descripcion) VALUES (1,'TarjetaCredito');
INSERT INTO c_forma_de_pago(id_forma_pago,descripcion) VALUES (2,'TarjetaDebito');
INSERT INTO c_forma_de_pago(id_forma_pago,descripcion) VALUES (3,'Mixo');



INSERT INTO venta_linea(id_venta_linea,id_vivero,id_planta,id_cliente,id_forma_pago,fecha_pedido,num_segu_envio,direc_envio,monto) VALUES (1,65,229062,45,3,'2022-01-15',1,'324 Jana Court',382);
INSERT INTO venta_linea(id_venta_linea,id_vivero,id_planta,id_cliente,id_forma_pago,fecha_pedido,num_segu_envio,direc_envio,monto) VALUES (2,64,124769,73,3,'2022-04-15',2,'37087 Farmco Place',90);
INSERT INTO venta_linea(id_venta_linea,id_vivero,id_planta,id_cliente,id_forma_pago,fecha_pedido,num_segu_envio,direc_envio,monto) VALUES (3,38,732665,61,2,'2021-05-14',3,'20 Pennsylvania Center',220);
INSERT INTO venta_linea(id_venta_linea,id_vivero,id_planta,id_cliente,id_forma_pago,fecha_pedido,num_segu_envio,direc_envio,monto) VALUES (4,69,678151,23,3,'2022-07-31',4,'0 Sutteridge Road',121);
INSERT INTO venta_linea(id_venta_linea,id_vivero,id_planta,id_cliente,id_forma_pago,fecha_pedido,num_segu_envio,direc_envio,monto) VALUES (5,44,252412,1,1,'2021-05-24',5,'43181 Vidon Court',425);
INSERT INTO venta_linea(id_venta_linea,id_vivero,id_planta,id_cliente,id_forma_pago,fecha_pedido,num_segu_envio,direc_envio,monto) VALUES (6,26,640246,90,2,'2022-05-07',6,'59229 Hallows Avenue',415);
INSERT INTO venta_linea(id_venta_linea,id_vivero,id_planta,id_cliente,id_forma_pago,fecha_pedido,num_segu_envio,direc_envio,monto) VALUES (7,40,465628,47,1,'2022-03-11',7,'823 Shelley Court',342);
INSERT INTO venta_linea(id_venta_linea,id_vivero,id_planta,id_cliente,id_forma_pago,fecha_pedido,num_segu_envio,direc_envio,monto) VALUES (8,43,987430,92,1,'2022-07-21',8,'3293 Talisman Lane',311);
INSERT INTO venta_linea(id_venta_linea,id_vivero,id_planta,id_cliente,id_forma_pago,fecha_pedido,num_segu_envio,direc_envio,monto) VALUES (9,69,30761,88,3,'2022-04-24',9,'091 Wayridge Plaza',395);
INSERT INTO venta_linea(id_venta_linea,id_vivero,id_planta,id_cliente,id_forma_pago,fecha_pedido,num_segu_envio,direc_envio,monto) VALUES (10,71,711707,2,1,'2022-05-25',10,'0319 Caliangt Point',528);
INSERT INTO venta_linea(id_venta_linea,id_vivero,id_planta,id_cliente,id_forma_pago,fecha_pedido,num_segu_envio,direc_envio,monto) VALUES (11,20,404541,13,2,'2022-09-22',11,'66 Eastlawn Alley',415);
INSERT INTO venta_linea(id_venta_linea,id_vivero,id_planta,id_cliente,id_forma_pago,fecha_pedido,num_segu_envio,direc_envio,monto) VALUES (12,98,575030,13,2,'2022-09-13',12,'8 Johnson Trail',379);
INSERT INTO venta_linea(id_venta_linea,id_vivero,id_planta,id_cliente,id_forma_pago,fecha_pedido,num_segu_envio,direc_envio,monto) VALUES (13,81,836322,92,1,'2022-02-15',13,'6790 Vidon Plaza',234);
INSERT INTO venta_linea(id_venta_linea,id_vivero,id_planta,id_cliente,id_forma_pago,fecha_pedido,num_segu_envio,direc_envio,monto) VALUES (14,7,317330,56,1,'2022-04-10',14,'51 Jenifer Trail',462);
INSERT INTO venta_linea(id_venta_linea,id_vivero,id_planta,id_cliente,id_forma_pago,fecha_pedido,num_segu_envio,direc_envio,monto) VALUES (15,76,236138,42,1,'2022-10-08',15,'955 Gateway Terrace',211);
INSERT INTO venta_linea(id_venta_linea,id_vivero,id_planta,id_cliente,id_forma_pago,fecha_pedido,num_segu_envio,direc_envio,monto) VALUES (16,33,741542,70,3,'2021-06-19',16,'49 Talmadge Parkway',325);
INSERT INTO venta_linea(id_venta_linea,id_vivero,id_planta,id_cliente,id_forma_pago,fecha_pedido,num_segu_envio,direc_envio,monto) VALUES (17,72,441922,40,2,'2021-11-12',17,'202 Myrtle Alley',378);
INSERT INTO venta_linea(id_venta_linea,id_vivero,id_planta,id_cliente,id_forma_pago,fecha_pedido,num_segu_envio,direc_envio,monto) VALUES (18,69,476403,27,1,'2022-02-08',18,'74 Rusk Terrace',690);
INSERT INTO venta_linea(id_venta_linea,id_vivero,id_planta,id_cliente,id_forma_pago,fecha_pedido,num_segu_envio,direc_envio,monto) VALUES (19,12,724464,33,3,'2022-11-14',19,'2881 Autumn Leaf Parkway',381);
INSERT INTO venta_linea(id_venta_linea,id_vivero,id_planta,id_cliente,id_forma_pago,fecha_pedido,num_segu_envio,direc_envio,monto) VALUES (20,18,396763,75,3,'2022-11-14',20,'15495 Grasskamp Circle',447);
INSERT INTO venta_linea(id_venta_linea,id_vivero,id_planta,id_cliente,id_forma_pago,fecha_pedido,num_segu_envio,direc_envio,monto) VALUES (21,46,450836,3,3,'2022-08-24',21,'1230 Becker Park',569);
INSERT INTO venta_linea(id_venta_linea,id_vivero,id_planta,id_cliente,id_forma_pago,fecha_pedido,num_segu_envio,direc_envio,monto) VALUES (22,21,335574,92,1,'2022-10-27',22,'113 Westend Alley',575);
INSERT INTO venta_linea(id_venta_linea,id_vivero,id_planta,id_cliente,id_forma_pago,fecha_pedido,num_segu_envio,direc_envio,monto) VALUES (23,83,404541,11,3,'2022-07-02',23,'50 Shelley Street',128);
INSERT INTO venta_linea(id_venta_linea,id_vivero,id_planta,id_cliente,id_forma_pago,fecha_pedido,num_segu_envio,direc_envio,monto) VALUES (24,69,842964,56,3,'2022-10-07',24,'6115 Anderson Terrace',636);
INSERT INTO venta_linea(id_venta_linea,id_vivero,id_planta,id_cliente,id_forma_pago,fecha_pedido,num_segu_envio,direc_envio,monto) VALUES (25,23,465628,20,3,'2022-03-28',25,'74790 Westport Park',167);
INSERT INTO venta_linea(id_venta_linea,id_vivero,id_planta,id_cliente,id_forma_pago,fecha_pedido,num_segu_envio,direc_envio,monto) VALUES (26,45,730021,38,3,'2021-07-01',26,'49 Armistice Center',537);
INSERT INTO venta_linea(id_venta_linea,id_vivero,id_planta,id_cliente,id_forma_pago,fecha_pedido,num_segu_envio,direc_envio,monto) VALUES (27,95,317330,32,2,'2021-05-14',27,'97070 Village Green Avenue',293);
INSERT INTO venta_linea(id_venta_linea,id_vivero,id_planta,id_cliente,id_forma_pago,fecha_pedido,num_segu_envio,direc_envio,monto) VALUES (28,60,183010,76,2,'2022-03-20',28,'8 Basil Road',102);
INSERT INTO venta_linea(id_venta_linea,id_vivero,id_planta,id_cliente,id_forma_pago,fecha_pedido,num_segu_envio,direc_envio,monto) VALUES (29,56,784880,43,2,'2021-08-11',29,'86 Carberry Center',393);
INSERT INTO venta_linea(id_venta_linea,id_vivero,id_planta,id_cliente,id_forma_pago,fecha_pedido,num_segu_envio,direc_envio,monto) VALUES (30,20,863226,22,2,'2022-02-12',30,'08868 Hoard Plaza',379);
INSERT INTO venta_linea(id_venta_linea,id_vivero,id_planta,id_cliente,id_forma_pago,fecha_pedido,num_segu_envio,direc_envio,monto) VALUES (31,57,627047,30,2,'2021-09-06',31,'4494 Bobwhite Terrace',120);
INSERT INTO venta_linea(id_venta_linea,id_vivero,id_planta,id_cliente,id_forma_pago,fecha_pedido,num_segu_envio,direc_envio,monto) VALUES (32,43,75717,73,2,'2022-03-27',32,'467 Browning Road',696);
INSERT INTO venta_linea(id_venta_linea,id_vivero,id_planta,id_cliente,id_forma_pago,fecha_pedido,num_segu_envio,direc_envio,monto) VALUES (33,66,236138,60,1,'2021-09-24',33,'91 Evergreen Alley',219);
INSERT INTO venta_linea(id_venta_linea,id_vivero,id_planta,id_cliente,id_forma_pago,fecha_pedido,num_segu_envio,direc_envio,monto) VALUES (34,35,344357,89,1,'2021-05-06',34,'29934 Spenser Avenue',443);
INSERT INTO venta_linea(id_venta_linea,id_vivero,id_planta,id_cliente,id_forma_pago,fecha_pedido,num_segu_envio,direc_envio,monto) VALUES (35,45,927302,48,2,'2022-06-01',35,'66017 East Plaza',329);
INSERT INTO venta_linea(id_venta_linea,id_vivero,id_planta,id_cliente,id_forma_pago,fecha_pedido,num_segu_envio,direc_envio,monto) VALUES (36,1,640246,8,2,'2022-10-30',36,'187 Schurz Way',133);
INSERT INTO venta_linea(id_venta_linea,id_vivero,id_planta,id_cliente,id_forma_pago,fecha_pedido,num_segu_envio,direc_envio,monto) VALUES (37,22,241101,69,3,'2021-06-10',37,'85789 Harbort Avenue',648);
INSERT INTO venta_linea(id_venta_linea,id_vivero,id_planta,id_cliente,id_forma_pago,fecha_pedido,num_segu_envio,direc_envio,monto) VALUES (38,45,410781,2,3,'2021-06-25',38,'07 Village Green Pass',475);
INSERT INTO venta_linea(id_venta_linea,id_vivero,id_planta,id_cliente,id_forma_pago,fecha_pedido,num_segu_envio,direc_envio,monto) VALUES (39,60,516175,56,3,'2022-04-28',39,'80 Caliangt Place',314);
INSERT INTO venta_linea(id_venta_linea,id_vivero,id_planta,id_cliente,id_forma_pago,fecha_pedido,num_segu_envio,direc_envio,monto) VALUES (40,95,742892,47,3,'2022-09-07',40,'5 Beilfuss Crossing',113);
INSERT INTO venta_linea(id_venta_linea,id_vivero,id_planta,id_cliente,id_forma_pago,fecha_pedido,num_segu_envio,direc_envio,monto) VALUES (41,57,193361,91,2,'2021-07-20',41,'308 Waywood Plaza',683);
INSERT INTO venta_linea(id_venta_linea,id_vivero,id_planta,id_cliente,id_forma_pago,fecha_pedido,num_segu_envio,direc_envio,monto) VALUES (42,42,742892,64,3,'2021-06-29',42,'28 Randy Hill',106);
INSERT INTO venta_linea(id_venta_linea,id_vivero,id_planta,id_cliente,id_forma_pago,fecha_pedido,num_segu_envio,direc_envio,monto) VALUES (43,90,401015,53,3,'2022-08-28',43,'56 Cordelia Hill',567);
INSERT INTO venta_linea(id_venta_linea,id_vivero,id_planta,id_cliente,id_forma_pago,fecha_pedido,num_segu_envio,direc_envio,monto) VALUES (44,47,259007,88,2,'2022-02-09',44,'620 Merchant Circle',332);
INSERT INTO venta_linea(id_venta_linea,id_vivero,id_planta,id_cliente,id_forma_pago,fecha_pedido,num_segu_envio,direc_envio,monto) VALUES (45,32,627047,18,2,'2021-12-22',45,'8 Bluestem Drive',486);
INSERT INTO venta_linea(id_venta_linea,id_vivero,id_planta,id_cliente,id_forma_pago,fecha_pedido,num_segu_envio,direc_envio,monto) VALUES (46,17,617755,92,2,'2022-11-06',46,'291 Logan Point',118);
INSERT INTO venta_linea(id_venta_linea,id_vivero,id_planta,id_cliente,id_forma_pago,fecha_pedido,num_segu_envio,direc_envio,monto) VALUES (47,88,784880,4,2,'2022-02-05',47,'35739 Shopko Trail',651);
INSERT INTO venta_linea(id_venta_linea,id_vivero,id_planta,id_cliente,id_forma_pago,fecha_pedido,num_segu_envio,direc_envio,monto) VALUES (48,13,822679,8,1,'2022-04-27',48,'18 Dwight Park',344);
INSERT INTO venta_linea(id_venta_linea,id_vivero,id_planta,id_cliente,id_forma_pago,fecha_pedido,num_segu_envio,direc_envio,monto) VALUES (49,66,5001,39,2,'2022-11-08',49,'0865 Barnett Center',471);
INSERT INTO venta_linea(id_venta_linea,id_vivero,id_planta,id_cliente,id_forma_pago,fecha_pedido,num_segu_envio,direc_envio,monto) VALUES (50,13,206370,23,3,'2021-11-28',50,'5 Trailsway Avenue',580);
INSERT INTO venta_linea(id_venta_linea,id_vivero,id_planta,id_cliente,id_forma_pago,fecha_pedido,num_segu_envio,direc_envio,monto) VALUES (51,45,613867,88,2,'2021-11-26',51,'34812 Bunker Hill Way',681);
INSERT INTO venta_linea(id_venta_linea,id_vivero,id_planta,id_cliente,id_forma_pago,fecha_pedido,num_segu_envio,direc_envio,monto) VALUES (52,25,309917,51,2,'2021-08-25',52,'5 Dorton Drive',114);
INSERT INTO venta_linea(id_venta_linea,id_vivero,id_planta,id_cliente,id_forma_pago,fecha_pedido,num_segu_envio,direc_envio,monto) VALUES (53,82,521167,76,2,'2021-11-08',53,'286 2nd Circle',343);
INSERT INTO venta_linea(id_venta_linea,id_vivero,id_planta,id_cliente,id_forma_pago,fecha_pedido,num_segu_envio,direc_envio,monto) VALUES (54,77,863226,95,2,'2021-06-03',54,'2 Warbler Hill',582);
INSERT INTO venta_linea(id_venta_linea,id_vivero,id_planta,id_cliente,id_forma_pago,fecha_pedido,num_segu_envio,direc_envio,monto) VALUES (55,66,958968,86,3,'2021-07-18',55,'20 Bluejay Terrace',294);
INSERT INTO venta_linea(id_venta_linea,id_vivero,id_planta,id_cliente,id_forma_pago,fecha_pedido,num_segu_envio,direc_envio,monto) VALUES (56,22,198011,92,1,'2022-01-31',56,'2 Carpenter Pass',463);
INSERT INTO venta_linea(id_venta_linea,id_vivero,id_planta,id_cliente,id_forma_pago,fecha_pedido,num_segu_envio,direc_envio,monto) VALUES (57,85,727820,91,3,'2022-09-13',57,'38 Eastwood Alley',659);
INSERT INTO venta_linea(id_venta_linea,id_vivero,id_planta,id_cliente,id_forma_pago,fecha_pedido,num_segu_envio,direc_envio,monto) VALUES (58,45,449100,5,3,'2021-08-23',58,'7268 Mccormick Point',246);
INSERT INTO venta_linea(id_venta_linea,id_vivero,id_planta,id_cliente,id_forma_pago,fecha_pedido,num_segu_envio,direc_envio,monto) VALUES (59,16,987430,38,1,'2022-08-29',59,'5929 Waywood Alley',142);
INSERT INTO venta_linea(id_venta_linea,id_vivero,id_planta,id_cliente,id_forma_pago,fecha_pedido,num_segu_envio,direc_envio,monto) VALUES (60,82,444918,5,2,'2022-01-01',60,'6 Morningstar Point',197);
INSERT INTO venta_linea(id_venta_linea,id_vivero,id_planta,id_cliente,id_forma_pago,fecha_pedido,num_segu_envio,direc_envio,monto) VALUES (61,72,229062,9,2,'2022-05-05',61,'5 Sachs Plaza',178);
INSERT INTO venta_linea(id_venta_linea,id_vivero,id_planta,id_cliente,id_forma_pago,fecha_pedido,num_segu_envio,direc_envio,monto) VALUES (62,46,208894,67,3,'2022-10-13',62,'62 Rutledge Pass',435);
INSERT INTO venta_linea(id_venta_linea,id_vivero,id_planta,id_cliente,id_forma_pago,fecha_pedido,num_segu_envio,direc_envio,monto) VALUES (63,88,396763,53,3,'2022-02-21',63,'01490 Ilene Circle',147);
INSERT INTO venta_linea(id_venta_linea,id_vivero,id_planta,id_cliente,id_forma_pago,fecha_pedido,num_segu_envio,direc_envio,monto) VALUES (64,75,446020,93,2,'2022-08-02',64,'84264 Farragut Avenue',98);
INSERT INTO venta_linea(id_venta_linea,id_vivero,id_planta,id_cliente,id_forma_pago,fecha_pedido,num_segu_envio,direc_envio,monto) VALUES (65,59,217267,57,1,'2021-08-05',65,'3 Roxbury Crossing',289);
INSERT INTO venta_linea(id_venta_linea,id_vivero,id_planta,id_cliente,id_forma_pago,fecha_pedido,num_segu_envio,direc_envio,monto) VALUES (66,10,512916,85,1,'2022-04-10',66,'684 Dapin Way',694);
INSERT INTO venta_linea(id_venta_linea,id_vivero,id_planta,id_cliente,id_forma_pago,fecha_pedido,num_segu_envio,direc_envio,monto) VALUES (67,64,441922,47,2,'2022-06-13',67,'3 Farmco Alley',617);
INSERT INTO venta_linea(id_venta_linea,id_vivero,id_planta,id_cliente,id_forma_pago,fecha_pedido,num_segu_envio,direc_envio,monto) VALUES (68,78,335574,49,2,'2021-09-07',68,'14506 Merchant Circle',250);
INSERT INTO venta_linea(id_venta_linea,id_vivero,id_planta,id_cliente,id_forma_pago,fecha_pedido,num_segu_envio,direc_envio,monto) VALUES (69,95,434499,8,2,'2021-10-17',69,'3 Valley Edge Park',73);
INSERT INTO venta_linea(id_venta_linea,id_vivero,id_planta,id_cliente,id_forma_pago,fecha_pedido,num_segu_envio,direc_envio,monto) VALUES (70,45,630436,82,2,'2022-10-05',70,'8 Talmadge Point',339);
INSERT INTO venta_linea(id_venta_linea,id_vivero,id_planta,id_cliente,id_forma_pago,fecha_pedido,num_segu_envio,direc_envio,monto) VALUES (71,75,741542,75,3,'2022-03-25',71,'03 Chive Drive',382);
INSERT INTO venta_linea(id_venta_linea,id_vivero,id_planta,id_cliente,id_forma_pago,fecha_pedido,num_segu_envio,direc_envio,monto) VALUES (72,7,69579,14,1,'2022-05-24',72,'3 Donald Hill',401);
INSERT INTO venta_linea(id_venta_linea,id_vivero,id_planta,id_cliente,id_forma_pago,fecha_pedido,num_segu_envio,direc_envio,monto) VALUES (73,70,404541,16,3,'2022-04-10',73,'037 Fisk Avenue',237);
INSERT INTO venta_linea(id_venta_linea,id_vivero,id_planta,id_cliente,id_forma_pago,fecha_pedido,num_segu_envio,direc_envio,monto) VALUES (74,25,445771,8,2,'2021-07-29',74,'41364 Buell Way',528);
INSERT INTO venta_linea(id_venta_linea,id_vivero,id_planta,id_cliente,id_forma_pago,fecha_pedido,num_segu_envio,direc_envio,monto) VALUES (75,11,236138,1,2,'2022-04-21',75,'1 Starling Road',485);
INSERT INTO venta_linea(id_venta_linea,id_vivero,id_planta,id_cliente,id_forma_pago,fecha_pedido,num_segu_envio,direc_envio,monto) VALUES (76,83,678151,94,2,'2021-08-24',76,'1821 Brickson Park Lane',490);
INSERT INTO venta_linea(id_venta_linea,id_vivero,id_planta,id_cliente,id_forma_pago,fecha_pedido,num_segu_envio,direc_envio,monto) VALUES (77,4,987430,36,1,'2021-07-02',77,'2 Bartelt Drive',474);
INSERT INTO venta_linea(id_venta_linea,id_vivero,id_planta,id_cliente,id_forma_pago,fecha_pedido,num_segu_envio,direc_envio,monto) VALUES (78,55,13246,60,2,'2021-12-08',78,'496 Pine View Parkway',691);
INSERT INTO venta_linea(id_venta_linea,id_vivero,id_planta,id_cliente,id_forma_pago,fecha_pedido,num_segu_envio,direc_envio,monto) VALUES (79,89,630436,50,1,'2022-04-05',79,'380 Carberry Parkway',434);
INSERT INTO venta_linea(id_venta_linea,id_vivero,id_planta,id_cliente,id_forma_pago,fecha_pedido,num_segu_envio,direc_envio,monto) VALUES (80,65,137087,17,3,'2021-07-19',80,'57 Moose Trail',543);
INSERT INTO venta_linea(id_venta_linea,id_vivero,id_planta,id_cliente,id_forma_pago,fecha_pedido,num_segu_envio,direc_envio,monto) VALUES (81,26,711496,57,2,'2021-07-24',81,'31 La Follette Court',197);
INSERT INTO venta_linea(id_venta_linea,id_vivero,id_planta,id_cliente,id_forma_pago,fecha_pedido,num_segu_envio,direc_envio,monto) VALUES (82,85,642580,16,1,'2021-11-06',82,'05441 Delaware Park',136);
INSERT INTO venta_linea(id_venta_linea,id_vivero,id_planta,id_cliente,id_forma_pago,fecha_pedido,num_segu_envio,direc_envio,monto) VALUES (83,47,907811,68,1,'2022-05-26',83,'5 Packers Circle',527);
INSERT INTO venta_linea(id_venta_linea,id_vivero,id_planta,id_cliente,id_forma_pago,fecha_pedido,num_segu_envio,direc_envio,monto) VALUES (84,93,721277,43,2,'2022-10-30',84,'99908 Bobwhite Plaza',195);
INSERT INTO venta_linea(id_venta_linea,id_vivero,id_planta,id_cliente,id_forma_pago,fecha_pedido,num_segu_envio,direc_envio,monto) VALUES (85,70,183010,65,3,'2021-12-22',85,'98 Ronald Regan Avenue',327);
INSERT INTO venta_linea(id_venta_linea,id_vivero,id_planta,id_cliente,id_forma_pago,fecha_pedido,num_segu_envio,direc_envio,monto) VALUES (86,81,217267,46,3,'2022-09-21',86,'309 Welch Court',289);
INSERT INTO venta_linea(id_venta_linea,id_vivero,id_planta,id_cliente,id_forma_pago,fecha_pedido,num_segu_envio,direc_envio,monto) VALUES (87,85,619425,77,3,'2022-08-03',87,'625 Twin Pines Hill',695);
INSERT INTO venta_linea(id_venta_linea,id_vivero,id_planta,id_cliente,id_forma_pago,fecha_pedido,num_segu_envio,direc_envio,monto) VALUES (88,37,205719,55,1,'2021-09-02',88,'9 Ludington Court',275);
INSERT INTO venta_linea(id_venta_linea,id_vivero,id_planta,id_cliente,id_forma_pago,fecha_pedido,num_segu_envio,direc_envio,monto) VALUES (89,80,50230,91,3,'2022-06-17',89,'30 Magdeline Circle',591);
INSERT INTO venta_linea(id_venta_linea,id_vivero,id_planta,id_cliente,id_forma_pago,fecha_pedido,num_segu_envio,direc_envio,monto) VALUES (90,4,410781,48,2,'2021-12-18',90,'1996 Oriole Place',534);
INSERT INTO venta_linea(id_venta_linea,id_vivero,id_planta,id_cliente,id_forma_pago,fecha_pedido,num_segu_envio,direc_envio,monto) VALUES (91,69,342496,57,3,'2021-08-16',91,'299 Banding Road',251);
INSERT INTO venta_linea(id_venta_linea,id_vivero,id_planta,id_cliente,id_forma_pago,fecha_pedido,num_segu_envio,direc_envio,monto) VALUES (92,94,714515,19,2,'2021-10-20',92,'1472 Shelley Way',368);
INSERT INTO venta_linea(id_venta_linea,id_vivero,id_planta,id_cliente,id_forma_pago,fecha_pedido,num_segu_envio,direc_envio,monto) VALUES (93,13,465628,14,3,'2021-11-19',93,'133 Luster Park',644);
INSERT INTO venta_linea(id_venta_linea,id_vivero,id_planta,id_cliente,id_forma_pago,fecha_pedido,num_segu_envio,direc_envio,monto) VALUES (94,22,155558,96,3,'2022-01-23',94,'9 Muir Drive',333);
INSERT INTO venta_linea(id_venta_linea,id_vivero,id_planta,id_cliente,id_forma_pago,fecha_pedido,num_segu_envio,direc_envio,monto) VALUES (95,74,30761,71,1,'2022-03-02',95,'9 Elka Junction',684);
INSERT INTO venta_linea(id_venta_linea,id_vivero,id_planta,id_cliente,id_forma_pago,fecha_pedido,num_segu_envio,direc_envio,monto) VALUES (96,65,707710,13,2,'2021-05-29',96,'00 Little Fleur Center',394);
INSERT INTO venta_linea(id_venta_linea,id_vivero,id_planta,id_cliente,id_forma_pago,fecha_pedido,num_segu_envio,direc_envio,monto) VALUES (97,48,116708,3,1,'2022-10-30',97,'31 Warrior Hill',621);
INSERT INTO venta_linea(id_venta_linea,id_vivero,id_planta,id_cliente,id_forma_pago,fecha_pedido,num_segu_envio,direc_envio,monto) VALUES (98,81,309917,23,2,'2022-02-21',98,'81 Main Center',698);
INSERT INTO venta_linea(id_venta_linea,id_vivero,id_planta,id_cliente,id_forma_pago,fecha_pedido,num_segu_envio,direc_envio,monto) VALUES (99,4,967412,5,2,'2022-09-16',99,'96124 Green Ridge Court',517);
INSERT INTO venta_linea(id_venta_linea,id_vivero,id_planta,id_cliente,id_forma_pago,fecha_pedido,num_segu_envio,direc_envio,monto) VALUES (100,93,512916,84,1,'2021-12-29',100,'708 Manitowish Court',367);




