INSERT INTO cliente(id_cliente,nombre,fecha_nacimiento) VALUES (1,'Ebeneser Cherrett','1990/10/07');
INSERT INTO cliente(id_cliente,nombre,fecha_nacimiento) VALUES (2,'Grover Yankishin','1999/09/20');
INSERT INTO cliente(id_cliente,nombre,fecha_nacimiento) VALUES (3,'Fanechka Pellamonuten','1974/03/27');
INSERT INTO cliente(id_cliente,nombre,fecha_nacimiento) VALUES (4,'Mikol McQuorkel','1961/08/27');
INSERT INTO cliente(id_cliente,nombre,fecha_nacimiento) VALUES (5,'Ailey Dickey','1989/01/24');
INSERT INTO cliente(id_cliente,nombre,fecha_nacimiento) VALUES (6,'Harrietta Arden','1981/06/28');
INSERT INTO cliente(id_cliente,nombre,fecha_nacimiento) VALUES (7,'Trace Foch','1971/09/21');
INSERT INTO cliente(id_cliente,nombre,fecha_nacimiento) VALUES (8,'Mahala Bonifazio','2002/05/24');
INSERT INTO cliente(id_cliente,nombre,fecha_nacimiento) VALUES (9,'Nevin Ryal','1975/09/01');
INSERT INTO cliente(id_cliente,nombre,fecha_nacimiento) VALUES (10,'Eveleen Gosnall','1969/03/18');
INSERT INTO cliente(id_cliente,nombre,fecha_nacimiento) VALUES (11,'Alasteir Storry','1965/03/31');
INSERT INTO cliente(id_cliente,nombre,fecha_nacimiento) VALUES (12,'Harvey Perrot','1988/05/15');
INSERT INTO cliente(id_cliente,nombre,fecha_nacimiento) VALUES (13,'Norbert Vallance','2002/05/26');
INSERT INTO cliente(id_cliente,nombre,fecha_nacimiento) VALUES (14,'Kristel Barneville','1966/12/07');
INSERT INTO cliente(id_cliente,nombre,fecha_nacimiento) VALUES (15,'Silva Sutterfield','1968/09/06');
INSERT INTO cliente(id_cliente,nombre,fecha_nacimiento) VALUES (16,'Hilary Mathey','1984/03/26');
INSERT INTO cliente(id_cliente,nombre,fecha_nacimiento) VALUES (17,'Willi Rosita','1992/01/24');
INSERT INTO cliente(id_cliente,nombre,fecha_nacimiento) VALUES (18,'Lianna Robeson','1980/09/05');
INSERT INTO cliente(id_cliente,nombre,fecha_nacimiento) VALUES (19,'Keefe Parr','1968/03/18');
INSERT INTO cliente(id_cliente,nombre,fecha_nacimiento) VALUES (20,'Jasmina Ovesen','1970/03/22');
INSERT INTO cliente(id_cliente,nombre,fecha_nacimiento) VALUES (21,'Teodorico Guslon','1997/04/18');
INSERT INTO cliente(id_cliente,nombre,fecha_nacimiento) VALUES (22,'Ely Barchrameev','1981/03/22');
INSERT INTO cliente(id_cliente,nombre,fecha_nacimiento) VALUES (23,'Rawley Bocock','1990/09/22');
INSERT INTO cliente(id_cliente,nombre,fecha_nacimiento) VALUES (24,'Joela Sancraft','1962/11/03');
INSERT INTO cliente(id_cliente,nombre,fecha_nacimiento) VALUES (25,'Petronella Hiscocks','1967/06/14');
INSERT INTO cliente(id_cliente,nombre,fecha_nacimiento) VALUES (26,'Aviva Castle','1973/08/10');
INSERT INTO cliente(id_cliente,nombre,fecha_nacimiento) VALUES (27,'Jilleen Linfield','1967/07/02');
INSERT INTO cliente(id_cliente,nombre,fecha_nacimiento) VALUES (28,'Corrine Crosoer','1975/10/19');
INSERT INTO cliente(id_cliente,nombre,fecha_nacimiento) VALUES (29,'Baillie Kynoch','1964/01/17');
INSERT INTO cliente(id_cliente,nombre,fecha_nacimiento) VALUES (30,'Rosaleen Sawkin','1965/06/21');
INSERT INTO cliente(id_cliente,nombre,fecha_nacimiento) VALUES (31,'Tara Frankema','1993/09/08');
INSERT INTO cliente(id_cliente,nombre,fecha_nacimiento) VALUES (32,'Pia Andri','1961/03/30');
INSERT INTO cliente(id_cliente,nombre,fecha_nacimiento) VALUES (33,'Kermy Cartin','2002/03/15');
INSERT INTO cliente(id_cliente,nombre,fecha_nacimiento) VALUES (34,'Ringo Larter','1981/08/09');
INSERT INTO cliente(id_cliente,nombre,fecha_nacimiento) VALUES (35,'Nydia Hedger','1981/06/17');
INSERT INTO cliente(id_cliente,nombre,fecha_nacimiento) VALUES (36,'Marlow MacGown','1995/12/06');
INSERT INTO cliente(id_cliente,nombre,fecha_nacimiento) VALUES (37,'Uri Olman','1977/09/03');
INSERT INTO cliente(id_cliente,nombre,fecha_nacimiento) VALUES (38,'Rikki Disbury','1961/11/24');
INSERT INTO cliente(id_cliente,nombre,fecha_nacimiento) VALUES (39,'Flori Dwight','1996/05/31');
INSERT INTO cliente(id_cliente,nombre,fecha_nacimiento) VALUES (40,'Amalee Lakeman','1997/11/08');
INSERT INTO cliente(id_cliente,nombre,fecha_nacimiento) VALUES (41,'Camilla Everal','1961/05/24');
INSERT INTO cliente(id_cliente,nombre,fecha_nacimiento) VALUES (42,'Mora Barabisch','1983/02/06');
INSERT INTO cliente(id_cliente,nombre,fecha_nacimiento) VALUES (43,'Dolly Olliver','1975/12/06');
INSERT INTO cliente(id_cliente,nombre,fecha_nacimiento) VALUES (44,'Maureene Praundl','1979/04/06');
INSERT INTO cliente(id_cliente,nombre,fecha_nacimiento) VALUES (45,'Delaney Sexstone','1969/03/25');
INSERT INTO cliente(id_cliente,nombre,fecha_nacimiento) VALUES (46,'Hubert Breagan','1974/07/05');
INSERT INTO cliente(id_cliente,nombre,fecha_nacimiento) VALUES (47,'Aeriel Laible','1985/11/01');
INSERT INTO cliente(id_cliente,nombre,fecha_nacimiento) VALUES (48,'Rennie Peckett','1990/09/30');
INSERT INTO cliente(id_cliente,nombre,fecha_nacimiento) VALUES (49,'Magdaia Baribal','2002/07/19');
INSERT INTO cliente(id_cliente,nombre,fecha_nacimiento) VALUES (50,'Mariam Dayne','1976/12/04');
INSERT INTO cliente(id_cliente,nombre,fecha_nacimiento) VALUES (51,'Adriane Karus','1996/11/07');
INSERT INTO cliente(id_cliente,nombre,fecha_nacimiento) VALUES (52,'Carena Roz','1961/03/22');
INSERT INTO cliente(id_cliente,nombre,fecha_nacimiento) VALUES (53,'Bria Kirkup','2004/05/06');
INSERT INTO cliente(id_cliente,nombre,fecha_nacimiento) VALUES (54,'Reilly Merioth','1984/06/29');
INSERT INTO cliente(id_cliente,nombre,fecha_nacimiento) VALUES (55,'Derron Egginton','1976/07/09');
INSERT INTO cliente(id_cliente,nombre,fecha_nacimiento) VALUES (56,'Cam Orht','1982/02/11');
INSERT INTO cliente(id_cliente,nombre,fecha_nacimiento) VALUES (57,'Bonnee Bowyer','1979/02/10');
INSERT INTO cliente(id_cliente,nombre,fecha_nacimiento) VALUES (58,'Orsa Estabrook','1993/02/01');
INSERT INTO cliente(id_cliente,nombre,fecha_nacimiento) VALUES (59,'Giovanna Nesbit','1998/07/19');
INSERT INTO cliente(id_cliente,nombre,fecha_nacimiento) VALUES (60,'Charo MacAnellye','1991/12/21');
INSERT INTO cliente(id_cliente,nombre,fecha_nacimiento) VALUES (61,'Adah Pyburn','2004/01/14');
INSERT INTO cliente(id_cliente,nombre,fecha_nacimiento) VALUES (62,'Gerty Ohms','2002/01/26');
INSERT INTO cliente(id_cliente,nombre,fecha_nacimiento) VALUES (63,'Penny Duddle','2003/01/08');
INSERT INTO cliente(id_cliente,nombre,fecha_nacimiento) VALUES (64,'Demetris Rewan','1985/11/26');
INSERT INTO cliente(id_cliente,nombre,fecha_nacimiento) VALUES (65,'Fenelia Frantzeni','1989/01/20');
INSERT INTO cliente(id_cliente,nombre,fecha_nacimiento) VALUES (66,'Myrah Jahan','2002/08/30');
INSERT INTO cliente(id_cliente,nombre,fecha_nacimiento) VALUES (67,'Percival Harsent','1991/01/15');
INSERT INTO cliente(id_cliente,nombre,fecha_nacimiento) VALUES (68,'Fiona Barrass','1988/01/20');
INSERT INTO cliente(id_cliente,nombre,fecha_nacimiento) VALUES (69,'Bambi Wellbeloved','1960/02/07');
INSERT INTO cliente(id_cliente,nombre,fecha_nacimiento) VALUES (70,'Shannon Knights','1999/09/22');
INSERT INTO cliente(id_cliente,nombre,fecha_nacimiento) VALUES (71,'Adoree Lawling','2002/05/18');
INSERT INTO cliente(id_cliente,nombre,fecha_nacimiento) VALUES (72,'Wally Loalday','1976/10/27');
INSERT INTO cliente(id_cliente,nombre,fecha_nacimiento) VALUES (73,'Cedric Yatman','2004/08/16');
INSERT INTO cliente(id_cliente,nombre,fecha_nacimiento) VALUES (74,'Josee Pirnie','1972/05/08');
INSERT INTO cliente(id_cliente,nombre,fecha_nacimiento) VALUES (75,'Fonz Goby','1974/09/19');
INSERT INTO cliente(id_cliente,nombre,fecha_nacimiento) VALUES (76,'Evelyn Roots','1961/04/05');
INSERT INTO cliente(id_cliente,nombre,fecha_nacimiento) VALUES (77,'Archibald Bortolozzi','1997/12/27');
INSERT INTO cliente(id_cliente,nombre,fecha_nacimiento) VALUES (78,'Richart Rosle','2002/07/16');
INSERT INTO cliente(id_cliente,nombre,fecha_nacimiento) VALUES (79,'Sisile Vernau','1998/05/19');
INSERT INTO cliente(id_cliente,nombre,fecha_nacimiento) VALUES (80,'Andrej Halmkin','1991/10/31');
INSERT INTO cliente(id_cliente,nombre,fecha_nacimiento) VALUES (81,'Xenos Sprules','1997/03/28');
INSERT INTO cliente(id_cliente,nombre,fecha_nacimiento) VALUES (82,'Sheffy Tomasoni','1981/11/13');
INSERT INTO cliente(id_cliente,nombre,fecha_nacimiento) VALUES (83,'Ring Garm','1995/05/08');
INSERT INTO cliente(id_cliente,nombre,fecha_nacimiento) VALUES (84,'Norine Synke','1964/08/13');
INSERT INTO cliente(id_cliente,nombre,fecha_nacimiento) VALUES (85,'Jillayne Leeburne','1974/07/30');
INSERT INTO cliente(id_cliente,nombre,fecha_nacimiento) VALUES (86,'Ansel Gandley','1983/06/08');
INSERT INTO cliente(id_cliente,nombre,fecha_nacimiento) VALUES (87,'Roselia Shapira','2002/08/06');
INSERT INTO cliente(id_cliente,nombre,fecha_nacimiento) VALUES (88,'Marigold Pashen','1994/12/30');
INSERT INTO cliente(id_cliente,nombre,fecha_nacimiento) VALUES (89,'Stephi Renn','1991/06/18');
INSERT INTO cliente(id_cliente,nombre,fecha_nacimiento) VALUES (90,'Zach Manns','1963/04/07');
INSERT INTO cliente(id_cliente,nombre,fecha_nacimiento) VALUES (91,'Emerson Clarkin','1974/01/24');
INSERT INTO cliente(id_cliente,nombre,fecha_nacimiento) VALUES (92,'Rivy Kubacki','1974/01/07');
INSERT INTO cliente(id_cliente,nombre,fecha_nacimiento) VALUES (93,'Charmion Grosvener','1973/02/07');
INSERT INTO cliente(id_cliente,nombre,fecha_nacimiento) VALUES (94,'Spenser Hazelgrove','1997/03/14');
INSERT INTO cliente(id_cliente,nombre,fecha_nacimiento) VALUES (95,'Damiano Cicerone','1973/07/14');
INSERT INTO cliente(id_cliente,nombre,fecha_nacimiento) VALUES (96,'Joan Saw','1990/11/16');
INSERT INTO cliente(id_cliente,nombre,fecha_nacimiento) VALUES (97,'Paige Hardi','1991/07/25');
INSERT INTO cliente(id_cliente,nombre,fecha_nacimiento) VALUES (98,'Tallulah Itzcovich','1965/04/28');
INSERT INTO cliente(id_cliente,nombre,fecha_nacimiento) VALUES (99,'Golda Campkin','1996/06/04');
INSERT INTO cliente(id_cliente,nombre,fecha_nacimiento) VALUES (100,'Lorrie Sperrett','2002/07/12');

INSERT INTO correo_electronico_cliente(id_cliente,correo_electronico_cliente) VALUES (46,'glebourn0@drupal.org');
INSERT INTO correo_electronico_cliente(id_cliente,correo_electronico_cliente) VALUES (12,'fjerok1@java.com');
INSERT INTO correo_electronico_cliente(id_cliente,correo_electronico_cliente) VALUES (52,'prolse2@springer.com');
INSERT INTO correo_electronico_cliente(id_cliente,correo_electronico_cliente) VALUES (34,'veslemont3@senate.gov');
INSERT INTO correo_electronico_cliente(id_cliente,correo_electronico_cliente) VALUES (2,'qsafe4@wix.com');
INSERT INTO correo_electronico_cliente(id_cliente,correo_electronico_cliente) VALUES (40,'cdelia5@bbb.org');
INSERT INTO correo_electronico_cliente(id_cliente,correo_electronico_cliente) VALUES (87,'mcannell6@msu.edu');
INSERT INTO correo_electronico_cliente(id_cliente,correo_electronico_cliente) VALUES (45,'kcraze7@unc.edu');
INSERT INTO correo_electronico_cliente(id_cliente,correo_electronico_cliente) VALUES (69,'fmacourek8@drupal.org');
INSERT INTO correo_electronico_cliente(id_cliente,correo_electronico_cliente) VALUES (99,'wborris9@vinaora.com');
INSERT INTO correo_electronico_cliente(id_cliente,correo_electronico_cliente) VALUES (61,'afancutta@bandcamp.com');
INSERT INTO correo_electronico_cliente(id_cliente,correo_electronico_cliente) VALUES (30,'tcostanzab@geocities.jp');
INSERT INTO correo_electronico_cliente(id_cliente,correo_electronico_cliente) VALUES (63,'aedgleyc@ucoz.ru');
INSERT INTO correo_electronico_cliente(id_cliente,correo_electronico_cliente) VALUES (60,'mgalierd@naver.com');
INSERT INTO correo_electronico_cliente(id_cliente,correo_electronico_cliente) VALUES (8,'dcasae@alexa.com');
INSERT INTO correo_electronico_cliente(id_cliente,correo_electronico_cliente) VALUES (59,'pbransdonf@123-reg.co.uk');
INSERT INTO correo_electronico_cliente(id_cliente,correo_electronico_cliente) VALUES (72,'nkrolikg@google.pl');
INSERT INTO correo_electronico_cliente(id_cliente,correo_electronico_cliente) VALUES (84,'pmarklinh@e-recht24.de');
INSERT INTO correo_electronico_cliente(id_cliente,correo_electronico_cliente) VALUES (33,'cmurieli@marketwatch.com');
INSERT INTO correo_electronico_cliente(id_cliente,correo_electronico_cliente) VALUES (61,'ejollimanj@reference.com');
INSERT INTO correo_electronico_cliente(id_cliente,correo_electronico_cliente) VALUES (52,'apretoriusk@ifeng.com');
INSERT INTO correo_electronico_cliente(id_cliente,correo_electronico_cliente) VALUES (49,'wadamekl@tumblr.com');
INSERT INTO correo_electronico_cliente(id_cliente,correo_electronico_cliente) VALUES (2,'btearm@umich.edu');
INSERT INTO correo_electronico_cliente(id_cliente,correo_electronico_cliente) VALUES (42,'nbridgelandn@multiply.com');
INSERT INTO correo_electronico_cliente(id_cliente,correo_electronico_cliente) VALUES (99,'mbraideno@about.com');
INSERT INTO correo_electronico_cliente(id_cliente,correo_electronico_cliente) VALUES (17,'csilvermanp@tuttocitta.it');
INSERT INTO correo_electronico_cliente(id_cliente,correo_electronico_cliente) VALUES (76,'mocrevyq@163.com');
INSERT INTO correo_electronico_cliente(id_cliente,correo_electronico_cliente) VALUES (75,'agrovierr@arstechnica.com');
INSERT INTO correo_electronico_cliente(id_cliente,correo_electronico_cliente) VALUES (55,'gsemans@yahoo.com');
INSERT INTO correo_electronico_cliente(id_cliente,correo_electronico_cliente) VALUES (39,'mbourtont@shutterfly.com');
INSERT INTO correo_electronico_cliente(id_cliente,correo_electronico_cliente) VALUES (53,'sdefrancisciu@soundcloud.com');
INSERT INTO correo_electronico_cliente(id_cliente,correo_electronico_cliente) VALUES (7,'sgethynv@chicagotribune.com');
INSERT INTO correo_electronico_cliente(id_cliente,correo_electronico_cliente) VALUES (42,'csahnoww@wikimedia.org');
INSERT INTO correo_electronico_cliente(id_cliente,correo_electronico_cliente) VALUES (20,'mbuffyx@squidoo.com');
INSERT INTO correo_electronico_cliente(id_cliente,correo_electronico_cliente) VALUES (32,'hcreery@discuz.net');
INSERT INTO correo_electronico_cliente(id_cliente,correo_electronico_cliente) VALUES (58,'gcirlosz@cnet.com');
INSERT INTO correo_electronico_cliente(id_cliente,correo_electronico_cliente) VALUES (80,'lheathcoat10@slideshare.net');
INSERT INTO correo_electronico_cliente(id_cliente,correo_electronico_cliente) VALUES (61,'dkleehuhler11@reddit.com');
INSERT INTO correo_electronico_cliente(id_cliente,correo_electronico_cliente) VALUES (18,'eeaster12@shop-pro.jp');
INSERT INTO correo_electronico_cliente(id_cliente,correo_electronico_cliente) VALUES (27,'mcosely13@sitemeter.com');
INSERT INTO correo_electronico_cliente(id_cliente,correo_electronico_cliente) VALUES (46,'cbernholt14@is.gd');
INSERT INTO correo_electronico_cliente(id_cliente,correo_electronico_cliente) VALUES (64,'mdeporte15@omniture.com');
INSERT INTO correo_electronico_cliente(id_cliente,correo_electronico_cliente) VALUES (100,'blawther16@upenn.edu');
INSERT INTO correo_electronico_cliente(id_cliente,correo_electronico_cliente) VALUES (85,'gbilles17@chicagotribune.com');
INSERT INTO correo_electronico_cliente(id_cliente,correo_electronico_cliente) VALUES (67,'mstain18@newyorker.com');
INSERT INTO correo_electronico_cliente(id_cliente,correo_electronico_cliente) VALUES (69,'gthorns19@google.nl');
INSERT INTO correo_electronico_cliente(id_cliente,correo_electronico_cliente) VALUES (4,'asuggitt1a@google.ca');
INSERT INTO correo_electronico_cliente(id_cliente,correo_electronico_cliente) VALUES (70,'iullrich1b@wired.com');
INSERT INTO correo_electronico_cliente(id_cliente,correo_electronico_cliente) VALUES (64,'rchellenham1c@imgur.com');
INSERT INTO correo_electronico_cliente(id_cliente,correo_electronico_cliente) VALUES (7,'motowey1d@howstuffworks.com');
INSERT INTO correo_electronico_cliente(id_cliente,correo_electronico_cliente) VALUES (84,'asimmill1e@dagondesign.com');
INSERT INTO correo_electronico_cliente(id_cliente,correo_electronico_cliente) VALUES (80,'jmcilmorie1f@earthlink.net');
INSERT INTO correo_electronico_cliente(id_cliente,correo_electronico_cliente) VALUES (10,'bsimonini1g@imageshack.us');
INSERT INTO correo_electronico_cliente(id_cliente,correo_electronico_cliente) VALUES (69,'sshier1h@addtoany.com');
INSERT INTO correo_electronico_cliente(id_cliente,correo_electronico_cliente) VALUES (53,'jdermot1i@marketwatch.com');
INSERT INTO correo_electronico_cliente(id_cliente,correo_electronico_cliente) VALUES (6,'cfraschini1j@chronoengine.com');
INSERT INTO correo_electronico_cliente(id_cliente,correo_electronico_cliente) VALUES (86,'ehawkridge1k@businessinsider.com');
INSERT INTO correo_electronico_cliente(id_cliente,correo_electronico_cliente) VALUES (49,'rsperwell1l@unesco.org');
INSERT INTO correo_electronico_cliente(id_cliente,correo_electronico_cliente) VALUES (50,'ebendon1m@infoseek.co.jp');
INSERT INTO correo_electronico_cliente(id_cliente,correo_electronico_cliente) VALUES (79,'cbarson1n@opera.com');
INSERT INTO correo_electronico_cliente(id_cliente,correo_electronico_cliente) VALUES (18,'mconnett1o@icq.com');
INSERT INTO correo_electronico_cliente(id_cliente,correo_electronico_cliente) VALUES (42,'lgaukrodge1p@indiegogo.com');
INSERT INTO correo_electronico_cliente(id_cliente,correo_electronico_cliente) VALUES (19,'aheinig1q@instagram.com');
INSERT INTO correo_electronico_cliente(id_cliente,correo_electronico_cliente) VALUES (49,'vmaddrell1r@spotify.com');
INSERT INTO correo_electronico_cliente(id_cliente,correo_electronico_cliente) VALUES (1,'vanstee1s@acquirethisname.com');
INSERT INTO correo_electronico_cliente(id_cliente,correo_electronico_cliente) VALUES (20,'qcoates1t@vk.com');
INSERT INTO correo_electronico_cliente(id_cliente,correo_electronico_cliente) VALUES (88,'zmacdiarmid1u@census.gov');
INSERT INTO correo_electronico_cliente(id_cliente,correo_electronico_cliente) VALUES (86,'kvonasek1v@google.com');
INSERT INTO correo_electronico_cliente(id_cliente,correo_electronico_cliente) VALUES (75,'cstoacley1w@wikispaces.com');
INSERT INTO correo_electronico_cliente(id_cliente,correo_electronico_cliente) VALUES (78,'bcherry1x@hatena.ne.jp');
INSERT INTO correo_electronico_cliente(id_cliente,correo_electronico_cliente) VALUES (9,'churd1y@nps.gov');
INSERT INTO correo_electronico_cliente(id_cliente,correo_electronico_cliente) VALUES (88,'sjenking1z@hugedomains.com');
INSERT INTO correo_electronico_cliente(id_cliente,correo_electronico_cliente) VALUES (19,'rbarkworth20@va.gov');
INSERT INTO correo_electronico_cliente(id_cliente,correo_electronico_cliente) VALUES (98,'tcrottagh21@scribd.com');
INSERT INTO correo_electronico_cliente(id_cliente,correo_electronico_cliente) VALUES (75,'jbarnett22@unblog.fr');
INSERT INTO correo_electronico_cliente(id_cliente,correo_electronico_cliente) VALUES (83,'roroan23@blog.com');
INSERT INTO correo_electronico_cliente(id_cliente,correo_electronico_cliente) VALUES (22,'sbuttriss24@sciencedirect.com');
INSERT INTO correo_electronico_cliente(id_cliente,correo_electronico_cliente) VALUES (15,'pshepherd25@simplemachines.org');
INSERT INTO correo_electronico_cliente(id_cliente,correo_electronico_cliente) VALUES (61,'dknibbs26@t-online.de');
INSERT INTO correo_electronico_cliente(id_cliente,correo_electronico_cliente) VALUES (76,'pglaze27@kickstarter.com');
INSERT INTO correo_electronico_cliente(id_cliente,correo_electronico_cliente) VALUES (44,'vcrackett28@answers.com');
INSERT INTO correo_electronico_cliente(id_cliente,correo_electronico_cliente) VALUES (14,'cbrute29@nature.com');
INSERT INTO correo_electronico_cliente(id_cliente,correo_electronico_cliente) VALUES (92,'sspinetti2a@cornell.edu');
INSERT INTO correo_electronico_cliente(id_cliente,correo_electronico_cliente) VALUES (42,'wcroysdale2b@google.fr');
INSERT INTO correo_electronico_cliente(id_cliente,correo_electronico_cliente) VALUES (14,'mkennsley2c@patch.com');
INSERT INTO correo_electronico_cliente(id_cliente,correo_electronico_cliente) VALUES (72,'gwittrington2d@msu.edu');
INSERT INTO correo_electronico_cliente(id_cliente,correo_electronico_cliente) VALUES (89,'jvero2e@house.gov');
INSERT INTO correo_electronico_cliente(id_cliente,correo_electronico_cliente) VALUES (77,'bbrisley2f@epa.gov');
INSERT INTO correo_electronico_cliente(id_cliente,correo_electronico_cliente) VALUES (86,'nbottle2g@dot.gov');
INSERT INTO correo_electronico_cliente(id_cliente,correo_electronico_cliente) VALUES (70,'dgerriet2h@imgur.com');
INSERT INTO correo_electronico_cliente(id_cliente,correo_electronico_cliente) VALUES (48,'leary2i@unicef.org');
INSERT INTO correo_electronico_cliente(id_cliente,correo_electronico_cliente) VALUES (72,'iclarridge2j@dell.com');
INSERT INTO correo_electronico_cliente(id_cliente,correo_electronico_cliente) VALUES (24,'obernhardt2k@aol.com');
INSERT INTO correo_electronico_cliente(id_cliente,correo_electronico_cliente) VALUES (65,'stittershill2l@adobe.com');
INSERT INTO correo_electronico_cliente(id_cliente,correo_electronico_cliente) VALUES (96,'achapling2m@cnet.com');
INSERT INTO correo_electronico_cliente(id_cliente,correo_electronico_cliente) VALUES (68,'nfoddy2n@washington.edu');
INSERT INTO correo_electronico_cliente(id_cliente,correo_electronico_cliente) VALUES (23,'wdencs2o@indiegogo.com');
INSERT INTO correo_electronico_cliente(id_cliente,correo_electronico_cliente) VALUES (19,'fhadeke2p@blog.com');
INSERT INTO correo_electronico_cliente(id_cliente,correo_electronico_cliente) VALUES (25,'fhaggett2q@upenn.edu');
INSERT INTO correo_electronico_cliente(id_cliente,correo_electronico_cliente) VALUES (53,'apods2r@whitehouse.gov');

INSERT INTO telefono_cliente(id_cliente,telefono_cliente) VALUES (89,'5503978461');
INSERT INTO telefono_cliente(id_cliente,telefono_cliente) VALUES (77,'5527716720');
INSERT INTO telefono_cliente(id_cliente,telefono_cliente) VALUES (32,'5543655272');
INSERT INTO telefono_cliente(id_cliente,telefono_cliente) VALUES (64,'5533448271');
INSERT INTO telefono_cliente(id_cliente,telefono_cliente) VALUES (92,'5580686534');
INSERT INTO telefono_cliente(id_cliente,telefono_cliente) VALUES (46,'5503584314');
INSERT INTO telefono_cliente(id_cliente,telefono_cliente) VALUES (5,'5557834814');
INSERT INTO telefono_cliente(id_cliente,telefono_cliente) VALUES (76,'5548013646');
INSERT INTO telefono_cliente(id_cliente,telefono_cliente) VALUES (34,'5562123317');
INSERT INTO telefono_cliente(id_cliente,telefono_cliente) VALUES (85,'5576944196');
INSERT INTO telefono_cliente(id_cliente,telefono_cliente) VALUES (89,'5568270703');
INSERT INTO telefono_cliente(id_cliente,telefono_cliente) VALUES (42,'5571518199');
INSERT INTO telefono_cliente(id_cliente,telefono_cliente) VALUES (56,'5557173703');
INSERT INTO telefono_cliente(id_cliente,telefono_cliente) VALUES (62,'5587133123');
INSERT INTO telefono_cliente(id_cliente,telefono_cliente) VALUES (72,'5513428897');
INSERT INTO telefono_cliente(id_cliente,telefono_cliente) VALUES (90,'5561685300');
INSERT INTO telefono_cliente(id_cliente,telefono_cliente) VALUES (15,'5575376358');
INSERT INTO telefono_cliente(id_cliente,telefono_cliente) VALUES (29,'5517069319');
INSERT INTO telefono_cliente(id_cliente,telefono_cliente) VALUES (63,'5526147250');
INSERT INTO telefono_cliente(id_cliente,telefono_cliente) VALUES (19,'5591981270');
INSERT INTO telefono_cliente(id_cliente,telefono_cliente) VALUES (64,'5527384798');
INSERT INTO telefono_cliente(id_cliente,telefono_cliente) VALUES (87,'5556730134');
INSERT INTO telefono_cliente(id_cliente,telefono_cliente) VALUES (62,'5521393886');
INSERT INTO telefono_cliente(id_cliente,telefono_cliente) VALUES (72,'5549375591');
INSERT INTO telefono_cliente(id_cliente,telefono_cliente) VALUES (17,'5523401643');
INSERT INTO telefono_cliente(id_cliente,telefono_cliente) VALUES (80,'5546655236');
INSERT INTO telefono_cliente(id_cliente,telefono_cliente) VALUES (57,'5581961946');
INSERT INTO telefono_cliente(id_cliente,telefono_cliente) VALUES (20,'5529638814');
INSERT INTO telefono_cliente(id_cliente,telefono_cliente) VALUES (52,'5502400299');
INSERT INTO telefono_cliente(id_cliente,telefono_cliente) VALUES (65,'5518944098');
INSERT INTO telefono_cliente(id_cliente,telefono_cliente) VALUES (90,'5557999599');
INSERT INTO telefono_cliente(id_cliente,telefono_cliente) VALUES (53,'5506261901');
INSERT INTO telefono_cliente(id_cliente,telefono_cliente) VALUES (49,'5558243051');
INSERT INTO telefono_cliente(id_cliente,telefono_cliente) VALUES (22,'5537580954');
INSERT INTO telefono_cliente(id_cliente,telefono_cliente) VALUES (95,'5566896619');
INSERT INTO telefono_cliente(id_cliente,telefono_cliente) VALUES (30,'5566687847');
INSERT INTO telefono_cliente(id_cliente,telefono_cliente) VALUES (18,'5504369528');
INSERT INTO telefono_cliente(id_cliente,telefono_cliente) VALUES (81,'5565420671');
INSERT INTO telefono_cliente(id_cliente,telefono_cliente) VALUES (15,'5556708483');
INSERT INTO telefono_cliente(id_cliente,telefono_cliente) VALUES (71,'5556886569');
INSERT INTO telefono_cliente(id_cliente,telefono_cliente) VALUES (28,'5574435277');
INSERT INTO telefono_cliente(id_cliente,telefono_cliente) VALUES (76,'5595680285');
INSERT INTO telefono_cliente(id_cliente,telefono_cliente) VALUES (36,'5579045526');
INSERT INTO telefono_cliente(id_cliente,telefono_cliente) VALUES (77,'5577871727');
INSERT INTO telefono_cliente(id_cliente,telefono_cliente) VALUES (65,'5568719488');
INSERT INTO telefono_cliente(id_cliente,telefono_cliente) VALUES (6,'5572982861');
INSERT INTO telefono_cliente(id_cliente,telefono_cliente) VALUES (67,'5522111638');
INSERT INTO telefono_cliente(id_cliente,telefono_cliente) VALUES (5,'5581326552');
INSERT INTO telefono_cliente(id_cliente,telefono_cliente) VALUES (98,'5540203886');
INSERT INTO telefono_cliente(id_cliente,telefono_cliente) VALUES (78,'5535275929');
INSERT INTO telefono_cliente(id_cliente,telefono_cliente) VALUES (98,'5524173630');
INSERT INTO telefono_cliente(id_cliente,telefono_cliente) VALUES (61,'5539537963');
INSERT INTO telefono_cliente(id_cliente,telefono_cliente) VALUES (24,'5540559461');
INSERT INTO telefono_cliente(id_cliente,telefono_cliente) VALUES (16,'5560235276');
INSERT INTO telefono_cliente(id_cliente,telefono_cliente) VALUES (11,'5596108422');
INSERT INTO telefono_cliente(id_cliente,telefono_cliente) VALUES (23,'5517378811');
INSERT INTO telefono_cliente(id_cliente,telefono_cliente) VALUES (66,'5587509916');
INSERT INTO telefono_cliente(id_cliente,telefono_cliente) VALUES (21,'5550973347');
INSERT INTO telefono_cliente(id_cliente,telefono_cliente) VALUES (48,'5533353291');
INSERT INTO telefono_cliente(id_cliente,telefono_cliente) VALUES (57,'5536872531');
INSERT INTO telefono_cliente(id_cliente,telefono_cliente) VALUES (34,'5598366374');
INSERT INTO telefono_cliente(id_cliente,telefono_cliente) VALUES (84,'5524287686');
INSERT INTO telefono_cliente(id_cliente,telefono_cliente) VALUES (84,'5585541605');
INSERT INTO telefono_cliente(id_cliente,telefono_cliente) VALUES (21,'5590800975');
INSERT INTO telefono_cliente(id_cliente,telefono_cliente) VALUES (36,'5551461349');
INSERT INTO telefono_cliente(id_cliente,telefono_cliente) VALUES (67,'5581467487');
INSERT INTO telefono_cliente(id_cliente,telefono_cliente) VALUES (31,'5539925364');
INSERT INTO telefono_cliente(id_cliente,telefono_cliente) VALUES (100,'5591866375');
INSERT INTO telefono_cliente(id_cliente,telefono_cliente) VALUES (76,'5551495247');
INSERT INTO telefono_cliente(id_cliente,telefono_cliente) VALUES (26,'5542334772');
INSERT INTO telefono_cliente(id_cliente,telefono_cliente) VALUES (41,'5532175284');
INSERT INTO telefono_cliente(id_cliente,telefono_cliente) VALUES (96,'5589451624');
INSERT INTO telefono_cliente(id_cliente,telefono_cliente) VALUES (95,'5504616719');
INSERT INTO telefono_cliente(id_cliente,telefono_cliente) VALUES (34,'5536199576');
INSERT INTO telefono_cliente(id_cliente,telefono_cliente) VALUES (53,'5520544577');
INSERT INTO telefono_cliente(id_cliente,telefono_cliente) VALUES (63,'5562976335');
INSERT INTO telefono_cliente(id_cliente,telefono_cliente) VALUES (79,'5569977374');
INSERT INTO telefono_cliente(id_cliente,telefono_cliente) VALUES (75,'5560424713');
INSERT INTO telefono_cliente(id_cliente,telefono_cliente) VALUES (73,'5576800615');
INSERT INTO telefono_cliente(id_cliente,telefono_cliente) VALUES (42,'5557812041');
INSERT INTO telefono_cliente(id_cliente,telefono_cliente) VALUES (25,'5519003684');
INSERT INTO telefono_cliente(id_cliente,telefono_cliente) VALUES (4,'5570281722');
INSERT INTO telefono_cliente(id_cliente,telefono_cliente) VALUES (88,'5589376847');
INSERT INTO telefono_cliente(id_cliente,telefono_cliente) VALUES (60,'5560322252');
INSERT INTO telefono_cliente(id_cliente,telefono_cliente) VALUES (89,'5593423464');
INSERT INTO telefono_cliente(id_cliente,telefono_cliente) VALUES (50,'5558842924');
INSERT INTO telefono_cliente(id_cliente,telefono_cliente) VALUES (76,'5541746090');
INSERT INTO telefono_cliente(id_cliente,telefono_cliente) VALUES (28,'5555479790');
INSERT INTO telefono_cliente(id_cliente,telefono_cliente) VALUES (40,'5554775437');
INSERT INTO telefono_cliente(id_cliente,telefono_cliente) VALUES (22,'5575762956');
INSERT INTO telefono_cliente(id_cliente,telefono_cliente) VALUES (15,'5503772998');
INSERT INTO telefono_cliente(id_cliente,telefono_cliente) VALUES (70,'5568740135');
INSERT INTO telefono_cliente(id_cliente,telefono_cliente) VALUES (46,'5583975748');
INSERT INTO telefono_cliente(id_cliente,telefono_cliente) VALUES (74,'5565977512');
INSERT INTO telefono_cliente(id_cliente,telefono_cliente) VALUES (32,'5537906008');
INSERT INTO telefono_cliente(id_cliente,telefono_cliente) VALUES (56,'5590081815');
INSERT INTO telefono_cliente(id_cliente,telefono_cliente) VALUES (11,'5564938045');
INSERT INTO telefono_cliente(id_cliente,telefono_cliente) VALUES (96,'5554187393');
INSERT INTO telefono_cliente(id_cliente,telefono_cliente) VALUES (61,'5578024952');
INSERT INTO telefono_cliente(id_cliente,telefono_cliente) VALUES (33,'5580918001');

INSERT INTO c_rol(id_rol,descripcion) VALUES (1,'Gerente de vivero');
INSERT INTO c_rol(id_rol,descripcion) VALUES (2,'Cuidador de plantas');
INSERT INTO c_rol(id_rol,descripcion) VALUES (3,'Encargado de mostrador');
INSERT INTO c_rol(id_rol,descripcion) VALUES (4,'Cajero');

INSERT INTO empleado(id_vivero,id_rol,id_empleado,nombre,fecha_nacimiento,salario,ciudad,estado,cp,calle) VALUES (62,2,1,'Blake Ogers','19/08/1992','$17334.63','Duluth','Minnesota',55811,'8 Leroy Avenue');
INSERT INTO empleado(id_vivero,id_rol,id_empleado,nombre,fecha_nacimiento,salario,ciudad,estado,cp,calle) VALUES (55,1,2,'Noam Bilson','05/05/1905','$14166.37','Wichita','Kansas',67205,'21813 Carberry Parkway');
INSERT INTO empleado(id_vivero,id_rol,id_empleado,nombre,fecha_nacimiento,salario,ciudad,estado,cp,calle) VALUES (73,2,3,'Ashla Dacke','21/04/1945','$16469.72','El Paso','Texas',79940,'0323 Lukken Alley');
INSERT INTO empleado(id_vivero,id_rol,id_empleado,nombre,fecha_nacimiento,salario,ciudad,estado,cp,calle) VALUES (86,2,4,'Gus China','21/10/2000','$19294.58','Washington','District of Columbia',20535,'7838 Hansons Terrace');
INSERT INTO empleado(id_vivero,id_rol,id_empleado,nombre,fecha_nacimiento,salario,ciudad,estado,cp,calle) VALUES (97,4,5,'Thaine Dredge','13/02/1975','$17522.93','Dallas','Texas',75367,'6 Ruskin Point');
INSERT INTO empleado(id_vivero,id_rol,id_empleado,nombre,fecha_nacimiento,salario,ciudad,estado,cp,calle) VALUES (3,4,6,'Chloe McGlashan','10/03/1946','$20443.37','El Paso','Texas',79955,'2 Melvin Way');
INSERT INTO empleado(id_vivero,id_rol,id_empleado,nombre,fecha_nacimiento,salario,ciudad,estado,cp,calle) VALUES (64,2,7,'Rachael Collin','17/01/1970','$12967.11','San Diego','California',92115,'14 Kenwood Drive');
INSERT INTO empleado(id_vivero,id_rol,id_empleado,nombre,fecha_nacimiento,salario,ciudad,estado,cp,calle) VALUES (42,1,8,'Mellisent Lain','27/05/1983','$26925.85','Pittsburgh','Pennsylvania',15279,'7 Dexter Road');
INSERT INTO empleado(id_vivero,id_rol,id_empleado,nombre,fecha_nacimiento,salario,ciudad,estado,cp,calle) VALUES (87,2,9,'Marietta Dundin','06/12/2003','$7906.91','Tucson','Arizona',85710,'8 Waywood Alley');
INSERT INTO empleado(id_vivero,id_rol,id_empleado,nombre,fecha_nacimiento,salario,ciudad,estado,cp,calle) VALUES (76,2,10,'Linette Pavlov','14/09/2004','$20891.26','El Paso','Texas',79950,'40761 Harbort Court');
INSERT INTO empleado(id_vivero,id_rol,id_empleado,nombre,fecha_nacimiento,salario,ciudad,estado,cp,calle) VALUES (91,2,11,'Nicolas Mill','06/06/1982','$21601.75','Charleston','West Virginia',25321,'35503 Arapahoe Trail');
INSERT INTO empleado(id_vivero,id_rol,id_empleado,nombre,fecha_nacimiento,salario,ciudad,estado,cp,calle) VALUES (18,3,12,'Keely Broske','26/08/1932','$13691.76','Fresno','California',93715,'34853 Weeping Birch Court');
INSERT INTO empleado(id_vivero,id_rol,id_empleado,nombre,fecha_nacimiento,salario,ciudad,estado,cp,calle) VALUES (92,4,13,'Chrisse Jeske','14/12/2003','$9796.40','Montgomery','Alabama',36125,'9901 American Ash Lane');
INSERT INTO empleado(id_vivero,id_rol,id_empleado,nombre,fecha_nacimiento,salario,ciudad,estado,cp,calle) VALUES (52,4,14,'Errick McClay','02/05/1914','$14374.62','Elizabeth','New Jersey',07208,'9217 Dorton Trail');
INSERT INTO empleado(id_vivero,id_rol,id_empleado,nombre,fecha_nacimiento,salario,ciudad,estado,cp,calle) VALUES (15,4,15,'Lettie Klewi','07/10/1992','$28382.71','Greenville','South Carolina',29610,'7 Scofield Court');
INSERT INTO empleado(id_vivero,id_rol,id_empleado,nombre,fecha_nacimiento,salario,ciudad,estado,cp,calle) VALUES (56,4,16,'Goddard Denniss','27/04/1950','$14614.97','San Antonio','Texas',78215,'54 Mayer Court');
INSERT INTO empleado(id_vivero,id_rol,id_empleado,nombre,fecha_nacimiento,salario,ciudad,estado,cp,calle) VALUES (87,1,17,'Franchot Sallows','15/07/1942','$13080.09','Fresno','California',93750,'97 Grim Parkway');
INSERT INTO empleado(id_vivero,id_rol,id_empleado,nombre,fecha_nacimiento,salario,ciudad,estado,cp,calle) VALUES (98,3,18,'Steffie Ballantine','30/09/1999','$10822.30','San Diego','California',92165,'806 Reinke Road');
INSERT INTO empleado(id_vivero,id_rol,id_empleado,nombre,fecha_nacimiento,salario,ciudad,estado,cp,calle) VALUES (99,4,19,'Leigh Prettejohns','02/10/1925','$10774.03','Shreveport','Louisiana',71115,'92 Upham Street');
INSERT INTO empleado(id_vivero,id_rol,id_empleado,nombre,fecha_nacimiento,salario,ciudad,estado,cp,calle) VALUES (84,4,20,'Ezri Parres','22/06/1999','$28136.99','Aurora','Illinois',60505,'27596 Loomis Terrace');
INSERT INTO empleado(id_vivero,id_rol,id_empleado,nombre,fecha_nacimiento,salario,ciudad,estado,cp,calle) VALUES (61,3,21,'Erika Skelding','21/10/1929','$19283.22','Palo Alto','California',94302,'6796 Prairieview Road');
INSERT INTO empleado(id_vivero,id_rol,id_empleado,nombre,fecha_nacimiento,salario,ciudad,estado,cp,calle) VALUES (9,4,22,'Galina Edinburgh','11/01/1950','$11076.08','Cincinnati','Ohio',45228,'4401 Autumn Leaf Plaza');
INSERT INTO empleado(id_vivero,id_rol,id_empleado,nombre,fecha_nacimiento,salario,ciudad,estado,cp,calle) VALUES (25,1,23,'Serena Viner','04/07/1930','$27545.58','San Antonio','Texas',78220,'99407 Bultman Junction');
INSERT INTO empleado(id_vivero,id_rol,id_empleado,nombre,fecha_nacimiento,salario,ciudad,estado,cp,calle) VALUES (61,2,24,'Vic Raylton','25/04/1914','$26565.94','Oklahoma City','Oklahoma',73179,'1 Drewry Terrace');
INSERT INTO empleado(id_vivero,id_rol,id_empleado,nombre,fecha_nacimiento,salario,ciudad,estado,cp,calle) VALUES (44,2,25,'Cynthy Brockhouse','17/07/1963','$11812.96','Las Vegas','Nevada',89160,'57058 Buena Vista Street');
INSERT INTO empleado(id_vivero,id_rol,id_empleado,nombre,fecha_nacimiento,salario,ciudad,estado,cp,calle) VALUES (40,2,26,'Emmi Hefner','23/02/1911','$24162.20','Minneapolis','Minnesota',55402,'0 Elmside Avenue');
INSERT INTO empleado(id_vivero,id_rol,id_empleado,nombre,fecha_nacimiento,salario,ciudad,estado,cp,calle) VALUES (18,2,27,'Modesty Aldin','09/07/1999','$7244.96','Sioux City','Iowa',51110,'95 Stone Corner Center');
INSERT INTO empleado(id_vivero,id_rol,id_empleado,nombre,fecha_nacimiento,salario,ciudad,estado,cp,calle) VALUES (76,3,28,'Jacynth Theaker','21/06/1941','$16030.09','Denver','Colorado',80279,'4 Pawling Place');
INSERT INTO empleado(id_vivero,id_rol,id_empleado,nombre,fecha_nacimiento,salario,ciudad,estado,cp,calle) VALUES (34,4,29,'Alecia Jaskowicz','11/05/1977','$15786.13','Washington','District of Columbia',20599,'51005 Maryland Hill');
INSERT INTO empleado(id_vivero,id_rol,id_empleado,nombre,fecha_nacimiento,salario,ciudad,estado,cp,calle) VALUES (80,4,30,'Enrica Morcomb','22/01/1940','$24589.07','Provo','Utah',84605,'34189 East Road');
INSERT INTO empleado(id_vivero,id_rol,id_empleado,nombre,fecha_nacimiento,salario,ciudad,estado,cp,calle) VALUES (53,1,31,'Caralie Cooke','29/01/1984','$16810.78','Greenville','South Carolina',29610,'96 1st Circle');
INSERT INTO empleado(id_vivero,id_rol,id_empleado,nombre,fecha_nacimiento,salario,ciudad,estado,cp,calle) VALUES (42,2,32,'Fiona Lejeune','20/06/1902','$17471.20','Richmond','Virginia',23237,'968 Haas Place');
INSERT INTO empleado(id_vivero,id_rol,id_empleado,nombre,fecha_nacimiento,salario,ciudad,estado,cp,calle) VALUES (59,2,33,'Sayer Lytell','14/12/1989','$11222.77','Louisville','Kentucky',40210,'71451 Gale Street');
INSERT INTO empleado(id_vivero,id_rol,id_empleado,nombre,fecha_nacimiento,salario,ciudad,estado,cp,calle) VALUES (65,4,34,'Gale Hamel','14/10/1949','$15269.17','Amarillo','Texas',79105,'17 Jenifer Court');
INSERT INTO empleado(id_vivero,id_rol,id_empleado,nombre,fecha_nacimiento,salario,ciudad,estado,cp,calle) VALUES (66,2,35,'Honor Blackhall','03/11/1992','$26619.67','Columbia','Missouri',65218,'81325 Merrick Lane');
INSERT INTO empleado(id_vivero,id_rol,id_empleado,nombre,fecha_nacimiento,salario,ciudad,estado,cp,calle) VALUES (21,4,36,'Brianne Kiffe','18/01/1971','$4907.14','Woburn','Massachusetts',01813,'35289 Heffernan Place');
INSERT INTO empleado(id_vivero,id_rol,id_empleado,nombre,fecha_nacimiento,salario,ciudad,estado,cp,calle) VALUES (67,4,37,'Edward Doctor','26/09/1993','$7100.53','Newport News','Virginia',23612,'20880 Arrowood Street');
INSERT INTO empleado(id_vivero,id_rol,id_empleado,nombre,fecha_nacimiento,salario,ciudad,estado,cp,calle) VALUES (10,4,38,'Sebastian Grigore','06/04/1950','$28636.03','Waterbury','Connecticut',06721,'4 Green Road');
INSERT INTO empleado(id_vivero,id_rol,id_empleado,nombre,fecha_nacimiento,salario,ciudad,estado,cp,calle) VALUES (98,3,39,'Cristiano Dargie','03/05/1947','$16469.53','Bowie','Maryland',20719,'42862 Judy Crossing');
INSERT INTO empleado(id_vivero,id_rol,id_empleado,nombre,fecha_nacimiento,salario,ciudad,estado,cp,calle) VALUES (75,4,40,'Ophelie Glasheen','03/05/1904','$21403.91','Pomona','California',91797,'84749 Dawn Crossing');
INSERT INTO empleado(id_vivero,id_rol,id_empleado,nombre,fecha_nacimiento,salario,ciudad,estado,cp,calle) VALUES (57,4,41,'Kort Blazejewski','08/03/1940','$12615.47','San Jose','California',95128,'67 Raven Way');
INSERT INTO empleado(id_vivero,id_rol,id_empleado,nombre,fecha_nacimiento,salario,ciudad,estado,cp,calle) VALUES (25,3,42,'Ethelda Budgett','13/07/1943','$28290.08','Dallas','Texas',75397,'62 Waubesa Trail');
INSERT INTO empleado(id_vivero,id_rol,id_empleado,nombre,fecha_nacimiento,salario,ciudad,estado,cp,calle) VALUES (2,1,43,'Barri Bucknell','08/07/1999','$16201.89','Washington','District of Columbia',20022,'5 Sutherland Court');
INSERT INTO empleado(id_vivero,id_rol,id_empleado,nombre,fecha_nacimiento,salario,ciudad,estado,cp,calle) VALUES (93,4,44,'Matty Dunmuir','01/04/1998','$25673.21','Jackson','Tennessee',38308,'8 Meadow Valley Drive');
INSERT INTO empleado(id_vivero,id_rol,id_empleado,nombre,fecha_nacimiento,salario,ciudad,estado,cp,calle) VALUES (90,3,45,'Tildy Heditch','05/08/1903','$17352.85','Ashburn','Virginia',22093,'67 Bluestem Way');
INSERT INTO empleado(id_vivero,id_rol,id_empleado,nombre,fecha_nacimiento,salario,ciudad,estado,cp,calle) VALUES (21,3,46,'Josy Triplet','31/12/1917','$24105.92','Bethesda','Maryland',20892,'824 Clove Parkway');
INSERT INTO empleado(id_vivero,id_rol,id_empleado,nombre,fecha_nacimiento,salario,ciudad,estado,cp,calle) VALUES (72,2,47,'Clement Gilhooley','07/02/1925','$6056.03','San Jose','California',95108,'21111 Arkansas Plaza');
INSERT INTO empleado(id_vivero,id_rol,id_empleado,nombre,fecha_nacimiento,salario,ciudad,estado,cp,calle) VALUES (88,3,48,'Meredithe Annetts','03/10/1949','$11260.18','Port Saint Lucie','Florida',34985,'9267 Miller Hill');
INSERT INTO empleado(id_vivero,id_rol,id_empleado,nombre,fecha_nacimiento,salario,ciudad,estado,cp,calle) VALUES (91,2,49,'Gussy Gornar','10/03/1984','$28672.14','New York City','New York',10280,'369 Little Fleur Court');
INSERT INTO empleado(id_vivero,id_rol,id_empleado,nombre,fecha_nacimiento,salario,ciudad,estado,cp,calle) VALUES (73,2,50,'Alvin Verling','19/09/1977','$21365.96','Phoenix','Arizona',85077,'55015 Becker Terrace');
INSERT INTO empleado(id_vivero,id_rol,id_empleado,nombre,fecha_nacimiento,salario,ciudad,estado,cp,calle) VALUES (7,3,51,'Arthur Poolman','12/04/1922','$9112.41','Shreveport','Louisiana',71130,'0 Jackson Parkway');
INSERT INTO empleado(id_vivero,id_rol,id_empleado,nombre,fecha_nacimiento,salario,ciudad,estado,cp,calle) VALUES (54,1,52,'Erich Stothert','13/02/1966','$11949.24','Seattle','Washington',98175,'776 Northview Drive');
INSERT INTO empleado(id_vivero,id_rol,id_empleado,nombre,fecha_nacimiento,salario,ciudad,estado,cp,calle) VALUES (11,2,53,'Hayyim Marte','14/11/1986','$9402.63','Saint Paul','Minnesota',55114,'7 Fulton Hill');
INSERT INTO empleado(id_vivero,id_rol,id_empleado,nombre,fecha_nacimiento,salario,ciudad,estado,cp,calle) VALUES (72,1,54,'Dianemarie Tibalt','17/05/1954','$29241.11','Kalamazoo','Michigan',49006,'6470 Montana Road');
INSERT INTO empleado(id_vivero,id_rol,id_empleado,nombre,fecha_nacimiento,salario,ciudad,estado,cp,calle) VALUES (6,1,55,'Devlen Rutherforth','10/03/1997','$21161.60','Fort Myers','Florida',33906,'6603 Hallows Place');
INSERT INTO empleado(id_vivero,id_rol,id_empleado,nombre,fecha_nacimiento,salario,ciudad,estado,cp,calle) VALUES (69,3,56,'Giralda Nerval','25/07/1938','$12708.65','Lancaster','Pennsylvania',17605,'333 Trailsway Point');
INSERT INTO empleado(id_vivero,id_rol,id_empleado,nombre,fecha_nacimiento,salario,ciudad,estado,cp,calle) VALUES (49,3,57,'Wally Gaitung','11/03/1953','$29249.91','Shreveport','Louisiana',71151,'5 Melby Way');
INSERT INTO empleado(id_vivero,id_rol,id_empleado,nombre,fecha_nacimiento,salario,ciudad,estado,cp,calle) VALUES (83,2,58,'Carey Toffetto','09/01/1942','$13314.50','Miami','Florida',33158,'4 Eliot Way');
INSERT INTO empleado(id_vivero,id_rol,id_empleado,nombre,fecha_nacimiento,salario,ciudad,estado,cp,calle) VALUES (81,4,59,'Garrik Acory','29/05/1976','$15461.60','Southfield','Michigan',48076,'24 Marquette Road');
INSERT INTO empleado(id_vivero,id_rol,id_empleado,nombre,fecha_nacimiento,salario,ciudad,estado,cp,calle) VALUES (46,3,60,'Harv Portch','12/05/1967','$3766.44','Tallahassee','Florida',32309,'9 Logan Road');
INSERT INTO empleado(id_vivero,id_rol,id_empleado,nombre,fecha_nacimiento,salario,ciudad,estado,cp,calle) VALUES (92,3,61,'Cassondra Humphery','05/05/1996','$3203.06','Pocatello','Idaho',83206,'6327 Ramsey Road');
INSERT INTO empleado(id_vivero,id_rol,id_empleado,nombre,fecha_nacimiento,salario,ciudad,estado,cp,calle) VALUES (6,4,62,'Briana Pretswell','28/02/1904','$20292.59','Nashville','Tennessee',37245,'1 Fordem Circle');
INSERT INTO empleado(id_vivero,id_rol,id_empleado,nombre,fecha_nacimiento,salario,ciudad,estado,cp,calle) VALUES (15,1,63,'Patrice Walicki','28/04/1993','$23756.26','Columbia','South Carolina',29240,'21278 Clove Park');
INSERT INTO empleado(id_vivero,id_rol,id_empleado,nombre,fecha_nacimiento,salario,ciudad,estado,cp,calle) VALUES (46,2,64,'Janaye Jirasek','16/12/1900','$25972.01','Mesa','Arizona',85215,'7788 Anderson Terrace');
INSERT INTO empleado(id_vivero,id_rol,id_empleado,nombre,fecha_nacimiento,salario,ciudad,estado,cp,calle) VALUES (12,1,65,'Virge Baltzar','17/02/1992','$17970.63','Newton','Massachusetts',02162,'2418 Hooker Plaza');
INSERT INTO empleado(id_vivero,id_rol,id_empleado,nombre,fecha_nacimiento,salario,ciudad,estado,cp,calle) VALUES (8,3,66,'Roxana Walkey','29/06/1938','$11099.13','Charlotte','North Carolina',28272,'27125 Helena Plaza');
INSERT INTO empleado(id_vivero,id_rol,id_empleado,nombre,fecha_nacimiento,salario,ciudad,estado,cp,calle) VALUES (97,3,67,'Sylas Castagne','31/12/1969','$26206.99','San Diego','California',92170,'0 Monica Court');
INSERT INTO empleado(id_vivero,id_rol,id_empleado,nombre,fecha_nacimiento,salario,ciudad,estado,cp,calle) VALUES (15,1,68,'Edythe Brekonridge','06/04/1965','$26373.50','El Paso','Texas',88579,'4 Anhalt Way');
INSERT INTO empleado(id_vivero,id_rol,id_empleado,nombre,fecha_nacimiento,salario,ciudad,estado,cp,calle) VALUES (15,4,69,'Lisbeth Kinforth','14/02/1921','$26890.58','Peoria','Illinois',61651,'615 Moland Trail');
INSERT INTO empleado(id_vivero,id_rol,id_empleado,nombre,fecha_nacimiento,salario,ciudad,estado,cp,calle) VALUES (52,3,70,'Jonis Thunderman','12/11/1975','$26205.34','Lynchburg','Virginia',24515,'3471 1st Place');
INSERT INTO empleado(id_vivero,id_rol,id_empleado,nombre,fecha_nacimiento,salario,ciudad,estado,cp,calle) VALUES (70,2,71,'Oneida Dikes','04/08/1924','$5698.82','Knoxville','Tennessee',37939,'519 Carberry Alley');
INSERT INTO empleado(id_vivero,id_rol,id_empleado,nombre,fecha_nacimiento,salario,ciudad,estado,cp,calle) VALUES (82,2,72,'Britni Darree','18/06/1900','$4676.92','Atlanta','Georgia',30358,'524 Jana Parkway');
INSERT INTO empleado(id_vivero,id_rol,id_empleado,nombre,fecha_nacimiento,salario,ciudad,estado,cp,calle) VALUES (40,3,73,'Cori Rathborne','08/02/1946','$22103.47','Santa Barbara','California',93150,'9825 Lindbergh Terrace');
INSERT INTO empleado(id_vivero,id_rol,id_empleado,nombre,fecha_nacimiento,salario,ciudad,estado,cp,calle) VALUES (43,1,74,'Udall Ashbridge','09/02/1903','$14621.11','Raleigh','North Carolina',27615,'9072 Corscot Plaza');
INSERT INTO empleado(id_vivero,id_rol,id_empleado,nombre,fecha_nacimiento,salario,ciudad,estado,cp,calle) VALUES (12,2,75,'Gael Songist','02/08/1983','$3844.11','Carson City','Nevada',89714,'79934 Nova Way');
INSERT INTO empleado(id_vivero,id_rol,id_empleado,nombre,fecha_nacimiento,salario,ciudad,estado,cp,calle) VALUES (71,2,76,'Reyna Gussin','31/10/1968','$22196.51','Boston','Massachusetts',02283,'93 Granby Alley');
INSERT INTO empleado(id_vivero,id_rol,id_empleado,nombre,fecha_nacimiento,salario,ciudad,estado,cp,calle) VALUES (2,4,77,'Ewart Gannicleff','09/09/1996','$16314.07','Des Moines','Iowa',50330,'47142 Riverside Way');
INSERT INTO empleado(id_vivero,id_rol,id_empleado,nombre,fecha_nacimiento,salario,ciudad,estado,cp,calle) VALUES (28,3,78,'Papageno MacEllen','27/12/1929','$7740.67','Springfield','Massachusetts',01114,'64 Mcbride Point');
INSERT INTO empleado(id_vivero,id_rol,id_empleado,nombre,fecha_nacimiento,salario,ciudad,estado,cp,calle) VALUES (75,2,79,'Melloney Nicol','17/11/1990','$22109.47','Fayetteville','North Carolina',28314,'1 New Castle Hill');
INSERT INTO empleado(id_vivero,id_rol,id_empleado,nombre,fecha_nacimiento,salario,ciudad,estado,cp,calle) VALUES (75,3,80,'Sharlene Legerton','22/05/1913','$18453.51','South Lake Tahoe','California',96154,'2499 Quincy Place');
INSERT INTO empleado(id_vivero,id_rol,id_empleado,nombre,fecha_nacimiento,salario,ciudad,estado,cp,calle) VALUES (57,2,81,'Matthaeus Harnett','24/03/1935','$22568.55','Madison','Wisconsin',53790,'49017 Green Ridge Hill');
INSERT INTO empleado(id_vivero,id_rol,id_empleado,nombre,fecha_nacimiento,salario,ciudad,estado,cp,calle) VALUES (91,2,82,'Cymbre Sinderson','19/04/1986','$14374.48','Knoxville','Tennessee',37924,'2 Mifflin Drive');
INSERT INTO empleado(id_vivero,id_rol,id_empleado,nombre,fecha_nacimiento,salario,ciudad,estado,cp,calle) VALUES (87,4,83,'Bartel Youel','09/02/1914','$5697.45','Fort Worth','Texas',76162,'6411 Marquette Road');
INSERT INTO empleado(id_vivero,id_rol,id_empleado,nombre,fecha_nacimiento,salario,ciudad,estado,cp,calle) VALUES (67,4,84,'Gretna Presslee','10/10/1937','$11577.34','Brooklyn','New York',11220,'36668 Lien Pass');
INSERT INTO empleado(id_vivero,id_rol,id_empleado,nombre,fecha_nacimiento,salario,ciudad,estado,cp,calle) VALUES (75,4,85,'Dredi Cargo','02/03/1993','$17990.78','Schaumburg','Illinois',60193,'79 Cambridge Trail');
INSERT INTO empleado(id_vivero,id_rol,id_empleado,nombre,fecha_nacimiento,salario,ciudad,estado,cp,calle) VALUES (47,1,86,'Karoly Este','09/03/1993','$5433.94','Honolulu','Hawaii',96825,'684 Victoria Hill');
INSERT INTO empleado(id_vivero,id_rol,id_empleado,nombre,fecha_nacimiento,salario,ciudad,estado,cp,calle) VALUES (76,1,87,'Michelina Giggie','23/04/1937','$13255.23','Long Beach','California',90810,'04083 Dennis Road');
INSERT INTO empleado(id_vivero,id_rol,id_empleado,nombre,fecha_nacimiento,salario,ciudad,estado,cp,calle) VALUES (29,2,88,'Kareem Burston','29/01/1999','$9125.28','Charleston','South Carolina',29411,'8 Montana Drive');
INSERT INTO empleado(id_vivero,id_rol,id_empleado,nombre,fecha_nacimiento,salario,ciudad,estado,cp,calle) VALUES (48,1,89,'Fletcher Walcher','05/12/1972','$19718.03','Portland','Oregon',97271,'7766 Kipling Terrace');
INSERT INTO empleado(id_vivero,id_rol,id_empleado,nombre,fecha_nacimiento,salario,ciudad,estado,cp,calle) VALUES (50,4,90,'Tim Schwandermann','22/09/1991','$25269.84','Raleigh','North Carolina',27615,'3 Riverside Drive');
INSERT INTO empleado(id_vivero,id_rol,id_empleado,nombre,fecha_nacimiento,salario,ciudad,estado,cp,calle) VALUES (61,2,91,'Patience Howard','15/07/1946','$3097.66','Salt Lake City','Utah',84105,'922 Shoshone Terrace');
INSERT INTO empleado(id_vivero,id_rol,id_empleado,nombre,fecha_nacimiento,salario,ciudad,estado,cp,calle) VALUES (54,3,92,'Elliott Chern','08/01/1943','$26982.52','Las Vegas','Nevada',89150,'900 Glacier Hill Circle');
INSERT INTO empleado(id_vivero,id_rol,id_empleado,nombre,fecha_nacimiento,salario,ciudad,estado,cp,calle) VALUES (36,2,93,'Yvonne Ciric','24/04/1975','$22098.67','Birmingham','Alabama',35285,'498 Eagan Point');
INSERT INTO empleado(id_vivero,id_rol,id_empleado,nombre,fecha_nacimiento,salario,ciudad,estado,cp,calle) VALUES (13,3,94,'Laureen Piche','28/10/1910','$28171.57','Macon','Georgia',31296,'4319 Fuller Junction');
INSERT INTO empleado(id_vivero,id_rol,id_empleado,nombre,fecha_nacimiento,salario,ciudad,estado,cp,calle) VALUES (2,4,95,'Tamarra Davet','08/05/1921','$22128.22','Las Vegas','Nevada',89125,'9 Bultman Circle');
INSERT INTO empleado(id_vivero,id_rol,id_empleado,nombre,fecha_nacimiento,salario,ciudad,estado,cp,calle) VALUES (56,2,96,'Orin Itzakson','28/11/1929','$21369.47','Anderson','South Carolina',29625,'2963 Granby Junction');
INSERT INTO empleado(id_vivero,id_rol,id_empleado,nombre,fecha_nacimiento,salario,ciudad,estado,cp,calle) VALUES (79,2,97,'Theodoric Cholomin','12/07/1949','$27321.92','El Paso','Texas',88541,'17069 Annamark Hill');
INSERT INTO empleado(id_vivero,id_rol,id_empleado,nombre,fecha_nacimiento,salario,ciudad,estado,cp,calle) VALUES (53,1,98,'Estelle Brumham','04/11/1916','$14008.81','Orange','California',92862,'8932 Barnett Court');
INSERT INTO empleado(id_vivero,id_rol,id_empleado,nombre,fecha_nacimiento,salario,ciudad,estado,cp,calle) VALUES (19,2,99,'Wyatan Thurston','17/05/1943','$28773.60','Washington','District of Columbia',20370,'87 Vidon Center');
INSERT INTO empleado(id_vivero,id_rol,id_empleado,nombre,fecha_nacimiento,salario,ciudad,estado,cp,calle) VALUES (87,2,100,'Dillon Briiginshaw','17/04/1963','$26787.47','San Diego','California',92145,'866 Daystar Place');

INSERT INTO telefono_empleado(id_vivero,id_rol,idempleado,telefono_empleado) VALUES (81,1,51,'328-632-3304');
INSERT INTO telefono_empleado(id_vivero,id_rol,idempleado,telefono_empleado) VALUES (82,4,16,'603-901-8199');
INSERT INTO telefono_empleado(id_vivero,id_rol,idempleado,telefono_empleado) VALUES (78,3,29,'853-790-0744');
INSERT INTO telefono_empleado(id_vivero,id_rol,idempleado,telefono_empleado) VALUES (40,3,72,'891-931-3483');
INSERT INTO telefono_empleado(id_vivero,id_rol,idempleado,telefono_empleado) VALUES (76,4,79,'158-265-8967');
INSERT INTO telefono_empleado(id_vivero,id_rol,idempleado,telefono_empleado) VALUES (44,1,99,'666-408-6894');
INSERT INTO telefono_empleado(id_vivero,id_rol,idempleado,telefono_empleado) VALUES (68,4,2,'550-812-9121');
INSERT INTO telefono_empleado(id_vivero,id_rol,idempleado,telefono_empleado) VALUES (10,4,89,'894-797-8834');
INSERT INTO telefono_empleado(id_vivero,id_rol,idempleado,telefono_empleado) VALUES (30,1,51,'763-641-7193');
INSERT INTO telefono_empleado(id_vivero,id_rol,idempleado,telefono_empleado) VALUES (29,4,12,'433-923-9888');
INSERT INTO telefono_empleado(id_vivero,id_rol,idempleado,telefono_empleado) VALUES (62,1,24,'456-918-7813');
INSERT INTO telefono_empleado(id_vivero,id_rol,idempleado,telefono_empleado) VALUES (57,2,43,'305-151-5884');
INSERT INTO telefono_empleado(id_vivero,id_rol,idempleado,telefono_empleado) VALUES (54,4,53,'897-722-8764');
INSERT INTO telefono_empleado(id_vivero,id_rol,idempleado,telefono_empleado) VALUES (100,2,84,'398-183-8427');
INSERT INTO telefono_empleado(id_vivero,id_rol,idempleado,telefono_empleado) VALUES (13,1,96,'902-520-6215');
INSERT INTO telefono_empleado(id_vivero,id_rol,idempleado,telefono_empleado) VALUES (77,4,55,'953-998-4997');
INSERT INTO telefono_empleado(id_vivero,id_rol,idempleado,telefono_empleado) VALUES (49,1,97,'814-935-5359');
INSERT INTO telefono_empleado(id_vivero,id_rol,idempleado,telefono_empleado) VALUES (15,3,96,'755-883-0962');
INSERT INTO telefono_empleado(id_vivero,id_rol,idempleado,telefono_empleado) VALUES (45,4,86,'848-868-8913');
INSERT INTO telefono_empleado(id_vivero,id_rol,idempleado,telefono_empleado) VALUES (72,3,67,'856-828-9185');
INSERT INTO telefono_empleado(id_vivero,id_rol,idempleado,telefono_empleado) VALUES (2,4,67,'424-985-7707');
INSERT INTO telefono_empleado(id_vivero,id_rol,idempleado,telefono_empleado) VALUES (39,3,39,'714-915-2435');
INSERT INTO telefono_empleado(id_vivero,id_rol,idempleado,telefono_empleado) VALUES (76,4,81,'393-902-5830');
INSERT INTO telefono_empleado(id_vivero,id_rol,idempleado,telefono_empleado) VALUES (28,4,66,'442-245-2156');
INSERT INTO telefono_empleado(id_vivero,id_rol,idempleado,telefono_empleado) VALUES (14,1,89,'388-975-2827');
INSERT INTO telefono_empleado(id_vivero,id_rol,idempleado,telefono_empleado) VALUES (17,2,50,'116-323-2862');
INSERT INTO telefono_empleado(id_vivero,id_rol,idempleado,telefono_empleado) VALUES (94,2,81,'166-641-8080');
INSERT INTO telefono_empleado(id_vivero,id_rol,idempleado,telefono_empleado) VALUES (99,3,75,'458-323-4820');
INSERT INTO telefono_empleado(id_vivero,id_rol,idempleado,telefono_empleado) VALUES (21,4,48,'369-492-2214');
INSERT INTO telefono_empleado(id_vivero,id_rol,idempleado,telefono_empleado) VALUES (81,2,50,'276-404-6584');
INSERT INTO telefono_empleado(id_vivero,id_rol,idempleado,telefono_empleado) VALUES (10,4,62,'792-810-5109');
INSERT INTO telefono_empleado(id_vivero,id_rol,idempleado,telefono_empleado) VALUES (68,2,54,'401-312-3568');
INSERT INTO telefono_empleado(id_vivero,id_rol,idempleado,telefono_empleado) VALUES (41,1,7,'795-287-3743');
INSERT INTO telefono_empleado(id_vivero,id_rol,idempleado,telefono_empleado) VALUES (25,1,64,'742-519-6919');
INSERT INTO telefono_empleado(id_vivero,id_rol,idempleado,telefono_empleado) VALUES (3,2,5,'151-535-0443');
INSERT INTO telefono_empleado(id_vivero,id_rol,idempleado,telefono_empleado) VALUES (15,2,23,'447-779-1922');
INSERT INTO telefono_empleado(id_vivero,id_rol,idempleado,telefono_empleado) VALUES (34,3,10,'631-669-9774');
INSERT INTO telefono_empleado(id_vivero,id_rol,idempleado,telefono_empleado) VALUES (29,1,22,'988-777-6917');
INSERT INTO telefono_empleado(id_vivero,id_rol,idempleado,telefono_empleado) VALUES (95,1,8,'894-463-8939');
INSERT INTO telefono_empleado(id_vivero,id_rol,idempleado,telefono_empleado) VALUES (62,4,85,'578-890-0657');
INSERT INTO telefono_empleado(id_vivero,id_rol,idempleado,telefono_empleado) VALUES (8,3,76,'913-138-8003');
INSERT INTO telefono_empleado(id_vivero,id_rol,idempleado,telefono_empleado) VALUES (26,3,41,'349-216-1624');
INSERT INTO telefono_empleado(id_vivero,id_rol,idempleado,telefono_empleado) VALUES (67,2,79,'865-460-4598');
INSERT INTO telefono_empleado(id_vivero,id_rol,idempleado,telefono_empleado) VALUES (39,3,20,'101-746-1155');
INSERT INTO telefono_empleado(id_vivero,id_rol,idempleado,telefono_empleado) VALUES (17,1,51,'211-486-9847');
INSERT INTO telefono_empleado(id_vivero,id_rol,idempleado,telefono_empleado) VALUES (85,4,45,'299-118-5143');
INSERT INTO telefono_empleado(id_vivero,id_rol,idempleado,telefono_empleado) VALUES (54,1,5,'455-888-7748');
INSERT INTO telefono_empleado(id_vivero,id_rol,idempleado,telefono_empleado) VALUES (29,3,92,'396-161-8070');
INSERT INTO telefono_empleado(id_vivero,id_rol,idempleado,telefono_empleado) VALUES (29,4,32,'959-752-6248');
INSERT INTO telefono_empleado(id_vivero,id_rol,idempleado,telefono_empleado) VALUES (4,3,68,'681-103-2533');
INSERT INTO telefono_empleado(id_vivero,id_rol,idempleado,telefono_empleado) VALUES (50,1,30,'428-794-6004');
INSERT INTO telefono_empleado(id_vivero,id_rol,idempleado,telefono_empleado) VALUES (13,2,11,'587-555-8121');
INSERT INTO telefono_empleado(id_vivero,id_rol,idempleado,telefono_empleado) VALUES (49,4,56,'779-577-5080');
INSERT INTO telefono_empleado(id_vivero,id_rol,idempleado,telefono_empleado) VALUES (30,1,17,'172-339-7968');
INSERT INTO telefono_empleado(id_vivero,id_rol,idempleado,telefono_empleado) VALUES (68,3,54,'192-968-3325');
INSERT INTO telefono_empleado(id_vivero,id_rol,idempleado,telefono_empleado) VALUES (99,2,96,'440-529-7336');
INSERT INTO telefono_empleado(id_vivero,id_rol,idempleado,telefono_empleado) VALUES (61,3,61,'755-773-6220');
INSERT INTO telefono_empleado(id_vivero,id_rol,idempleado,telefono_empleado) VALUES (84,4,46,'125-462-9808');
INSERT INTO telefono_empleado(id_vivero,id_rol,idempleado,telefono_empleado) VALUES (36,3,81,'500-498-8203');
INSERT INTO telefono_empleado(id_vivero,id_rol,idempleado,telefono_empleado) VALUES (53,4,59,'915-432-3179');
INSERT INTO telefono_empleado(id_vivero,id_rol,idempleado,telefono_empleado) VALUES (4,3,94,'621-784-6452');
INSERT INTO telefono_empleado(id_vivero,id_rol,idempleado,telefono_empleado) VALUES (12,4,96,'899-112-6858');
INSERT INTO telefono_empleado(id_vivero,id_rol,idempleado,telefono_empleado) VALUES (48,1,33,'746-576-3491');
INSERT INTO telefono_empleado(id_vivero,id_rol,idempleado,telefono_empleado) VALUES (9,3,5,'324-245-9614');
INSERT INTO telefono_empleado(id_vivero,id_rol,idempleado,telefono_empleado) VALUES (5,1,60,'152-783-4127');
INSERT INTO telefono_empleado(id_vivero,id_rol,idempleado,telefono_empleado) VALUES (3,2,44,'992-331-5634');
INSERT INTO telefono_empleado(id_vivero,id_rol,idempleado,telefono_empleado) VALUES (3,1,23,'902-525-2948');
INSERT INTO telefono_empleado(id_vivero,id_rol,idempleado,telefono_empleado) VALUES (19,3,84,'127-913-3990');
INSERT INTO telefono_empleado(id_vivero,id_rol,idempleado,telefono_empleado) VALUES (97,1,34,'314-245-9212');
INSERT INTO telefono_empleado(id_vivero,id_rol,idempleado,telefono_empleado) VALUES (94,3,69,'109-642-4194');
INSERT INTO telefono_empleado(id_vivero,id_rol,idempleado,telefono_empleado) VALUES (37,2,74,'335-124-8106');
INSERT INTO telefono_empleado(id_vivero,id_rol,idempleado,telefono_empleado) VALUES (29,1,44,'632-438-6460');
INSERT INTO telefono_empleado(id_vivero,id_rol,idempleado,telefono_empleado) VALUES (36,4,66,'892-982-7107');
INSERT INTO telefono_empleado(id_vivero,id_rol,idempleado,telefono_empleado) VALUES (80,4,5,'900-995-1716');
INSERT INTO telefono_empleado(id_vivero,id_rol,idempleado,telefono_empleado) VALUES (97,2,45,'594-846-3733');
INSERT INTO telefono_empleado(id_vivero,id_rol,idempleado,telefono_empleado) VALUES (84,1,39,'631-358-9873');
INSERT INTO telefono_empleado(id_vivero,id_rol,idempleado,telefono_empleado) VALUES (28,1,81,'874-436-8786');
INSERT INTO telefono_empleado(id_vivero,id_rol,idempleado,telefono_empleado) VALUES (44,1,8,'114-811-8902');
INSERT INTO telefono_empleado(id_vivero,id_rol,idempleado,telefono_empleado) VALUES (3,4,59,'453-585-5756');
INSERT INTO telefono_empleado(id_vivero,id_rol,idempleado,telefono_empleado) VALUES (56,1,80,'888-390-5314');
INSERT INTO telefono_empleado(id_vivero,id_rol,idempleado,telefono_empleado) VALUES (79,2,13,'526-352-4228');
INSERT INTO telefono_empleado(id_vivero,id_rol,idempleado,telefono_empleado) VALUES (99,2,91,'542-313-7031');
INSERT INTO telefono_empleado(id_vivero,id_rol,idempleado,telefono_empleado) VALUES (36,3,65,'637-987-9516');
INSERT INTO telefono_empleado(id_vivero,id_rol,idempleado,telefono_empleado) VALUES (91,2,6,'316-269-1942');
INSERT INTO telefono_empleado(id_vivero,id_rol,idempleado,telefono_empleado) VALUES (72,4,49,'649-765-4035');
INSERT INTO telefono_empleado(id_vivero,id_rol,idempleado,telefono_empleado) VALUES (31,1,3,'666-986-9607');
INSERT INTO telefono_empleado(id_vivero,id_rol,idempleado,telefono_empleado) VALUES (58,4,41,'667-804-3076');
INSERT INTO telefono_empleado(id_vivero,id_rol,idempleado,telefono_empleado) VALUES (90,1,76,'469-123-0248');
INSERT INTO telefono_empleado(id_vivero,id_rol,idempleado,telefono_empleado) VALUES (53,1,79,'454-145-9647');
INSERT INTO telefono_empleado(id_vivero,id_rol,idempleado,telefono_empleado) VALUES (5,1,60,'476-538-5683');
INSERT INTO telefono_empleado(id_vivero,id_rol,idempleado,telefono_empleado) VALUES (67,3,82,'164-482-2951');
INSERT INTO telefono_empleado(id_vivero,id_rol,idempleado,telefono_empleado) VALUES (71,4,18,'165-622-9003');
INSERT INTO telefono_empleado(id_vivero,id_rol,idempleado,telefono_empleado) VALUES (20,3,71,'402-834-7258');
INSERT INTO telefono_empleado(id_vivero,id_rol,idempleado,telefono_empleado) VALUES (55,3,87,'708-915-6280');
INSERT INTO telefono_empleado(id_vivero,id_rol,idempleado,telefono_empleado) VALUES (17,4,97,'978-278-8812');
INSERT INTO telefono_empleado(id_vivero,id_rol,idempleado,telefono_empleado) VALUES (18,1,60,'111-349-8281');
INSERT INTO telefono_empleado(id_vivero,id_rol,idempleado,telefono_empleado) VALUES (30,3,19,'204-887-2434');
INSERT INTO telefono_empleado(id_vivero,id_rol,idempleado,telefono_empleado) VALUES (56,2,52,'438-528-8869');
INSERT INTO telefono_empleado(id_vivero,id_rol,idempleado,telefono_empleado) VALUES (23,2,75,'164-554-7002');
INSERT INTO telefono_empleado(id_vivero,id_rol,idempleado,telefono_empleado) VALUES (1,2,43,'977-237-2393');
INSERT INTO telefono_empleado(id_vivero,id_rol,idempleado,telefono_empleado) VALUES (5,3,49,'693-379-4317');
INSERT INTO telefono_empleado(id_vivero,id_rol,idempleado,telefono_empleado) VALUES (53,2,76,'430-528-0964');
INSERT INTO telefono_empleado(id_vivero,id_rol,idempleado,telefono_empleado) VALUES (94,1,43,'393-231-9043');
INSERT INTO telefono_empleado(id_vivero,id_rol,idempleado,telefono_empleado) VALUES (66,1,27,'235-402-9722');
INSERT INTO telefono_empleado(id_vivero,id_rol,idempleado,telefono_empleado) VALUES (66,1,53,'472-814-6731');
INSERT INTO telefono_empleado(id_vivero,id_rol,idempleado,telefono_empleado) VALUES (39,3,56,'414-313-2330');
INSERT INTO telefono_empleado(id_vivero,id_rol,idempleado,telefono_empleado) VALUES (39,4,74,'518-253-2362');
INSERT INTO telefono_empleado(id_vivero,id_rol,idempleado,telefono_empleado) VALUES (21,4,58,'412-294-3557');
INSERT INTO telefono_empleado(id_vivero,id_rol,idempleado,telefono_empleado) VALUES (14,3,76,'625-287-6950');
INSERT INTO telefono_empleado(id_vivero,id_rol,idempleado,telefono_empleado) VALUES (12,4,35,'248-726-5184');
INSERT INTO telefono_empleado(id_vivero,id_rol,idempleado,telefono_empleado) VALUES (76,1,78,'962-948-5501');
INSERT INTO telefono_empleado(id_vivero,id_rol,idempleado,telefono_empleado) VALUES (27,2,14,'513-440-2332');
INSERT INTO telefono_empleado(id_vivero,id_rol,idempleado,telefono_empleado) VALUES (80,2,2,'500-256-4878');
INSERT INTO telefono_empleado(id_vivero,id_rol,idempleado,telefono_empleado) VALUES (60,4,66,'854-233-9301');
INSERT INTO telefono_empleado(id_vivero,id_rol,idempleado,telefono_empleado) VALUES (47,1,28,'423-590-8501');
INSERT INTO telefono_empleado(id_vivero,id_rol,idempleado,telefono_empleado) VALUES (54,2,42,'461-274-2472');
INSERT INTO telefono_empleado(id_vivero,id_rol,idempleado,telefono_empleado) VALUES (74,1,61,'603-411-0025');
INSERT INTO telefono_empleado(id_vivero,id_rol,idempleado,telefono_empleado) VALUES (93,1,44,'923-934-3654');
INSERT INTO telefono_empleado(id_vivero,id_rol,idempleado,telefono_empleado) VALUES (43,1,73,'305-245-7396');
INSERT INTO telefono_empleado(id_vivero,id_rol,idempleado,telefono_empleado) VALUES (56,2,41,'899-584-2010');
INSERT INTO telefono_empleado(id_vivero,id_rol,idempleado,telefono_empleado) VALUES (59,1,66,'518-689-0977');
INSERT INTO telefono_empleado(id_vivero,id_rol,idempleado,telefono_empleado) VALUES (42,2,53,'971-147-6409');
INSERT INTO telefono_empleado(id_vivero,id_rol,idempleado,telefono_empleado) VALUES (33,3,4,'337-842-7628');
INSERT INTO telefono_empleado(id_vivero,id_rol,idempleado,telefono_empleado) VALUES (64,2,50,'408-610-5672');
INSERT INTO telefono_empleado(id_vivero,id_rol,idempleado,telefono_empleado) VALUES (93,3,7,'108-423-4060');
INSERT INTO telefono_empleado(id_vivero,id_rol,idempleado,telefono_empleado) VALUES (11,3,49,'628-676-2115');
INSERT INTO telefono_empleado(id_vivero,id_rol,idempleado,telefono_empleado) VALUES (88,4,28,'203-725-9633');
INSERT INTO telefono_empleado(id_vivero,id_rol,idempleado,telefono_empleado) VALUES (66,4,3,'207-263-1213');
INSERT INTO telefono_empleado(id_vivero,id_rol,idempleado,telefono_empleado) VALUES (93,4,29,'506-830-1782');
INSERT INTO telefono_empleado(id_vivero,id_rol,idempleado,telefono_empleado) VALUES (89,3,86,'505-452-9350');
INSERT INTO telefono_empleado(id_vivero,id_rol,idempleado,telefono_empleado) VALUES (89,2,68,'407-544-8003');
INSERT INTO telefono_empleado(id_vivero,id_rol,idempleado,telefono_empleado) VALUES (54,1,10,'373-707-9998');
INSERT INTO telefono_empleado(id_vivero,id_rol,idempleado,telefono_empleado) VALUES (41,2,28,'607-444-5709');
INSERT INTO telefono_empleado(id_vivero,id_rol,idempleado,telefono_empleado) VALUES (6,4,72,'974-276-2879');
INSERT INTO telefono_empleado(id_vivero,id_rol,idempleado,telefono_empleado) VALUES (40,4,33,'365-706-2360');
INSERT INTO telefono_empleado(id_vivero,id_rol,idempleado,telefono_empleado) VALUES (39,3,4,'157-611-7166');
INSERT INTO telefono_empleado(id_vivero,id_rol,idempleado,telefono_empleado) VALUES (20,2,85,'754-670-0968');
INSERT INTO telefono_empleado(id_vivero,id_rol,idempleado,telefono_empleado) VALUES (43,4,91,'390-549-0073');
INSERT INTO telefono_empleado(id_vivero,id_rol,idempleado,telefono_empleado) VALUES (53,4,2,'683-187-6308');
INSERT INTO telefono_empleado(id_vivero,id_rol,idempleado,telefono_empleado) VALUES (17,3,97,'541-553-4264');
INSERT INTO telefono_empleado(id_vivero,id_rol,idempleado,telefono_empleado) VALUES (24,4,71,'623-211-3802');
INSERT INTO telefono_empleado(id_vivero,id_rol,idempleado,telefono_empleado) VALUES (78,1,20,'369-405-4770');
INSERT INTO telefono_empleado(id_vivero,id_rol,idempleado,telefono_empleado) VALUES (36,4,11,'175-818-2715');
INSERT INTO telefono_empleado(id_vivero,id_rol,idempleado,telefono_empleado) VALUES (75,4,47,'447-539-3416');
INSERT INTO telefono_empleado(id_vivero,id_rol,idempleado,telefono_empleado) VALUES (21,3,31,'374-250-0382');
INSERT INTO telefono_empleado(id_vivero,id_rol,idempleado,telefono_empleado) VALUES (58,1,69,'825-884-4338');
INSERT INTO telefono_empleado(id_vivero,id_rol,idempleado,telefono_empleado) VALUES (10,4,40,'320-196-5621');
INSERT INTO telefono_empleado(id_vivero,id_rol,idempleado,telefono_empleado) VALUES (16,4,30,'663-377-5092');
INSERT INTO telefono_empleado(id_vivero,id_rol,idempleado,telefono_empleado) VALUES (69,4,30,'108-121-2780');
INSERT INTO telefono_empleado(id_vivero,id_rol,idempleado,telefono_empleado) VALUES (99,3,11,'625-670-0564');
INSERT INTO telefono_empleado(id_vivero,id_rol,idempleado,telefono_empleado) VALUES (22,2,11,'126-420-0675');
INSERT INTO telefono_empleado(id_vivero,id_rol,idempleado,telefono_empleado) VALUES (73,2,32,'142-282-7969');
INSERT INTO telefono_empleado(id_vivero,id_rol,idempleado,telefono_empleado) VALUES (12,4,35,'727-994-2042');
INSERT INTO telefono_empleado(id_vivero,id_rol,idempleado,telefono_empleado) VALUES (44,2,42,'214-810-2270');
INSERT INTO telefono_empleado(id_vivero,id_rol,idempleado,telefono_empleado) VALUES (52,2,20,'791-850-2856');
INSERT INTO telefono_empleado(id_vivero,id_rol,idempleado,telefono_empleado) VALUES (47,2,45,'434-934-7538');
INSERT INTO telefono_empleado(id_vivero,id_rol,idempleado,telefono_empleado) VALUES (72,3,73,'510-856-4215');
INSERT INTO telefono_empleado(id_vivero,id_rol,idempleado,telefono_empleado) VALUES (41,3,16,'587-151-3448');
INSERT INTO telefono_empleado(id_vivero,id_rol,idempleado,telefono_empleado) VALUES (28,4,88,'191-704-2616');
INSERT INTO telefono_empleado(id_vivero,id_rol,idempleado,telefono_empleado) VALUES (32,2,35,'560-534-6045');
INSERT INTO telefono_empleado(id_vivero,id_rol,idempleado,telefono_empleado) VALUES (80,1,81,'530-137-6426');
INSERT INTO telefono_empleado(id_vivero,id_rol,idempleado,telefono_empleado) VALUES (79,1,18,'812-123-0844');
INSERT INTO telefono_empleado(id_vivero,id_rol,idempleado,telefono_empleado) VALUES (37,1,53,'776-971-5840');
INSERT INTO telefono_empleado(id_vivero,id_rol,idempleado,telefono_empleado) VALUES (88,3,4,'481-432-4537');
INSERT INTO telefono_empleado(id_vivero,id_rol,idempleado,telefono_empleado) VALUES (60,2,35,'411-327-3146');
INSERT INTO telefono_empleado(id_vivero,id_rol,idempleado,telefono_empleado) VALUES (3,2,53,'925-672-2044');
INSERT INTO telefono_empleado(id_vivero,id_rol,idempleado,telefono_empleado) VALUES (76,1,96,'946-164-6669');
INSERT INTO telefono_empleado(id_vivero,id_rol,idempleado,telefono_empleado) VALUES (11,2,54,'651-815-1179');
INSERT INTO telefono_empleado(id_vivero,id_rol,idempleado,telefono_empleado) VALUES (31,1,18,'250-684-6203');
INSERT INTO telefono_empleado(id_vivero,id_rol,idempleado,telefono_empleado) VALUES (8,1,67,'223-177-2061');
INSERT INTO telefono_empleado(id_vivero,id_rol,idempleado,telefono_empleado) VALUES (9,1,84,'960-533-6877');
INSERT INTO telefono_empleado(id_vivero,id_rol,idempleado,telefono_empleado) VALUES (60,3,13,'526-937-4871');
INSERT INTO telefono_empleado(id_vivero,id_rol,idempleado,telefono_empleado) VALUES (37,3,93,'226-840-7459');
INSERT INTO telefono_empleado(id_vivero,id_rol,idempleado,telefono_empleado) VALUES (94,4,84,'549-985-5809');
INSERT INTO telefono_empleado(id_vivero,id_rol,idempleado,telefono_empleado) VALUES (67,2,96,'269-127-0096');
INSERT INTO telefono_empleado(id_vivero,id_rol,idempleado,telefono_empleado) VALUES (93,1,14,'206-489-2321');
INSERT INTO telefono_empleado(id_vivero,id_rol,idempleado,telefono_empleado) VALUES (61,3,8,'789-630-4686');
INSERT INTO telefono_empleado(id_vivero,id_rol,idempleado,telefono_empleado) VALUES (98,4,23,'488-745-1457');
INSERT INTO telefono_empleado(id_vivero,id_rol,idempleado,telefono_empleado) VALUES (78,3,9,'804-601-0285');
INSERT INTO telefono_empleado(id_vivero,id_rol,idempleado,telefono_empleado) VALUES (99,4,21,'920-929-8998');
INSERT INTO telefono_empleado(id_vivero,id_rol,idempleado,telefono_empleado) VALUES (14,3,75,'935-487-4772');
INSERT INTO telefono_empleado(id_vivero,id_rol,idempleado,telefono_empleado) VALUES (2,2,41,'301-287-6196');
INSERT INTO telefono_empleado(id_vivero,id_rol,idempleado,telefono_empleado) VALUES (62,3,57,'823-788-4061');
INSERT INTO telefono_empleado(id_vivero,id_rol,idempleado,telefono_empleado) VALUES (60,4,65,'139-721-4399');
INSERT INTO telefono_empleado(id_vivero,id_rol,idempleado,telefono_empleado) VALUES (52,4,92,'912-980-8502');
INSERT INTO telefono_empleado(id_vivero,id_rol,idempleado,telefono_empleado) VALUES (35,2,84,'912-150-5352');
INSERT INTO telefono_empleado(id_vivero,id_rol,idempleado,telefono_empleado) VALUES (28,4,94,'715-148-9233');
INSERT INTO telefono_empleado(id_vivero,id_rol,idempleado,telefono_empleado) VALUES (56,3,85,'376-775-7383');
INSERT INTO telefono_empleado(id_vivero,id_rol,idempleado,telefono_empleado) VALUES (58,4,48,'504-614-3449');
INSERT INTO telefono_empleado(id_vivero,id_rol,idempleado,telefono_empleado) VALUES (82,4,3,'197-620-3319');
INSERT INTO telefono_empleado(id_vivero,id_rol,idempleado,telefono_empleado) VALUES (15,2,72,'431-795-9879');
INSERT INTO telefono_empleado(id_vivero,id_rol,idempleado,telefono_empleado) VALUES (23,3,72,'809-312-4302');
INSERT INTO telefono_empleado(id_vivero,id_rol,idempleado,telefono_empleado) VALUES (59,2,41,'189-190-4416');
INSERT INTO telefono_empleado(id_vivero,id_rol,idempleado,telefono_empleado) VALUES (47,4,85,'161-478-7337');
INSERT INTO telefono_empleado(id_vivero,id_rol,idempleado,telefono_empleado) VALUES (16,2,8,'472-709-7834');
INSERT INTO telefono_empleado(id_vivero,id_rol,idempleado,telefono_empleado) VALUES (30,4,19,'101-990-4392');
INSERT INTO telefono_empleado(id_vivero,id_rol,idempleado,telefono_empleado) VALUES (63,4,2,'440-569-8686');
INSERT INTO telefono_empleado(id_vivero,id_rol,idempleado,telefono_empleado) VALUES (64,3,37,'626-161-3365');
INSERT INTO telefono_empleado(id_vivero,id_rol,idempleado,telefono_empleado) VALUES (99,1,1,'667-981-5815');
INSERT INTO telefono_empleado(id_vivero,id_rol,idempleado,telefono_empleado) VALUES (15,4,55,'412-737-6281');
INSERT INTO telefono_empleado(id_vivero,id_rol,idempleado,telefono_empleado) VALUES (6,3,57,'562-276-5174');
INSERT INTO telefono_empleado(id_vivero,id_rol,idempleado,telefono_empleado) VALUES (48,3,82,'556-723-1991');
INSERT INTO telefono_empleado(id_vivero,id_rol,idempleado,telefono_empleado) VALUES (73,3,77,'533-524-2641');
INSERT INTO telefono_empleado(id_vivero,id_rol,idempleado,telefono_empleado) VALUES (36,4,29,'977-317-1846');
INSERT INTO telefono_empleado(id_vivero,id_rol,idempleado,telefono_empleado) VALUES (13,3,96,'707-980-9473');
INSERT INTO telefono_empleado(id_vivero,id_rol,idempleado,telefono_empleado) VALUES (91,1,81,'423-491-0928');
INSERT INTO telefono_empleado(id_vivero,id_rol,idempleado,telefono_empleado) VALUES (5,2,81,'543-834-7649');
INSERT INTO telefono_empleado(id_vivero,id_rol,idempleado,telefono_empleado) VALUES (35,4,63,'915-504-7566');
INSERT INTO telefono_empleado(id_vivero,id_rol,idempleado,telefono_empleado) VALUES (79,3,68,'747-181-8544');
INSERT INTO telefono_empleado(id_vivero,id_rol,idempleado,telefono_empleado) VALUES (52,1,97,'994-358-4138');
INSERT INTO telefono_empleado(id_vivero,id_rol,idempleado,telefono_empleado) VALUES (16,1,89,'387-606-5992');
INSERT INTO telefono_empleado(id_vivero,id_rol,idempleado,telefono_empleado) VALUES (75,4,41,'610-782-7568');
INSERT INTO telefono_empleado(id_vivero,id_rol,idempleado,telefono_empleado) VALUES (8,4,67,'400-513-4339');
INSERT INTO telefono_empleado(id_vivero,id_rol,idempleado,telefono_empleado) VALUES (49,1,60,'694-933-4836');
INSERT INTO telefono_empleado(id_vivero,id_rol,idempleado,telefono_empleado) VALUES (48,2,66,'689-553-2275');
INSERT INTO telefono_empleado(id_vivero,id_rol,idempleado,telefono_empleado) VALUES (58,4,89,'107-790-5876');
INSERT INTO telefono_empleado(id_vivero,id_rol,idempleado,telefono_empleado) VALUES (57,1,3,'609-454-0764');
INSERT INTO telefono_empleado(id_vivero,id_rol,idempleado,telefono_empleado) VALUES (1,1,68,'262-999-4937');
INSERT INTO telefono_empleado(id_vivero,id_rol,idempleado,telefono_empleado) VALUES (9,4,73,'933-161-4250');
INSERT INTO telefono_empleado(id_vivero,id_rol,idempleado,telefono_empleado) VALUES (69,3,8,'881-111-0330');
INSERT INTO telefono_empleado(id_vivero,id_rol,idempleado,telefono_empleado) VALUES (5,4,50,'824-719-3943');
INSERT INTO telefono_empleado(id_vivero,id_rol,idempleado,telefono_empleado) VALUES (66,1,14,'586-491-4332');
INSERT INTO telefono_empleado(id_vivero,id_rol,idempleado,telefono_empleado) VALUES (80,2,82,'321-523-2007');
INSERT INTO telefono_empleado(id_vivero,id_rol,idempleado,telefono_empleado) VALUES (67,3,71,'325-920-0901');
INSERT INTO telefono_empleado(id_vivero,id_rol,idempleado,telefono_empleado) VALUES (36,1,59,'462-144-7184');
INSERT INTO telefono_empleado(id_vivero,id_rol,idempleado,telefono_empleado) VALUES (28,4,26,'961-465-6286');
INSERT INTO telefono_empleado(id_vivero,id_rol,idempleado,telefono_empleado) VALUES (80,3,30,'311-477-0450');
INSERT INTO telefono_empleado(id_vivero,id_rol,idempleado,telefono_empleado) VALUES (17,2,30,'261-428-0365');
INSERT INTO telefono_empleado(id_vivero,id_rol,idempleado,telefono_empleado) VALUES (32,2,94,'546-995-9623');
INSERT INTO telefono_empleado(id_vivero,id_rol,idempleado,telefono_empleado) VALUES (67,3,19,'268-972-1501');
INSERT INTO telefono_empleado(id_vivero,id_rol,idempleado,telefono_empleado) VALUES (87,1,75,'467-651-6033');
INSERT INTO telefono_empleado(id_vivero,id_rol,idempleado,telefono_empleado) VALUES (32,4,36,'415-540-6526');
INSERT INTO telefono_empleado(id_vivero,id_rol,idempleado,telefono_empleado) VALUES (66,1,3,'567-218-5018');
INSERT INTO telefono_empleado(id_vivero,id_rol,idempleado,telefono_empleado) VALUES (92,4,71,'236-397-9232');
INSERT INTO telefono_empleado(id_vivero,id_rol,idempleado,telefono_empleado) VALUES (48,4,53,'720-141-6688');
INSERT INTO telefono_empleado(id_vivero,id_rol,idempleado,telefono_empleado) VALUES (18,2,92,'859-435-3218');
INSERT INTO telefono_empleado(id_vivero,id_rol,idempleado,telefono_empleado) VALUES (95,3,2,'119-923-8659');
INSERT INTO telefono_empleado(id_vivero,id_rol,idempleado,telefono_empleado) VALUES (67,2,7,'409-154-4840');
INSERT INTO telefono_empleado(id_vivero,id_rol,idempleado,telefono_empleado) VALUES (33,2,25,'139-251-1487');
INSERT INTO telefono_empleado(id_vivero,id_rol,idempleado,telefono_empleado) VALUES (37,4,16,'525-878-2203');
INSERT INTO telefono_empleado(id_vivero,id_rol,idempleado,telefono_empleado) VALUES (31,4,15,'123-953-4099');
INSERT INTO telefono_empleado(id_vivero,id_rol,idempleado,telefono_empleado) VALUES (62,3,63,'700-889-9883');
INSERT INTO telefono_empleado(id_vivero,id_rol,idempleado,telefono_empleado) VALUES (12,3,43,'161-643-4052');
INSERT INTO telefono_empleado(id_vivero,id_rol,idempleado,telefono_empleado) VALUES (56,4,14,'629-594-9136');
INSERT INTO telefono_empleado(id_vivero,id_rol,idempleado,telefono_empleado) VALUES (85,2,14,'505-506-7145');
INSERT INTO telefono_empleado(id_vivero,id_rol,idempleado,telefono_empleado) VALUES (73,4,76,'623-577-7991');
INSERT INTO telefono_empleado(id_vivero,id_rol,idempleado,telefono_empleado) VALUES (77,4,7,'176-904-8503');
INSERT INTO telefono_empleado(id_vivero,id_rol,idempleado,telefono_empleado) VALUES (65,3,93,'241-155-5683');
INSERT INTO telefono_empleado(id_vivero,id_rol,idempleado,telefono_empleado) VALUES (40,4,62,'436-680-5491');
INSERT INTO telefono_empleado(id_vivero,id_rol,idempleado,telefono_empleado) VALUES (63,2,92,'442-665-2780');
INSERT INTO telefono_empleado(id_vivero,id_rol,idempleado,telefono_empleado) VALUES (23,4,98,'443-642-5142');
INSERT INTO telefono_empleado(id_vivero,id_rol,idempleado,telefono_empleado) VALUES (6,3,21,'242-883-1942');
INSERT INTO telefono_empleado(id_vivero,id_rol,idempleado,telefono_empleado) VALUES (56,1,42,'584-181-8818');
INSERT INTO telefono_empleado(id_vivero,id_rol,idempleado,telefono_empleado) VALUES (99,4,30,'464-596-4216');
INSERT INTO telefono_empleado(id_vivero,id_rol,idempleado,telefono_empleado) VALUES (78,1,84,'479-896-8625');
INSERT INTO telefono_empleado(id_vivero,id_rol,idempleado,telefono_empleado) VALUES (23,3,31,'401-764-6901');
INSERT INTO telefono_empleado(id_vivero,id_rol,idempleado,telefono_empleado) VALUES (98,1,17,'580-857-4402');
INSERT INTO telefono_empleado(id_vivero,id_rol,idempleado,telefono_empleado) VALUES (80,1,66,'298-606-9792');
INSERT INTO telefono_empleado(id_vivero,id_rol,idempleado,telefono_empleado) VALUES (5,1,28,'677-432-9107');
INSERT INTO telefono_empleado(id_vivero,id_rol,idempleado,telefono_empleado) VALUES (6,4,39,'242-797-8652');
INSERT INTO telefono_empleado(id_vivero,id_rol,idempleado,telefono_empleado) VALUES (56,2,55,'341-557-0768');
INSERT INTO telefono_empleado(id_vivero,id_rol,idempleado,telefono_empleado) VALUES (39,3,31,'196-640-6516');
INSERT INTO telefono_empleado(id_vivero,id_rol,idempleado,telefono_empleado) VALUES (20,4,30,'832-126-2699');
INSERT INTO telefono_empleado(id_vivero,id_rol,idempleado,telefono_empleado) VALUES (27,1,89,'429-585-6476');
INSERT INTO telefono_empleado(id_vivero,id_rol,idempleado,telefono_empleado) VALUES (10,3,52,'619-482-1529');
INSERT INTO telefono_empleado(id_vivero,id_rol,idempleado,telefono_empleado) VALUES (3,4,23,'914-948-1453');
INSERT INTO telefono_empleado(id_vivero,id_rol,idempleado,telefono_empleado) VALUES (80,2,56,'791-927-9946');
INSERT INTO telefono_empleado(id_vivero,id_rol,idempleado,telefono_empleado) VALUES (3,2,58,'776-976-3955');
INSERT INTO telefono_empleado(id_vivero,id_rol,idempleado,telefono_empleado) VALUES (45,1,32,'339-588-8471');
INSERT INTO telefono_empleado(id_vivero,id_rol,idempleado,telefono_empleado) VALUES (92,3,16,'214-545-6716');
INSERT INTO telefono_empleado(id_vivero,id_rol,idempleado,telefono_empleado) VALUES (33,3,81,'924-552-9984');
INSERT INTO telefono_empleado(id_vivero,id_rol,idempleado,telefono_empleado) VALUES (33,1,12,'569-832-3101');
INSERT INTO telefono_empleado(id_vivero,id_rol,idempleado,telefono_empleado) VALUES (8,4,25,'757-677-3761');
INSERT INTO telefono_empleado(id_vivero,id_rol,idempleado,telefono_empleado) VALUES (86,1,44,'791-641-5938');
INSERT INTO telefono_empleado(id_vivero,id_rol,idempleado,telefono_empleado) VALUES (47,3,68,'406-333-4713');
INSERT INTO telefono_empleado(id_vivero,id_rol,idempleado,telefono_empleado) VALUES (34,1,96,'274-481-6887');
INSERT INTO telefono_empleado(id_vivero,id_rol,idempleado,telefono_empleado) VALUES (64,2,53,'190-159-5900');
INSERT INTO telefono_empleado(id_vivero,id_rol,idempleado,telefono_empleado) VALUES (92,4,15,'655-629-6787');
INSERT INTO telefono_empleado(id_vivero,id_rol,idempleado,telefono_empleado) VALUES (52,1,50,'316-629-8865');
INSERT INTO telefono_empleado(id_vivero,id_rol,idempleado,telefono_empleado) VALUES (4,3,58,'657-693-6959');
INSERT INTO telefono_empleado(id_vivero,id_rol,idempleado,telefono_empleado) VALUES (76,1,71,'458-389-2654');
INSERT INTO telefono_empleado(id_vivero,id_rol,idempleado,telefono_empleado) VALUES (13,1,96,'821-558-3485');
INSERT INTO telefono_empleado(id_vivero,id_rol,idempleado,telefono_empleado) VALUES (75,4,73,'456-119-7076');
INSERT INTO telefono_empleado(id_vivero,id_rol,idempleado,telefono_empleado) VALUES (97,3,14,'528-669-0461');
INSERT INTO telefono_empleado(id_vivero,id_rol,idempleado,telefono_empleado) VALUES (30,2,71,'281-187-7312');
INSERT INTO telefono_empleado(id_vivero,id_rol,idempleado,telefono_empleado) VALUES (99,1,13,'610-494-3224');
INSERT INTO telefono_empleado(id_vivero,id_rol,idempleado,telefono_empleado) VALUES (14,1,93,'237-795-7029');
INSERT INTO telefono_empleado(id_vivero,id_rol,idempleado,telefono_empleado) VALUES (21,1,24,'158-863-1812');
INSERT INTO telefono_empleado(id_vivero,id_rol,idempleado,telefono_empleado) VALUES (32,2,56,'681-228-8653');
INSERT INTO telefono_empleado(id_vivero,id_rol,idempleado,telefono_empleado) VALUES (91,1,95,'635-148-1803');
INSERT INTO telefono_empleado(id_vivero,id_rol,idempleado,telefono_empleado) VALUES (100,3,56,'297-169-5964');
INSERT INTO telefono_empleado(id_vivero,id_rol,idempleado,telefono_empleado) VALUES (69,3,96,'623-725-5592');
INSERT INTO telefono_empleado(id_vivero,id_rol,idempleado,telefono_empleado) VALUES (23,2,81,'598-727-3876');
INSERT INTO telefono_empleado(id_vivero,id_rol,idempleado,telefono_empleado) VALUES (1,3,23,'762-855-6288');
INSERT INTO telefono_empleado(id_vivero,id_rol,idempleado,telefono_empleado) VALUES (91,3,64,'479-775-8148');
INSERT INTO telefono_empleado(id_vivero,id_rol,idempleado,telefono_empleado) VALUES (81,1,41,'783-705-3389');
INSERT INTO telefono_empleado(id_vivero,id_rol,idempleado,telefono_empleado) VALUES (73,3,17,'213-420-4354');
INSERT INTO telefono_empleado(id_vivero,id_rol,idempleado,telefono_empleado) VALUES (76,3,93,'205-534-9902');
INSERT INTO telefono_empleado(id_vivero,id_rol,idempleado,telefono_empleado) VALUES (79,3,73,'450-159-4961');
INSERT INTO telefono_empleado(id_vivero,id_rol,idempleado,telefono_empleado) VALUES (41,2,42,'206-932-4929');
INSERT INTO telefono_empleado(id_vivero,id_rol,idempleado,telefono_empleado) VALUES (24,3,96,'935-839-7196');
INSERT INTO telefono_empleado(id_vivero,id_rol,idempleado,telefono_empleado) VALUES (48,3,14,'624-263-8888');
INSERT INTO telefono_empleado(id_vivero,id_rol,idempleado,telefono_empleado) VALUES (50,4,41,'848-233-4781');
INSERT INTO telefono_empleado(id_vivero,id_rol,idempleado,telefono_empleado) VALUES (98,2,4,'708-884-9846');
INSERT INTO telefono_empleado(id_vivero,id_rol,idempleado,telefono_empleado) VALUES (9,2,53,'978-833-5497');
INSERT INTO telefono_empleado(id_vivero,id_rol,idempleado,telefono_empleado) VALUES (38,2,42,'330-380-0024');
INSERT INTO telefono_empleado(id_vivero,id_rol,idempleado,telefono_empleado) VALUES (15,3,16,'603-710-5115');
INSERT INTO telefono_empleado(id_vivero,id_rol,idempleado,telefono_empleado) VALUES (23,3,91,'432-935-9670');
INSERT INTO telefono_empleado(id_vivero,id_rol,idempleado,telefono_empleado) VALUES (7,4,97,'212-922-5809');
INSERT INTO telefono_empleado(id_vivero,id_rol,idempleado,telefono_empleado) VALUES (54,2,35,'867-400-5430');
INSERT INTO telefono_empleado(id_vivero,id_rol,idempleado,telefono_empleado) VALUES (61,1,39,'118-851-6233');
INSERT INTO telefono_empleado(id_vivero,id_rol,idempleado,telefono_empleado) VALUES (76,1,69,'318-993-8486');
INSERT INTO telefono_empleado(id_vivero,id_rol,idempleado,telefono_empleado) VALUES (40,4,43,'769-268-3877');
INSERT INTO telefono_empleado(id_vivero,id_rol,idempleado,telefono_empleado) VALUES (98,4,40,'291-727-9692');
INSERT INTO telefono_empleado(id_vivero,id_rol,idempleado,telefono_empleado) VALUES (62,1,42,'417-879-8149');
INSERT INTO telefono_empleado(id_vivero,id_rol,idempleado,telefono_empleado) VALUES (49,2,78,'143-302-3443');
INSERT INTO telefono_empleado(id_vivero,id_rol,idempleado,telefono_empleado) VALUES (90,1,85,'324-318-1478');
INSERT INTO telefono_empleado(id_vivero,id_rol,idempleado,telefono_empleado) VALUES (40,2,17,'159-441-0924');
INSERT INTO telefono_empleado(id_vivero,id_rol,idempleado,telefono_empleado) VALUES (43,3,39,'352-369-4667');
INSERT INTO telefono_empleado(id_vivero,id_rol,idempleado,telefono_empleado) VALUES (14,2,96,'780-274-7262');
INSERT INTO telefono_empleado(id_vivero,id_rol,idempleado,telefono_empleado) VALUES (16,4,50,'410-841-0281');
INSERT INTO telefono_empleado(id_vivero,id_rol,idempleado,telefono_empleado) VALUES (70,4,28,'570-872-0707');
INSERT INTO telefono_empleado(id_vivero,id_rol,idempleado,telefono_empleado) VALUES (15,4,84,'621-530-8658');
INSERT INTO telefono_empleado(id_vivero,id_rol,idempleado,telefono_empleado) VALUES (25,3,31,'164-254-7675');
INSERT INTO telefono_empleado(id_vivero,id_rol,idempleado,telefono_empleado) VALUES (71,2,78,'264-358-0106');
INSERT INTO telefono_empleado(id_vivero,id_rol,idempleado,telefono_empleado) VALUES (67,4,99,'897-317-6700');
INSERT INTO telefono_empleado(id_vivero,id_rol,idempleado,telefono_empleado) VALUES (86,4,90,'819-851-3870');
INSERT INTO telefono_empleado(id_vivero,id_rol,idempleado,telefono_empleado) VALUES (57,3,93,'958-534-6628');
INSERT INTO telefono_empleado(id_vivero,id_rol,idempleado,telefono_empleado) VALUES (50,4,34,'151-751-7414');
INSERT INTO telefono_empleado(id_vivero,id_rol,idempleado,telefono_empleado) VALUES (54,2,21,'451-282-1602');
INSERT INTO telefono_empleado(id_vivero,id_rol,idempleado,telefono_empleado) VALUES (94,4,96,'697-902-4001');
INSERT INTO telefono_empleado(id_vivero,id_rol,idempleado,telefono_empleado) VALUES (71,1,51,'933-575-9811');
INSERT INTO telefono_empleado(id_vivero,id_rol,idempleado,telefono_empleado) VALUES (85,4,40,'845-284-9630');
INSERT INTO telefono_empleado(id_vivero,id_rol,idempleado,telefono_empleado) VALUES (53,2,73,'751-936-5385');
INSERT INTO telefono_empleado(id_vivero,id_rol,idempleado,telefono_empleado) VALUES (90,2,82,'303-150-6960');
INSERT INTO telefono_empleado(id_vivero,id_rol,idempleado,telefono_empleado) VALUES (80,2,22,'762-532-8814');
INSERT INTO telefono_empleado(id_vivero,id_rol,idempleado,telefono_empleado) VALUES (78,2,65,'527-273-0714');
INSERT INTO telefono_empleado(id_vivero,id_rol,idempleado,telefono_empleado) VALUES (60,4,96,'873-339-4344');
INSERT INTO telefono_empleado(id_vivero,id_rol,idempleado,telefono_empleado) VALUES (72,1,35,'568-306-7721');
INSERT INTO telefono_empleado(id_vivero,id_rol,idempleado,telefono_empleado) VALUES (21,2,89,'501-278-2375');
INSERT INTO telefono_empleado(id_vivero,id_rol,idempleado,telefono_empleado) VALUES (53,3,94,'355-265-2568');
INSERT INTO telefono_empleado(id_vivero,id_rol,idempleado,telefono_empleado) VALUES (57,3,8,'877-726-7537');
INSERT INTO telefono_empleado(id_vivero,id_rol,idempleado,telefono_empleado) VALUES (53,3,86,'474-516-2343');
INSERT INTO telefono_empleado(id_vivero,id_rol,idempleado,telefono_empleado) VALUES (45,2,31,'568-307-5929');
INSERT INTO telefono_empleado(id_vivero,id_rol,idempleado,telefono_empleado) VALUES (37,2,38,'266-148-5530');
INSERT INTO telefono_empleado(id_vivero,id_rol,idempleado,telefono_empleado) VALUES (17,1,24,'641-636-9725');
INSERT INTO telefono_empleado(id_vivero,id_rol,idempleado,telefono_empleado) VALUES (31,1,59,'807-447-2717');
INSERT INTO telefono_empleado(id_vivero,id_rol,idempleado,telefono_empleado) VALUES (43,1,69,'915-757-7888');
INSERT INTO telefono_empleado(id_vivero,id_rol,idempleado,telefono_empleado) VALUES (16,2,29,'746-586-6851');
INSERT INTO telefono_empleado(id_vivero,id_rol,idempleado,telefono_empleado) VALUES (13,3,20,'392-839-4808');
INSERT INTO telefono_empleado(id_vivero,id_rol,idempleado,telefono_empleado) VALUES (71,2,85,'303-185-4507');
INSERT INTO telefono_empleado(id_vivero,id_rol,idempleado,telefono_empleado) VALUES (19,2,53,'502-351-8464');
INSERT INTO telefono_empleado(id_vivero,id_rol,idempleado,telefono_empleado) VALUES (96,4,7,'116-389-2152');
INSERT INTO telefono_empleado(id_vivero,id_rol,idempleado,telefono_empleado) VALUES (73,1,88,'871-200-6852');
INSERT INTO telefono_empleado(id_vivero,id_rol,idempleado,telefono_empleado) VALUES (55,2,97,'534-118-5528');
INSERT INTO telefono_empleado(id_vivero,id_rol,idempleado,telefono_empleado) VALUES (76,4,80,'868-236-9743');
INSERT INTO telefono_empleado(id_vivero,id_rol,idempleado,telefono_empleado) VALUES (11,2,98,'463-320-6055');
INSERT INTO telefono_empleado(id_vivero,id_rol,idempleado,telefono_empleado) VALUES (79,2,2,'257-461-7263');
INSERT INTO telefono_empleado(id_vivero,id_rol,idempleado,telefono_empleado) VALUES (94,4,30,'851-843-5521');
INSERT INTO telefono_empleado(id_vivero,id_rol,idempleado,telefono_empleado) VALUES (49,3,90,'164-617-3656');
INSERT INTO telefono_empleado(id_vivero,id_rol,idempleado,telefono_empleado) VALUES (35,3,26,'360-514-6621');
INSERT INTO telefono_empleado(id_vivero,id_rol,idempleado,telefono_empleado) VALUES (65,3,9,'667-493-5798');
INSERT INTO telefono_empleado(id_vivero,id_rol,idempleado,telefono_empleado) VALUES (92,4,3,'514-872-3383');
INSERT INTO telefono_empleado(id_vivero,id_rol,idempleado,telefono_empleado) VALUES (87,1,26,'812-255-5450');
INSERT INTO telefono_empleado(id_vivero,id_rol,idempleado,telefono_empleado) VALUES (83,1,6,'629-667-7813');
INSERT INTO telefono_empleado(id_vivero,id_rol,idempleado,telefono_empleado) VALUES (52,3,11,'315-291-4457');
INSERT INTO telefono_empleado(id_vivero,id_rol,idempleado,telefono_empleado) VALUES (49,2,23,'895-402-6395');
INSERT INTO telefono_empleado(id_vivero,id_rol,idempleado,telefono_empleado) VALUES (60,1,19,'768-453-6984');
INSERT INTO telefono_empleado(id_vivero,id_rol,idempleado,telefono_empleado) VALUES (31,4,3,'216-564-0036');
INSERT INTO telefono_empleado(id_vivero,id_rol,idempleado,telefono_empleado) VALUES (33,3,64,'846-911-2740');
INSERT INTO telefono_empleado(id_vivero,id_rol,idempleado,telefono_empleado) VALUES (21,3,84,'409-985-5998');
INSERT INTO telefono_empleado(id_vivero,id_rol,idempleado,telefono_empleado) VALUES (73,4,22,'945-957-0876');
INSERT INTO telefono_empleado(id_vivero,id_rol,idempleado,telefono_empleado) VALUES (27,2,29,'818-397-4629');
INSERT INTO telefono_empleado(id_vivero,id_rol,idempleado,telefono_empleado) VALUES (23,3,100,'518-960-5260');
INSERT INTO telefono_empleado(id_vivero,id_rol,idempleado,telefono_empleado) VALUES (20,4,7,'387-776-5131');
INSERT INTO telefono_empleado(id_vivero,id_rol,idempleado,telefono_empleado) VALUES (81,2,47,'456-931-2629');
INSERT INTO telefono_empleado(id_vivero,id_rol,idempleado,telefono_empleado) VALUES (68,3,79,'491-866-3489');
INSERT INTO telefono_empleado(id_vivero,id_rol,idempleado,telefono_empleado) VALUES (71,4,69,'418-696-0285');
INSERT INTO telefono_empleado(id_vivero,id_rol,idempleado,telefono_empleado) VALUES (25,2,40,'873-885-8068');
INSERT INTO telefono_empleado(id_vivero,id_rol,idempleado,telefono_empleado) VALUES (31,1,72,'208-265-5853');
INSERT INTO telefono_empleado(id_vivero,id_rol,idempleado,telefono_empleado) VALUES (29,2,25,'459-581-4689');
INSERT INTO telefono_empleado(id_vivero,id_rol,idempleado,telefono_empleado) VALUES (86,1,20,'413-597-9558');
INSERT INTO telefono_empleado(id_vivero,id_rol,idempleado,telefono_empleado) VALUES (48,2,60,'818-474-8020');
INSERT INTO telefono_empleado(id_vivero,id_rol,idempleado,telefono_empleado) VALUES (56,2,6,'216-524-5189');
INSERT INTO telefono_empleado(id_vivero,id_rol,idempleado,telefono_empleado) VALUES (52,4,10,'751-182-7651');
INSERT INTO telefono_empleado(id_vivero,id_rol,idempleado,telefono_empleado) VALUES (51,3,11,'906-347-1006');
INSERT INTO telefono_empleado(id_vivero,id_rol,idempleado,telefono_empleado) VALUES (51,1,98,'165-543-6814');
INSERT INTO telefono_empleado(id_vivero,id_rol,idempleado,telefono_empleado) VALUES (57,4,59,'671-975-3343');
INSERT INTO telefono_empleado(id_vivero,id_rol,idempleado,telefono_empleado) VALUES (50,3,15,'622-341-4629');
INSERT INTO telefono_empleado(id_vivero,id_rol,idempleado,telefono_empleado) VALUES (79,4,43,'473-781-7231');
INSERT INTO telefono_empleado(id_vivero,id_rol,idempleado,telefono_empleado) VALUES (46,3,100,'450-303-6584');
INSERT INTO telefono_empleado(id_vivero,id_rol,idempleado,telefono_empleado) VALUES (9,1,38,'492-674-6938');
INSERT INTO telefono_empleado(id_vivero,id_rol,idempleado,telefono_empleado) VALUES (80,4,17,'365-173-1367');
INSERT INTO telefono_empleado(id_vivero,id_rol,idempleado,telefono_empleado) VALUES (15,1,81,'249-994-8639');
INSERT INTO telefono_empleado(id_vivero,id_rol,idempleado,telefono_empleado) VALUES (90,4,77,'642-310-3312');
INSERT INTO telefono_empleado(id_vivero,id_rol,idempleado,telefono_empleado) VALUES (31,4,72,'125-228-3976');
INSERT INTO telefono_empleado(id_vivero,id_rol,idempleado,telefono_empleado) VALUES (48,4,77,'478-942-9995');
INSERT INTO telefono_empleado(id_vivero,id_rol,idempleado,telefono_empleado) VALUES (77,4,70,'748-491-3873');
INSERT INTO telefono_empleado(id_vivero,id_rol,idempleado,telefono_empleado) VALUES (67,4,54,'749-271-1541');
INSERT INTO telefono_empleado(id_vivero,id_rol,idempleado,telefono_empleado) VALUES (14,1,32,'929-614-3747');
INSERT INTO telefono_empleado(id_vivero,id_rol,idempleado,telefono_empleado) VALUES (19,1,13,'414-828-4895');
INSERT INTO telefono_empleado(id_vivero,id_rol,idempleado,telefono_empleado) VALUES (99,1,9,'632-753-7824');
INSERT INTO telefono_empleado(id_vivero,id_rol,idempleado,telefono_empleado) VALUES (98,1,20,'374-562-2072');
INSERT INTO telefono_empleado(id_vivero,id_rol,idempleado,telefono_empleado) VALUES (39,1,91,'264-367-2700');
INSERT INTO telefono_empleado(id_vivero,id_rol,idempleado,telefono_empleado) VALUES (73,1,64,'659-740-9203');
INSERT INTO telefono_empleado(id_vivero,id_rol,idempleado,telefono_empleado) VALUES (64,3,60,'452-289-2383');
INSERT INTO telefono_empleado(id_vivero,id_rol,idempleado,telefono_empleado) VALUES (50,3,89,'152-293-8221');
INSERT INTO telefono_empleado(id_vivero,id_rol,idempleado,telefono_empleado) VALUES (5,1,13,'821-834-4380');
INSERT INTO telefono_empleado(id_vivero,id_rol,idempleado,telefono_empleado) VALUES (7,4,36,'354-412-8849');
INSERT INTO telefono_empleado(id_vivero,id_rol,idempleado,telefono_empleado) VALUES (43,4,18,'420-271-1749');
INSERT INTO telefono_empleado(id_vivero,id_rol,idempleado,telefono_empleado) VALUES (73,4,37,'214-982-5511');
INSERT INTO telefono_empleado(id_vivero,id_rol,idempleado,telefono_empleado) VALUES (34,1,73,'834-564-4423');
INSERT INTO telefono_empleado(id_vivero,id_rol,idempleado,telefono_empleado) VALUES (20,1,87,'371-446-6322');
INSERT INTO telefono_empleado(id_vivero,id_rol,idempleado,telefono_empleado) VALUES (6,3,73,'455-908-9832');
INSERT INTO telefono_empleado(id_vivero,id_rol,idempleado,telefono_empleado) VALUES (36,2,58,'552-346-1624');
INSERT INTO telefono_empleado(id_vivero,id_rol,idempleado,telefono_empleado) VALUES (68,4,16,'958-284-7951');
INSERT INTO telefono_empleado(id_vivero,id_rol,idempleado,telefono_empleado) VALUES (84,2,68,'706-405-7948');
INSERT INTO telefono_empleado(id_vivero,id_rol,idempleado,telefono_empleado) VALUES (37,1,24,'505-166-0463');
INSERT INTO telefono_empleado(id_vivero,id_rol,idempleado,telefono_empleado) VALUES (48,4,43,'564-155-2975');
INSERT INTO telefono_empleado(id_vivero,id_rol,idempleado,telefono_empleado) VALUES (1,3,18,'235-266-0393');
INSERT INTO telefono_empleado(id_vivero,id_rol,idempleado,telefono_empleado) VALUES (87,4,67,'626-276-7995');
INSERT INTO telefono_empleado(id_vivero,id_rol,idempleado,telefono_empleado) VALUES (66,3,32,'445-217-5283');
INSERT INTO telefono_empleado(id_vivero,id_rol,idempleado,telefono_empleado) VALUES (58,2,64,'810-321-5565');
INSERT INTO telefono_empleado(id_vivero,id_rol,idempleado,telefono_empleado) VALUES (17,3,7,'512-934-2246');
INSERT INTO telefono_empleado(id_vivero,id_rol,idempleado,telefono_empleado) VALUES (6,4,100,'463-766-1369');
INSERT INTO telefono_empleado(id_vivero,id_rol,idempleado,telefono_empleado) VALUES (98,3,98,'969-965-1902');
INSERT INTO telefono_empleado(id_vivero,id_rol,idempleado,telefono_empleado) VALUES (92,3,29,'985-501-8591');
INSERT INTO telefono_empleado(id_vivero,id_rol,idempleado,telefono_empleado) VALUES (36,2,100,'635-282-7456');
INSERT INTO telefono_empleado(id_vivero,id_rol,idempleado,telefono_empleado) VALUES (17,3,85,'897-189-8621');
INSERT INTO telefono_empleado(id_vivero,id_rol,idempleado,telefono_empleado) VALUES (84,2,12,'704-586-0188');
INSERT INTO telefono_empleado(id_vivero,id_rol,idempleado,telefono_empleado) VALUES (62,3,26,'287-820-0004');
INSERT INTO telefono_empleado(id_vivero,id_rol,idempleado,telefono_empleado) VALUES (50,1,32,'880-458-7033');
INSERT INTO telefono_empleado(id_vivero,id_rol,idempleado,telefono_empleado) VALUES (89,4,20,'337-794-2318');
INSERT INTO telefono_empleado(id_vivero,id_rol,idempleado,telefono_empleado) VALUES (96,1,44,'128-610-0663');
INSERT INTO telefono_empleado(id_vivero,id_rol,idempleado,telefono_empleado) VALUES (32,3,56,'402-568-7786');
INSERT INTO telefono_empleado(id_vivero,id_rol,idempleado,telefono_empleado) VALUES (100,2,55,'801-765-1486');
INSERT INTO telefono_empleado(id_vivero,id_rol,idempleado,telefono_empleado) VALUES (32,3,56,'524-513-9862');
INSERT INTO telefono_empleado(id_vivero,id_rol,idempleado,telefono_empleado) VALUES (38,1,53,'874-414-1747');
INSERT INTO telefono_empleado(id_vivero,id_rol,idempleado,telefono_empleado) VALUES (73,2,21,'849-882-8556');
INSERT INTO telefono_empleado(id_vivero,id_rol,idempleado,telefono_empleado) VALUES (77,4,61,'402-312-6420');
INSERT INTO telefono_empleado(id_vivero,id_rol,idempleado,telefono_empleado) VALUES (53,3,40,'187-652-6379');
INSERT INTO telefono_empleado(id_vivero,id_rol,idempleado,telefono_empleado) VALUES (85,3,47,'993-437-7216');
INSERT INTO telefono_empleado(id_vivero,id_rol,idempleado,telefono_empleado) VALUES (43,2,54,'234-973-6196');
INSERT INTO telefono_empleado(id_vivero,id_rol,idempleado,telefono_empleado) VALUES (60,2,22,'301-703-1421');
INSERT INTO telefono_empleado(id_vivero,id_rol,idempleado,telefono_empleado) VALUES (18,1,2,'569-551-8671');
INSERT INTO telefono_empleado(id_vivero,id_rol,idempleado,telefono_empleado) VALUES (14,1,17,'120-465-3911');
INSERT INTO telefono_empleado(id_vivero,id_rol,idempleado,telefono_empleado) VALUES (97,1,4,'513-436-3415');
INSERT INTO telefono_empleado(id_vivero,id_rol,idempleado,telefono_empleado) VALUES (84,2,51,'822-133-9958');
INSERT INTO telefono_empleado(id_vivero,id_rol,idempleado,telefono_empleado) VALUES (69,1,52,'560-650-7498');
INSERT INTO telefono_empleado(id_vivero,id_rol,idempleado,telefono_empleado) VALUES (85,2,21,'656-414-4457');
INSERT INTO telefono_empleado(id_vivero,id_rol,idempleado,telefono_empleado) VALUES (24,4,97,'927-732-0377');
INSERT INTO telefono_empleado(id_vivero,id_rol,idempleado,telefono_empleado) VALUES (89,1,26,'239-252-0082');
INSERT INTO telefono_empleado(id_vivero,id_rol,idempleado,telefono_empleado) VALUES (10,3,36,'373-265-8799');
INSERT INTO telefono_empleado(id_vivero,id_rol,idempleado,telefono_empleado) VALUES (80,1,57,'981-906-5175');
INSERT INTO telefono_empleado(id_vivero,id_rol,idempleado,telefono_empleado) VALUES (17,1,8,'527-551-3895');
INSERT INTO telefono_empleado(id_vivero,id_rol,idempleado,telefono_empleado) VALUES (62,3,75,'644-902-8379');
INSERT INTO telefono_empleado(id_vivero,id_rol,idempleado,telefono_empleado) VALUES (24,1,21,'870-262-2718');
INSERT INTO telefono_empleado(id_vivero,id_rol,idempleado,telefono_empleado) VALUES (100,3,79,'528-928-6253');
INSERT INTO telefono_empleado(id_vivero,id_rol,idempleado,telefono_empleado) VALUES (40,2,39,'631-294-1715');
INSERT INTO telefono_empleado(id_vivero,id_rol,idempleado,telefono_empleado) VALUES (57,3,32,'324-829-4371');
INSERT INTO telefono_empleado(id_vivero,id_rol,idempleado,telefono_empleado) VALUES (26,3,9,'542-293-5645');
INSERT INTO telefono_empleado(id_vivero,id_rol,idempleado,telefono_empleado) VALUES (84,1,59,'216-555-4664');
INSERT INTO telefono_empleado(id_vivero,id_rol,idempleado,telefono_empleado) VALUES (93,2,6,'504-811-7828');
INSERT INTO telefono_empleado(id_vivero,id_rol,idempleado,telefono_empleado) VALUES (11,3,48,'820-759-2071');
INSERT INTO telefono_empleado(id_vivero,id_rol,idempleado,telefono_empleado) VALUES (70,3,91,'683-124-2551');
INSERT INTO telefono_empleado(id_vivero,id_rol,idempleado,telefono_empleado) VALUES (24,1,21,'907-902-1527');
INSERT INTO telefono_empleado(id_vivero,id_rol,idempleado,telefono_empleado) VALUES (85,2,86,'777-779-8845');
INSERT INTO telefono_empleado(id_vivero,id_rol,idempleado,telefono_empleado) VALUES (28,4,25,'221-565-2269');
INSERT INTO telefono_empleado(id_vivero,id_rol,idempleado,telefono_empleado) VALUES (54,3,20,'470-618-9009');
INSERT INTO telefono_empleado(id_vivero,id_rol,idempleado,telefono_empleado) VALUES (7,1,17,'195-739-1015');
INSERT INTO telefono_empleado(id_vivero,id_rol,idempleado,telefono_empleado) VALUES (9,1,32,'679-856-3161');
INSERT INTO telefono_empleado(id_vivero,id_rol,idempleado,telefono_empleado) VALUES (41,1,64,'771-778-4302');
INSERT INTO telefono_empleado(id_vivero,id_rol,idempleado,telefono_empleado) VALUES (66,4,44,'715-677-7941');
INSERT INTO telefono_empleado(id_vivero,id_rol,idempleado,telefono_empleado) VALUES (9,1,92,'646-191-3146');
INSERT INTO telefono_empleado(id_vivero,id_rol,idempleado,telefono_empleado) VALUES (79,2,64,'961-176-2475');
INSERT INTO telefono_empleado(id_vivero,id_rol,idempleado,telefono_empleado) VALUES (43,1,97,'404-248-4872');
INSERT INTO telefono_empleado(id_vivero,id_rol,idempleado,telefono_empleado) VALUES (82,2,53,'817-721-3767');
INSERT INTO telefono_empleado(id_vivero,id_rol,idempleado,telefono_empleado) VALUES (8,3,1,'349-160-7538');
INSERT INTO telefono_empleado(id_vivero,id_rol,idempleado,telefono_empleado) VALUES (13,2,47,'427-607-5252');
INSERT INTO telefono_empleado(id_vivero,id_rol,idempleado,telefono_empleado) VALUES (53,3,29,'753-570-8910');
INSERT INTO telefono_empleado(id_vivero,id_rol,idempleado,telefono_empleado) VALUES (35,2,34,'128-268-8192');
INSERT INTO telefono_empleado(id_vivero,id_rol,idempleado,telefono_empleado) VALUES (15,2,4,'921-468-1710');
INSERT INTO telefono_empleado(id_vivero,id_rol,idempleado,telefono_empleado) VALUES (89,2,77,'740-567-5038');
INSERT INTO telefono_empleado(id_vivero,id_rol,idempleado,telefono_empleado) VALUES (82,2,71,'408-922-9839');
INSERT INTO telefono_empleado(id_vivero,id_rol,idempleado,telefono_empleado) VALUES (72,1,97,'639-773-4895');
INSERT INTO telefono_empleado(id_vivero,id_rol,idempleado,telefono_empleado) VALUES (51,2,5,'474-412-7663');
INSERT INTO telefono_empleado(id_vivero,id_rol,idempleado,telefono_empleado) VALUES (73,3,97,'220-271-5564');
INSERT INTO telefono_empleado(id_vivero,id_rol,idempleado,telefono_empleado) VALUES (49,4,42,'484-434-1965');
INSERT INTO telefono_empleado(id_vivero,id_rol,idempleado,telefono_empleado) VALUES (4,3,38,'119-403-1849');
INSERT INTO telefono_empleado(id_vivero,id_rol,idempleado,telefono_empleado) VALUES (75,2,46,'269-764-9772');
INSERT INTO telefono_empleado(id_vivero,id_rol,idempleado,telefono_empleado) VALUES (3,1,76,'503-478-5730');
INSERT INTO telefono_empleado(id_vivero,id_rol,idempleado,telefono_empleado) VALUES (11,4,66,'668-787-9083');
INSERT INTO telefono_empleado(id_vivero,id_rol,idempleado,telefono_empleado) VALUES (20,3,95,'787-557-9899');
INSERT INTO telefono_empleado(id_vivero,id_rol,idempleado,telefono_empleado) VALUES (83,1,33,'884-700-7892');
INSERT INTO telefono_empleado(id_vivero,id_rol,idempleado,telefono_empleado) VALUES (44,4,25,'749-766-2707');
INSERT INTO telefono_empleado(id_vivero,id_rol,idempleado,telefono_empleado) VALUES (98,1,64,'277-313-0699');
INSERT INTO telefono_empleado(id_vivero,id_rol,idempleado,telefono_empleado) VALUES (53,3,24,'500-616-5565');
INSERT INTO telefono_empleado(id_vivero,id_rol,idempleado,telefono_empleado) VALUES (90,1,46,'125-798-0999');
INSERT INTO telefono_empleado(id_vivero,id_rol,idempleado,telefono_empleado) VALUES (95,2,16,'251-264-1656');
INSERT INTO telefono_empleado(id_vivero,id_rol,idempleado,telefono_empleado) VALUES (67,1,100,'127-742-3411');
INSERT INTO telefono_empleado(id_vivero,id_rol,idempleado,telefono_empleado) VALUES (40,1,50,'300-473-2241');
INSERT INTO telefono_empleado(id_vivero,id_rol,idempleado,telefono_empleado) VALUES (27,4,71,'394-965-1958');
INSERT INTO telefono_empleado(id_vivero,id_rol,idempleado,telefono_empleado) VALUES (22,3,11,'497-808-7739');
INSERT INTO telefono_empleado(id_vivero,id_rol,idempleado,telefono_empleado) VALUES (99,4,10,'476-535-4886');
INSERT INTO telefono_empleado(id_vivero,id_rol,idempleado,telefono_empleado) VALUES (75,3,45,'757-395-8299');
INSERT INTO telefono_empleado(id_vivero,id_rol,idempleado,telefono_empleado) VALUES (10,3,13,'775-701-3327');
INSERT INTO telefono_empleado(id_vivero,id_rol,idempleado,telefono_empleado) VALUES (47,1,7,'658-938-9403');
INSERT INTO telefono_empleado(id_vivero,id_rol,idempleado,telefono_empleado) VALUES (87,3,28,'204-641-3884');
INSERT INTO telefono_empleado(id_vivero,id_rol,idempleado,telefono_empleado) VALUES (59,3,93,'118-158-8092');
INSERT INTO telefono_empleado(id_vivero,id_rol,idempleado,telefono_empleado) VALUES (81,4,93,'937-771-0840');
INSERT INTO telefono_empleado(id_vivero,id_rol,idempleado,telefono_empleado) VALUES (46,4,29,'140-855-2051');
INSERT INTO telefono_empleado(id_vivero,id_rol,idempleado,telefono_empleado) VALUES (84,2,23,'583-605-6466');
INSERT INTO telefono_empleado(id_vivero,id_rol,idempleado,telefono_empleado) VALUES (55,3,15,'236-412-7236');
INSERT INTO telefono_empleado(id_vivero,id_rol,idempleado,telefono_empleado) VALUES (96,2,44,'127-636-3517');
INSERT INTO telefono_empleado(id_vivero,id_rol,idempleado,telefono_empleado) VALUES (54,1,29,'774-611-8560');
INSERT INTO telefono_empleado(id_vivero,id_rol,idempleado,telefono_empleado) VALUES (32,4,21,'901-313-6287');
INSERT INTO telefono_empleado(id_vivero,id_rol,idempleado,telefono_empleado) VALUES (57,3,17,'937-703-0511');
INSERT INTO telefono_empleado(id_vivero,id_rol,idempleado,telefono_empleado) VALUES (51,3,32,'322-749-5512');
INSERT INTO telefono_empleado(id_vivero,id_rol,idempleado,telefono_empleado) VALUES (86,1,84,'565-274-0073');
INSERT INTO telefono_empleado(id_vivero,id_rol,idempleado,telefono_empleado) VALUES (55,4,44,'288-325-2874');
INSERT INTO telefono_empleado(id_vivero,id_rol,idempleado,telefono_empleado) VALUES (91,2,97,'345-591-0485');
INSERT INTO telefono_empleado(id_vivero,id_rol,idempleado,telefono_empleado) VALUES (78,4,16,'153-698-6372');
INSERT INTO telefono_empleado(id_vivero,id_rol,idempleado,telefono_empleado) VALUES (10,3,53,'271-889-0163');
INSERT INTO telefono_empleado(id_vivero,id_rol,idempleado,telefono_empleado) VALUES (41,4,55,'122-606-0738');
INSERT INTO telefono_empleado(id_vivero,id_rol,idempleado,telefono_empleado) VALUES (48,2,25,'620-558-9818');
INSERT INTO telefono_empleado(id_vivero,id_rol,idempleado,telefono_empleado) VALUES (86,2,76,'554-934-0401');
INSERT INTO telefono_empleado(id_vivero,id_rol,idempleado,telefono_empleado) VALUES (93,3,27,'210-143-5896');
INSERT INTO telefono_empleado(id_vivero,id_rol,idempleado,telefono_empleado) VALUES (13,3,51,'860-419-8422');
INSERT INTO telefono_empleado(id_vivero,id_rol,idempleado,telefono_empleado) VALUES (84,2,94,'754-423-2340');
INSERT INTO telefono_empleado(id_vivero,id_rol,idempleado,telefono_empleado) VALUES (83,3,57,'933-241-8363');
INSERT INTO telefono_empleado(id_vivero,id_rol,idempleado,telefono_empleado) VALUES (65,4,67,'299-300-3316');
INSERT INTO telefono_empleado(id_vivero,id_rol,idempleado,telefono_empleado) VALUES (30,3,68,'736-243-3645');
INSERT INTO telefono_empleado(id_vivero,id_rol,idempleado,telefono_empleado) VALUES (56,1,98,'734-203-3935');
INSERT INTO telefono_empleado(id_vivero,id_rol,idempleado,telefono_empleado) VALUES (1,1,71,'335-397-0206');
INSERT INTO telefono_empleado(id_vivero,id_rol,idempleado,telefono_empleado) VALUES (70,1,3,'544-852-8408');
INSERT INTO telefono_empleado(id_vivero,id_rol,idempleado,telefono_empleado) VALUES (42,2,7,'377-327-5796');
INSERT INTO telefono_empleado(id_vivero,id_rol,idempleado,telefono_empleado) VALUES (76,2,18,'313-375-9267');
INSERT INTO telefono_empleado(id_vivero,id_rol,idempleado,telefono_empleado) VALUES (34,1,50,'498-574-0724');
INSERT INTO telefono_empleado(id_vivero,id_rol,idempleado,telefono_empleado) VALUES (12,1,52,'618-948-2111');
INSERT INTO telefono_empleado(id_vivero,id_rol,idempleado,telefono_empleado) VALUES (87,1,43,'919-660-8229');
INSERT INTO telefono_empleado(id_vivero,id_rol,idempleado,telefono_empleado) VALUES (30,2,37,'544-265-3177');
INSERT INTO telefono_empleado(id_vivero,id_rol,idempleado,telefono_empleado) VALUES (13,4,12,'599-902-8932');
INSERT INTO telefono_empleado(id_vivero,id_rol,idempleado,telefono_empleado) VALUES (94,3,92,'164-351-5860');
INSERT INTO telefono_empleado(id_vivero,id_rol,idempleado,telefono_empleado) VALUES (46,3,70,'118-134-0969');
INSERT INTO telefono_empleado(id_vivero,id_rol,idempleado,telefono_empleado) VALUES (52,1,67,'577-401-0470');
INSERT INTO telefono_empleado(id_vivero,id_rol,idempleado,telefono_empleado) VALUES (21,1,69,'613-822-9451');
INSERT INTO telefono_empleado(id_vivero,id_rol,idempleado,telefono_empleado) VALUES (29,4,1,'377-335-7897');
INSERT INTO telefono_empleado(id_vivero,id_rol,idempleado,telefono_empleado) VALUES (16,3,73,'875-888-4747');
INSERT INTO telefono_empleado(id_vivero,id_rol,idempleado,telefono_empleado) VALUES (70,1,53,'569-603-6412');
INSERT INTO telefono_empleado(id_vivero,id_rol,idempleado,telefono_empleado) VALUES (35,2,61,'698-774-8918');
INSERT INTO telefono_empleado(id_vivero,id_rol,idempleado,telefono_empleado) VALUES (33,2,2,'139-195-4802');
INSERT INTO telefono_empleado(id_vivero,id_rol,idempleado,telefono_empleado) VALUES (52,4,94,'123-871-8130');
INSERT INTO telefono_empleado(id_vivero,id_rol,idempleado,telefono_empleado) VALUES (78,3,1,'349-808-3756');
INSERT INTO telefono_empleado(id_vivero,id_rol,idempleado,telefono_empleado) VALUES (8,2,53,'212-432-5610');
INSERT INTO telefono_empleado(id_vivero,id_rol,idempleado,telefono_empleado) VALUES (3,4,29,'660-475-5320');
INSERT INTO telefono_empleado(id_vivero,id_rol,idempleado,telefono_empleado) VALUES (65,2,40,'331-223-6257');
INSERT INTO telefono_empleado(id_vivero,id_rol,idempleado,telefono_empleado) VALUES (49,1,100,'148-553-9142');
INSERT INTO telefono_empleado(id_vivero,id_rol,idempleado,telefono_empleado) VALUES (30,4,24,'727-948-9387');
INSERT INTO telefono_empleado(id_vivero,id_rol,idempleado,telefono_empleado) VALUES (72,2,6,'216-842-8632');
INSERT INTO telefono_empleado(id_vivero,id_rol,idempleado,telefono_empleado) VALUES (16,2,92,'724-852-2538');
INSERT INTO telefono_empleado(id_vivero,id_rol,idempleado,telefono_empleado) VALUES (14,3,32,'292-183-7238');
INSERT INTO telefono_empleado(id_vivero,id_rol,idempleado,telefono_empleado) VALUES (57,4,3,'224-778-3323');
INSERT INTO telefono_empleado(id_vivero,id_rol,idempleado,telefono_empleado) VALUES (18,2,63,'796-408-6989');
INSERT INTO telefono_empleado(id_vivero,id_rol,idempleado,telefono_empleado) VALUES (3,3,78,'794-287-4411');
INSERT INTO telefono_empleado(id_vivero,id_rol,idempleado,telefono_empleado) VALUES (16,1,13,'715-789-1721');
INSERT INTO telefono_empleado(id_vivero,id_rol,idempleado,telefono_empleado) VALUES (58,4,70,'390-817-3851');
INSERT INTO telefono_empleado(id_vivero,id_rol,idempleado,telefono_empleado) VALUES (53,1,64,'600-846-9169');
INSERT INTO telefono_empleado(id_vivero,id_rol,idempleado,telefono_empleado) VALUES (33,4,28,'194-727-6226');
INSERT INTO telefono_empleado(id_vivero,id_rol,idempleado,telefono_empleado) VALUES (67,1,34,'427-440-9540');
INSERT INTO telefono_empleado(id_vivero,id_rol,idempleado,telefono_empleado) VALUES (53,2,48,'125-224-4709');
INSERT INTO telefono_empleado(id_vivero,id_rol,idempleado,telefono_empleado) VALUES (69,3,24,'203-853-5655');
INSERT INTO telefono_empleado(id_vivero,id_rol,idempleado,telefono_empleado) VALUES (50,1,69,'256-650-5173');
INSERT INTO telefono_empleado(id_vivero,id_rol,idempleado,telefono_empleado) VALUES (31,3,17,'464-458-4828');
INSERT INTO telefono_empleado(id_vivero,id_rol,idempleado,telefono_empleado) VALUES (53,3,93,'561-966-6048');
INSERT INTO telefono_empleado(id_vivero,id_rol,idempleado,telefono_empleado) VALUES (26,3,56,'712-952-2635');
INSERT INTO telefono_empleado(id_vivero,id_rol,idempleado,telefono_empleado) VALUES (18,1,54,'300-954-4479');
INSERT INTO telefono_empleado(id_vivero,id_rol,idempleado,telefono_empleado) VALUES (9,1,30,'975-910-5640');
INSERT INTO telefono_empleado(id_vivero,id_rol,idempleado,telefono_empleado) VALUES (71,4,9,'126-921-6628');
INSERT INTO telefono_empleado(id_vivero,id_rol,idempleado,telefono_empleado) VALUES (81,2,3,'838-730-6056');
INSERT INTO telefono_empleado(id_vivero,id_rol,idempleado,telefono_empleado) VALUES (74,3,89,'255-616-3144');
INSERT INTO telefono_empleado(id_vivero,id_rol,idempleado,telefono_empleado) VALUES (55,2,19,'284-913-5937');
INSERT INTO telefono_empleado(id_vivero,id_rol,idempleado,telefono_empleado) VALUES (34,2,71,'344-734-1790');
INSERT INTO telefono_empleado(id_vivero,id_rol,idempleado,telefono_empleado) VALUES (68,2,30,'809-555-5838');
INSERT INTO telefono_empleado(id_vivero,id_rol,idempleado,telefono_empleado) VALUES (87,2,25,'640-659-9437');
INSERT INTO telefono_empleado(id_vivero,id_rol,idempleado,telefono_empleado) VALUES (81,3,23,'453-945-1585');
INSERT INTO telefono_empleado(id_vivero,id_rol,idempleado,telefono_empleado) VALUES (79,4,1,'233-236-0661');
INSERT INTO telefono_empleado(id_vivero,id_rol,idempleado,telefono_empleado) VALUES (55,2,30,'274-883-2877');
INSERT INTO telefono_empleado(id_vivero,id_rol,idempleado,telefono_empleado) VALUES (12,2,41,'900-203-1044');
INSERT INTO telefono_empleado(id_vivero,id_rol,idempleado,telefono_empleado) VALUES (8,3,94,'432-387-3274');
INSERT INTO telefono_empleado(id_vivero,id_rol,idempleado,telefono_empleado) VALUES (74,3,97,'742-749-6814');
INSERT INTO telefono_empleado(id_vivero,id_rol,idempleado,telefono_empleado) VALUES (3,2,31,'727-696-5718');
INSERT INTO telefono_empleado(id_vivero,id_rol,idempleado,telefono_empleado) VALUES (46,3,37,'665-352-8258');
INSERT INTO telefono_empleado(id_vivero,id_rol,idempleado,telefono_empleado) VALUES (24,2,15,'244-878-6488');
INSERT INTO telefono_empleado(id_vivero,id_rol,idempleado,telefono_empleado) VALUES (39,2,69,'890-769-1797');
INSERT INTO telefono_empleado(id_vivero,id_rol,idempleado,telefono_empleado) VALUES (81,1,80,'428-903-5995');
INSERT INTO telefono_empleado(id_vivero,id_rol,idempleado,telefono_empleado) VALUES (88,1,73,'447-620-6971');
INSERT INTO telefono_empleado(id_vivero,id_rol,idempleado,telefono_empleado) VALUES (43,1,46,'479-174-5553');
INSERT INTO telefono_empleado(id_vivero,id_rol,idempleado,telefono_empleado) VALUES (18,3,79,'513-318-2701');
INSERT INTO telefono_empleado(id_vivero,id_rol,idempleado,telefono_empleado) VALUES (28,2,84,'754-836-5694');
INSERT INTO telefono_empleado(id_vivero,id_rol,idempleado,telefono_empleado) VALUES (87,3,59,'562-466-4318');
INSERT INTO telefono_empleado(id_vivero,id_rol,idempleado,telefono_empleado) VALUES (53,1,96,'452-628-1587');
INSERT INTO telefono_empleado(id_vivero,id_rol,idempleado,telefono_empleado) VALUES (91,3,80,'516-952-0966');
INSERT INTO telefono_empleado(id_vivero,id_rol,idempleado,telefono_empleado) VALUES (76,2,33,'179-625-9904');
INSERT INTO telefono_empleado(id_vivero,id_rol,idempleado,telefono_empleado) VALUES (33,2,15,'532-581-8749');
INSERT INTO telefono_empleado(id_vivero,id_rol,idempleado,telefono_empleado) VALUES (43,1,61,'154-843-4438');
INSERT INTO telefono_empleado(id_vivero,id_rol,idempleado,telefono_empleado) VALUES (68,2,12,'831-780-7562');
INSERT INTO telefono_empleado(id_vivero,id_rol,idempleado,telefono_empleado) VALUES (5,3,35,'773-164-4869');
INSERT INTO telefono_empleado(id_vivero,id_rol,idempleado,telefono_empleado) VALUES (31,4,31,'630-557-0463');
INSERT INTO telefono_empleado(id_vivero,id_rol,idempleado,telefono_empleado) VALUES (72,1,83,'912-892-2944');
INSERT INTO telefono_empleado(id_vivero,id_rol,idempleado,telefono_empleado) VALUES (19,4,15,'675-891-5294');
INSERT INTO telefono_empleado(id_vivero,id_rol,idempleado,telefono_empleado) VALUES (25,3,25,'165-630-4590');
INSERT INTO telefono_empleado(id_vivero,id_rol,idempleado,telefono_empleado) VALUES (90,2,40,'643-661-7945');
INSERT INTO telefono_empleado(id_vivero,id_rol,idempleado,telefono_empleado) VALUES (89,4,21,'195-190-0286');
INSERT INTO telefono_empleado(id_vivero,id_rol,idempleado,telefono_empleado) VALUES (25,2,88,'464-206-2130');
INSERT INTO telefono_empleado(id_vivero,id_rol,idempleado,telefono_empleado) VALUES (17,2,72,'204-903-1643');
INSERT INTO telefono_empleado(id_vivero,id_rol,idempleado,telefono_empleado) VALUES (50,4,89,'403-376-1822');
INSERT INTO telefono_empleado(id_vivero,id_rol,idempleado,telefono_empleado) VALUES (56,2,6,'295-507-1558');
INSERT INTO telefono_empleado(id_vivero,id_rol,idempleado,telefono_empleado) VALUES (60,4,42,'773-422-8253');
INSERT INTO telefono_empleado(id_vivero,id_rol,idempleado,telefono_empleado) VALUES (54,3,55,'581-790-0888');
INSERT INTO telefono_empleado(id_vivero,id_rol,idempleado,telefono_empleado) VALUES (82,3,39,'490-785-8501');
INSERT INTO telefono_empleado(id_vivero,id_rol,idempleado,telefono_empleado) VALUES (56,1,40,'385-920-0158');
INSERT INTO telefono_empleado(id_vivero,id_rol,idempleado,telefono_empleado) VALUES (83,1,40,'632-706-9478');
INSERT INTO telefono_empleado(id_vivero,id_rol,idempleado,telefono_empleado) VALUES (2,1,36,'805-159-1945');
INSERT INTO telefono_empleado(id_vivero,id_rol,idempleado,telefono_empleado) VALUES (92,3,8,'447-708-0278');
INSERT INTO telefono_empleado(id_vivero,id_rol,idempleado,telefono_empleado) VALUES (18,4,10,'144-609-6801');
INSERT INTO telefono_empleado(id_vivero,id_rol,idempleado,telefono_empleado) VALUES (30,2,80,'949-670-8567');
INSERT INTO telefono_empleado(id_vivero,id_rol,idempleado,telefono_empleado) VALUES (77,4,31,'675-804-6959');
INSERT INTO telefono_empleado(id_vivero,id_rol,idempleado,telefono_empleado) VALUES (15,3,96,'127-945-2046');
INSERT INTO telefono_empleado(id_vivero,id_rol,idempleado,telefono_empleado) VALUES (18,4,94,'710-989-7672');
INSERT INTO telefono_empleado(id_vivero,id_rol,idempleado,telefono_empleado) VALUES (71,2,68,'504-267-0867');
INSERT INTO telefono_empleado(id_vivero,id_rol,idempleado,telefono_empleado) VALUES (65,1,50,'664-623-4930');
INSERT INTO telefono_empleado(id_vivero,id_rol,idempleado,telefono_empleado) VALUES (41,1,8,'691-712-0125');
INSERT INTO telefono_empleado(id_vivero,id_rol,idempleado,telefono_empleado) VALUES (83,1,45,'541-944-2650');
INSERT INTO telefono_empleado(id_vivero,id_rol,idempleado,telefono_empleado) VALUES (30,4,33,'735-711-1507');
INSERT INTO telefono_empleado(id_vivero,id_rol,idempleado,telefono_empleado) VALUES (48,1,30,'197-433-1096');
INSERT INTO telefono_empleado(id_vivero,id_rol,idempleado,telefono_empleado) VALUES (17,4,11,'753-904-2998');
INSERT INTO telefono_empleado(id_vivero,id_rol,idempleado,telefono_empleado) VALUES (99,3,7,'421-919-1266');
INSERT INTO telefono_empleado(id_vivero,id_rol,idempleado,telefono_empleado) VALUES (4,4,27,'568-421-2935');
INSERT INTO telefono_empleado(id_vivero,id_rol,idempleado,telefono_empleado) VALUES (57,3,46,'202-758-3585');
INSERT INTO telefono_empleado(id_vivero,id_rol,idempleado,telefono_empleado) VALUES (77,4,68,'856-316-0049');
INSERT INTO telefono_empleado(id_vivero,id_rol,idempleado,telefono_empleado) VALUES (64,4,65,'164-495-9602');
INSERT INTO telefono_empleado(id_vivero,id_rol,idempleado,telefono_empleado) VALUES (92,4,44,'499-687-6981');
INSERT INTO telefono_empleado(id_vivero,id_rol,idempleado,telefono_empleado) VALUES (43,4,50,'444-654-4709');
INSERT INTO telefono_empleado(id_vivero,id_rol,idempleado,telefono_empleado) VALUES (83,3,63,'535-959-6523');
INSERT INTO telefono_empleado(id_vivero,id_rol,idempleado,telefono_empleado) VALUES (60,1,31,'804-101-5398');
INSERT INTO telefono_empleado(id_vivero,id_rol,idempleado,telefono_empleado) VALUES (22,4,36,'947-802-9731');
INSERT INTO telefono_empleado(id_vivero,id_rol,idempleado,telefono_empleado) VALUES (29,2,96,'389-175-6638');
INSERT INTO telefono_empleado(id_vivero,id_rol,idempleado,telefono_empleado) VALUES (54,1,76,'386-774-0379');
INSERT INTO telefono_empleado(id_vivero,id_rol,idempleado,telefono_empleado) VALUES (74,1,2,'221-574-0424');
INSERT INTO telefono_empleado(id_vivero,id_rol,idempleado,telefono_empleado) VALUES (2,1,96,'876-895-5667');
INSERT INTO telefono_empleado(id_vivero,id_rol,idempleado,telefono_empleado) VALUES (12,2,9,'106-137-3495');
INSERT INTO telefono_empleado(id_vivero,id_rol,idempleado,telefono_empleado) VALUES (39,4,50,'594-956-6055');
INSERT INTO telefono_empleado(id_vivero,id_rol,idempleado,telefono_empleado) VALUES (26,1,14,'994-860-3145');
INSERT INTO telefono_empleado(id_vivero,id_rol,idempleado,telefono_empleado) VALUES (75,2,98,'990-774-9827');
INSERT INTO telefono_empleado(id_vivero,id_rol,idempleado,telefono_empleado) VALUES (93,2,40,'938-989-7320');
INSERT INTO telefono_empleado(id_vivero,id_rol,idempleado,telefono_empleado) VALUES (20,3,56,'629-121-8822');
INSERT INTO telefono_empleado(id_vivero,id_rol,idempleado,telefono_empleado) VALUES (13,3,52,'426-656-2911');
INSERT INTO telefono_empleado(id_vivero,id_rol,idempleado,telefono_empleado) VALUES (2,2,98,'363-526-0103');
INSERT INTO telefono_empleado(id_vivero,id_rol,idempleado,telefono_empleado) VALUES (37,3,12,'703-672-5205');
INSERT INTO telefono_empleado(id_vivero,id_rol,idempleado,telefono_empleado) VALUES (27,2,11,'876-740-5545');
INSERT INTO telefono_empleado(id_vivero,id_rol,idempleado,telefono_empleado) VALUES (36,3,89,'436-210-8168');
INSERT INTO telefono_empleado(id_vivero,id_rol,idempleado,telefono_empleado) VALUES (65,4,26,'970-432-6913');
INSERT INTO telefono_empleado(id_vivero,id_rol,idempleado,telefono_empleado) VALUES (45,3,88,'997-101-8977');
INSERT INTO telefono_empleado(id_vivero,id_rol,idempleado,telefono_empleado) VALUES (53,1,98,'396-586-8456');
INSERT INTO telefono_empleado(id_vivero,id_rol,idempleado,telefono_empleado) VALUES (68,2,59,'872-874-5114');
INSERT INTO telefono_empleado(id_vivero,id_rol,idempleado,telefono_empleado) VALUES (49,3,21,'257-695-5022');
INSERT INTO telefono_empleado(id_vivero,id_rol,idempleado,telefono_empleado) VALUES (44,3,76,'318-515-5801');
INSERT INTO telefono_empleado(id_vivero,id_rol,idempleado,telefono_empleado) VALUES (82,3,71,'942-681-2196');
INSERT INTO telefono_empleado(id_vivero,id_rol,idempleado,telefono_empleado) VALUES (41,2,95,'686-599-9120');
INSERT INTO telefono_empleado(id_vivero,id_rol,idempleado,telefono_empleado) VALUES (15,3,92,'807-304-7075');
INSERT INTO telefono_empleado(id_vivero,id_rol,idempleado,telefono_empleado) VALUES (65,2,16,'833-423-2294');
INSERT INTO telefono_empleado(id_vivero,id_rol,idempleado,telefono_empleado) VALUES (93,2,54,'652-433-5443');
INSERT INTO telefono_empleado(id_vivero,id_rol,idempleado,telefono_empleado) VALUES (27,2,95,'569-113-9763');
INSERT INTO telefono_empleado(id_vivero,id_rol,idempleado,telefono_empleado) VALUES (66,4,48,'679-369-6354');
INSERT INTO telefono_empleado(id_vivero,id_rol,idempleado,telefono_empleado) VALUES (3,1,63,'921-831-2696');
INSERT INTO telefono_empleado(id_vivero,id_rol,idempleado,telefono_empleado) VALUES (31,4,24,'571-815-6519');
INSERT INTO telefono_empleado(id_vivero,id_rol,idempleado,telefono_empleado) VALUES (81,4,91,'741-723-6337');
INSERT INTO telefono_empleado(id_vivero,id_rol,idempleado,telefono_empleado) VALUES (35,2,8,'362-876-6360');
INSERT INTO telefono_empleado(id_vivero,id_rol,idempleado,telefono_empleado) VALUES (62,2,9,'946-620-8500');
INSERT INTO telefono_empleado(id_vivero,id_rol,idempleado,telefono_empleado) VALUES (19,2,5,'525-184-4410');
INSERT INTO telefono_empleado(id_vivero,id_rol,idempleado,telefono_empleado) VALUES (55,4,72,'976-232-0531');
INSERT INTO telefono_empleado(id_vivero,id_rol,idempleado,telefono_empleado) VALUES (66,3,23,'773-249-0497');
INSERT INTO telefono_empleado(id_vivero,id_rol,idempleado,telefono_empleado) VALUES (60,4,27,'484-480-0758');
INSERT INTO telefono_empleado(id_vivero,id_rol,idempleado,telefono_empleado) VALUES (59,2,33,'970-651-5944');
INSERT INTO telefono_empleado(id_vivero,id_rol,idempleado,telefono_empleado) VALUES (81,4,89,'520-908-6312');
INSERT INTO telefono_empleado(id_vivero,id_rol,idempleado,telefono_empleado) VALUES (95,3,43,'840-535-2788');
INSERT INTO telefono_empleado(id_vivero,id_rol,idempleado,telefono_empleado) VALUES (31,1,40,'515-220-8832');
INSERT INTO telefono_empleado(id_vivero,id_rol,idempleado,telefono_empleado) VALUES (23,4,83,'894-339-4849');
INSERT INTO telefono_empleado(id_vivero,id_rol,idempleado,telefono_empleado) VALUES (3,4,87,'120-684-3149');
INSERT INTO telefono_empleado(id_vivero,id_rol,idempleado,telefono_empleado) VALUES (8,2,24,'374-117-2175');
INSERT INTO telefono_empleado(id_vivero,id_rol,idempleado,telefono_empleado) VALUES (75,1,96,'474-350-7326');
INSERT INTO telefono_empleado(id_vivero,id_rol,idempleado,telefono_empleado) VALUES (42,1,79,'205-870-2667');
INSERT INTO telefono_empleado(id_vivero,id_rol,idempleado,telefono_empleado) VALUES (30,4,84,'289-701-9375');
INSERT INTO telefono_empleado(id_vivero,id_rol,idempleado,telefono_empleado) VALUES (49,4,93,'890-355-3820');
INSERT INTO telefono_empleado(id_vivero,id_rol,idempleado,telefono_empleado) VALUES (47,3,99,'254-162-6395');
INSERT INTO telefono_empleado(id_vivero,id_rol,idempleado,telefono_empleado) VALUES (90,4,41,'185-732-8109');
INSERT INTO telefono_empleado(id_vivero,id_rol,idempleado,telefono_empleado) VALUES (64,2,65,'988-695-4019');
INSERT INTO telefono_empleado(id_vivero,id_rol,idempleado,telefono_empleado) VALUES (94,2,67,'917-722-0224');
INSERT INTO telefono_empleado(id_vivero,id_rol,idempleado,telefono_empleado) VALUES (76,3,45,'590-296-2044');
INSERT INTO telefono_empleado(id_vivero,id_rol,idempleado,telefono_empleado) VALUES (71,1,82,'598-341-7299');
INSERT INTO telefono_empleado(id_vivero,id_rol,idempleado,telefono_empleado) VALUES (42,1,98,'167-215-4376');
INSERT INTO telefono_empleado(id_vivero,id_rol,idempleado,telefono_empleado) VALUES (48,2,11,'264-347-7218');
INSERT INTO telefono_empleado(id_vivero,id_rol,idempleado,telefono_empleado) VALUES (20,3,81,'748-857-6546');
INSERT INTO telefono_empleado(id_vivero,id_rol,idempleado,telefono_empleado) VALUES (85,2,58,'532-676-7045');
INSERT INTO telefono_empleado(id_vivero,id_rol,idempleado,telefono_empleado) VALUES (97,2,89,'119-343-9976');
INSERT INTO telefono_empleado(id_vivero,id_rol,idempleado,telefono_empleado) VALUES (15,1,56,'382-480-7811');
INSERT INTO telefono_empleado(id_vivero,id_rol,idempleado,telefono_empleado) VALUES (50,4,58,'904-567-8469');
INSERT INTO telefono_empleado(id_vivero,id_rol,idempleado,telefono_empleado) VALUES (77,3,64,'837-305-0524');
INSERT INTO telefono_empleado(id_vivero,id_rol,idempleado,telefono_empleado) VALUES (45,3,57,'545-340-7090');
INSERT INTO telefono_empleado(id_vivero,id_rol,idempleado,telefono_empleado) VALUES (23,2,15,'587-639-0575');
INSERT INTO telefono_empleado(id_vivero,id_rol,idempleado,telefono_empleado) VALUES (34,3,72,'518-515-2144');
INSERT INTO telefono_empleado(id_vivero,id_rol,idempleado,telefono_empleado) VALUES (44,3,54,'276-846-2931');
INSERT INTO telefono_empleado(id_vivero,id_rol,idempleado,telefono_empleado) VALUES (37,1,25,'281-509-8023');
INSERT INTO telefono_empleado(id_vivero,id_rol,idempleado,telefono_empleado) VALUES (40,1,24,'249-291-3799');
INSERT INTO telefono_empleado(id_vivero,id_rol,idempleado,telefono_empleado) VALUES (14,2,57,'394-302-7813');
INSERT INTO telefono_empleado(id_vivero,id_rol,idempleado,telefono_empleado) VALUES (67,2,56,'818-713-9378');
INSERT INTO telefono_empleado(id_vivero,id_rol,idempleado,telefono_empleado) VALUES (69,2,32,'720-511-7463');
INSERT INTO telefono_empleado(id_vivero,id_rol,idempleado,telefono_empleado) VALUES (67,2,38,'931-879-7623');
INSERT INTO telefono_empleado(id_vivero,id_rol,idempleado,telefono_empleado) VALUES (3,2,70,'207-277-3182');
INSERT INTO telefono_empleado(id_vivero,id_rol,idempleado,telefono_empleado) VALUES (31,4,73,'817-186-0057');
INSERT INTO telefono_empleado(id_vivero,id_rol,idempleado,telefono_empleado) VALUES (42,4,28,'772-601-4625');
INSERT INTO telefono_empleado(id_vivero,id_rol,idempleado,telefono_empleado) VALUES (36,3,98,'589-498-6336');
INSERT INTO telefono_empleado(id_vivero,id_rol,idempleado,telefono_empleado) VALUES (45,3,73,'540-459-7496');
INSERT INTO telefono_empleado(id_vivero,id_rol,idempleado,telefono_empleado) VALUES (13,2,52,'431-949-9038');
INSERT INTO telefono_empleado(id_vivero,id_rol,idempleado,telefono_empleado) VALUES (81,3,21,'448-433-6314');
INSERT INTO telefono_empleado(id_vivero,id_rol,idempleado,telefono_empleado) VALUES (44,2,54,'349-304-1409');
INSERT INTO telefono_empleado(id_vivero,id_rol,idempleado,telefono_empleado) VALUES (13,3,25,'708-322-2733');
INSERT INTO telefono_empleado(id_vivero,id_rol,idempleado,telefono_empleado) VALUES (70,3,19,'707-852-5518');
INSERT INTO telefono_empleado(id_vivero,id_rol,idempleado,telefono_empleado) VALUES (14,2,83,'410-343-9738');
INSERT INTO telefono_empleado(id_vivero,id_rol,idempleado,telefono_empleado) VALUES (66,4,66,'657-531-8647');
INSERT INTO telefono_empleado(id_vivero,id_rol,idempleado,telefono_empleado) VALUES (42,4,61,'656-649-8844');
INSERT INTO telefono_empleado(id_vivero,id_rol,idempleado,telefono_empleado) VALUES (70,4,19,'885-208-6818');
INSERT INTO telefono_empleado(id_vivero,id_rol,idempleado,telefono_empleado) VALUES (2,4,12,'833-584-8630');
INSERT INTO telefono_empleado(id_vivero,id_rol,idempleado,telefono_empleado) VALUES (91,2,34,'214-799-0288');
INSERT INTO telefono_empleado(id_vivero,id_rol,idempleado,telefono_empleado) VALUES (38,4,21,'808-863-6063');
INSERT INTO telefono_empleado(id_vivero,id_rol,idempleado,telefono_empleado) VALUES (23,1,15,'816-942-7332');
INSERT INTO telefono_empleado(id_vivero,id_rol,idempleado,telefono_empleado) VALUES (60,4,91,'479-657-9702');
INSERT INTO telefono_empleado(id_vivero,id_rol,idempleado,telefono_empleado) VALUES (1,1,20,'157-105-4548');
INSERT INTO telefono_empleado(id_vivero,id_rol,idempleado,telefono_empleado) VALUES (27,2,5,'119-520-6554');
INSERT INTO telefono_empleado(id_vivero,id_rol,idempleado,telefono_empleado) VALUES (15,4,85,'608-848-2100');
INSERT INTO telefono_empleado(id_vivero,id_rol,idempleado,telefono_empleado) VALUES (55,1,4,'240-605-1387');
INSERT INTO telefono_empleado(id_vivero,id_rol,idempleado,telefono_empleado) VALUES (22,3,80,'970-619-6142');
INSERT INTO telefono_empleado(id_vivero,id_rol,idempleado,telefono_empleado) VALUES (84,2,46,'962-768-6636');
INSERT INTO telefono_empleado(id_vivero,id_rol,idempleado,telefono_empleado) VALUES (65,1,31,'294-536-7916');
INSERT INTO telefono_empleado(id_vivero,id_rol,idempleado,telefono_empleado) VALUES (23,1,89,'512-409-8731');
INSERT INTO telefono_empleado(id_vivero,id_rol,idempleado,telefono_empleado) VALUES (85,2,100,'782-829-3817');
INSERT INTO telefono_empleado(id_vivero,id_rol,idempleado,telefono_empleado) VALUES (56,3,13,'224-586-6011');
INSERT INTO telefono_empleado(id_vivero,id_rol,idempleado,telefono_empleado) VALUES (54,4,72,'654-722-6301');
INSERT INTO telefono_empleado(id_vivero,id_rol,idempleado,telefono_empleado) VALUES (42,3,35,'452-249-9594');
INSERT INTO telefono_empleado(id_vivero,id_rol,idempleado,telefono_empleado) VALUES (25,3,41,'813-830-8591');
INSERT INTO telefono_empleado(id_vivero,id_rol,idempleado,telefono_empleado) VALUES (87,4,18,'629-923-5401');
INSERT INTO telefono_empleado(id_vivero,id_rol,idempleado,telefono_empleado) VALUES (79,2,66,'855-170-9877');
INSERT INTO telefono_empleado(id_vivero,id_rol,idempleado,telefono_empleado) VALUES (69,2,51,'887-376-0898');
INSERT INTO telefono_empleado(id_vivero,id_rol,idempleado,telefono_empleado) VALUES (70,2,33,'651-848-6960');
INSERT INTO telefono_empleado(id_vivero,id_rol,idempleado,telefono_empleado) VALUES (90,3,46,'787-326-1307');
INSERT INTO telefono_empleado(id_vivero,id_rol,idempleado,telefono_empleado) VALUES (59,3,81,'831-698-4995');
INSERT INTO telefono_empleado(id_vivero,id_rol,idempleado,telefono_empleado) VALUES (26,1,72,'717-539-0513');
INSERT INTO telefono_empleado(id_vivero,id_rol,idempleado,telefono_empleado) VALUES (66,3,96,'591-785-6343');
INSERT INTO telefono_empleado(id_vivero,id_rol,idempleado,telefono_empleado) VALUES (23,1,24,'484-173-0860');
INSERT INTO telefono_empleado(id_vivero,id_rol,idempleado,telefono_empleado) VALUES (60,4,98,'534-986-4209');
INSERT INTO telefono_empleado(id_vivero,id_rol,idempleado,telefono_empleado) VALUES (52,1,21,'533-593-9150');
INSERT INTO telefono_empleado(id_vivero,id_rol,idempleado,telefono_empleado) VALUES (79,1,96,'972-973-5242');
INSERT INTO telefono_empleado(id_vivero,id_rol,idempleado,telefono_empleado) VALUES (77,3,56,'500-646-1584');
INSERT INTO telefono_empleado(id_vivero,id_rol,idempleado,telefono_empleado) VALUES (60,2,9,'938-735-3730');
INSERT INTO telefono_empleado(id_vivero,id_rol,idempleado,telefono_empleado) VALUES (56,4,11,'774-797-1277');
INSERT INTO telefono_empleado(id_vivero,id_rol,idempleado,telefono_empleado) VALUES (25,4,32,'724-973-9302');
INSERT INTO telefono_empleado(id_vivero,id_rol,idempleado,telefono_empleado) VALUES (65,1,30,'439-110-5331');
INSERT INTO telefono_empleado(id_vivero,id_rol,idempleado,telefono_empleado) VALUES (6,4,92,'838-694-3896');
INSERT INTO telefono_empleado(id_vivero,id_rol,idempleado,telefono_empleado) VALUES (6,4,21,'900-619-0409');
INSERT INTO telefono_empleado(id_vivero,id_rol,idempleado,telefono_empleado) VALUES (56,1,8,'340-461-5581');
INSERT INTO telefono_empleado(id_vivero,id_rol,idempleado,telefono_empleado) VALUES (21,3,73,'427-893-6199');
INSERT INTO telefono_empleado(id_vivero,id_rol,idempleado,telefono_empleado) VALUES (6,4,24,'401-985-6520');
INSERT INTO telefono_empleado(id_vivero,id_rol,idempleado,telefono_empleado) VALUES (74,2,94,'977-142-4787');
INSERT INTO telefono_empleado(id_vivero,id_rol,idempleado,telefono_empleado) VALUES (69,3,79,'685-740-3290');
INSERT INTO telefono_empleado(id_vivero,id_rol,idempleado,telefono_empleado) VALUES (74,4,54,'602-764-8579');
INSERT INTO telefono_empleado(id_vivero,id_rol,idempleado,telefono_empleado) VALUES (39,1,67,'490-890-1747');
INSERT INTO telefono_empleado(id_vivero,id_rol,idempleado,telefono_empleado) VALUES (86,4,36,'281-181-1167');
INSERT INTO telefono_empleado(id_vivero,id_rol,idempleado,telefono_empleado) VALUES (91,4,42,'976-264-7033');
INSERT INTO telefono_empleado(id_vivero,id_rol,idempleado,telefono_empleado) VALUES (37,3,16,'124-747-4664');
INSERT INTO telefono_empleado(id_vivero,id_rol,idempleado,telefono_empleado) VALUES (16,4,20,'546-402-0345');
INSERT INTO telefono_empleado(id_vivero,id_rol,idempleado,telefono_empleado) VALUES (12,2,56,'561-349-4687');
INSERT INTO telefono_empleado(id_vivero,id_rol,idempleado,telefono_empleado) VALUES (94,2,44,'697-616-1055');
INSERT INTO telefono_empleado(id_vivero,id_rol,idempleado,telefono_empleado) VALUES (8,1,44,'104-617-3046');
INSERT INTO telefono_empleado(id_vivero,id_rol,idempleado,telefono_empleado) VALUES (55,4,17,'158-474-8949');
INSERT INTO telefono_empleado(id_vivero,id_rol,idempleado,telefono_empleado) VALUES (61,4,47,'464-497-7859');
INSERT INTO telefono_empleado(id_vivero,id_rol,idempleado,telefono_empleado) VALUES (2,2,44,'462-265-6976');
INSERT INTO telefono_empleado(id_vivero,id_rol,idempleado,telefono_empleado) VALUES (40,3,82,'508-518-1876');
INSERT INTO telefono_empleado(id_vivero,id_rol,idempleado,telefono_empleado) VALUES (90,3,55,'227-714-8032');
INSERT INTO telefono_empleado(id_vivero,id_rol,idempleado,telefono_empleado) VALUES (43,4,23,'941-219-7794');
INSERT INTO telefono_empleado(id_vivero,id_rol,idempleado,telefono_empleado) VALUES (21,2,49,'584-927-5843');
INSERT INTO telefono_empleado(id_vivero,id_rol,idempleado,telefono_empleado) VALUES (17,1,57,'469-966-0797');
INSERT INTO telefono_empleado(id_vivero,id_rol,idempleado,telefono_empleado) VALUES (24,3,91,'797-206-0391');
INSERT INTO telefono_empleado(id_vivero,id_rol,idempleado,telefono_empleado) VALUES (8,4,34,'631-270-1865');
INSERT INTO telefono_empleado(id_vivero,id_rol,idempleado,telefono_empleado) VALUES (39,1,54,'595-374-6959');
INSERT INTO telefono_empleado(id_vivero,id_rol,idempleado,telefono_empleado) VALUES (85,2,72,'841-313-5205');
INSERT INTO telefono_empleado(id_vivero,id_rol,idempleado,telefono_empleado) VALUES (60,3,7,'441-221-4204');
INSERT INTO telefono_empleado(id_vivero,id_rol,idempleado,telefono_empleado) VALUES (4,2,6,'793-443-3211');
INSERT INTO telefono_empleado(id_vivero,id_rol,idempleado,telefono_empleado) VALUES (91,4,67,'274-527-7056');
INSERT INTO telefono_empleado(id_vivero,id_rol,idempleado,telefono_empleado) VALUES (88,1,39,'642-183-7410');
INSERT INTO telefono_empleado(id_vivero,id_rol,idempleado,telefono_empleado) VALUES (82,2,22,'350-814-7845');
INSERT INTO telefono_empleado(id_vivero,id_rol,idempleado,telefono_empleado) VALUES (25,3,16,'353-887-8315');
INSERT INTO telefono_empleado(id_vivero,id_rol,idempleado,telefono_empleado) VALUES (68,3,38,'762-283-8081');
INSERT INTO telefono_empleado(id_vivero,id_rol,idempleado,telefono_empleado) VALUES (98,1,9,'368-956-1852');
INSERT INTO telefono_empleado(id_vivero,id_rol,idempleado,telefono_empleado) VALUES (25,4,25,'663-631-8056');
INSERT INTO telefono_empleado(id_vivero,id_rol,idempleado,telefono_empleado) VALUES (78,2,82,'382-433-8055');
INSERT INTO telefono_empleado(id_vivero,id_rol,idempleado,telefono_empleado) VALUES (93,3,21,'625-828-4044');
INSERT INTO telefono_empleado(id_vivero,id_rol,idempleado,telefono_empleado) VALUES (55,4,91,'686-961-8546');
INSERT INTO telefono_empleado(id_vivero,id_rol,idempleado,telefono_empleado) VALUES (3,4,54,'673-136-1883');
INSERT INTO telefono_empleado(id_vivero,id_rol,idempleado,telefono_empleado) VALUES (76,1,67,'292-409-8570');
INSERT INTO telefono_empleado(id_vivero,id_rol,idempleado,telefono_empleado) VALUES (17,3,6,'702-459-0001');
INSERT INTO telefono_empleado(id_vivero,id_rol,idempleado,telefono_empleado) VALUES (50,4,21,'374-683-9321');
INSERT INTO telefono_empleado(id_vivero,id_rol,idempleado,telefono_empleado) VALUES (22,1,3,'269-368-5387');
INSERT INTO telefono_empleado(id_vivero,id_rol,idempleado,telefono_empleado) VALUES (9,4,63,'266-806-7789');
INSERT INTO telefono_empleado(id_vivero,id_rol,idempleado,telefono_empleado) VALUES (3,3,23,'219-199-9614');
INSERT INTO telefono_empleado(id_vivero,id_rol,idempleado,telefono_empleado) VALUES (44,2,7,'584-721-9940');
INSERT INTO telefono_empleado(id_vivero,id_rol,idempleado,telefono_empleado) VALUES (55,1,11,'183-386-5328');
INSERT INTO telefono_empleado(id_vivero,id_rol,idempleado,telefono_empleado) VALUES (91,3,9,'211-371-4275');
INSERT INTO telefono_empleado(id_vivero,id_rol,idempleado,telefono_empleado) VALUES (25,4,75,'400-472-8349');
INSERT INTO telefono_empleado(id_vivero,id_rol,idempleado,telefono_empleado) VALUES (70,3,85,'813-588-8097');
INSERT INTO telefono_empleado(id_vivero,id_rol,idempleado,telefono_empleado) VALUES (22,1,48,'471-497-3959');
INSERT INTO telefono_empleado(id_vivero,id_rol,idempleado,telefono_empleado) VALUES (21,4,40,'391-333-6616');
INSERT INTO telefono_empleado(id_vivero,id_rol,idempleado,telefono_empleado) VALUES (33,2,12,'723-384-6767');
INSERT INTO telefono_empleado(id_vivero,id_rol,idempleado,telefono_empleado) VALUES (3,2,45,'487-620-3014');
INSERT INTO telefono_empleado(id_vivero,id_rol,idempleado,telefono_empleado) VALUES (48,2,83,'690-938-8816');
INSERT INTO telefono_empleado(id_vivero,id_rol,idempleado,telefono_empleado) VALUES (59,1,12,'521-456-0143');
INSERT INTO telefono_empleado(id_vivero,id_rol,idempleado,telefono_empleado) VALUES (45,3,45,'683-649-8191');
INSERT INTO telefono_empleado(id_vivero,id_rol,idempleado,telefono_empleado) VALUES (20,1,100,'820-196-6615');
INSERT INTO telefono_empleado(id_vivero,id_rol,idempleado,telefono_empleado) VALUES (53,2,60,'737-200-3420');
INSERT INTO telefono_empleado(id_vivero,id_rol,idempleado,telefono_empleado) VALUES (65,2,15,'663-794-5791');
INSERT INTO telefono_empleado(id_vivero,id_rol,idempleado,telefono_empleado) VALUES (37,2,38,'303-290-8066');
INSERT INTO telefono_empleado(id_vivero,id_rol,idempleado,telefono_empleado) VALUES (82,2,47,'700-592-6203');
INSERT INTO telefono_empleado(id_vivero,id_rol,idempleado,telefono_empleado) VALUES (51,1,92,'250-579-7369');
INSERT INTO telefono_empleado(id_vivero,id_rol,idempleado,telefono_empleado) VALUES (9,2,8,'259-734-4464');
INSERT INTO telefono_empleado(id_vivero,id_rol,idempleado,telefono_empleado) VALUES (90,3,28,'688-364-7246');
INSERT INTO telefono_empleado(id_vivero,id_rol,idempleado,telefono_empleado) VALUES (37,3,95,'942-940-6647');
INSERT INTO telefono_empleado(id_vivero,id_rol,idempleado,telefono_empleado) VALUES (61,3,36,'441-590-8315');
INSERT INTO telefono_empleado(id_vivero,id_rol,idempleado,telefono_empleado) VALUES (56,1,80,'656-208-1462');
INSERT INTO telefono_empleado(id_vivero,id_rol,idempleado,telefono_empleado) VALUES (39,1,88,'761-965-4099');
INSERT INTO telefono_empleado(id_vivero,id_rol,idempleado,telefono_empleado) VALUES (46,4,75,'542-512-8575');
INSERT INTO telefono_empleado(id_vivero,id_rol,idempleado,telefono_empleado) VALUES (43,4,53,'875-371-4280');
INSERT INTO telefono_empleado(id_vivero,id_rol,idempleado,telefono_empleado) VALUES (28,3,24,'298-971-4677');
INSERT INTO telefono_empleado(id_vivero,id_rol,idempleado,telefono_empleado) VALUES (41,1,99,'996-605-8772');
INSERT INTO telefono_empleado(id_vivero,id_rol,idempleado,telefono_empleado) VALUES (93,1,5,'902-906-4806');
INSERT INTO telefono_empleado(id_vivero,id_rol,idempleado,telefono_empleado) VALUES (88,4,14,'709-936-5682');
INSERT INTO telefono_empleado(id_vivero,id_rol,idempleado,telefono_empleado) VALUES (87,4,86,'689-685-0934');
INSERT INTO telefono_empleado(id_vivero,id_rol,idempleado,telefono_empleado) VALUES (12,2,70,'487-541-9975');
INSERT INTO telefono_empleado(id_vivero,id_rol,idempleado,telefono_empleado) VALUES (81,2,5,'804-200-5976');
INSERT INTO telefono_empleado(id_vivero,id_rol,idempleado,telefono_empleado) VALUES (42,4,38,'776-173-9404');
INSERT INTO telefono_empleado(id_vivero,id_rol,idempleado,telefono_empleado) VALUES (13,3,48,'683-549-5239');
INSERT INTO telefono_empleado(id_vivero,id_rol,idempleado,telefono_empleado) VALUES (8,4,80,'163-765-6997');
INSERT INTO telefono_empleado(id_vivero,id_rol,idempleado,telefono_empleado) VALUES (28,1,46,'512-919-6093');
INSERT INTO telefono_empleado(id_vivero,id_rol,idempleado,telefono_empleado) VALUES (99,1,59,'361-397-5685');
INSERT INTO telefono_empleado(id_vivero,id_rol,idempleado,telefono_empleado) VALUES (74,3,88,'120-392-2932');
INSERT INTO telefono_empleado(id_vivero,id_rol,idempleado,telefono_empleado) VALUES (100,4,37,'852-821-8152');
INSERT INTO telefono_empleado(id_vivero,id_rol,idempleado,telefono_empleado) VALUES (95,3,39,'836-756-4195');
INSERT INTO telefono_empleado(id_vivero,id_rol,idempleado,telefono_empleado) VALUES (56,3,75,'409-611-7330');
INSERT INTO telefono_empleado(id_vivero,id_rol,idempleado,telefono_empleado) VALUES (82,1,30,'816-248-8196');
INSERT INTO telefono_empleado(id_vivero,id_rol,idempleado,telefono_empleado) VALUES (83,3,14,'747-596-4636');
INSERT INTO telefono_empleado(id_vivero,id_rol,idempleado,telefono_empleado) VALUES (98,1,93,'593-384-7300');
INSERT INTO telefono_empleado(id_vivero,id_rol,idempleado,telefono_empleado) VALUES (84,1,53,'683-319-6820');
INSERT INTO telefono_empleado(id_vivero,id_rol,idempleado,telefono_empleado) VALUES (95,4,50,'122-286-5259');
INSERT INTO telefono_empleado(id_vivero,id_rol,idempleado,telefono_empleado) VALUES (70,3,30,'797-117-6334');
INSERT INTO telefono_empleado(id_vivero,id_rol,idempleado,telefono_empleado) VALUES (55,2,42,'759-989-7977');
INSERT INTO telefono_empleado(id_vivero,id_rol,idempleado,telefono_empleado) VALUES (54,4,56,'205-102-9885');
INSERT INTO telefono_empleado(id_vivero,id_rol,idempleado,telefono_empleado) VALUES (48,4,9,'827-427-7223');
INSERT INTO telefono_empleado(id_vivero,id_rol,idempleado,telefono_empleado) VALUES (40,2,73,'871-428-9792');
INSERT INTO telefono_empleado(id_vivero,id_rol,idempleado,telefono_empleado) VALUES (93,1,64,'982-115-4108');
INSERT INTO telefono_empleado(id_vivero,id_rol,idempleado,telefono_empleado) VALUES (44,3,10,'131-727-0365');
INSERT INTO telefono_empleado(id_vivero,id_rol,idempleado,telefono_empleado) VALUES (43,4,61,'678-712-8586');
INSERT INTO telefono_empleado(id_vivero,id_rol,idempleado,telefono_empleado) VALUES (18,4,65,'355-891-0498');
INSERT INTO telefono_empleado(id_vivero,id_rol,idempleado,telefono_empleado) VALUES (75,2,74,'495-249-9992');
INSERT INTO telefono_empleado(id_vivero,id_rol,idempleado,telefono_empleado) VALUES (42,2,9,'521-527-4754');
INSERT INTO telefono_empleado(id_vivero,id_rol,idempleado,telefono_empleado) VALUES (15,3,40,'497-655-0491');
INSERT INTO telefono_empleado(id_vivero,id_rol,idempleado,telefono_empleado) VALUES (97,3,58,'314-123-0958');
INSERT INTO telefono_empleado(id_vivero,id_rol,idempleado,telefono_empleado) VALUES (76,2,32,'607-385-6481');
INSERT INTO telefono_empleado(id_vivero,id_rol,idempleado,telefono_empleado) VALUES (71,2,4,'777-205-3807');
INSERT INTO telefono_empleado(id_vivero,id_rol,idempleado,telefono_empleado) VALUES (55,3,38,'248-797-2291');
INSERT INTO telefono_empleado(id_vivero,id_rol,idempleado,telefono_empleado) VALUES (15,3,95,'298-691-7670');
INSERT INTO telefono_empleado(id_vivero,id_rol,idempleado,telefono_empleado) VALUES (85,3,40,'490-474-3241');
INSERT INTO telefono_empleado(id_vivero,id_rol,idempleado,telefono_empleado) VALUES (5,1,42,'188-948-7821');
INSERT INTO telefono_empleado(id_vivero,id_rol,idempleado,telefono_empleado) VALUES (18,1,73,'509-778-5231');
INSERT INTO telefono_empleado(id_vivero,id_rol,idempleado,telefono_empleado) VALUES (4,4,14,'431-340-1760');
INSERT INTO telefono_empleado(id_vivero,id_rol,idempleado,telefono_empleado) VALUES (59,4,9,'630-852-9712');
INSERT INTO telefono_empleado(id_vivero,id_rol,idempleado,telefono_empleado) VALUES (23,2,28,'331-654-9373');
INSERT INTO telefono_empleado(id_vivero,id_rol,idempleado,telefono_empleado) VALUES (73,3,77,'578-799-7450');
INSERT INTO telefono_empleado(id_vivero,id_rol,idempleado,telefono_empleado) VALUES (81,4,20,'574-621-2413');
INSERT INTO telefono_empleado(id_vivero,id_rol,idempleado,telefono_empleado) VALUES (82,3,93,'799-487-9461');
INSERT INTO telefono_empleado(id_vivero,id_rol,idempleado,telefono_empleado) VALUES (99,4,94,'751-836-6496');
INSERT INTO telefono_empleado(id_vivero,id_rol,idempleado,telefono_empleado) VALUES (61,3,6,'129-963-0047');
INSERT INTO telefono_empleado(id_vivero,id_rol,idempleado,telefono_empleado) VALUES (24,1,35,'184-604-3795');
INSERT INTO telefono_empleado(id_vivero,id_rol,idempleado,telefono_empleado) VALUES (47,1,77,'524-856-1825');
INSERT INTO telefono_empleado(id_vivero,id_rol,idempleado,telefono_empleado) VALUES (53,3,85,'759-783-3394');
INSERT INTO telefono_empleado(id_vivero,id_rol,idempleado,telefono_empleado) VALUES (79,4,58,'576-499-4766');
INSERT INTO telefono_empleado(id_vivero,id_rol,idempleado,telefono_empleado) VALUES (2,1,78,'584-229-3840');
INSERT INTO telefono_empleado(id_vivero,id_rol,idempleado,telefono_empleado) VALUES (5,1,36,'105-113-3386');
INSERT INTO telefono_empleado(id_vivero,id_rol,idempleado,telefono_empleado) VALUES (98,4,81,'447-233-3441');
INSERT INTO telefono_empleado(id_vivero,id_rol,idempleado,telefono_empleado) VALUES (14,2,21,'987-848-2860');
INSERT INTO telefono_empleado(id_vivero,id_rol,idempleado,telefono_empleado) VALUES (11,4,63,'704-659-4146');
INSERT INTO telefono_empleado(id_vivero,id_rol,idempleado,telefono_empleado) VALUES (12,3,51,'615-601-4721');
INSERT INTO telefono_empleado(id_vivero,id_rol,idempleado,telefono_empleado) VALUES (29,2,85,'768-256-2237');
INSERT INTO telefono_empleado(id_vivero,id_rol,idempleado,telefono_empleado) VALUES (34,2,8,'947-114-5883');
INSERT INTO telefono_empleado(id_vivero,id_rol,idempleado,telefono_empleado) VALUES (27,1,50,'132-366-7802');
INSERT INTO telefono_empleado(id_vivero,id_rol,idempleado,telefono_empleado) VALUES (84,3,62,'872-915-5377');
INSERT INTO telefono_empleado(id_vivero,id_rol,idempleado,telefono_empleado) VALUES (47,2,98,'168-887-3733');
INSERT INTO telefono_empleado(id_vivero,id_rol,idempleado,telefono_empleado) VALUES (62,3,32,'800-753-6513');
INSERT INTO telefono_empleado(id_vivero,id_rol,idempleado,telefono_empleado) VALUES (10,2,75,'150-285-1808');
INSERT INTO telefono_empleado(id_vivero,id_rol,idempleado,telefono_empleado) VALUES (73,3,63,'811-243-9418');
INSERT INTO telefono_empleado(id_vivero,id_rol,idempleado,telefono_empleado) VALUES (22,1,2,'693-196-1182');
INSERT INTO telefono_empleado(id_vivero,id_rol,idempleado,telefono_empleado) VALUES (54,2,12,'612-213-8431');
INSERT INTO telefono_empleado(id_vivero,id_rol,idempleado,telefono_empleado) VALUES (8,3,17,'735-455-7511');
INSERT INTO telefono_empleado(id_vivero,id_rol,idempleado,telefono_empleado) VALUES (57,3,90,'566-485-4406');
INSERT INTO telefono_empleado(id_vivero,id_rol,idempleado,telefono_empleado) VALUES (3,4,70,'632-834-1933');
INSERT INTO telefono_empleado(id_vivero,id_rol,idempleado,telefono_empleado) VALUES (93,2,17,'272-621-1264');
INSERT INTO telefono_empleado(id_vivero,id_rol,idempleado,telefono_empleado) VALUES (92,3,35,'726-661-7266');
INSERT INTO telefono_empleado(id_vivero,id_rol,idempleado,telefono_empleado) VALUES (98,2,43,'820-965-8236');
INSERT INTO telefono_empleado(id_vivero,id_rol,idempleado,telefono_empleado) VALUES (95,4,92,'301-551-0390');
INSERT INTO telefono_empleado(id_vivero,id_rol,idempleado,telefono_empleado) VALUES (4,3,8,'700-235-7339');
INSERT INTO telefono_empleado(id_vivero,id_rol,idempleado,telefono_empleado) VALUES (41,1,3,'148-722-3572');
INSERT INTO telefono_empleado(id_vivero,id_rol,idempleado,telefono_empleado) VALUES (18,1,12,'794-240-5084');
INSERT INTO telefono_empleado(id_vivero,id_rol,idempleado,telefono_empleado) VALUES (69,2,4,'145-462-8248');
INSERT INTO telefono_empleado(id_vivero,id_rol,idempleado,telefono_empleado) VALUES (24,3,76,'465-582-4751');
INSERT INTO telefono_empleado(id_vivero,id_rol,idempleado,telefono_empleado) VALUES (39,1,24,'485-193-2772');
INSERT INTO telefono_empleado(id_vivero,id_rol,idempleado,telefono_empleado) VALUES (38,2,58,'320-131-1021');
INSERT INTO telefono_empleado(id_vivero,id_rol,idempleado,telefono_empleado) VALUES (97,2,58,'275-580-3681');
INSERT INTO telefono_empleado(id_vivero,id_rol,idempleado,telefono_empleado) VALUES (60,1,82,'785-508-0316');
INSERT INTO telefono_empleado(id_vivero,id_rol,idempleado,telefono_empleado) VALUES (48,2,27,'923-766-1646');
INSERT INTO telefono_empleado(id_vivero,id_rol,idempleado,telefono_empleado) VALUES (91,3,49,'554-695-1091');
INSERT INTO telefono_empleado(id_vivero,id_rol,idempleado,telefono_empleado) VALUES (85,4,57,'985-901-3162');
INSERT INTO telefono_empleado(id_vivero,id_rol,idempleado,telefono_empleado) VALUES (77,3,24,'190-302-0141');
INSERT INTO telefono_empleado(id_vivero,id_rol,idempleado,telefono_empleado) VALUES (6,1,52,'211-842-6245');
INSERT INTO telefono_empleado(id_vivero,id_rol,idempleado,telefono_empleado) VALUES (29,2,68,'192-603-2392');
INSERT INTO telefono_empleado(id_vivero,id_rol,idempleado,telefono_empleado) VALUES (7,3,25,'584-148-8133');
INSERT INTO telefono_empleado(id_vivero,id_rol,idempleado,telefono_empleado) VALUES (100,4,68,'693-442-3485');
INSERT INTO telefono_empleado(id_vivero,id_rol,idempleado,telefono_empleado) VALUES (60,1,45,'470-397-9473');
INSERT INTO telefono_empleado(id_vivero,id_rol,idempleado,telefono_empleado) VALUES (97,4,82,'527-622-6758');
INSERT INTO telefono_empleado(id_vivero,id_rol,idempleado,telefono_empleado) VALUES (78,4,19,'140-886-9629');
INSERT INTO telefono_empleado(id_vivero,id_rol,idempleado,telefono_empleado) VALUES (43,4,19,'190-759-7082');
INSERT INTO telefono_empleado(id_vivero,id_rol,idempleado,telefono_empleado) VALUES (50,1,86,'808-555-8569');
INSERT INTO telefono_empleado(id_vivero,id_rol,idempleado,telefono_empleado) VALUES (45,1,80,'458-841-6009');
INSERT INTO telefono_empleado(id_vivero,id_rol,idempleado,telefono_empleado) VALUES (17,3,37,'845-398-4423');
INSERT INTO telefono_empleado(id_vivero,id_rol,idempleado,telefono_empleado) VALUES (8,2,28,'714-884-2306');
INSERT INTO telefono_empleado(id_vivero,id_rol,idempleado,telefono_empleado) VALUES (87,4,19,'794-403-4387');
INSERT INTO telefono_empleado(id_vivero,id_rol,idempleado,telefono_empleado) VALUES (37,4,100,'967-935-6626');
INSERT INTO telefono_empleado(id_vivero,id_rol,idempleado,telefono_empleado) VALUES (44,3,19,'774-685-3386');
INSERT INTO telefono_empleado(id_vivero,id_rol,idempleado,telefono_empleado) VALUES (56,2,64,'505-950-6303');
INSERT INTO telefono_empleado(id_vivero,id_rol,idempleado,telefono_empleado) VALUES (86,3,89,'871-989-0114');
INSERT INTO telefono_empleado(id_vivero,id_rol,idempleado,telefono_empleado) VALUES (69,3,90,'800-420-6230');
INSERT INTO telefono_empleado(id_vivero,id_rol,idempleado,telefono_empleado) VALUES (13,2,7,'862-281-1503');
INSERT INTO telefono_empleado(id_vivero,id_rol,idempleado,telefono_empleado) VALUES (22,4,16,'715-912-6931');
INSERT INTO telefono_empleado(id_vivero,id_rol,idempleado,telefono_empleado) VALUES (10,2,22,'815-873-5773');
INSERT INTO telefono_empleado(id_vivero,id_rol,idempleado,telefono_empleado) VALUES (5,3,70,'212-379-4150');
INSERT INTO telefono_empleado(id_vivero,id_rol,idempleado,telefono_empleado) VALUES (10,3,17,'895-565-6030');
INSERT INTO telefono_empleado(id_vivero,id_rol,idempleado,telefono_empleado) VALUES (96,3,36,'479-345-8098');
INSERT INTO telefono_empleado(id_vivero,id_rol,idempleado,telefono_empleado) VALUES (99,1,95,'648-127-7644');
INSERT INTO telefono_empleado(id_vivero,id_rol,idempleado,telefono_empleado) VALUES (15,3,18,'526-984-9823');
INSERT INTO telefono_empleado(id_vivero,id_rol,idempleado,telefono_empleado) VALUES (12,2,14,'237-810-4279');
INSERT INTO telefono_empleado(id_vivero,id_rol,idempleado,telefono_empleado) VALUES (28,1,39,'442-444-5495');
INSERT INTO telefono_empleado(id_vivero,id_rol,idempleado,telefono_empleado) VALUES (48,4,81,'918-607-5207');
INSERT INTO telefono_empleado(id_vivero,id_rol,idempleado,telefono_empleado) VALUES (59,1,63,'561-782-8831');
INSERT INTO telefono_empleado(id_vivero,id_rol,idempleado,telefono_empleado) VALUES (32,1,95,'435-412-6562');
INSERT INTO telefono_empleado(id_vivero,id_rol,idempleado,telefono_empleado) VALUES (72,2,57,'475-341-1108');
INSERT INTO telefono_empleado(id_vivero,id_rol,idempleado,telefono_empleado) VALUES (11,1,80,'774-314-6993');
INSERT INTO telefono_empleado(id_vivero,id_rol,idempleado,telefono_empleado) VALUES (68,3,6,'975-817-7738');
INSERT INTO telefono_empleado(id_vivero,id_rol,idempleado,telefono_empleado) VALUES (57,3,9,'997-718-4964');
INSERT INTO telefono_empleado(id_vivero,id_rol,idempleado,telefono_empleado) VALUES (15,4,30,'622-363-9864');
INSERT INTO telefono_empleado(id_vivero,id_rol,idempleado,telefono_empleado) VALUES (97,4,65,'703-324-7146');
INSERT INTO telefono_empleado(id_vivero,id_rol,idempleado,telefono_empleado) VALUES (56,3,9,'886-860-2742');
INSERT INTO telefono_empleado(id_vivero,id_rol,idempleado,telefono_empleado) VALUES (75,4,26,'638-135-6387');
INSERT INTO telefono_empleado(id_vivero,id_rol,idempleado,telefono_empleado) VALUES (97,3,77,'790-678-7161');
INSERT INTO telefono_empleado(id_vivero,id_rol,idempleado,telefono_empleado) VALUES (85,1,57,'593-460-7957');
INSERT INTO telefono_empleado(id_vivero,id_rol,idempleado,telefono_empleado) VALUES (61,4,11,'915-269-6603');
INSERT INTO telefono_empleado(id_vivero,id_rol,idempleado,telefono_empleado) VALUES (83,1,26,'350-818-7122');
INSERT INTO telefono_empleado(id_vivero,id_rol,idempleado,telefono_empleado) VALUES (86,2,11,'332-318-5600');
INSERT INTO telefono_empleado(id_vivero,id_rol,idempleado,telefono_empleado) VALUES (57,4,50,'800-635-7884');
INSERT INTO telefono_empleado(id_vivero,id_rol,idempleado,telefono_empleado) VALUES (2,1,29,'725-323-3473');
INSERT INTO telefono_empleado(id_vivero,id_rol,idempleado,telefono_empleado) VALUES (72,3,54,'980-795-4599');
INSERT INTO telefono_empleado(id_vivero,id_rol,idempleado,telefono_empleado) VALUES (76,4,67,'480-195-9929');
INSERT INTO telefono_empleado(id_vivero,id_rol,idempleado,telefono_empleado) VALUES (36,1,74,'615-125-8014');
INSERT INTO telefono_empleado(id_vivero,id_rol,idempleado,telefono_empleado) VALUES (31,2,80,'723-496-7542');
INSERT INTO telefono_empleado(id_vivero,id_rol,idempleado,telefono_empleado) VALUES (22,4,97,'519-163-8230');
INSERT INTO telefono_empleado(id_vivero,id_rol,idempleado,telefono_empleado) VALUES (45,4,92,'195-254-8162');
INSERT INTO telefono_empleado(id_vivero,id_rol,idempleado,telefono_empleado) VALUES (63,3,96,'329-339-7339');
INSERT INTO telefono_empleado(id_vivero,id_rol,idempleado,telefono_empleado) VALUES (65,2,20,'891-124-0910');
INSERT INTO telefono_empleado(id_vivero,id_rol,idempleado,telefono_empleado) VALUES (55,3,98,'790-507-6486');
INSERT INTO telefono_empleado(id_vivero,id_rol,idempleado,telefono_empleado) VALUES (12,1,36,'378-414-0197');
INSERT INTO telefono_empleado(id_vivero,id_rol,idempleado,telefono_empleado) VALUES (77,1,33,'970-352-1255');
INSERT INTO telefono_empleado(id_vivero,id_rol,idempleado,telefono_empleado) VALUES (88,2,42,'341-976-6020');
INSERT INTO telefono_empleado(id_vivero,id_rol,idempleado,telefono_empleado) VALUES (36,4,5,'130-251-3782');
INSERT INTO telefono_empleado(id_vivero,id_rol,idempleado,telefono_empleado) VALUES (54,1,63,'561-213-2353');
INSERT INTO telefono_empleado(id_vivero,id_rol,idempleado,telefono_empleado) VALUES (14,2,94,'795-822-6987');
INSERT INTO telefono_empleado(id_vivero,id_rol,idempleado,telefono_empleado) VALUES (21,1,86,'903-163-3341');
INSERT INTO telefono_empleado(id_vivero,id_rol,idempleado,telefono_empleado) VALUES (50,2,65,'647-141-9298');
INSERT INTO telefono_empleado(id_vivero,id_rol,idempleado,telefono_empleado) VALUES (28,2,57,'434-884-2524');
INSERT INTO telefono_empleado(id_vivero,id_rol,idempleado,telefono_empleado) VALUES (90,1,6,'516-433-7297');
INSERT INTO telefono_empleado(id_vivero,id_rol,idempleado,telefono_empleado) VALUES (70,1,40,'330-700-3258');
INSERT INTO telefono_empleado(id_vivero,id_rol,idempleado,telefono_empleado) VALUES (6,3,9,'295-256-3552');
INSERT INTO telefono_empleado(id_vivero,id_rol,idempleado,telefono_empleado) VALUES (18,2,7,'637-466-7380');
INSERT INTO telefono_empleado(id_vivero,id_rol,idempleado,telefono_empleado) VALUES (6,1,92,'575-619-6931');
INSERT INTO telefono_empleado(id_vivero,id_rol,idempleado,telefono_empleado) VALUES (17,2,40,'222-293-7518');
INSERT INTO telefono_empleado(id_vivero,id_rol,idempleado,telefono_empleado) VALUES (50,3,76,'646-515-5607');



