INSERT INTO vivero(id_vivero,nombre_vivero,fecha_apertura,estado,ciudad,calle,cp) VALUES (1,'Kovacek-Bergstrom','2016-05-22','Nevada','Las Vegas','Old Gate','89160');
INSERT INTO vivero(id_vivero,nombre_vivero,fecha_apertura,estado,ciudad,calle,cp) VALUES (2,'Cummings and Sons','2002-06-18','Pennsylvania','Wilkes Barre','Summit','18768');
INSERT INTO vivero(id_vivero,nombre_vivero,fecha_apertura,estado,ciudad,calle,cp) VALUES (3,'Mante LLC','2002-06-23','Maryland','Laurel','Hollow Ridge','20709');
INSERT INTO vivero(id_vivero,nombre_vivero,fecha_apertura,estado,ciudad,calle,cp) VALUES (4,'Parker-Rolfson','2002-06-04','Colorado','Pueblo','Carioca','81010');
INSERT INTO vivero(id_vivero,nombre_vivero,fecha_apertura,estado,ciudad,calle,cp) VALUES (5,'Shields, McGlynn and Marvin','2014-02-23','Idaho','Boise','Aberg','83722');
INSERT INTO vivero(id_vivero,nombre_vivero,fecha_apertura,estado,ciudad,calle,cp) VALUES (6,'Conroy and Sons','2002-06-07','Ohio','Cleveland','Kingsford','44118');
INSERT INTO vivero(id_vivero,nombre_vivero,fecha_apertura,estado,ciudad,calle,cp) VALUES (7,'Kihn-Metz','2002-06-21','Indiana','Fort Wayne','Melrose','46805');
INSERT INTO vivero(id_vivero,nombre_vivero,fecha_apertura,estado,ciudad,calle,cp) VALUES (8,'Boyer, Heidenreich and Goyette','2016-09-26','Virginia','Reston','Grasskamp','22096');
INSERT INTO vivero(id_vivero,nombre_vivero,fecha_apertura,estado,ciudad,calle,cp) VALUES (9,'Reinger LLC','2002-06-25','Virginia','Norfolk','Trailsway','23520');
INSERT INTO vivero(id_vivero,nombre_vivero,fecha_apertura,estado,ciudad,calle,cp) VALUES (10,'Hudson-Kuhn','2019-10-07','Kentucky','Lexington','Florence','40505');
INSERT INTO vivero(id_vivero,nombre_vivero,fecha_apertura,estado,ciudad,calle,cp) VALUES (11,'Goldner-O''Kon','2015-12-10','Georgia','Atlanta','Warrior','30343');
INSERT INTO vivero(id_vivero,nombre_vivero,fecha_apertura,estado,ciudad,calle,cp) VALUES (12,'Kuhn Inc','2001-12-20','Virginia','Roanoke','Clemons','24024');
INSERT INTO vivero(id_vivero,nombre_vivero,fecha_apertura,estado,ciudad,calle,cp) VALUES (13,'Ferry-Crooks','2013-12-30','Nevada','Carson City','Eggendart','89706');
INSERT INTO vivero(id_vivero,nombre_vivero,fecha_apertura,estado,ciudad,calle,cp) VALUES (14,'Haley-Rohan','2005-01-10','Nevada','North Las Vegas','Arrowood','89036');
INSERT INTO vivero(id_vivero,nombre_vivero,fecha_apertura,estado,ciudad,calle,cp) VALUES (15,'Bergstrom-Sipes','2002-06-20','Indiana','Evansville','Lakeland','47705');
INSERT INTO vivero(id_vivero,nombre_vivero,fecha_apertura,estado,ciudad,calle,cp) VALUES (16,'Schumm-Hackett','2002-06-08','Florida','Tampa','Waubesa','33610');
INSERT INTO vivero(id_vivero,nombre_vivero,fecha_apertura,estado,ciudad,calle,cp) VALUES (17,'Orn-Friesen','2012-12-29','Kentucky','Louisville','Elka','40225');
INSERT INTO vivero(id_vivero,nombre_vivero,fecha_apertura,estado,ciudad,calle,cp) VALUES (18,'Parisian Group','2018-06-04','Kentucky','Lexington','Golf Course','40546');
INSERT INTO vivero(id_vivero,nombre_vivero,fecha_apertura,estado,ciudad,calle,cp) VALUES (19,'Brakus, Kuvalis and Kassulke','2011-04-05','California','San Bernardino','Texas','92410');
INSERT INTO vivero(id_vivero,nombre_vivero,fecha_apertura,estado,ciudad,calle,cp) VALUES (20,'Olson-Hayes','2021-02-09','Pennsylvania','Philadelphia','Blue Bill Park','19104');
INSERT INTO vivero(id_vivero,nombre_vivero,fecha_apertura,estado,ciudad,calle,cp) VALUES (21,'Macejkovic and Sons','2014-11-05','New York','New York City','Loeprich','10120');
INSERT INTO vivero(id_vivero,nombre_vivero,fecha_apertura,estado,ciudad,calle,cp) VALUES (22,'Blanda, Carroll and Pfannerstill','2003-03-10','Texas','Dallas','Dunning','75358');
INSERT INTO vivero(id_vivero,nombre_vivero,fecha_apertura,estado,ciudad,calle,cp) VALUES (23,'Gislason-Dicki','2015-07-12','New York','Utica','Thackeray','13505');
INSERT INTO vivero(id_vivero,nombre_vivero,fecha_apertura,estado,ciudad,calle,cp) VALUES (24,'Kozey, Hayes and Ortiz','2006-08-18','Kentucky','Lexington','Pawling','40576');
INSERT INTO vivero(id_vivero,nombre_vivero,fecha_apertura,estado,ciudad,calle,cp) VALUES (25,'Bailey-Dickinson','2020-05-21','Alabama','Montgomery','Northwestern','36195');
INSERT INTO vivero(id_vivero,nombre_vivero,fecha_apertura,estado,ciudad,calle,cp) VALUES (26,'Littel LLC','2019-08-21','Alaska','Fairbanks','Sunnyside','99790');
INSERT INTO vivero(id_vivero,nombre_vivero,fecha_apertura,estado,ciudad,calle,cp) VALUES (27,'Hauck-Gerhold','2002-06-24','Michigan','Saginaw','Goodland','48609');
INSERT INTO vivero(id_vivero,nombre_vivero,fecha_apertura,estado,ciudad,calle,cp) VALUES (28,'Rohan Inc','2011-04-06','Illinois','East Saint Louis','Stang','62205');
INSERT INTO vivero(id_vivero,nombre_vivero,fecha_apertura,estado,ciudad,calle,cp) VALUES (29,'Hamill Inc','2010-05-17','Missouri','Saint Louis','Hintze','63121');
INSERT INTO vivero(id_vivero,nombre_vivero,fecha_apertura,estado,ciudad,calle,cp) VALUES (30,'Bergstrom and Sons','2012-12-22','Texas','Spring','Ohio','77388');
INSERT INTO vivero(id_vivero,nombre_vivero,fecha_apertura,estado,ciudad,calle,cp) VALUES (31,'Hamill-Heller','2019-07-06','Ohio','Cleveland','Melody','44125');
INSERT INTO vivero(id_vivero,nombre_vivero,fecha_apertura,estado,ciudad,calle,cp) VALUES (32,'Hahn Inc','2002-08-10','Ohio','Columbus','Weeping Birch','43226');
INSERT INTO vivero(id_vivero,nombre_vivero,fecha_apertura,estado,ciudad,calle,cp) VALUES (33,'Marvin, Lakin and Stiedemann','2005-12-05','California','Fresno','Waubesa','93750');
INSERT INTO vivero(id_vivero,nombre_vivero,fecha_apertura,estado,ciudad,calle,cp) VALUES (34,'Kilback and Sons','2008-08-01','Maryland','Baltimore','Stone Corner','21281');
INSERT INTO vivero(id_vivero,nombre_vivero,fecha_apertura,estado,ciudad,calle,cp) VALUES (35,'Rogahn-Conn','2009-09-26','New York','Yonkers','Merry','10705');
INSERT INTO vivero(id_vivero,nombre_vivero,fecha_apertura,estado,ciudad,calle,cp) VALUES (36,'Cruickshank and Sons','2009-06-07','Florida','Tallahassee','Fulton','32309');
INSERT INTO vivero(id_vivero,nombre_vivero,fecha_apertura,estado,ciudad,calle,cp) VALUES (37,'Durgan-Schulist','2003-05-03','District of Columbia','Washington','Vidon','20409');
INSERT INTO vivero(id_vivero,nombre_vivero,fecha_apertura,estado,ciudad,calle,cp) VALUES (38,'Moore Group','2007-01-29','Georgia','Atlanta','Farragut','31190');
INSERT INTO vivero(id_vivero,nombre_vivero,fecha_apertura,estado,ciudad,calle,cp) VALUES (39,'Marvin Group','2019-09-26','Kentucky','Louisville','Del Sol','40205');
INSERT INTO vivero(id_vivero,nombre_vivero,fecha_apertura,estado,ciudad,calle,cp) VALUES (40,'Jerde Group','2004-12-04','New York','Brooklyn','Sunfield','11241');
INSERT INTO vivero(id_vivero,nombre_vivero,fecha_apertura,estado,ciudad,calle,cp) VALUES (41,'Abernathy and Sons','2012-11-19','New York','New York City','Esker','10029');
INSERT INTO vivero(id_vivero,nombre_vivero,fecha_apertura,estado,ciudad,calle,cp) VALUES (42,'Collins, Roberts and Feest','2019-01-07','Florida','Orlando','Waywood','32854');
INSERT INTO vivero(id_vivero,nombre_vivero,fecha_apertura,estado,ciudad,calle,cp) VALUES (43,'Carroll, Champlin and Schroeder','2000-02-25','Texas','El Paso','La Follette','88546');
INSERT INTO vivero(id_vivero,nombre_vivero,fecha_apertura,estado,ciudad,calle,cp) VALUES (44,'Mohr, Schamberger and Mertz','2000-12-04','Indiana','Fort Wayne','Miller','46805');
INSERT INTO vivero(id_vivero,nombre_vivero,fecha_apertura,estado,ciudad,calle,cp) VALUES (45,'Watsica, Reynolds and Yost','2019-03-26','Wisconsin','Madison','Summerview','53726');
INSERT INTO vivero(id_vivero,nombre_vivero,fecha_apertura,estado,ciudad,calle,cp) VALUES (46,'Rippin and Sons','2007-07-19','Arizona','Mesa','New Castle','85215');
INSERT INTO vivero(id_vivero,nombre_vivero,fecha_apertura,estado,ciudad,calle,cp) VALUES (47,'Harvey Inc','2010-01-22','Connecticut','Waterbury','Anzinger','06726');
INSERT INTO vivero(id_vivero,nombre_vivero,fecha_apertura,estado,ciudad,calle,cp) VALUES (48,'Halvorson LLC','2005-04-08','Texas','Corpus Christi','Ridge Oak','78465');
INSERT INTO vivero(id_vivero,nombre_vivero,fecha_apertura,estado,ciudad,calle,cp) VALUES (49,'Schuster-Crist','2007-11-25','Ohio','Columbus','Banding','43204');
INSERT INTO vivero(id_vivero,nombre_vivero,fecha_apertura,estado,ciudad,calle,cp) VALUES (50,'Kessler LLC','2002-01-19','Colorado','Colorado Springs','Scott','80905');
INSERT INTO vivero(id_vivero,nombre_vivero,fecha_apertura,estado,ciudad,calle,cp) VALUES (51,'Dickinson-Metz','2012-04-02','Texas','Houston','Randy','77030');
INSERT INTO vivero(id_vivero,nombre_vivero,fecha_apertura,estado,ciudad,calle,cp) VALUES (52,'Witting-Connelly','2007-04-21','California','Fresno','Stuart','93709');
INSERT INTO vivero(id_vivero,nombre_vivero,fecha_apertura,estado,ciudad,calle,cp) VALUES (53,'Kiehn-Graham','2011-03-09','Louisiana','New Orleans','Eastlawn','70142');
INSERT INTO vivero(id_vivero,nombre_vivero,fecha_apertura,estado,ciudad,calle,cp) VALUES (54,'Lesch LLC','2016-03-27','Arkansas','Little Rock','Muir','72222');
INSERT INTO vivero(id_vivero,nombre_vivero,fecha_apertura,estado,ciudad,calle,cp) VALUES (55,'Borer, Flatley and Stoltenberg','2003-06-19','Georgia','Columbus','Dawn','31914');
INSERT INTO vivero(id_vivero,nombre_vivero,fecha_apertura,estado,ciudad,calle,cp) VALUES (56,'Weber Group','2008-07-15','Illinois','Springfield','Hauk','62705');
INSERT INTO vivero(id_vivero,nombre_vivero,fecha_apertura,estado,ciudad,calle,cp) VALUES (57,'Mohr, Bergstrom and Green','2007-12-11','Missouri','Saint Louis','Hoffman','63136');
INSERT INTO vivero(id_vivero,nombre_vivero,fecha_apertura,estado,ciudad,calle,cp) VALUES (58,'Ratke and Sons','2007-05-19','California','San Francisco','Briar Crest','94132');
INSERT INTO vivero(id_vivero,nombre_vivero,fecha_apertura,estado,ciudad,calle,cp) VALUES (59,'Parker LLC','2021-02-21','District of Columbia','Washington','Sauthoff','20210');
INSERT INTO vivero(id_vivero,nombre_vivero,fecha_apertura,estado,ciudad,calle,cp) VALUES (60,'Hahn, Hackett and Swaniawski','2020-07-07','Arizona','Phoenix','Vera','85099');
INSERT INTO vivero(id_vivero,nombre_vivero,fecha_apertura,estado,ciudad,calle,cp) VALUES (61,'Smith LLC','2010-05-18','District of Columbia','Washington','Kingsford','20260');
INSERT INTO vivero(id_vivero,nombre_vivero,fecha_apertura,estado,ciudad,calle,cp) VALUES (62,'Gusikowski-Weber','2005-12-06','Massachusetts','Springfield','Hanson','01105');
INSERT INTO vivero(id_vivero,nombre_vivero,fecha_apertura,estado,ciudad,calle,cp) VALUES (63,'Marquardt Inc','2022-05-12','Arizona','Phoenix','Nancy','85053');
INSERT INTO vivero(id_vivero,nombre_vivero,fecha_apertura,estado,ciudad,calle,cp) VALUES (64,'Jerde, Stark and Hilpert','2021-07-20','Texas','Dallas','Crest Line','75353');
INSERT INTO vivero(id_vivero,nombre_vivero,fecha_apertura,estado,ciudad,calle,cp) VALUES (65,'Mayer-Jerde','2021-02-23','California','San Bernardino','Lukken','92415');
INSERT INTO vivero(id_vivero,nombre_vivero,fecha_apertura,estado,ciudad,calle,cp) VALUES (66,'Turner, Reichert and Wiza','2007-09-19','Tennessee','Memphis','Del Mar','38197');
INSERT INTO vivero(id_vivero,nombre_vivero,fecha_apertura,estado,ciudad,calle,cp) VALUES (67,'Jones, Davis and Tillman','2022-01-02','Alaska','Anchorage','Reinke','99522');
INSERT INTO vivero(id_vivero,nombre_vivero,fecha_apertura,estado,ciudad,calle,cp) VALUES (68,'Fisher, Mitchell and Torphy','2008-05-09','Nevada','North Las Vegas','Shopko','89087');
INSERT INTO vivero(id_vivero,nombre_vivero,fecha_apertura,estado,ciudad,calle,cp) VALUES (69,'Terry and Sons','2006-12-21','Florida','Lakeland','Blue Bill Park','33805');
INSERT INTO vivero(id_vivero,nombre_vivero,fecha_apertura,estado,ciudad,calle,cp) VALUES (70,'Glover-Abshire','2009-10-19','Kentucky','Frankfort','Old Gate','40618');
INSERT INTO vivero(id_vivero,nombre_vivero,fecha_apertura,estado,ciudad,calle,cp) VALUES (71,'Jerde and Sons','2007-01-27','Texas','El Paso','Golden Leaf','79977');
INSERT INTO vivero(id_vivero,nombre_vivero,fecha_apertura,estado,ciudad,calle,cp) VALUES (72,'Dach-Hermiston','2001-11-04','Michigan','Lansing','Sycamore','48956');
INSERT INTO vivero(id_vivero,nombre_vivero,fecha_apertura,estado,ciudad,calle,cp) VALUES (73,'Moen, Larson and Ernser','2007-04-13','New York','New York City','Killdeer','10105');
INSERT INTO vivero(id_vivero,nombre_vivero,fecha_apertura,estado,ciudad,calle,cp) VALUES (74,'Pfannerstill Inc','2009-08-30','Connecticut','Bridgeport','Crest Line','06606');
INSERT INTO vivero(id_vivero,nombre_vivero,fecha_apertura,estado,ciudad,calle,cp) VALUES (75,'Muller, Leannon and DuBuque','2019-07-27','Alabama','Huntsville','Gateway','35810');
INSERT INTO vivero(id_vivero,nombre_vivero,fecha_apertura,estado,ciudad,calle,cp) VALUES (76,'Christiansen LLC','2017-10-07','Texas','El Paso','7th','79945');
INSERT INTO vivero(id_vivero,nombre_vivero,fecha_apertura,estado,ciudad,calle,cp) VALUES (77,'Armstrong-Bechtelar','2006-09-11','Florida','Naples','Jenifer','33963');
INSERT INTO vivero(id_vivero,nombre_vivero,fecha_apertura,estado,ciudad,calle,cp) VALUES (78,'Stroman-Cassin','2022-10-04','Oregon','Portland','Talisman','97201');
INSERT INTO vivero(id_vivero,nombre_vivero,fecha_apertura,estado,ciudad,calle,cp) VALUES (79,'Huel-Cole','2008-09-14','Maryland','Baltimore','Buena Vista','21229');
INSERT INTO vivero(id_vivero,nombre_vivero,fecha_apertura,estado,ciudad,calle,cp) VALUES (80,'Beier, Kling and Terry','2016-02-13','California','Fresno','Caliangt','93740');
INSERT INTO vivero(id_vivero,nombre_vivero,fecha_apertura,estado,ciudad,calle,cp) VALUES (81,'Rolfson, Swaniawski and Fahey','2005-02-18','New York','New York City','Grasskamp','10170');
INSERT INTO vivero(id_vivero,nombre_vivero,fecha_apertura,estado,ciudad,calle,cp) VALUES (82,'Feest, Block and Zemlak','2005-07-01','Arizona','Chandler','Everett','85246');
INSERT INTO vivero(id_vivero,nombre_vivero,fecha_apertura,estado,ciudad,calle,cp) VALUES (83,'Bogan LLC','2009-06-30','Georgia','Atlanta','Sunfield','31119');
INSERT INTO vivero(id_vivero,nombre_vivero,fecha_apertura,estado,ciudad,calle,cp) VALUES (84,'Boyle Inc','2007-04-28','California','Orange','Grim','92668');
INSERT INTO vivero(id_vivero,nombre_vivero,fecha_apertura,estado,ciudad,calle,cp) VALUES (85,'Rolfson, Cartwright and Gleason','2003-12-31','West Virginia','Charleston','Division','25331');
INSERT INTO vivero(id_vivero,nombre_vivero,fecha_apertura,estado,ciudad,calle,cp) VALUES (86,'Ward Group','2009-12-28','Tennessee','Chattanooga','Continental','37450');
INSERT INTO vivero(id_vivero,nombre_vivero,fecha_apertura,estado,ciudad,calle,cp) VALUES (87,'Cartwright Inc','2000-04-29','California','Simi Valley','Graceland','93094');
INSERT INTO vivero(id_vivero,nombre_vivero,fecha_apertura,estado,ciudad,calle,cp) VALUES (88,'Tromp and Sons','2021-05-31','Pennsylvania','Philadelphia','Shelley','19160');
INSERT INTO vivero(id_vivero,nombre_vivero,fecha_apertura,estado,ciudad,calle,cp) VALUES (89,'Satterfield-Kertzmann','2022-02-05','New Jersey','Newark','Scoville','07188');
INSERT INTO vivero(id_vivero,nombre_vivero,fecha_apertura,estado,ciudad,calle,cp) VALUES (90,'Will-Rutherford','2009-06-27','California','Redwood City','Debs','94064');
INSERT INTO vivero(id_vivero,nombre_vivero,fecha_apertura,estado,ciudad,calle,cp) VALUES (91,'Carter-Lang','2007-04-09','Utah','Provo','Leroy','84605');
INSERT INTO vivero(id_vivero,nombre_vivero,fecha_apertura,estado,ciudad,calle,cp) VALUES (92,'Anderson LLC','2013-03-27','Arizona','Prescott','Troy','86305');
INSERT INTO vivero(id_vivero,nombre_vivero,fecha_apertura,estado,ciudad,calle,cp) VALUES (93,'Wyman, Ernser and Predovic','2016-06-24','Kentucky','Louisville','Pennsylvania','40215');
INSERT INTO vivero(id_vivero,nombre_vivero,fecha_apertura,estado,ciudad,calle,cp) VALUES (94,'Wiza Group','2020-06-21','New York','Albany','Comanche','12242');
INSERT INTO vivero(id_vivero,nombre_vivero,fecha_apertura,estado,ciudad,calle,cp) VALUES (95,'Emard-Klein','2005-05-01','Tennessee','Knoxville','Pawling','37939');
INSERT INTO vivero(id_vivero,nombre_vivero,fecha_apertura,estado,ciudad,calle,cp) VALUES (96,'Bernhard-Simonis','2002-04-06','Texas','Arlington','Debs','76004');
INSERT INTO vivero(id_vivero,nombre_vivero,fecha_apertura,estado,ciudad,calle,cp) VALUES (97,'Bernier-Daniel','2017-08-06','Idaho','Boise','Shopko','83722');
INSERT INTO vivero(id_vivero,nombre_vivero,fecha_apertura,estado,ciudad,calle,cp) VALUES (98,'Kertzmann-Swift','2000-11-30','Pennsylvania','Philadelphia','Burrows','19136');
INSERT INTO vivero(id_vivero,nombre_vivero,fecha_apertura,estado,ciudad,calle,cp) VALUES (99,'Jakubowski and Sons','2012-01-27','Texas','Arlington','Mccormick','76004');
INSERT INTO vivero(id_vivero,nombre_vivero,fecha_apertura,estado,ciudad,calle,cp) VALUES (100,'Nolan-Fritsch','2004-04-06','Colorado','Denver','Quincy','80209');

INSERT INTO c_tipo_planta(id_tp,descripcion) VALUES (1,'Nulla ac enim.');
INSERT INTO c_tipo_planta(id_tp,descripcion) VALUES (2,'Nulla ac enim.');
INSERT INTO c_tipo_planta(id_tp,descripcion) VALUES (3,'Vivamus metus arcu, adipiscing molestie, hendrerit at, vulputate vitae, nisl.');
INSERT INTO c_tipo_planta(id_tp,descripcion) VALUES (4,'Fusce consequat.');
INSERT INTO c_tipo_planta(id_tp,descripcion) VALUES (5,'Curabitur at ipsum ac tellus semper interdum.');
INSERT INTO c_tipo_planta(id_tp,descripcion) VALUES (6,'Cras pellentesque volutpat dui.');
INSERT INTO c_tipo_planta(id_tp,descripcion) VALUES (7,'Nulla ac enim.');
INSERT INTO c_tipo_planta(id_tp,descripcion) VALUES (8,'Ut at dolor quis odio consequat varius.');
INSERT INTO c_tipo_planta(id_tp,descripcion) VALUES (9,'Nunc rhoncus dui vel sem.');
INSERT INTO c_tipo_planta(id_tp,descripcion) VALUES (10,'Mauris lacinia sapien quis libero.');
INSERT INTO c_tipo_planta(id_tp,descripcion) VALUES (11,'Curabitur convallis.');
INSERT INTO c_tipo_planta(id_tp,descripcion) VALUES (12,'Fusce consequat.');
INSERT INTO c_tipo_planta(id_tp,descripcion) VALUES (13,'Praesent blandit lacinia erat.');
INSERT INTO c_tipo_planta(id_tp,descripcion) VALUES (14,'Maecenas tincidunt lacus at velit.');
INSERT INTO c_tipo_planta(id_tp,descripcion) VALUES (15,'Maecenas tristique, est et tempus semper, est quam pharetra magna, ac consequat metus sapien ut nunc.');
INSERT INTO c_tipo_planta(id_tp,descripcion) VALUES (16,'Nunc nisl.');
INSERT INTO c_tipo_planta(id_tp,descripcion) VALUES (17,'Proin interdum mauris non ligula pellentesque ultrices.');
INSERT INTO c_tipo_planta(id_tp,descripcion) VALUES (18,'Nulla ut erat id mauris vulputate elementum.');
INSERT INTO c_tipo_planta(id_tp,descripcion) VALUES (19,'Integer ac leo.');
INSERT INTO c_tipo_planta(id_tp,descripcion) VALUES (20,'Vivamus vel nulla eget eros elementum pellentesque.');
INSERT INTO c_tipo_planta(id_tp,descripcion) VALUES (21,'Praesent blandit.');
INSERT INTO c_tipo_planta(id_tp,descripcion) VALUES (22,'Maecenas tristique, est et tempus semper, est quam pharetra magna, ac consequat metus sapien ut nunc.');
INSERT INTO c_tipo_planta(id_tp,descripcion) VALUES (23,'Sed sagittis.');
INSERT INTO c_tipo_planta(id_tp,descripcion) VALUES (24,'Nullam molestie nibh in lectus.');
INSERT INTO c_tipo_planta(id_tp,descripcion) VALUES (25,'Phasellus in felis.');
INSERT INTO c_tipo_planta(id_tp,descripcion) VALUES (26,'Pellentesque eget nunc.');
INSERT INTO c_tipo_planta(id_tp,descripcion) VALUES (27,'Donec diam neque, vestibulum eget, vulputate ut, ultrices vel, augue.');
INSERT INTO c_tipo_planta(id_tp,descripcion) VALUES (28,'Sed accumsan felis.');
INSERT INTO c_tipo_planta(id_tp,descripcion) VALUES (29,'Cras pellentesque volutpat dui.');
INSERT INTO c_tipo_planta(id_tp,descripcion) VALUES (30,'Proin eu mi.');
INSERT INTO c_tipo_planta(id_tp,descripcion) VALUES (31,'Fusce congue, diam id ornare imperdiet, sapien urna pretium nisl, ut volutpat sapien arcu sed augue.');
INSERT INTO c_tipo_planta(id_tp,descripcion) VALUES (32,'Vivamus in felis eu sapien cursus vestibulum.');
INSERT INTO c_tipo_planta(id_tp,descripcion) VALUES (33,'Cum sociis natoque penatibus et magnis dis parturient montes, nascetur ridiculus mus.');
INSERT INTO c_tipo_planta(id_tp,descripcion) VALUES (34,'Etiam pretium iaculis justo.');
INSERT INTO c_tipo_planta(id_tp,descripcion) VALUES (35,'Duis aliquam convallis nunc.');
INSERT INTO c_tipo_planta(id_tp,descripcion) VALUES (36,'Integer ac leo.');
INSERT INTO c_tipo_planta(id_tp,descripcion) VALUES (37,'Aenean auctor gravida sem.');
INSERT INTO c_tipo_planta(id_tp,descripcion) VALUES (38,'Quisque erat eros, viverra eget, congue eget, semper rutrum, nulla.');
INSERT INTO c_tipo_planta(id_tp,descripcion) VALUES (39,'Nulla suscipit ligula in lacus.');
INSERT INTO c_tipo_planta(id_tp,descripcion) VALUES (40,'Nulla suscipit ligula in lacus.');
INSERT INTO c_tipo_planta(id_tp,descripcion) VALUES (41,'Pellentesque eget nunc.');
INSERT INTO c_tipo_planta(id_tp,descripcion) VALUES (42,'Maecenas rhoncus aliquam lacus.');
INSERT INTO c_tipo_planta(id_tp,descripcion) VALUES (43,'Nulla mollis molestie lorem.');
INSERT INTO c_tipo_planta(id_tp,descripcion) VALUES (44,'Etiam pretium iaculis justo.');
INSERT INTO c_tipo_planta(id_tp,descripcion) VALUES (45,'Pellentesque eget nunc.');
INSERT INTO c_tipo_planta(id_tp,descripcion) VALUES (46,'In sagittis dui vel nisl.');
INSERT INTO c_tipo_planta(id_tp,descripcion) VALUES (47,'Donec ut mauris eget massa tempor convallis.');
INSERT INTO c_tipo_planta(id_tp,descripcion) VALUES (48,'In est risus, auctor sed, tristique in, tempus sit amet, sem.');
INSERT INTO c_tipo_planta(id_tp,descripcion) VALUES (49,'In eleifend quam a odio.');
INSERT INTO c_tipo_planta(id_tp,descripcion) VALUES (50,'Vestibulum ac est lacinia nisi venenatis tristique.');
INSERT INTO c_tipo_planta(id_tp,descripcion) VALUES (51,'Curabitur in libero ut massa volutpat convallis.');
INSERT INTO c_tipo_planta(id_tp,descripcion) VALUES (52,'Aliquam sit amet diam in magna bibendum imperdiet.');
INSERT INTO c_tipo_planta(id_tp,descripcion) VALUES (53,'Phasellus sit amet erat.');
INSERT INTO c_tipo_planta(id_tp,descripcion) VALUES (54,'Praesent blandit.');
INSERT INTO c_tipo_planta(id_tp,descripcion) VALUES (55,'Maecenas tincidunt lacus at velit.');
INSERT INTO c_tipo_planta(id_tp,descripcion) VALUES (56,'Integer ac leo.');
INSERT INTO c_tipo_planta(id_tp,descripcion) VALUES (57,'Praesent id massa id nisl venenatis lacinia.');
INSERT INTO c_tipo_planta(id_tp,descripcion) VALUES (58,'Suspendisse potenti.');
INSERT INTO c_tipo_planta(id_tp,descripcion) VALUES (59,'Proin risus.');
INSERT INTO c_tipo_planta(id_tp,descripcion) VALUES (60,'Morbi ut odio.');
INSERT INTO c_tipo_planta(id_tp,descripcion) VALUES (61,'Integer a nibh.');
INSERT INTO c_tipo_planta(id_tp,descripcion) VALUES (62,'In eleifend quam a odio.');
INSERT INTO c_tipo_planta(id_tp,descripcion) VALUES (63,'Nullam orci pede, venenatis non, sodales sed, tincidunt eu, felis.');
INSERT INTO c_tipo_planta(id_tp,descripcion) VALUES (64,'Maecenas leo odio, condimentum id, luctus nec, molestie sed, justo.');
INSERT INTO c_tipo_planta(id_tp,descripcion) VALUES (65,'Duis at velit eu est congue elementum.');
INSERT INTO c_tipo_planta(id_tp,descripcion) VALUES (66,'Suspendisse potenti.');
INSERT INTO c_tipo_planta(id_tp,descripcion) VALUES (67,'Quisque porta volutpat erat.');
INSERT INTO c_tipo_planta(id_tp,descripcion) VALUES (68,'Pellentesque eget nunc.');
INSERT INTO c_tipo_planta(id_tp,descripcion) VALUES (69,'Cum sociis natoque penatibus et magnis dis parturient montes, nascetur ridiculus mus.');
INSERT INTO c_tipo_planta(id_tp,descripcion) VALUES (70,'Praesent blandit.');
INSERT INTO c_tipo_planta(id_tp,descripcion) VALUES (71,'Mauris sit amet eros.');
INSERT INTO c_tipo_planta(id_tp,descripcion) VALUES (72,'Aliquam erat volutpat.');
INSERT INTO c_tipo_planta(id_tp,descripcion) VALUES (73,'Quisque erat eros, viverra eget, congue eget, semper rutrum, nulla.');
INSERT INTO c_tipo_planta(id_tp,descripcion) VALUES (74,'Morbi odio odio, elementum eu, interdum eu, tincidunt in, leo.');
INSERT INTO c_tipo_planta(id_tp,descripcion) VALUES (75,'Nullam varius.');
INSERT INTO c_tipo_planta(id_tp,descripcion) VALUES (76,'Sed accumsan felis.');
INSERT INTO c_tipo_planta(id_tp,descripcion) VALUES (77,'Nulla tellus.');
INSERT INTO c_tipo_planta(id_tp,descripcion) VALUES (78,'Nam congue, risus semper porta volutpat, quam pede lobortis ligula, sit amet eleifend pede libero quis orci.');
INSERT INTO c_tipo_planta(id_tp,descripcion) VALUES (79,'Donec semper sapien a libero.');
INSERT INTO c_tipo_planta(id_tp,descripcion) VALUES (80,'Fusce consequat.');
INSERT INTO c_tipo_planta(id_tp,descripcion) VALUES (81,'Phasellus in felis.');
INSERT INTO c_tipo_planta(id_tp,descripcion) VALUES (82,'Etiam justo.');
INSERT INTO c_tipo_planta(id_tp,descripcion) VALUES (83,'Curabitur at ipsum ac tellus semper interdum.');
INSERT INTO c_tipo_planta(id_tp,descripcion) VALUES (84,'Quisque id justo sit amet sapien dignissim vestibulum.');
INSERT INTO c_tipo_planta(id_tp,descripcion) VALUES (85,'Aliquam erat volutpat.');
INSERT INTO c_tipo_planta(id_tp,descripcion) VALUES (86,'Cras pellentesque volutpat dui.');
INSERT INTO c_tipo_planta(id_tp,descripcion) VALUES (87,'Quisque ut erat.');
INSERT INTO c_tipo_planta(id_tp,descripcion) VALUES (88,'Nullam sit amet turpis elementum ligula vehicula consequat.');
INSERT INTO c_tipo_planta(id_tp,descripcion) VALUES (89,'Pellentesque viverra pede ac diam.');
INSERT INTO c_tipo_planta(id_tp,descripcion) VALUES (90,'Integer tincidunt ante vel ipsum.');
INSERT INTO c_tipo_planta(id_tp,descripcion) VALUES (91,'In hac habitasse platea dictumst.');
INSERT INTO c_tipo_planta(id_tp,descripcion) VALUES (92,'Integer a nibh.');
INSERT INTO c_tipo_planta(id_tp,descripcion) VALUES (93,'Vestibulum quam sapien, varius ut, blandit non, interdum in, ante.');
INSERT INTO c_tipo_planta(id_tp,descripcion) VALUES (94,'Vestibulum ac est lacinia nisi venenatis tristique.');
INSERT INTO c_tipo_planta(id_tp,descripcion) VALUES (95,'Pellentesque ultrices mattis odio.');
INSERT INTO c_tipo_planta(id_tp,descripcion) VALUES (96,'Donec diam neque, vestibulum eget, vulputate ut, ultrices vel, augue.');
INSERT INTO c_tipo_planta(id_tp,descripcion) VALUES (97,'In congue.');
INSERT INTO c_tipo_planta(id_tp,descripcion) VALUES (98,'Cras in purus eu magna vulputate luctus.');
INSERT INTO c_tipo_planta(id_tp,descripcion) VALUES (99,'Aliquam non mauris.');
INSERT INTO c_tipo_planta(id_tp,descripcion) VALUES (100,'Suspendisse accumsan tortor quis turpis.');
INSERT INTO c_tipo_planta(id_tp,descripcion) VALUES (101,'Aliquam non mauris.');
INSERT INTO c_tipo_planta(id_tp,descripcion) VALUES (102,'Curabitur in libero ut massa volutpat convallis.');
INSERT INTO c_tipo_planta(id_tp,descripcion) VALUES (103,'Morbi vel lectus in quam fringilla rhoncus.');
INSERT INTO c_tipo_planta(id_tp,descripcion) VALUES (104,'In congue.');
INSERT INTO c_tipo_planta(id_tp,descripcion) VALUES (105,'Donec ut mauris eget massa tempor convallis.');
INSERT INTO c_tipo_planta(id_tp,descripcion) VALUES (106,'Ut tellus.');
INSERT INTO c_tipo_planta(id_tp,descripcion) VALUES (107,'Maecenas tristique, est et tempus semper, est quam pharetra magna, ac consequat metus sapien ut nunc.');
INSERT INTO c_tipo_planta(id_tp,descripcion) VALUES (108,'Quisque ut erat.');
INSERT INTO c_tipo_planta(id_tp,descripcion) VALUES (109,'Nulla facilisi.');
INSERT INTO c_tipo_planta(id_tp,descripcion) VALUES (110,'Donec diam neque, vestibulum eget, vulputate ut, ultrices vel, augue.');
INSERT INTO c_tipo_planta(id_tp,descripcion) VALUES (111,'In est risus, auctor sed, tristique in, tempus sit amet, sem.');
INSERT INTO c_tipo_planta(id_tp,descripcion) VALUES (112,'Ut at dolor quis odio consequat varius.');
INSERT INTO c_tipo_planta(id_tp,descripcion) VALUES (113,'Sed sagittis.');
INSERT INTO c_tipo_planta(id_tp,descripcion) VALUES (114,'Aenean fermentum.');
INSERT INTO c_tipo_planta(id_tp,descripcion) VALUES (115,'Morbi vel lectus in quam fringilla rhoncus.');
INSERT INTO c_tipo_planta(id_tp,descripcion) VALUES (116,'Pellentesque eget nunc.');
INSERT INTO c_tipo_planta(id_tp,descripcion) VALUES (117,'Quisque porta volutpat erat.');
INSERT INTO c_tipo_planta(id_tp,descripcion) VALUES (118,'Phasellus id sapien in sapien iaculis congue.');
INSERT INTO c_tipo_planta(id_tp,descripcion) VALUES (119,'Nulla tellus.');
INSERT INTO c_tipo_planta(id_tp,descripcion) VALUES (120,'Morbi non quam nec dui luctus rutrum.');
INSERT INTO c_tipo_planta(id_tp,descripcion) VALUES (121,'Duis ac nibh.');
INSERT INTO c_tipo_planta(id_tp,descripcion) VALUES (122,'Duis consequat dui nec nisi volutpat eleifend.');
INSERT INTO c_tipo_planta(id_tp,descripcion) VALUES (123,'Morbi non lectus.');
INSERT INTO c_tipo_planta(id_tp,descripcion) VALUES (124,'Morbi non lectus.');
INSERT INTO c_tipo_planta(id_tp,descripcion) VALUES (125,'Cras non velit nec nisi vulputate nonummy.');
INSERT INTO c_tipo_planta(id_tp,descripcion) VALUES (126,'Fusce lacus purus, aliquet at, feugiat non, pretium quis, lectus.');
INSERT INTO c_tipo_planta(id_tp,descripcion) VALUES (127,'Donec dapibus.');
INSERT INTO c_tipo_planta(id_tp,descripcion) VALUES (128,'Morbi non quam nec dui luctus rutrum.');
INSERT INTO c_tipo_planta(id_tp,descripcion) VALUES (129,'Vestibulum rutrum rutrum neque.');
INSERT INTO c_tipo_planta(id_tp,descripcion) VALUES (130,'In hac habitasse platea dictumst.');
INSERT INTO c_tipo_planta(id_tp,descripcion) VALUES (131,'Morbi quis tortor id nulla ultrices aliquet.');
INSERT INTO c_tipo_planta(id_tp,descripcion) VALUES (132,'Ut at dolor quis odio consequat varius.');
INSERT INTO c_tipo_planta(id_tp,descripcion) VALUES (133,'Vivamus tortor.');
INSERT INTO c_tipo_planta(id_tp,descripcion) VALUES (134,'Cras mi pede, malesuada in, imperdiet et, commodo vulputate, justo.');
INSERT INTO c_tipo_planta(id_tp,descripcion) VALUES (135,'Maecenas tincidunt lacus at velit.');
INSERT INTO c_tipo_planta(id_tp,descripcion) VALUES (136,'Cum sociis natoque penatibus et magnis dis parturient montes, nascetur ridiculus mus.');
INSERT INTO c_tipo_planta(id_tp,descripcion) VALUES (137,'Proin eu mi.');
INSERT INTO c_tipo_planta(id_tp,descripcion) VALUES (138,'Curabitur at ipsum ac tellus semper interdum.');
INSERT INTO c_tipo_planta(id_tp,descripcion) VALUES (139,'Maecenas ut massa quis augue luctus tincidunt.');
INSERT INTO c_tipo_planta(id_tp,descripcion) VALUES (140,'Vivamus in felis eu sapien cursus vestibulum.');
INSERT INTO c_tipo_planta(id_tp,descripcion) VALUES (141,'In blandit ultrices enim.');
INSERT INTO c_tipo_planta(id_tp,descripcion) VALUES (142,'In congue.');
INSERT INTO c_tipo_planta(id_tp,descripcion) VALUES (143,'Cras non velit nec nisi vulputate nonummy.');
INSERT INTO c_tipo_planta(id_tp,descripcion) VALUES (144,'Vestibulum quam sapien, varius ut, blandit non, interdum in, ante.');
INSERT INTO c_tipo_planta(id_tp,descripcion) VALUES (145,'Nam ultrices, libero non mattis pulvinar, nulla pede ullamcorper augue, a suscipit nulla elit ac nulla.');
INSERT INTO c_tipo_planta(id_tp,descripcion) VALUES (146,'Cras pellentesque volutpat dui.');
INSERT INTO c_tipo_planta(id_tp,descripcion) VALUES (147,'Donec ut mauris eget massa tempor convallis.');
INSERT INTO c_tipo_planta(id_tp,descripcion) VALUES (148,'Vivamus metus arcu, adipiscing molestie, hendrerit at, vulputate vitae, nisl.');
INSERT INTO c_tipo_planta(id_tp,descripcion) VALUES (149,'Nullam orci pede, venenatis non, sodales sed, tincidunt eu, felis.');
INSERT INTO c_tipo_planta(id_tp,descripcion) VALUES (150,'Morbi ut odio.');

INSERT INTO planta(id_planta,id_vivero,id_tp,precio,fecha_germinacion,sustrato,genero,nombre_planta) VALUES (1,10,56,815,'2022-05-26','Stone','Gasteria','Amazon Sprangletop');
INSERT INTO planta(id_planta,id_vivero,id_tp,precio,fecha_germinacion,sustrato,genero,nombre_planta) VALUES (2,28,79,266,'2022-04-14','Stone','Gasteria','Zapata Bladderpod');
INSERT INTO planta(id_planta,id_vivero,id_tp,precio,fecha_germinacion,sustrato,genero,nombre_planta) VALUES (3,6,105,052,'2022-06-15','Steel','Haworthia','Waioli Valley Maiden Fern');
INSERT INTO planta(id_planta,id_vivero,id_tp,precio,fecha_germinacion,sustrato,genero,nombre_planta) VALUES (4,32,83,768,'2022-07-19','Vinyl','Gasteria','Fringepod');
INSERT INTO planta(id_planta,id_vivero,id_tp,precio,fecha_germinacion,sustrato,genero,nombre_planta) VALUES (5,25,35,168,'2022-05-22','Aluminum','Gasteria','Desmatodon Moss');
INSERT INTO planta(id_planta,id_vivero,id_tp,precio,fecha_germinacion,sustrato,genero,nombre_planta) VALUES (6,93,31,587,'2022-09-24','Wood','Gasteria','Bipinnate Princesplume');
INSERT INTO planta(id_planta,id_vivero,id_tp,precio,fecha_germinacion,sustrato,genero,nombre_planta) VALUES (7,77,135,636,'2022-07-20','Plastic','Gasteria','Wart Lichen');
INSERT INTO planta(id_planta,id_vivero,id_tp,precio,fecha_germinacion,sustrato,genero,nombre_planta) VALUES (8,9,48,425,'2022-10-16','Brass','Haworthia','Ash Creek Mousetail');
INSERT INTO planta(id_planta,id_vivero,id_tp,precio,fecha_germinacion,sustrato,genero,nombre_planta) VALUES (9,14,130,933,'2022-01-15','Plastic','Gasteria','Dawn Redwood');
INSERT INTO planta(id_planta,id_vivero,id_tp,precio,fecha_germinacion,sustrato,genero,nombre_planta) VALUES (10,91,41,128,'2022-02-11','Plastic','Haworthia','Niger Copal Tree');
INSERT INTO planta(id_planta,id_vivero,id_tp,precio,fecha_germinacion,sustrato,genero,nombre_planta) VALUES (11,35,20,646,'2022-01-22','Stone','Haworthia','Flowers'' Candle Snuffer Moss');
INSERT INTO planta(id_planta,id_vivero,id_tp,precio,fecha_germinacion,sustrato,genero,nombre_planta) VALUES (12,91,135,043,'2022-03-13','Plexiglass','Haworthia','Indianbush');
INSERT INTO planta(id_planta,id_vivero,id_tp,precio,fecha_germinacion,sustrato,genero,nombre_planta) VALUES (13,13,62,003,'2022-10-21','Aluminum','Gasteria','Beardtongue');
INSERT INTO planta(id_planta,id_vivero,id_tp,precio,fecha_germinacion,sustrato,genero,nombre_planta) VALUES (14,41,97,598,'2022-10-06','Wood','Haworthia','Woodland Passionflower');
INSERT INTO planta(id_planta,id_vivero,id_tp,precio,fecha_germinacion,sustrato,genero,nombre_planta) VALUES (15,21,36,177,'2022-09-24','Wood','Gasteria','Ginseng');
INSERT INTO planta(id_planta,id_vivero,id_tp,precio,fecha_germinacion,sustrato,genero,nombre_planta) VALUES (16,89,49,480,'2022-11-01','Steel','Gasteria','Panamint Mountains Bedstraw');
INSERT INTO planta(id_planta,id_vivero,id_tp,precio,fecha_germinacion,sustrato,genero,nombre_planta) VALUES (17,89,28,356,'2022-02-08','Glass','Haworthia','Flatspine Stickseed');
INSERT INTO planta(id_planta,id_vivero,id_tp,precio,fecha_germinacion,sustrato,genero,nombre_planta) VALUES (18,53,76,767,'2022-06-28','Glass','Gasteria','Old Man''s Whiskers');
INSERT INTO planta(id_planta,id_vivero,id_tp,precio,fecha_germinacion,sustrato,genero,nombre_planta) VALUES (19,97,117,099,'2022-01-20','Steel','Gasteria','California Buckthorn');
INSERT INTO planta(id_planta,id_vivero,id_tp,precio,fecha_germinacion,sustrato,genero,nombre_planta) VALUES (20,69,67,656,'2022-10-08','Vinyl','Gasteria','Longleaf Plume Fern');
INSERT INTO planta(id_planta,id_vivero,id_tp,precio,fecha_germinacion,sustrato,genero,nombre_planta) VALUES (21,72,13,802,'2022-07-08','Granite','Gasteria','Capetown Grass');
INSERT INTO planta(id_planta,id_vivero,id_tp,precio,fecha_germinacion,sustrato,genero,nombre_planta) VALUES (22,29,61,412,'2022-07-16','Stone','Gasteria','Splachnoid Dung Moss');
INSERT INTO planta(id_planta,id_vivero,id_tp,precio,fecha_germinacion,sustrato,genero,nombre_planta) VALUES (23,16,50,883,'2022-07-01','Aluminum','Haworthia','Fahkahatchee Bluethread');
INSERT INTO planta(id_planta,id_vivero,id_tp,precio,fecha_germinacion,sustrato,genero,nombre_planta) VALUES (24,87,57,514,'2022-03-30','Vinyl','Gasteria','Fourleaf Mare''s-tail');
INSERT INTO planta(id_planta,id_vivero,id_tp,precio,fecha_germinacion,sustrato,genero,nombre_planta) VALUES (25,92,42,616,'2022-10-16','Steel','Gasteria','Snow Grass');
INSERT INTO planta(id_planta,id_vivero,id_tp,precio,fecha_germinacion,sustrato,genero,nombre_planta) VALUES (26,25,53,986,'2022-06-17','Aluminum','Haworthia','Temple Juniper');
INSERT INTO planta(id_planta,id_vivero,id_tp,precio,fecha_germinacion,sustrato,genero,nombre_planta) VALUES (27,14,20,425,'2022-04-24','Steel','Haworthia','Nomaphila');
INSERT INTO planta(id_planta,id_vivero,id_tp,precio,fecha_germinacion,sustrato,genero,nombre_planta) VALUES (28,14,130,343,'2022-09-29','Granite','Gasteria','Santee Azalea');
INSERT INTO planta(id_planta,id_vivero,id_tp,precio,fecha_germinacion,sustrato,genero,nombre_planta) VALUES (29,85,31,798,'2022-09-18','Plexiglass','Haworthia','Yellow Triteleia');
INSERT INTO planta(id_planta,id_vivero,id_tp,precio,fecha_germinacion,sustrato,genero,nombre_planta) VALUES (30,82,127,994,'2022-08-16','Brass','Haworthia','''ahakea');
INSERT INTO planta(id_planta,id_vivero,id_tp,precio,fecha_germinacion,sustrato,genero,nombre_planta) VALUES (31,27,67,148,'2022-03-07','Granite','Gasteria','Wright''s Filmy Fern');
INSERT INTO planta(id_planta,id_vivero,id_tp,precio,fecha_germinacion,sustrato,genero,nombre_planta) VALUES (32,6,45,421,'2022-08-11','Vinyl','Gasteria','Thread Lichen');
INSERT INTO planta(id_planta,id_vivero,id_tp,precio,fecha_germinacion,sustrato,genero,nombre_planta) VALUES (33,79,149,928,'2022-05-07','Brass','Gasteria','Foreign Fountaingrass');
INSERT INTO planta(id_planta,id_vivero,id_tp,precio,fecha_germinacion,sustrato,genero,nombre_planta) VALUES (34,88,63,368,'2022-04-18','Vinyl','Gasteria','Mango Brome');
INSERT INTO planta(id_planta,id_vivero,id_tp,precio,fecha_germinacion,sustrato,genero,nombre_planta) VALUES (35,93,98,685,'2022-10-04','Steel','Gasteria','Santee Azalea');
INSERT INTO planta(id_planta,id_vivero,id_tp,precio,fecha_germinacion,sustrato,genero,nombre_planta) VALUES (36,10,57,156,'2022-01-29','Glass','Haworthia','Ashen Milkvetch');
INSERT INTO planta(id_planta,id_vivero,id_tp,precio,fecha_germinacion,sustrato,genero,nombre_planta) VALUES (37,47,150,062,'2022-04-01','Plexiglass','Gasteria','Hall''s Wild Cabbage');
INSERT INTO planta(id_planta,id_vivero,id_tp,precio,fecha_germinacion,sustrato,genero,nombre_planta) VALUES (38,39,55,244,'2022-10-13','Brass','Gasteria','Uvilla');
INSERT INTO planta(id_planta,id_vivero,id_tp,precio,fecha_germinacion,sustrato,genero,nombre_planta) VALUES (39,85,88,452,'2022-08-07','Plexiglass','Haworthia','Mt. Diablo Manzanita');
INSERT INTO planta(id_planta,id_vivero,id_tp,precio,fecha_germinacion,sustrato,genero,nombre_planta) VALUES (40,37,67,927,'2022-09-10','Steel','Gasteria','Southern Twayblade');
INSERT INTO planta(id_planta,id_vivero,id_tp,precio,fecha_germinacion,sustrato,genero,nombre_planta) VALUES (41,71,82,837,'2022-06-30','Brass','Gasteria','Dwarf Violet Iris');
INSERT INTO planta(id_planta,id_vivero,id_tp,precio,fecha_germinacion,sustrato,genero,nombre_planta) VALUES (42,5,29,461,'2022-06-26','Brass','Gasteria','Waterfall''s Sedge');
INSERT INTO planta(id_planta,id_vivero,id_tp,precio,fecha_germinacion,sustrato,genero,nombre_planta) VALUES (43,85,93,828,'2022-11-08','Stone','Haworthia','Rock Buckwheat');
INSERT INTO planta(id_planta,id_vivero,id_tp,precio,fecha_germinacion,sustrato,genero,nombre_planta) VALUES (44,64,147,858,'2022-01-27','Rubber','Gasteria','Hypotrachyna Lichen');
INSERT INTO planta(id_planta,id_vivero,id_tp,precio,fecha_germinacion,sustrato,genero,nombre_planta) VALUES (45,59,30,496,'2022-02-07','Glass','Haworthia','Pappose Tarweed');
INSERT INTO planta(id_planta,id_vivero,id_tp,precio,fecha_germinacion,sustrato,genero,nombre_planta) VALUES (46,95,130,042,'2022-01-23','Granite','Haworthia','Fort Bowie Prairie Clover');
INSERT INTO planta(id_planta,id_vivero,id_tp,precio,fecha_germinacion,sustrato,genero,nombre_planta) VALUES (47,31,84,284,'2022-04-16','Glass','Gasteria','Reticulate Silverskin Lichen');
INSERT INTO planta(id_planta,id_vivero,id_tp,precio,fecha_germinacion,sustrato,genero,nombre_planta) VALUES (48,59,140,478,'2022-05-01','Stone','Haworthia','Peppermint Drop Lichen');
INSERT INTO planta(id_planta,id_vivero,id_tp,precio,fecha_germinacion,sustrato,genero,nombre_planta) VALUES (49,82,15,292,'2022-05-06','Stone','Gasteria','Perennial Sandgrass');
INSERT INTO planta(id_planta,id_vivero,id_tp,precio,fecha_germinacion,sustrato,genero,nombre_planta) VALUES (50,67,119,271,'2022-07-19','Glass','Haworthia','Strand Tangantangan');
INSERT INTO planta(id_planta,id_vivero,id_tp,precio,fecha_germinacion,sustrato,genero,nombre_planta) VALUES (51,35,148,439,'2022-04-10','Glass','Gasteria','Yuquilla');
INSERT INTO planta(id_planta,id_vivero,id_tp,precio,fecha_germinacion,sustrato,genero,nombre_planta) VALUES (52,79,140,832,'2022-06-03','Stone','Haworthia','Menzies'' Pepperweed');
INSERT INTO planta(id_planta,id_vivero,id_tp,precio,fecha_germinacion,sustrato,genero,nombre_planta) VALUES (53,32,80,181,'2022-11-02','Brass','Haworthia','Scarlet-plume');
INSERT INTO planta(id_planta,id_vivero,id_tp,precio,fecha_germinacion,sustrato,genero,nombre_planta) VALUES (54,16,44,870,'2022-02-09','Aluminum','Gasteria','Cadillo');
INSERT INTO planta(id_planta,id_vivero,id_tp,precio,fecha_germinacion,sustrato,genero,nombre_planta) VALUES (55,73,133,263,'2022-10-14','Vinyl','Gasteria','Baker''s Lupine');
INSERT INTO planta(id_planta,id_vivero,id_tp,precio,fecha_germinacion,sustrato,genero,nombre_planta) VALUES (56,19,11,972,'2022-02-13','Wood','Gasteria','Musky Marshpennywort');
INSERT INTO planta(id_planta,id_vivero,id_tp,precio,fecha_germinacion,sustrato,genero,nombre_planta) VALUES (57,21,133,787,'2022-08-23','Steel','Haworthia','Mealy Lichen');
INSERT INTO planta(id_planta,id_vivero,id_tp,precio,fecha_germinacion,sustrato,genero,nombre_planta) VALUES (58,100,137,087,'2022-06-09','Vinyl','Gasteria','Diphyscium Moss');
INSERT INTO planta(id_planta,id_vivero,id_tp,precio,fecha_germinacion,sustrato,genero,nombre_planta) VALUES (59,8,101,473,'2022-10-12','Wood','Haworthia','Rinodina Lichen');
INSERT INTO planta(id_planta,id_vivero,id_tp,precio,fecha_germinacion,sustrato,genero,nombre_planta) VALUES (60,43,149,272,'2022-09-28','Aluminum','Gasteria','Sacramento Ragwort');
INSERT INTO planta(id_planta,id_vivero,id_tp,precio,fecha_germinacion,sustrato,genero,nombre_planta) VALUES (61,79,58,283,'2022-04-02','Plastic','Gasteria','Scrub Balm');
INSERT INTO planta(id_planta,id_vivero,id_tp,precio,fecha_germinacion,sustrato,genero,nombre_planta) VALUES (62,33,10,549,'2022-08-04','Vinyl','Gasteria','Red Floripontio');
INSERT INTO planta(id_planta,id_vivero,id_tp,precio,fecha_germinacion,sustrato,genero,nombre_planta) VALUES (63,89,136,687,'2022-02-05','Plexiglass','Gasteria','Little Amphianthus');
INSERT INTO planta(id_planta,id_vivero,id_tp,precio,fecha_germinacion,sustrato,genero,nombre_planta) VALUES (64,62,77,275,'2022-06-23','Plexiglass','Gasteria','Hooker''s Dwarf Polypody');
INSERT INTO planta(id_planta,id_vivero,id_tp,precio,fecha_germinacion,sustrato,genero,nombre_planta) VALUES (65,70,98,013,'2022-07-09','Plexiglass','Gasteria','Green Field Speedwell');
INSERT INTO planta(id_planta,id_vivero,id_tp,precio,fecha_germinacion,sustrato,genero,nombre_planta) VALUES (66,7,67,024,'2022-04-10','Rubber','Gasteria','Jepson''s Pincushionplant');
INSERT INTO planta(id_planta,id_vivero,id_tp,precio,fecha_germinacion,sustrato,genero,nombre_planta) VALUES (67,31,44,616,'2022-08-07','Plastic','Haworthia','Mohr''s Ironweed');
INSERT INTO planta(id_planta,id_vivero,id_tp,precio,fecha_germinacion,sustrato,genero,nombre_planta) VALUES (68,63,30,280,'2022-06-11','Granite','Haworthia','Baybean');
INSERT INTO planta(id_planta,id_vivero,id_tp,precio,fecha_germinacion,sustrato,genero,nombre_planta) VALUES (69,58,76,796,'2022-07-04','Brass','Gasteria','Cumin');
INSERT INTO planta(id_planta,id_vivero,id_tp,precio,fecha_germinacion,sustrato,genero,nombre_planta) VALUES (70,51,26,707,'2022-06-28','Aluminum','Haworthia','Yellow Salsify');
INSERT INTO planta(id_planta,id_vivero,id_tp,precio,fecha_germinacion,sustrato,genero,nombre_planta) VALUES (71,22,108,874,'2022-09-01','Wood','Gasteria','Baker''s Lupine');
INSERT INTO planta(id_planta,id_vivero,id_tp,precio,fecha_germinacion,sustrato,genero,nombre_planta) VALUES (72,47,17,997,'2022-05-21','Plexiglass','Gasteria','Clustered Dock');
INSERT INTO planta(id_planta,id_vivero,id_tp,precio,fecha_germinacion,sustrato,genero,nombre_planta) VALUES (73,36,92,932,'2022-06-01','Wood','Gasteria','Sierra Fumewort');
INSERT INTO planta(id_planta,id_vivero,id_tp,precio,fecha_germinacion,sustrato,genero,nombre_planta) VALUES (74,6,116,253,'2022-07-22','Granite','Gasteria','San Francisco Bluegrass');
INSERT INTO planta(id_planta,id_vivero,id_tp,precio,fecha_germinacion,sustrato,genero,nombre_planta) VALUES (75,53,114,727,'2022-01-02','Granite','Haworthia','Hammock Fern');
INSERT INTO planta(id_planta,id_vivero,id_tp,precio,fecha_germinacion,sustrato,genero,nombre_planta) VALUES (76,12,121,408,'2022-01-11','Stone','Gasteria','Bush Arrowleaf');
INSERT INTO planta(id_planta,id_vivero,id_tp,precio,fecha_germinacion,sustrato,genero,nombre_planta) VALUES (77,71,40,166,'2022-11-02','Aluminum','Haworthia','Northern Watermeal');
INSERT INTO planta(id_planta,id_vivero,id_tp,precio,fecha_germinacion,sustrato,genero,nombre_planta) VALUES (78,49,65,355,'2022-03-11','Brass','Gasteria','Common Restharrow');
INSERT INTO planta(id_planta,id_vivero,id_tp,precio,fecha_germinacion,sustrato,genero,nombre_planta) VALUES (79,28,150,680,'2022-04-28','Plastic','Gasteria','False Spiraea');
INSERT INTO planta(id_planta,id_vivero,id_tp,precio,fecha_germinacion,sustrato,genero,nombre_planta) VALUES (80,42,42,803,'2022-03-17','Plastic','Gasteria','Dotted Blazing Star');
INSERT INTO planta(id_planta,id_vivero,id_tp,precio,fecha_germinacion,sustrato,genero,nombre_planta) VALUES (81,7,103,011,'2022-10-18','Aluminum','Gasteria','Lanceleaf Loosestrife');
INSERT INTO planta(id_planta,id_vivero,id_tp,precio,fecha_germinacion,sustrato,genero,nombre_planta) VALUES (82,26,125,585,'2022-03-11','Granite','Gasteria','Shasta County Arnica');
INSERT INTO planta(id_planta,id_vivero,id_tp,precio,fecha_germinacion,sustrato,genero,nombre_planta) VALUES (83,74,118,524,'2022-11-04','Stone','Haworthia','Dot Lichen');
INSERT INTO planta(id_planta,id_vivero,id_tp,precio,fecha_germinacion,sustrato,genero,nombre_planta) VALUES (84,75,118,825,'2022-07-12','Vinyl','Haworthia','Frosty Wattle');
INSERT INTO planta(id_planta,id_vivero,id_tp,precio,fecha_germinacion,sustrato,genero,nombre_planta) VALUES (85,38,77,524,'2022-07-09','Glass','Gasteria','Oxeye Bean');
INSERT INTO planta(id_planta,id_vivero,id_tp,precio,fecha_germinacion,sustrato,genero,nombre_planta) VALUES (86,75,107,515,'2022-06-19','Glass','Gasteria','Prairie White Fringed Orchid');
INSERT INTO planta(id_planta,id_vivero,id_tp,precio,fecha_germinacion,sustrato,genero,nombre_planta) VALUES (87,96,83,443,'2022-02-13','Granite','Gasteria','Grassland Nehe');
INSERT INTO planta(id_planta,id_vivero,id_tp,precio,fecha_germinacion,sustrato,genero,nombre_planta) VALUES (88,50,113,665,'2022-10-12','Vinyl','Haworthia','Mourning-cypress');
INSERT INTO planta(id_planta,id_vivero,id_tp,precio,fecha_germinacion,sustrato,genero,nombre_planta) VALUES (89,1,59,307,'2022-04-29','Steel','Gasteria','Itchgrass');
INSERT INTO planta(id_planta,id_vivero,id_tp,precio,fecha_germinacion,sustrato,genero,nombre_planta) VALUES (90,9,14,564,'2022-03-10','Steel','Haworthia','Feverfew');
INSERT INTO planta(id_planta,id_vivero,id_tp,precio,fecha_germinacion,sustrato,genero,nombre_planta) VALUES (91,89,98,352,'2022-06-18','Glass','Gasteria','Mycelis');
INSERT INTO planta(id_planta,id_vivero,id_tp,precio,fecha_germinacion,sustrato,genero,nombre_planta) VALUES (92,36,144,222,'2022-01-02','Vinyl','Haworthia','Deviltree');
INSERT INTO planta(id_planta,id_vivero,id_tp,precio,fecha_germinacion,sustrato,genero,nombre_planta) VALUES (93,17,82,916,'2022-03-07','Granite','Gasteria','Hawai''i Yellowwood');
INSERT INTO planta(id_planta,id_vivero,id_tp,precio,fecha_germinacion,sustrato,genero,nombre_planta) VALUES (94,78,150,738,'2022-10-04','Plastic','Gasteria','Weakstalk Bulrush');
INSERT INTO planta(id_planta,id_vivero,id_tp,precio,fecha_germinacion,sustrato,genero,nombre_planta) VALUES (95,13,22,001,'2022-06-10','Rubber','Haworthia','Marked Woollystar');
INSERT INTO planta(id_planta,id_vivero,id_tp,precio,fecha_germinacion,sustrato,genero,nombre_planta) VALUES (96,16,141,114,'2022-02-12','Glass','Gasteria','Rockcress');
INSERT INTO planta(id_planta,id_vivero,id_tp,precio,fecha_germinacion,sustrato,genero,nombre_planta) VALUES (97,3,79,930,'2022-09-18','Plexiglass','Gasteria','Bigflower Tellima');
INSERT INTO planta(id_planta,id_vivero,id_tp,precio,fecha_germinacion,sustrato,genero,nombre_planta) VALUES (98,32,127,266,'2022-09-19','Stone','Gasteria','Graceful Sedge');
INSERT INTO planta(id_planta,id_vivero,id_tp,precio,fecha_germinacion,sustrato,genero,nombre_planta) VALUES (99,5,51,248,'2022-03-22','Steel','Gasteria','Golden Columbine');
INSERT INTO planta(id_planta,id_vivero,id_tp,precio,fecha_germinacion,sustrato,genero,nombre_planta) VALUES (100,40,58,069,'2022-07-13','Wood','Gasteria','Bluejoint');
INSERT INTO planta(id_planta,id_vivero,id_tp,precio,fecha_germinacion,sustrato,genero,nombre_planta) VALUES (101,36,40,235,'2022-06-28','Granite','Haworthia','Terlingua Sandmat');
INSERT INTO planta(id_planta,id_vivero,id_tp,precio,fecha_germinacion,sustrato,genero,nombre_planta) VALUES (102,15,41,937,'2022-06-07','Aluminum','Haworthia','Mountain Lousewort');
INSERT INTO planta(id_planta,id_vivero,id_tp,precio,fecha_germinacion,sustrato,genero,nombre_planta) VALUES (103,10,35,809,'2022-10-23','Glass','Gasteria','Rosy Pussytoes');
INSERT INTO planta(id_planta,id_vivero,id_tp,precio,fecha_germinacion,sustrato,genero,nombre_planta) VALUES (104,15,104,642,'2022-01-24','Wood','Gasteria','Manyray Gumweed');
INSERT INTO planta(id_planta,id_vivero,id_tp,precio,fecha_germinacion,sustrato,genero,nombre_planta) VALUES (105,37,114,115,'2022-05-01','Plexiglass','Haworthia','Plumegrass');
INSERT INTO planta(id_planta,id_vivero,id_tp,precio,fecha_germinacion,sustrato,genero,nombre_planta) VALUES (106,9,35,664,'2022-06-23','Wood','Haworthia','Talayote');
INSERT INTO planta(id_planta,id_vivero,id_tp,precio,fecha_germinacion,sustrato,genero,nombre_planta) VALUES (107,16,105,539,'2022-06-01','Plexiglass','Haworthia','Peace Lily');
INSERT INTO planta(id_planta,id_vivero,id_tp,precio,fecha_germinacion,sustrato,genero,nombre_planta) VALUES (108,21,46,658,'2022-04-15','Rubber','Haworthia','Florida Reimar Grass');
INSERT INTO planta(id_planta,id_vivero,id_tp,precio,fecha_germinacion,sustrato,genero,nombre_planta) VALUES (109,96,64,735,'2022-07-05','Rubber','Haworthia','Prairie Sunflower');
INSERT INTO planta(id_planta,id_vivero,id_tp,precio,fecha_germinacion,sustrato,genero,nombre_planta) VALUES (110,71,18,636,'2022-08-10','Steel','Gasteria','Coyotethistle');
INSERT INTO planta(id_planta,id_vivero,id_tp,precio,fecha_germinacion,sustrato,genero,nombre_planta) VALUES (111,16,75,061,'2022-06-16','Aluminum','Haworthia','False Flowering Spurge');
INSERT INTO planta(id_planta,id_vivero,id_tp,precio,fecha_germinacion,sustrato,genero,nombre_planta) VALUES (112,53,28,602,'2022-06-04','Granite','Haworthia','Parish''s Catchfly');
INSERT INTO planta(id_planta,id_vivero,id_tp,precio,fecha_germinacion,sustrato,genero,nombre_planta) VALUES (113,1,45,140,'2022-10-06','Wood','Gasteria','Honeysuckle');
INSERT INTO planta(id_planta,id_vivero,id_tp,precio,fecha_germinacion,sustrato,genero,nombre_planta) VALUES (114,91,9,313,'2022-05-18','Rubber','Gasteria','Showy Phlox');
INSERT INTO planta(id_planta,id_vivero,id_tp,precio,fecha_germinacion,sustrato,genero,nombre_planta) VALUES (115,16,17,671,'2022-08-04','Plexiglass','Haworthia','Limber Pine Dwarf Mistletoe');
INSERT INTO planta(id_planta,id_vivero,id_tp,precio,fecha_germinacion,sustrato,genero,nombre_planta) VALUES (116,46,120,686,'2022-08-20','Granite','Haworthia','Calico Monkeyflower');
INSERT INTO planta(id_planta,id_vivero,id_tp,precio,fecha_germinacion,sustrato,genero,nombre_planta) VALUES (117,35,134,242,'2022-03-10','Stone','Haworthia','Western Racomitrium Moss');
INSERT INTO planta(id_planta,id_vivero,id_tp,precio,fecha_germinacion,sustrato,genero,nombre_planta) VALUES (118,62,45,116,'2022-09-05','Plexiglass','Gasteria','Navajo Fleabane');
INSERT INTO planta(id_planta,id_vivero,id_tp,precio,fecha_germinacion,sustrato,genero,nombre_planta) VALUES (119,93,61,532,'2022-07-30','Plastic','Gasteria','Padron''s Bristle Fern');
INSERT INTO planta(id_planta,id_vivero,id_tp,precio,fecha_germinacion,sustrato,genero,nombre_planta) VALUES (120,62,122,271,'2022-10-07','Aluminum','Haworthia','Fringed Brome');
INSERT INTO planta(id_planta,id_vivero,id_tp,precio,fecha_germinacion,sustrato,genero,nombre_planta) VALUES (121,63,148,701,'2022-05-06','Wood','Gasteria','Curved-fruit Blacksenna');
INSERT INTO planta(id_planta,id_vivero,id_tp,precio,fecha_germinacion,sustrato,genero,nombre_planta) VALUES (122,89,69,549,'2022-10-05','Aluminum','Gasteria','Pinewoods Horkelia');
INSERT INTO planta(id_planta,id_vivero,id_tp,precio,fecha_germinacion,sustrato,genero,nombre_planta) VALUES (123,77,38,569,'2022-02-13','Aluminum','Haworthia','Kilaw');
INSERT INTO planta(id_planta,id_vivero,id_tp,precio,fecha_germinacion,sustrato,genero,nombre_planta) VALUES (124,6,131,783,'2022-05-07','Steel','Gasteria','Rockface Yellow Loosestrife');
INSERT INTO planta(id_planta,id_vivero,id_tp,precio,fecha_germinacion,sustrato,genero,nombre_planta) VALUES (125,37,63,566,'2022-05-05','Rubber','Haworthia','Threadleaf Fleabane');
INSERT INTO planta(id_planta,id_vivero,id_tp,precio,fecha_germinacion,sustrato,genero,nombre_planta) VALUES (126,61,24,737,'2022-07-06','Aluminum','Gasteria','Fourspike Heliotrope');
INSERT INTO planta(id_planta,id_vivero,id_tp,precio,fecha_germinacion,sustrato,genero,nombre_planta) VALUES (127,75,90,653,'2022-08-26','Wood','Haworthia','Manyflower Rush');
INSERT INTO planta(id_planta,id_vivero,id_tp,precio,fecha_germinacion,sustrato,genero,nombre_planta) VALUES (128,94,150,202,'2022-06-24','Rubber','Haworthia','Panamint Daisy');
INSERT INTO planta(id_planta,id_vivero,id_tp,precio,fecha_germinacion,sustrato,genero,nombre_planta) VALUES (129,16,26,404,'2022-10-01','Brass','Haworthia','Grassleaf Rush');
INSERT INTO planta(id_planta,id_vivero,id_tp,precio,fecha_germinacion,sustrato,genero,nombre_planta) VALUES (130,64,29,156,'2022-05-28','Aluminum','Haworthia','Bluntleaved Orchid');
INSERT INTO planta(id_planta,id_vivero,id_tp,precio,fecha_germinacion,sustrato,genero,nombre_planta) VALUES (131,38,21,135,'2022-10-20','Plexiglass','Haworthia','Aceitillo Falso');
INSERT INTO planta(id_planta,id_vivero,id_tp,precio,fecha_germinacion,sustrato,genero,nombre_planta) VALUES (132,65,10,569,'2022-09-24','Granite','Gasteria','Wishbone Fiddleleaf');
INSERT INTO planta(id_planta,id_vivero,id_tp,precio,fecha_germinacion,sustrato,genero,nombre_planta) VALUES (133,8,102,857,'2022-03-02','Granite','Haworthia','Horsehair Lichen');
INSERT INTO planta(id_planta,id_vivero,id_tp,precio,fecha_germinacion,sustrato,genero,nombre_planta) VALUES (134,71,108,124,'2022-07-22','Steel','Gasteria','Virginia Marsh St. Johnswort');
INSERT INTO planta(id_planta,id_vivero,id_tp,precio,fecha_germinacion,sustrato,genero,nombre_planta) VALUES (135,56,139,179,'2022-11-06','Plexiglass','Gasteria','Sierra Monardella');
INSERT INTO planta(id_planta,id_vivero,id_tp,precio,fecha_germinacion,sustrato,genero,nombre_planta) VALUES (136,39,139,528,'2022-01-10','Glass','Gasteria','Baldwin''s Milkwort');
INSERT INTO planta(id_planta,id_vivero,id_tp,precio,fecha_germinacion,sustrato,genero,nombre_planta) VALUES (137,61,138,571,'2022-04-28','Steel','Gasteria','Hybrid Violet');
INSERT INTO planta(id_planta,id_vivero,id_tp,precio,fecha_germinacion,sustrato,genero,nombre_planta) VALUES (138,51,121,550,'2022-02-21','Brass','Haworthia','Thinleaf Pea');
INSERT INTO planta(id_planta,id_vivero,id_tp,precio,fecha_germinacion,sustrato,genero,nombre_planta) VALUES (139,37,36,806,'2022-09-06','Rubber','Gasteria','Sharp-tooth Clover');
INSERT INTO planta(id_planta,id_vivero,id_tp,precio,fecha_germinacion,sustrato,genero,nombre_planta) VALUES (140,81,86,005,'2022-06-18','Brass','Gasteria','Rosea');
INSERT INTO planta(id_planta,id_vivero,id_tp,precio,fecha_germinacion,sustrato,genero,nombre_planta) VALUES (141,5,81,395,'2022-08-25','Stone','Gasteria','Florida Ironweed');
INSERT INTO planta(id_planta,id_vivero,id_tp,precio,fecha_germinacion,sustrato,genero,nombre_planta) VALUES (142,77,49,358,'2022-10-19','Plastic','Haworthia','Dotted Bristle Fern');
INSERT INTO planta(id_planta,id_vivero,id_tp,precio,fecha_germinacion,sustrato,genero,nombre_planta) VALUES (143,66,96,381,'2022-08-26','Brass','Haworthia','Yellow Stingbush');
INSERT INTO planta(id_planta,id_vivero,id_tp,precio,fecha_germinacion,sustrato,genero,nombre_planta) VALUES (144,43,93,352,'2022-04-06','Stone','Haworthia','Kellogg''s Klamath Plum');
INSERT INTO planta(id_planta,id_vivero,id_tp,precio,fecha_germinacion,sustrato,genero,nombre_planta) VALUES (145,51,132,794,'2022-07-28','Vinyl','Gasteria','Bluntleaved Orchid');
INSERT INTO planta(id_planta,id_vivero,id_tp,precio,fecha_germinacion,sustrato,genero,nombre_planta) VALUES (146,56,66,680,'2022-08-03','Glass','Gasteria','Broadleaf Tickseed');
INSERT INTO planta(id_planta,id_vivero,id_tp,precio,fecha_germinacion,sustrato,genero,nombre_planta) VALUES (147,57,80,681,'2022-11-05','Stone','Haworthia','Brickellbush Goldenweed');
INSERT INTO planta(id_planta,id_vivero,id_tp,precio,fecha_germinacion,sustrato,genero,nombre_planta) VALUES (148,12,55,523,'2022-10-23','Vinyl','Haworthia','Sagebrush Combseed');
INSERT INTO planta(id_planta,id_vivero,id_tp,precio,fecha_germinacion,sustrato,genero,nombre_planta) VALUES (149,22,78,026,'2022-03-30','Vinyl','Haworthia','Welsh''s Cryptantha');
INSERT INTO planta(id_planta,id_vivero,id_tp,precio,fecha_germinacion,sustrato,genero,nombre_planta) VALUES (150,23,70,087,'2022-08-05','Granite','Haworthia','Cobwebby Thistle');

INSERT INTO cuidado_basico(id_planta,cuidado_basico) VALUES (65,'zVjEcQqNzDmUaKpAmGfSrTiQaSxPbLoMsH');
INSERT INTO cuidado_basico(id_planta,cuidado_basico) VALUES (132,'hJtTbJwHtSrHaZiGeLvEpMzYrVkBwCaPgG');
INSERT INTO cuidado_basico(id_planta,cuidado_basico) VALUES (76,'uCrPoZkEuYxFhQzPaYvOvAmRpSaZqSjEiQ');
INSERT INTO cuidado_basico(id_planta,cuidado_basico) VALUES (59,'wUjQhQsTlYhWnPmVkFzHnTxLlSaElJjQuZ');
INSERT INTO cuidado_basico(id_planta,cuidado_basico) VALUES (17,'jIbEkHcEtXhHtGiHjFuMtBlSrGpTlQiWdG');
INSERT INTO cuidado_basico(id_planta,cuidado_basico) VALUES (142,'uPvPrEgHjJnIkDdAoHfJyGrBtKhTxHfHwL');
INSERT INTO cuidado_basico(id_planta,cuidado_basico) VALUES (95,'pLvIvKyLbMbKcUcEdKaCtTsDnKrHcVhNdC');
INSERT INTO cuidado_basico(id_planta,cuidado_basico) VALUES (62,'qApLiIyWjZqUqQlRvZnQbOdOhIiMvReWwZ');
INSERT INTO cuidado_basico(id_planta,cuidado_basico) VALUES (135,'oAdCeBmJhApZePrPjAjRmJgEdMkBwUbLpS');
INSERT INTO cuidado_basico(id_planta,cuidado_basico) VALUES (33,'nYrStJbWwOiLiEyDuYnCgLaYsDhZyLhCeN');
INSERT INTO cuidado_basico(id_planta,cuidado_basico) VALUES (149,'kMhKhPjMuSxBnSjYeHqAyReOzBlNdIuKfZ');
INSERT INTO cuidado_basico(id_planta,cuidado_basico) VALUES (50,'iAqXxSnHjPiVtYgCeBlHeOyXtYuPvOcArS');
INSERT INTO cuidado_basico(id_planta,cuidado_basico) VALUES (100,'aOdQpWbOpMzDlFdZkPzDyZdThZyEuAhHeA');
INSERT INTO cuidado_basico(id_planta,cuidado_basico) VALUES (73,'tAtLeGjSpLiHvCsMiFnZnToVcAbGdFaGvB');
INSERT INTO cuidado_basico(id_planta,cuidado_basico) VALUES (89,'eSxOgCuYcIlQbZmQbLkBrWzGfXyJzLsTjV');
INSERT INTO cuidado_basico(id_planta,cuidado_basico) VALUES (68,'gDiKpDiQoKmQxViEhTxAjDvIiGyPhChBsS');
INSERT INTO cuidado_basico(id_planta,cuidado_basico) VALUES (80,'dWtWeEdQhZoXaCvGaHwDdMfAiQkTpEkHuW');
INSERT INTO cuidado_basico(id_planta,cuidado_basico) VALUES (92,'uNyWhZxDaAvRmLkXvFwErZnCfRkRtChFxH');
INSERT INTO cuidado_basico(id_planta,cuidado_basico) VALUES (42,'jGsAxEnXzHhNrOpMdWbLtIsKjNlSfAyCpZ');
INSERT INTO cuidado_basico(id_planta,cuidado_basico) VALUES (77,'xBgRuEdXxPdNkZiJmOrDbLxEbUdBbSmYzY');
INSERT INTO cuidado_basico(id_planta,cuidado_basico) VALUES (78,'eAuVjNsVtVgUxBjZoJuLlBwGjPtCkDsFyB');
INSERT INTO cuidado_basico(id_planta,cuidado_basico) VALUES (116,'oEoRaSbFxStVlZkRxCsPbPbFlSzDsLuHcC');
INSERT INTO cuidado_basico(id_planta,cuidado_basico) VALUES (6,'xQjQsNbKhUgPbPhSfPfSkNxJdAhLyWyDcF');
INSERT INTO cuidado_basico(id_planta,cuidado_basico) VALUES (149,'yFbThXuCqMgMdNyPuBqWsYcOdVgOtXuFeP');
INSERT INTO cuidado_basico(id_planta,cuidado_basico) VALUES (55,'dDfHtYyGgWrQsFqEaQjWiTtYuNkStArZdL');
INSERT INTO cuidado_basico(id_planta,cuidado_basico) VALUES (110,'mCcVkBvHyKmHxAuVfWtZqPzZiOuKcZjPbC');
INSERT INTO cuidado_basico(id_planta,cuidado_basico) VALUES (5,'qFaRyJwNgKmMsWjNrAcZuHaCrXiFrVlPvW');
INSERT INTO cuidado_basico(id_planta,cuidado_basico) VALUES (16,'tRbFmKwXcJrBnGaOzKqCyDaGwIqKqOtElQ');
INSERT INTO cuidado_basico(id_planta,cuidado_basico) VALUES (103,'nIhTgQfJlXuSaMbAsOuZvFyWjLfZzEmAqX');
INSERT INTO cuidado_basico(id_planta,cuidado_basico) VALUES (10,'sSaDwYgWwRnEoAmBkVsGjQoItTaJsXzJfB');
INSERT INTO cuidado_basico(id_planta,cuidado_basico) VALUES (107,'gNeHnYfHiSfOkNwKxTiJfJkXoXjTeHnVmQ');
INSERT INTO cuidado_basico(id_planta,cuidado_basico) VALUES (99,'fCvYcFvLwMoYvLxXnWpBqDvEcUgPsKqLuM');
INSERT INTO cuidado_basico(id_planta,cuidado_basico) VALUES (108,'nHgWcKdJwTxAfTyGbZiHlDuQzPqBvQoVeH');
INSERT INTO cuidado_basico(id_planta,cuidado_basico) VALUES (28,'dDuEcZnQmArSfCqFtUbYhYeRlHwCrDpBxG');
INSERT INTO cuidado_basico(id_planta,cuidado_basico) VALUES (142,'xQfFrZxQqIxKeLjBfFiHyTsEjXsOaYiZsE');
INSERT INTO cuidado_basico(id_planta,cuidado_basico) VALUES (150,'hTrAkFaOzVxNbYhNpUtZkAzKeXlGgRpOaD');
INSERT INTO cuidado_basico(id_planta,cuidado_basico) VALUES (17,'oVpBpKiCbFrFfKzHgYiXvNwBbHhMxTdGaK');
INSERT INTO cuidado_basico(id_planta,cuidado_basico) VALUES (150,'mHoYpIwHyWjOzFiQePyZmKvLcQpCrRdFvV');
INSERT INTO cuidado_basico(id_planta,cuidado_basico) VALUES (45,'pQoXiPhHwOtUmXfRzNcFpLwVmVlPuBcRvP');
INSERT INTO cuidado_basico(id_planta,cuidado_basico) VALUES (11,'cVpNeUkLkQnCvFiIzUxMlIyZrOdSvKsQfK');
INSERT INTO cuidado_basico(id_planta,cuidado_basico) VALUES (55,'hHqBjXfVbQmRsHhVvTgRhAkNhEzUqWyKwN');
INSERT INTO cuidado_basico(id_planta,cuidado_basico) VALUES (18,'rVsBmRlPiKbOfBhRqQjFuHiIpEoKkUdVtJ');
INSERT INTO cuidado_basico(id_planta,cuidado_basico) VALUES (100,'fRaAqMdPuUnWyWdLuUdYsFqJeLkRdHuFfX');
INSERT INTO cuidado_basico(id_planta,cuidado_basico) VALUES (36,'hNbInEtKlFrUuQxFgJdJaVyEjPqEtWxWcJ');
INSERT INTO cuidado_basico(id_planta,cuidado_basico) VALUES (66,'nOgBoSgEoNkHkHdVcSfBxGsKfOzTfKbQuR');
INSERT INTO cuidado_basico(id_planta,cuidado_basico) VALUES (55,'pRpDoThTzKgTuFvQyCzYtYfGjVpUxHtEkH');
INSERT INTO cuidado_basico(id_planta,cuidado_basico) VALUES (140,'uNdKpJwOhJxSmGdPoOrYdJxDhFdPzPnYfC');
INSERT INTO cuidado_basico(id_planta,cuidado_basico) VALUES (83,'vLkUoNkYxRdIeCzYrZrQoKhKuFmOkJcWgL');
INSERT INTO cuidado_basico(id_planta,cuidado_basico) VALUES (92,'wEoQrBzLnCfSdKgKpSoFuKfKpCjGlNgEwN');
INSERT INTO cuidado_basico(id_planta,cuidado_basico) VALUES (39,'gUqVoElToLzBfOqQrZxNkPxWaViDmCcOnI');
INSERT INTO cuidado_basico(id_planta,cuidado_basico) VALUES (89,'dNqSrOhNfEgCdAeJuHmIxNeQhOvPnChBjT');
INSERT INTO cuidado_basico(id_planta,cuidado_basico) VALUES (71,'yMjAjCwXaDpJfQiZcKeRuMdDqIoGgXgHwG');
INSERT INTO cuidado_basico(id_planta,cuidado_basico) VALUES (69,'jMnNqXmVuSuEuOlKjKjGkNpRxFyJtXrNvY');
INSERT INTO cuidado_basico(id_planta,cuidado_basico) VALUES (58,'nVwNpFaVoJdXqVsTkMzQuMzEhVgXwAfPcI');
INSERT INTO cuidado_basico(id_planta,cuidado_basico) VALUES (111,'aLyXjDmYrKaJdEcHlLfGyZlXoVyVaGzFnH');
INSERT INTO cuidado_basico(id_planta,cuidado_basico) VALUES (85,'lNzUfChZpCrHnCpRyJoCyBcOyVzOhTaCeT');
INSERT INTO cuidado_basico(id_planta,cuidado_basico) VALUES (78,'zHuXcJfIgAaFnUfOnEbGoKcPsAaIaCtGuF');
INSERT INTO cuidado_basico(id_planta,cuidado_basico) VALUES (111,'pVhUpQuAcYlPtXcGwHtOwNpOuHbFmYjXwN');
INSERT INTO cuidado_basico(id_planta,cuidado_basico) VALUES (114,'pZoNiRwGrTpDhIkJdMgMtMtIkZjLuXaJkJ');
INSERT INTO cuidado_basico(id_planta,cuidado_basico) VALUES (36,'cBlYpCpToKeYkJeIqTzIzObCfKhWuMjVsT');
INSERT INTO cuidado_basico(id_planta,cuidado_basico) VALUES (8,'iPhYeGlKpJrDnRzPlYoNyRuPvBtWiWfCvS');
INSERT INTO cuidado_basico(id_planta,cuidado_basico) VALUES (113,'nZiWiYhAmGkKmAsDsGmFyAeZaZfUhYyToZ');
INSERT INTO cuidado_basico(id_planta,cuidado_basico) VALUES (11,'yDbJhXeTaQyQmJcCcGmDlToBnHtTkBiUtQ');
INSERT INTO cuidado_basico(id_planta,cuidado_basico) VALUES (29,'nZcQzLdCsNuPjAeFvQrPiGjYtJbEwNzNiJ');
INSERT INTO cuidado_basico(id_planta,cuidado_basico) VALUES (37,'eKxOoLsJjWkSnJnBtQoRwRoWwIuYrFjOyA');
INSERT INTO cuidado_basico(id_planta,cuidado_basico) VALUES (29,'cUaYoMiPoJqWlCnScMrSsWfIfEoKrCqRoZ');
INSERT INTO cuidado_basico(id_planta,cuidado_basico) VALUES (127,'wOePaNqMbYaWiZiPqSiZsKkHlZrXuFnYlB');
INSERT INTO cuidado_basico(id_planta,cuidado_basico) VALUES (133,'xThCsMbOtIqLyGsVhToKvGzUdJsZmRnTcH');
INSERT INTO cuidado_basico(id_planta,cuidado_basico) VALUES (143,'dOdTqWmQzImMpYqIhMaNuOqTtSyBzLoQqX');
INSERT INTO cuidado_basico(id_planta,cuidado_basico) VALUES (69,'pHoWaYuFsGsHsUeDxBrZnEeWdJtCvVzCgV');
INSERT INTO cuidado_basico(id_planta,cuidado_basico) VALUES (102,'hDcWwXjXgQcSxMmNpQuBfYyKjQcEgVyDeI');
INSERT INTO cuidado_basico(id_planta,cuidado_basico) VALUES (28,'wXyLkVuXmLoBsCpYhRsAtWtTzPuXrTeIbY');
INSERT INTO cuidado_basico(id_planta,cuidado_basico) VALUES (85,'aKaOyNwEeFiKxPdZtQjTtMnCeJlQaVaAqR');
INSERT INTO cuidado_basico(id_planta,cuidado_basico) VALUES (64,'ySsQjTlIxOqIlYjMgFwDfRuKqOiTrDiHeH');
INSERT INTO cuidado_basico(id_planta,cuidado_basico) VALUES (15,'tGyFmIkIwDkKmYeJoMpHcShWiWmBjTvEvR');
INSERT INTO cuidado_basico(id_planta,cuidado_basico) VALUES (105,'iCePhYxFfSdDsIxMeZxSjJdIhMzRtWsRsX');
INSERT INTO cuidado_basico(id_planta,cuidado_basico) VALUES (100,'pBoVbYtVjCmZhGxXiBhIgBsIvPzFaLzIeY');
INSERT INTO cuidado_basico(id_planta,cuidado_basico) VALUES (9,'dKuSbZlDjHwKdTdApDdTrVrSzGjQgVuMcC');
INSERT INTO cuidado_basico(id_planta,cuidado_basico) VALUES (120,'lJkUqKmUvNmBgRaVpPeRiHpVkEzIbEsOlU');
INSERT INTO cuidado_basico(id_planta,cuidado_basico) VALUES (23,'tOsDzVnZjVjAuJmCvSoBmFwIrLsIcPjXeH');
INSERT INTO cuidado_basico(id_planta,cuidado_basico) VALUES (82,'pNpTfLrSjRsTnZjByMuOzRzOqJsGgFrKjP');
INSERT INTO cuidado_basico(id_planta,cuidado_basico) VALUES (48,'sSvVyLoEyWeEiUvGfJsTeTjQpZgThDuScH');
INSERT INTO cuidado_basico(id_planta,cuidado_basico) VALUES (114,'bAjHaZfOuCuJkBfLjErMmZiQyTjFeGlMxX');
INSERT INTO cuidado_basico(id_planta,cuidado_basico) VALUES (77,'oOoOzBhDtUoTeEmIzUoIrMjFmBiEgPcBmG');
INSERT INTO cuidado_basico(id_planta,cuidado_basico) VALUES (104,'iLtMmSfDuCtBxBdQzDmJtHuNwPnXjZaNkQ');
INSERT INTO cuidado_basico(id_planta,cuidado_basico) VALUES (35,'dDcDoMbXxUmSfGoIwCcLaAwSuYkBhJcCdW');
INSERT INTO cuidado_basico(id_planta,cuidado_basico) VALUES (25,'gBzUyUkLvJyXhQuVdBlNgTdNtApXyDeXbH');
INSERT INTO cuidado_basico(id_planta,cuidado_basico) VALUES (25,'uIzCdWbIfDrZeOtIeIlVrLnNoDtTuWbVwB');
INSERT INTO cuidado_basico(id_planta,cuidado_basico) VALUES (96,'sRvWpNsNuVcBaVtUzNiHqBrRmFhAlTzBtM');
INSERT INTO cuidado_basico(id_planta,cuidado_basico) VALUES (113,'rRiZjYrOmOgTtWaUgAfCwSiDhLvFkPzMwW');
INSERT INTO cuidado_basico(id_planta,cuidado_basico) VALUES (142,'jHfDwNoTgQlHoVsKtVnUhFqSqYsSrPzOtA');
INSERT INTO cuidado_basico(id_planta,cuidado_basico) VALUES (122,'zYrKzIaUbQoBrXbPeBzZoNlYmCkBiAnKrL');
INSERT INTO cuidado_basico(id_planta,cuidado_basico) VALUES (56,'mVoDcMxNwCmEqIcKrAxIfMeNdJuFtQuTeX');
INSERT INTO cuidado_basico(id_planta,cuidado_basico) VALUES (46,'qKfOuYoJxYaZuFxAkNgRcAgQnRiSqNmUzX');
INSERT INTO cuidado_basico(id_planta,cuidado_basico) VALUES (105,'pYqZbHtBtBwBbZaUhDzKjHeDyEwCkZyYpJ');
INSERT INTO cuidado_basico(id_planta,cuidado_basico) VALUES (147,'zBeOkHsOyJcMiYvXcNhImHmUzKvQlXhGaJ');
INSERT INTO cuidado_basico(id_planta,cuidado_basico) VALUES (143,'yHpMiVdWdCtNpXsPlYeZlHcVgTlTgHuWfY');
INSERT INTO cuidado_basico(id_planta,cuidado_basico) VALUES (73,'iTlAtTgFtSuXkZaWgDyJkPxIrCgMrJzHgQ');
INSERT INTO cuidado_basico(id_planta,cuidado_basico) VALUES (1,'hGwZuUbZcVkNqHaZxLsQbEsUzPjGkQeGuD');
INSERT INTO cuidado_basico(id_planta,cuidado_basico) VALUES (96,'tZaOwBuXxSkHbWtGiXqBmWjSiYuHdWfFcN');
INSERT INTO cuidado_basico(id_planta,cuidado_basico) VALUES (137,'cGvBhClVjLnMwYsUcIjEmZbXpNfIcWoEdH');
INSERT INTO cuidado_basico(id_planta,cuidado_basico) VALUES (144,'dKbQbShGzQlPkBkUhNjMmOyEcTpQhUpUqS');
INSERT INTO cuidado_basico(id_planta,cuidado_basico) VALUES (20,'wNrMoHkBxCtWwPxSfFbChQvOtNnRtCaGoR');
INSERT INTO cuidado_basico(id_planta,cuidado_basico) VALUES (121,'wWlFzRxAxVyGwMnGiAqIdLeEyQjWuPtIbJ');
INSERT INTO cuidado_basico(id_planta,cuidado_basico) VALUES (70,'jXvQbPyVnUdTxNuXrOgUtPpJjEpTwEwDzQ');
INSERT INTO cuidado_basico(id_planta,cuidado_basico) VALUES (61,'rSnDaLzBmNsZbGrWtOhObWgLzBrKfQtPlL');
INSERT INTO cuidado_basico(id_planta,cuidado_basico) VALUES (33,'cRiSnJtGdVsEtMbEcFqUhNlGiXhVaSsAwE');
INSERT INTO cuidado_basico(id_planta,cuidado_basico) VALUES (112,'jPnXkMhCcKxXwUmWgGhBqZkTvDtGxJaDnI');
INSERT INTO cuidado_basico(id_planta,cuidado_basico) VALUES (124,'uTgEuLnKsUuSuUaUxNwZmYyAvKrOoWaMmW');
INSERT INTO cuidado_basico(id_planta,cuidado_basico) VALUES (13,'fWoIeTiBnDxGaWaZsZpYyFjHmYuIjOeTrT');
INSERT INTO cuidado_basico(id_planta,cuidado_basico) VALUES (12,'iKgIfNiLyZxIoCdFxKqMrMzYuBfQwIhLhV');
INSERT INTO cuidado_basico(id_planta,cuidado_basico) VALUES (74,'cKwGqOrFqNpVgMoQiVpIpXwQfQwMjLrFkB');
INSERT INTO cuidado_basico(id_planta,cuidado_basico) VALUES (144,'wWdHpZlIsGkXsUkBnIrSzUnVmVcBzHvJgS');
INSERT INTO cuidado_basico(id_planta,cuidado_basico) VALUES (10,'kCcLgFlOkPrSmJiPuMrYrGvXnNsRvGbEvH');
INSERT INTO cuidado_basico(id_planta,cuidado_basico) VALUES (37,'xOmHhRmDqHjXjUnVkSyVqCaUpZhRvNzGlP');
INSERT INTO cuidado_basico(id_planta,cuidado_basico) VALUES (127,'uTsNpBcZmTuGxHvKzHwVwYgEkBdRdXbFzF');
INSERT INTO cuidado_basico(id_planta,cuidado_basico) VALUES (53,'xZuOvBhXlSxWmQiFvLfWbFnNcKyUqTgAqS');
INSERT INTO cuidado_basico(id_planta,cuidado_basico) VALUES (63,'cSzGvMlXzNcPyTmUfErMfBlBgQlXvLlPqT');
INSERT INTO cuidado_basico(id_planta,cuidado_basico) VALUES (25,'iCgKsGtWfStTzCfVvXsKfWdWkAdFnHhVnI');
INSERT INTO cuidado_basico(id_planta,cuidado_basico) VALUES (76,'bDzUkJkWqFwGxGeRfKySaZbLhOdAbSuAjE');
INSERT INTO cuidado_basico(id_planta,cuidado_basico) VALUES (78,'gLsEvXvRyWzLeEjVvDeYzPdIhClGrFnXgL');
INSERT INTO cuidado_basico(id_planta,cuidado_basico) VALUES (89,'uQwKhCzEmVuWzTdUkPlLdUuUbUhRxXuQpR');
INSERT INTO cuidado_basico(id_planta,cuidado_basico) VALUES (44,'pVqDsZhJwImZyJoUpUyVaEfUvKxRpNtCyJ');
INSERT INTO cuidado_basico(id_planta,cuidado_basico) VALUES (80,'jQcLaFkVfGrAoZeFhAmXxCxHjLgWlUwAsD');
INSERT INTO cuidado_basico(id_planta,cuidado_basico) VALUES (32,'jHrBbXnRrWiRcGbUbReMwDqJxKyMuAnOkG');
INSERT INTO cuidado_basico(id_planta,cuidado_basico) VALUES (119,'qSuVfYkVeNxHcKkRrFtJfPkXpTrXdZiGaX');
INSERT INTO cuidado_basico(id_planta,cuidado_basico) VALUES (61,'kCaHfFnFiTaIfXoVnZnQfBkLzRvHjOrIzE');
INSERT INTO cuidado_basico(id_planta,cuidado_basico) VALUES (121,'kZiTvZqUqIqKcEzOiFyEgAwPhLkDlBlCiO');
INSERT INTO cuidado_basico(id_planta,cuidado_basico) VALUES (52,'eHoCjLcFuDoPdOgEgHxJkIjWeKpUnUoUmY');
INSERT INTO cuidado_basico(id_planta,cuidado_basico) VALUES (30,'nZxRdNvLdVePxInSjVySrJjPkJyXsBcGrO');
INSERT INTO cuidado_basico(id_planta,cuidado_basico) VALUES (17,'mOrTlFgEaUlCiYiIzRlTuIvFiTnAyKwAkW');
INSERT INTO cuidado_basico(id_planta,cuidado_basico) VALUES (45,'qXgKlJwDoZpUaEwPgSyZmVfRaWiLzWeYhA');
INSERT INTO cuidado_basico(id_planta,cuidado_basico) VALUES (40,'yZoIcKtQdEmKrIfSoNdWvKiYfYwKsYgHzF');
INSERT INTO cuidado_basico(id_planta,cuidado_basico) VALUES (87,'fPpRgJcTuVnUqHkBiPrHyEeEvQyFbBaMbV');
INSERT INTO cuidado_basico(id_planta,cuidado_basico) VALUES (11,'hXtEyQnHiXiZpQkEaVlPtWdZlHkInSxXoW');
INSERT INTO cuidado_basico(id_planta,cuidado_basico) VALUES (98,'jGnYpBjAqBzDhVoYrGvKaLfHhPgLiYqUtG');
INSERT INTO cuidado_basico(id_planta,cuidado_basico) VALUES (101,'aMfInQaIaKtHpSfScQaXjEfSiBtUuKeZjJ');
INSERT INTO cuidado_basico(id_planta,cuidado_basico) VALUES (61,'wNiFcDkCkHyTePiOnXbZfKjQwTiTuOpTpH');
INSERT INTO cuidado_basico(id_planta,cuidado_basico) VALUES (69,'kGdDjRfQnDaQkOjCtApOfShPgXzZrTxBsM');
INSERT INTO cuidado_basico(id_planta,cuidado_basico) VALUES (108,'lFdYhMyEnYdMuIxTtZmVzIcHvLpYeMjMgV');
INSERT INTO cuidado_basico(id_planta,cuidado_basico) VALUES (36,'vWuDnMeFpEbHgSvIwOlRnUfVmZyLuNeIiI');
INSERT INTO cuidado_basico(id_planta,cuidado_basico) VALUES (58,'iRaBjBpTgZnZsByXzDoXiUjTeYfIwDtVmJ');
INSERT INTO cuidado_basico(id_planta,cuidado_basico) VALUES (56,'kRdNlQiLaVsYfRtXiOeLvRtQzBiHaTkEeP');
INSERT INTO cuidado_basico(id_planta,cuidado_basico) VALUES (1,'kHcTrGcWvTnNzSyCzIkYhJaEyXqJvHuTmC');
INSERT INTO cuidado_basico(id_planta,cuidado_basico) VALUES (61,'jMjGtUmIhGrTdOrWiUoHrBuCiObAvSfRxE');
INSERT INTO cuidado_basico(id_planta,cuidado_basico) VALUES (10,'sEkYqMaOaVoPhHzMoUlBaDeBfGbFvQpYkG');
INSERT INTO cuidado_basico(id_planta,cuidado_basico) VALUES (141,'fNkWyJgCkEkSeKuBnQnNgBzQbAgIhVgHzO');
INSERT INTO cuidado_basico(id_planta,cuidado_basico) VALUES (23,'sMwCoAhRdNyTuBcJoJdYmRzYeUeXhPrCcX');
INSERT INTO cuidado_basico(id_planta,cuidado_basico) VALUES (112,'ySfTwIyClKoIjWrWxNjNdYmLrViPwMoVwL');
INSERT INTO cuidado_basico(id_planta,cuidado_basico) VALUES (78,'yDsQlVkOeBtGbNdNuEkViYsFnHgWhXvIeL');

INSERT INTO telefono_vivero(id_vivero,telefono_vivero) VALUES (13,5549964050);
INSERT INTO telefono_vivero(id_vivero,telefono_vivero) VALUES (70,5587637376);
INSERT INTO telefono_vivero(id_vivero,telefono_vivero) VALUES (59,5582571847);
INSERT INTO telefono_vivero(id_vivero,telefono_vivero) VALUES (42,5581200785);
INSERT INTO telefono_vivero(id_vivero,telefono_vivero) VALUES (79,5552511467);
INSERT INTO telefono_vivero(id_vivero,telefono_vivero) VALUES (72,5559689688);
INSERT INTO telefono_vivero(id_vivero,telefono_vivero) VALUES (30,5584508258);
INSERT INTO telefono_vivero(id_vivero,telefono_vivero) VALUES (4,5526163329);
INSERT INTO telefono_vivero(id_vivero,telefono_vivero) VALUES (39,5554703787);
INSERT INTO telefono_vivero(id_vivero,telefono_vivero) VALUES (66,5532446877);
INSERT INTO telefono_vivero(id_vivero,telefono_vivero) VALUES (64,5555826314);
INSERT INTO telefono_vivero(id_vivero,telefono_vivero) VALUES (33,5561462748);
INSERT INTO telefono_vivero(id_vivero,telefono_vivero) VALUES (85,5590773912);
INSERT INTO telefono_vivero(id_vivero,telefono_vivero) VALUES (90,5584445355);
INSERT INTO telefono_vivero(id_vivero,telefono_vivero) VALUES (20,5570273266);
INSERT INTO telefono_vivero(id_vivero,telefono_vivero) VALUES (55,5545891573);
INSERT INTO telefono_vivero(id_vivero,telefono_vivero) VALUES (34,5589073581);
INSERT INTO telefono_vivero(id_vivero,telefono_vivero) VALUES (99,5508251456);
INSERT INTO telefono_vivero(id_vivero,telefono_vivero) VALUES (25,5573775948);
INSERT INTO telefono_vivero(id_vivero,telefono_vivero) VALUES (82,5596931668);
INSERT INTO telefono_vivero(id_vivero,telefono_vivero) VALUES (22,5510288916);
INSERT INTO telefono_vivero(id_vivero,telefono_vivero) VALUES (40,5546686700);
INSERT INTO telefono_vivero(id_vivero,telefono_vivero) VALUES (1,5556296660);
INSERT INTO telefono_vivero(id_vivero,telefono_vivero) VALUES (63,5537695553);
INSERT INTO telefono_vivero(id_vivero,telefono_vivero) VALUES (94,5598551334);
INSERT INTO telefono_vivero(id_vivero,telefono_vivero) VALUES (11,5500725853);
INSERT INTO telefono_vivero(id_vivero,telefono_vivero) VALUES (67,5543684577);
INSERT INTO telefono_vivero(id_vivero,telefono_vivero) VALUES (23,5521760739);
INSERT INTO telefono_vivero(id_vivero,telefono_vivero) VALUES (38,5582550351);
INSERT INTO telefono_vivero(id_vivero,telefono_vivero) VALUES (47,5524807392);
INSERT INTO telefono_vivero(id_vivero,telefono_vivero) VALUES (17,5562473014);
INSERT INTO telefono_vivero(id_vivero,telefono_vivero) VALUES (76,5548536088);
INSERT INTO telefono_vivero(id_vivero,telefono_vivero) VALUES (57,5570190857);
INSERT INTO telefono_vivero(id_vivero,telefono_vivero) VALUES (8,5509588289);
INSERT INTO telefono_vivero(id_vivero,telefono_vivero) VALUES (54,5594483784);
INSERT INTO telefono_vivero(id_vivero,telefono_vivero) VALUES (68,5567047293);
INSERT INTO telefono_vivero(id_vivero,telefono_vivero) VALUES (48,5555057049);
INSERT INTO telefono_vivero(id_vivero,telefono_vivero) VALUES (19,5570549780);
INSERT INTO telefono_vivero(id_vivero,telefono_vivero) VALUES (75,5538220014);
INSERT INTO telefono_vivero(id_vivero,telefono_vivero) VALUES (6,5570619704);
INSERT INTO telefono_vivero(id_vivero,telefono_vivero) VALUES (29,5579408766);
INSERT INTO telefono_vivero(id_vivero,telefono_vivero) VALUES (62,5530427226);
INSERT INTO telefono_vivero(id_vivero,telefono_vivero) VALUES (45,5503263865);
INSERT INTO telefono_vivero(id_vivero,telefono_vivero) VALUES (60,5569319513);
INSERT INTO telefono_vivero(id_vivero,telefono_vivero) VALUES (78,5569854699);
INSERT INTO telefono_vivero(id_vivero,telefono_vivero) VALUES (91,5553197049);
INSERT INTO telefono_vivero(id_vivero,telefono_vivero) VALUES (96,5599277369);
INSERT INTO telefono_vivero(id_vivero,telefono_vivero) VALUES (46,5537358477);
INSERT INTO telefono_vivero(id_vivero,telefono_vivero) VALUES (3,5567698487);
INSERT INTO telefono_vivero(id_vivero,telefono_vivero) VALUES (14,5587154159);
INSERT INTO telefono_vivero(id_vivero,telefono_vivero) VALUES (92,5571021615);
INSERT INTO telefono_vivero(id_vivero,telefono_vivero) VALUES (32,5572807027);
INSERT INTO telefono_vivero(id_vivero,telefono_vivero) VALUES (36,5591123631);
INSERT INTO telefono_vivero(id_vivero,telefono_vivero) VALUES (61,5510200864);
INSERT INTO telefono_vivero(id_vivero,telefono_vivero) VALUES (28,5566750937);
INSERT INTO telefono_vivero(id_vivero,telefono_vivero) VALUES (88,5595088892);
INSERT INTO telefono_vivero(id_vivero,telefono_vivero) VALUES (69,5559733799);
INSERT INTO telefono_vivero(id_vivero,telefono_vivero) VALUES (24,5579408062);
INSERT INTO telefono_vivero(id_vivero,telefono_vivero) VALUES (26,5508432505);
INSERT INTO telefono_vivero(id_vivero,telefono_vivero) VALUES (12,5567886720);
INSERT INTO telefono_vivero(id_vivero,telefono_vivero) VALUES (18,5551005509);
INSERT INTO telefono_vivero(id_vivero,telefono_vivero) VALUES (16,5543973861);
INSERT INTO telefono_vivero(id_vivero,telefono_vivero) VALUES (73,5584857312);
INSERT INTO telefono_vivero(id_vivero,telefono_vivero) VALUES (27,5569099685);
INSERT INTO telefono_vivero(id_vivero,telefono_vivero) VALUES (95,5573698815);
INSERT INTO telefono_vivero(id_vivero,telefono_vivero) VALUES (51,5526877072);
INSERT INTO telefono_vivero(id_vivero,telefono_vivero) VALUES (44,5560550865);
INSERT INTO telefono_vivero(id_vivero,telefono_vivero) VALUES (65,5581122828);
INSERT INTO telefono_vivero(id_vivero,telefono_vivero) VALUES (10,5587422662);
INSERT INTO telefono_vivero(id_vivero,telefono_vivero) VALUES (52,5538718165);
INSERT INTO telefono_vivero(id_vivero,telefono_vivero) VALUES (53,5501304747);
INSERT INTO telefono_vivero(id_vivero,telefono_vivero) VALUES (86,5547183421);
INSERT INTO telefono_vivero(id_vivero,telefono_vivero) VALUES (84,5594151937);
INSERT INTO telefono_vivero(id_vivero,telefono_vivero) VALUES (58,5551794719);
INSERT INTO telefono_vivero(id_vivero,telefono_vivero) VALUES (81,5594820419);
INSERT INTO telefono_vivero(id_vivero,telefono_vivero) VALUES (35,5585528300);
INSERT INTO telefono_vivero(id_vivero,telefono_vivero) VALUES (5,5522883834);
INSERT INTO telefono_vivero(id_vivero,telefono_vivero) VALUES (2,5593317091);
INSERT INTO telefono_vivero(id_vivero,telefono_vivero) VALUES (74,5589443011);
INSERT INTO telefono_vivero(id_vivero,telefono_vivero) VALUES (80,5567971276);
INSERT INTO telefono_vivero(id_vivero,telefono_vivero) VALUES (37,5544488659);
INSERT INTO telefono_vivero(id_vivero,telefono_vivero) VALUES (98,5577062578);
INSERT INTO telefono_vivero(id_vivero,telefono_vivero) VALUES (71,5547081292);
INSERT INTO telefono_vivero(id_vivero,telefono_vivero) VALUES (77,5543468969);
INSERT INTO telefono_vivero(id_vivero,telefono_vivero) VALUES (49,5578150497);
INSERT INTO telefono_vivero(id_vivero,telefono_vivero) VALUES (7,5517898627);
INSERT INTO telefono_vivero(id_vivero,telefono_vivero) VALUES (41,5562726908);
INSERT INTO telefono_vivero(id_vivero,telefono_vivero) VALUES (50,5552774421);
INSERT INTO telefono_vivero(id_vivero,telefono_vivero) VALUES (43,5587785837);
INSERT INTO telefono_vivero(id_vivero,telefono_vivero) VALUES (15,5554810764);
INSERT INTO telefono_vivero(id_vivero,telefono_vivero) VALUES (31,5522164923);
INSERT INTO telefono_vivero(id_vivero,telefono_vivero) VALUES (83,5554285479);
INSERT INTO telefono_vivero(id_vivero,telefono_vivero) VALUES (89,5502679145);
INSERT INTO telefono_vivero(id_vivero,telefono_vivero) VALUES (93,5550854147);
INSERT INTO telefono_vivero(id_vivero,telefono_vivero) VALUES (100,5507807666);
INSERT INTO telefono_vivero(id_vivero,telefono_vivero) VALUES (9,5548262412);
INSERT INTO telefono_vivero(id_vivero,telefono_vivero) VALUES (87,5509387646);
INSERT INTO telefono_vivero(id_vivero,telefono_vivero) VALUES (21,5534284806);
INSERT INTO telefono_vivero(id_vivero,telefono_vivero) VALUES (56,5533699380);
INSERT INTO telefono_vivero(id_vivero,telefono_vivero) VALUES (97,5586000520);
INSERT INTO telefono_vivero(id_vivero,telefono_vivero) VALUES (50,5517062096);
INSERT INTO telefono_vivero(id_vivero,telefono_vivero) VALUES (35,5537565155);
INSERT INTO telefono_vivero(id_vivero,telefono_vivero) VALUES (54,5527074477);
INSERT INTO telefono_vivero(id_vivero,telefono_vivero) VALUES (9,5561923695);
INSERT INTO telefono_vivero(id_vivero,telefono_vivero) VALUES (14,5588439286);
INSERT INTO telefono_vivero(id_vivero,telefono_vivero) VALUES (42,5565690345);
INSERT INTO telefono_vivero(id_vivero,telefono_vivero) VALUES (20,5566621412);
INSERT INTO telefono_vivero(id_vivero,telefono_vivero) VALUES (82,5524507107);
INSERT INTO telefono_vivero(id_vivero,telefono_vivero) VALUES (53,5526472067);
INSERT INTO telefono_vivero(id_vivero,telefono_vivero) VALUES (26,5546091571);
INSERT INTO telefono_vivero(id_vivero,telefono_vivero) VALUES (6,5529746493);
INSERT INTO telefono_vivero(id_vivero,telefono_vivero) VALUES (58,5533051813);
INSERT INTO telefono_vivero(id_vivero,telefono_vivero) VALUES (79,5599180531);
INSERT INTO telefono_vivero(id_vivero,telefono_vivero) VALUES (63,5537259838);
INSERT INTO telefono_vivero(id_vivero,telefono_vivero) VALUES (46,5559189537);
INSERT INTO telefono_vivero(id_vivero,telefono_vivero) VALUES (55,5509187076);
INSERT INTO telefono_vivero(id_vivero,telefono_vivero) VALUES (16,5527366781);
INSERT INTO telefono_vivero(id_vivero,telefono_vivero) VALUES (95,5591199704);
INSERT INTO telefono_vivero(id_vivero,telefono_vivero) VALUES (60,5565271971);
INSERT INTO telefono_vivero(id_vivero,telefono_vivero) VALUES (52,5555198308);
INSERT INTO telefono_vivero(id_vivero,telefono_vivero) VALUES (40,5505874073);
INSERT INTO telefono_vivero(id_vivero,telefono_vivero) VALUES (57,5586196398);
INSERT INTO telefono_vivero(id_vivero,telefono_vivero) VALUES (10,5518391173);
INSERT INTO telefono_vivero(id_vivero,telefono_vivero) VALUES (19,5546426478);
INSERT INTO telefono_vivero(id_vivero,telefono_vivero) VALUES (73,5539652213);
INSERT INTO telefono_vivero(id_vivero,telefono_vivero) VALUES (3,5578455212);
INSERT INTO telefono_vivero(id_vivero,telefono_vivero) VALUES (65,5556261322);
INSERT INTO telefono_vivero(id_vivero,telefono_vivero) VALUES (21,5540170266);
INSERT INTO telefono_vivero(id_vivero,telefono_vivero) VALUES (31,5539902748);
INSERT INTO telefono_vivero(id_vivero,telefono_vivero) VALUES (51,5549299683);
INSERT INTO telefono_vivero(id_vivero,telefono_vivero) VALUES (49,5529288222);
INSERT INTO telefono_vivero(id_vivero,telefono_vivero) VALUES (33,5546459337);
INSERT INTO telefono_vivero(id_vivero,telefono_vivero) VALUES (8,5599798934);
INSERT INTO telefono_vivero(id_vivero,telefono_vivero) VALUES (39,5587021406);
INSERT INTO telefono_vivero(id_vivero,telefono_vivero) VALUES (38,5525365372);
INSERT INTO telefono_vivero(id_vivero,telefono_vivero) VALUES (78,5521563145);
INSERT INTO telefono_vivero(id_vivero,telefono_vivero) VALUES (64,5567610881);
INSERT INTO telefono_vivero(id_vivero,telefono_vivero) VALUES (87,5598993114);
INSERT INTO telefono_vivero(id_vivero,telefono_vivero) VALUES (77,5572343155);
INSERT INTO telefono_vivero(id_vivero,telefono_vivero) VALUES (67,5532636278);
INSERT INTO telefono_vivero(id_vivero,telefono_vivero) VALUES (92,5509625309);
INSERT INTO telefono_vivero(id_vivero,telefono_vivero) VALUES (32,5504798039);
INSERT INTO telefono_vivero(id_vivero,telefono_vivero) VALUES (93,5593197227);
INSERT INTO telefono_vivero(id_vivero,telefono_vivero) VALUES (88,5570814808);
INSERT INTO telefono_vivero(id_vivero,telefono_vivero) VALUES (17,5558436008);
INSERT INTO telefono_vivero(id_vivero,telefono_vivero) VALUES (76,5583511370);
INSERT INTO telefono_vivero(id_vivero,telefono_vivero) VALUES (24,5522001919);
INSERT INTO telefono_vivero(id_vivero,telefono_vivero) VALUES (81,5571554494);
INSERT INTO telefono_vivero(id_vivero,telefono_vivero) VALUES (74,5555403507);
INSERT INTO telefono_vivero(id_vivero,telefono_vivero) VALUES (86,5533450024);
INSERT INTO telefono_vivero(id_vivero,telefono_vivero) VALUES (36,5589246824);
INSERT INTO telefono_vivero(id_vivero,telefono_vivero) VALUES (89,5593736336);
INSERT INTO telefono_vivero(id_vivero,telefono_vivero) VALUES (27,5549282232);
INSERT INTO telefono_vivero(id_vivero,telefono_vivero) VALUES (4,5588136458);
INSERT INTO telefono_vivero(id_vivero,telefono_vivero) VALUES (90,5561694156);
INSERT INTO telefono_vivero(id_vivero,telefono_vivero) VALUES (25,5576286207);
INSERT INTO telefono_vivero(id_vivero,telefono_vivero) VALUES (48,5533136584);
INSERT INTO telefono_vivero(id_vivero,telefono_vivero) VALUES (22,5516244930);
INSERT INTO telefono_vivero(id_vivero,telefono_vivero) VALUES (66,5529776999);
INSERT INTO telefono_vivero(id_vivero,telefono_vivero) VALUES (1,5532621220);
INSERT INTO telefono_vivero(id_vivero,telefono_vivero) VALUES (29,5585828733);
INSERT INTO telefono_vivero(id_vivero,telefono_vivero) VALUES (2,5535299060);
INSERT INTO telefono_vivero(id_vivero,telefono_vivero) VALUES (72,5579277011);
INSERT INTO telefono_vivero(id_vivero,telefono_vivero) VALUES (84,5529502901);
INSERT INTO telefono_vivero(id_vivero,telefono_vivero) VALUES (83,5567444509);
INSERT INTO telefono_vivero(id_vivero,telefono_vivero) VALUES (98,5522216722);
INSERT INTO telefono_vivero(id_vivero,telefono_vivero) VALUES (28,5536265739);
INSERT INTO telefono_vivero(id_vivero,telefono_vivero) VALUES (100,5502796374);
INSERT INTO telefono_vivero(id_vivero,telefono_vivero) VALUES (70,5587860072);
INSERT INTO telefono_vivero(id_vivero,telefono_vivero) VALUES (96,5536508645);
INSERT INTO telefono_vivero(id_vivero,telefono_vivero) VALUES (56,5554551239);
INSERT INTO telefono_vivero(id_vivero,telefono_vivero) VALUES (30,5556163965);
INSERT INTO telefono_vivero(id_vivero,telefono_vivero) VALUES (68,5516029123);
INSERT INTO telefono_vivero(id_vivero,telefono_vivero) VALUES (71,5537611755);
INSERT INTO telefono_vivero(id_vivero,telefono_vivero) VALUES (7,5544872050);
INSERT INTO telefono_vivero(id_vivero,telefono_vivero) VALUES (15,5525725067);
INSERT INTO telefono_vivero(id_vivero,telefono_vivero) VALUES (91,5568642660);
INSERT INTO telefono_vivero(id_vivero,telefono_vivero) VALUES (62,5569117653);
INSERT INTO telefono_vivero(id_vivero,telefono_vivero) VALUES (43,5578618874);
INSERT INTO telefono_vivero(id_vivero,telefono_vivero) VALUES (12,5590880071);
INSERT INTO telefono_vivero(id_vivero,telefono_vivero) VALUES (94,5502296395);
INSERT INTO telefono_vivero(id_vivero,telefono_vivero) VALUES (18,5594701277);
INSERT INTO telefono_vivero(id_vivero,telefono_vivero) VALUES (34,5538752925);
INSERT INTO telefono_vivero(id_vivero,telefono_vivero) VALUES (13,5535416295);
INSERT INTO telefono_vivero(id_vivero,telefono_vivero) VALUES (80,5522944276);
INSERT INTO telefono_vivero(id_vivero,telefono_vivero) VALUES (97,5568279686);
INSERT INTO telefono_vivero(id_vivero,telefono_vivero) VALUES (59,5585989956);
INSERT INTO telefono_vivero(id_vivero,telefono_vivero) VALUES (5,5500080805);
INSERT INTO telefono_vivero(id_vivero,telefono_vivero) VALUES (85,5514645918);
INSERT INTO telefono_vivero(id_vivero,telefono_vivero) VALUES (61,5528093234);
INSERT INTO telefono_vivero(id_vivero,telefono_vivero) VALUES (47,5532430054);
INSERT INTO telefono_vivero(id_vivero,telefono_vivero) VALUES (75,5520970495);
INSERT INTO telefono_vivero(id_vivero,telefono_vivero) VALUES (99,5523785143);
INSERT INTO telefono_vivero(id_vivero,telefono_vivero) VALUES (44,5502369888);
INSERT INTO telefono_vivero(id_vivero,telefono_vivero) VALUES (41,5515148583);
INSERT INTO telefono_vivero(id_vivero,telefono_vivero) VALUES (23,5585227153);
INSERT INTO telefono_vivero(id_vivero,telefono_vivero) VALUES (45,5534118416);
INSERT INTO telefono_vivero(id_vivero,telefono_vivero) VALUES (69,5571650519);
INSERT INTO telefono_vivero(id_vivero,telefono_vivero) VALUES (11,5570283605);
INSERT INTO telefono_vivero(id_vivero,telefono_vivero) VALUES (37,5589079020);

INSERT INTO cliente(id_cliente,nombre,fecha_nacimiento) VALUES (1,'Ebeneser Cherrett','1990-10-07');
INSERT INTO cliente(id_cliente,nombre,fecha_nacimiento) VALUES (2,'Grover Yankishin','1999-09-20');
INSERT INTO cliente(id_cliente,nombre,fecha_nacimiento) VALUES (3,'Fanechka Pellamonuten','1974-03-27');
INSERT INTO cliente(id_cliente,nombre,fecha_nacimiento) VALUES (4,'Mikol McQuorkel','1961-08-27');
INSERT INTO cliente(id_cliente,nombre,fecha_nacimiento) VALUES (5,'Ailey Dickey','1989-01-24');
INSERT INTO cliente(id_cliente,nombre,fecha_nacimiento) VALUES (6,'Harrietta Arden','1981-06-28');
INSERT INTO cliente(id_cliente,nombre,fecha_nacimiento) VALUES (7,'Trace Foch','1971-09-21');
INSERT INTO cliente(id_cliente,nombre,fecha_nacimiento) VALUES (8,'Mahala Bonifazio','2002-05-24');
INSERT INTO cliente(id_cliente,nombre,fecha_nacimiento) VALUES (9,'Nevin Ryal','1975-09-01');
INSERT INTO cliente(id_cliente,nombre,fecha_nacimiento) VALUES (10,'Eveleen Gosnall','1969-03-18');
INSERT INTO cliente(id_cliente,nombre,fecha_nacimiento) VALUES (11,'Alasteir Storry','1965-03-31');
INSERT INTO cliente(id_cliente,nombre,fecha_nacimiento) VALUES (12,'Harvey Perrot','1988-05-15');
INSERT INTO cliente(id_cliente,nombre,fecha_nacimiento) VALUES (13,'Norbert Vallance','2002-05-26');
INSERT INTO cliente(id_cliente,nombre,fecha_nacimiento) VALUES (14,'Kristel Barneville','1966-12-07');
INSERT INTO cliente(id_cliente,nombre,fecha_nacimiento) VALUES (15,'Silva Sutterfield','1968-09-06');
INSERT INTO cliente(id_cliente,nombre,fecha_nacimiento) VALUES (16,'Hilary Mathey','1984-03-26');
INSERT INTO cliente(id_cliente,nombre,fecha_nacimiento) VALUES (17,'Willi Rosita','1992-01-24');
INSERT INTO cliente(id_cliente,nombre,fecha_nacimiento) VALUES (18,'Lianna Robeson','1980-09-05');
INSERT INTO cliente(id_cliente,nombre,fecha_nacimiento) VALUES (19,'Keefe Parr','1968-03-18');
INSERT INTO cliente(id_cliente,nombre,fecha_nacimiento) VALUES (20,'Jasmina Ovesen','1970-03-22');
INSERT INTO cliente(id_cliente,nombre,fecha_nacimiento) VALUES (21,'Teodorico Guslon','1997-04-18');
INSERT INTO cliente(id_cliente,nombre,fecha_nacimiento) VALUES (22,'Ely Barchrameev','1981-03-22');
INSERT INTO cliente(id_cliente,nombre,fecha_nacimiento) VALUES (23,'Rawley Bocock','1990-09-22');
INSERT INTO cliente(id_cliente,nombre,fecha_nacimiento) VALUES (24,'Joela Sancraft','1962-11-03');
INSERT INTO cliente(id_cliente,nombre,fecha_nacimiento) VALUES (25,'Petronella Hiscocks','1967-06-14');
INSERT INTO cliente(id_cliente,nombre,fecha_nacimiento) VALUES (26,'Aviva Castle','1973-08-10');
INSERT INTO cliente(id_cliente,nombre,fecha_nacimiento) VALUES (27,'Jilleen Linfield','1967-07-02');
INSERT INTO cliente(id_cliente,nombre,fecha_nacimiento) VALUES (28,'Corrine Crosoer','1975-10-19');
INSERT INTO cliente(id_cliente,nombre,fecha_nacimiento) VALUES (29,'Baillie Kynoch','1964-01-17');
INSERT INTO cliente(id_cliente,nombre,fecha_nacimiento) VALUES (30,'Rosaleen Sawkin','1965-06-21');
INSERT INTO cliente(id_cliente,nombre,fecha_nacimiento) VALUES (31,'Tara Frankema','1993-09-08');
INSERT INTO cliente(id_cliente,nombre,fecha_nacimiento) VALUES (32,'Pia Andri','1961-03-30');
INSERT INTO cliente(id_cliente,nombre,fecha_nacimiento) VALUES (33,'Kermy Cartin','2002-06-15');
INSERT INTO cliente(id_cliente,nombre,fecha_nacimiento) VALUES (34,'Ringo Larter','1981-08-09');
INSERT INTO cliente(id_cliente,nombre,fecha_nacimiento) VALUES (35,'Nydia Hedger','1981-06-17');
INSERT INTO cliente(id_cliente,nombre,fecha_nacimiento) VALUES (36,'Marlow MacGown','1995-12-06');
INSERT INTO cliente(id_cliente,nombre,fecha_nacimiento) VALUES (37,'Uri Olman','1977-09-03');
INSERT INTO cliente(id_cliente,nombre,fecha_nacimiento) VALUES (38,'Rikki Disbury','1961-11-24');
INSERT INTO cliente(id_cliente,nombre,fecha_nacimiento) VALUES (39,'Flori Dwight','1996-05-31');
INSERT INTO cliente(id_cliente,nombre,fecha_nacimiento) VALUES (40,'Amalee Lakeman','1997-11-08');
INSERT INTO cliente(id_cliente,nombre,fecha_nacimiento) VALUES (41,'Camilla Everal','1961-05-24');
INSERT INTO cliente(id_cliente,nombre,fecha_nacimiento) VALUES (42,'Mora Barabisch','1983-02-06');
INSERT INTO cliente(id_cliente,nombre,fecha_nacimiento) VALUES (43,'Dolly Olliver','1975-12-06');
INSERT INTO cliente(id_cliente,nombre,fecha_nacimiento) VALUES (44,'Maureene Praundl','1979-04-06');
INSERT INTO cliente(id_cliente,nombre,fecha_nacimiento) VALUES (45,'Delaney Sexstone','1969-03-25');
INSERT INTO cliente(id_cliente,nombre,fecha_nacimiento) VALUES (46,'Hubert Breagan','1974-07-05');
INSERT INTO cliente(id_cliente,nombre,fecha_nacimiento) VALUES (47,'Aeriel Laible','1985-11-01');
INSERT INTO cliente(id_cliente,nombre,fecha_nacimiento) VALUES (48,'Rennie Peckett','1990-09-30');
INSERT INTO cliente(id_cliente,nombre,fecha_nacimiento) VALUES (49,'Magdaia Baribal','2002-06-19');
INSERT INTO cliente(id_cliente,nombre,fecha_nacimiento) VALUES (50,'Mariam Dayne','1976-12-04');
INSERT INTO cliente(id_cliente,nombre,fecha_nacimiento) VALUES (51,'Adriane Karus','1996-11-07');
INSERT INTO cliente(id_cliente,nombre,fecha_nacimiento) VALUES (52,'Carena Roz','1961-03-22');
INSERT INTO cliente(id_cliente,nombre,fecha_nacimiento) VALUES (53,'Bria Kirkup','2002-06-25');
INSERT INTO cliente(id_cliente,nombre,fecha_nacimiento) VALUES (54,'Reilly Merioth','1984-06-29');
INSERT INTO cliente(id_cliente,nombre,fecha_nacimiento) VALUES (55,'Derron Egginton','1976-07-09');
INSERT INTO cliente(id_cliente,nombre,fecha_nacimiento) VALUES (56,'Cam Orht','1982-02-11');
INSERT INTO cliente(id_cliente,nombre,fecha_nacimiento) VALUES (57,'Bonnee Bowyer','1979-02-10');
INSERT INTO cliente(id_cliente,nombre,fecha_nacimiento) VALUES (58,'Orsa Estabrook','1993-02-01');
INSERT INTO cliente(id_cliente,nombre,fecha_nacimiento) VALUES (59,'Giovanna Nesbit','1998-07-19');
INSERT INTO cliente(id_cliente,nombre,fecha_nacimiento) VALUES (60,'Charo MacAnellye','1991-12-21');
INSERT INTO cliente(id_cliente,nombre,fecha_nacimiento) VALUES (61,'Adah Pyburn','2002-06-14');
INSERT INTO cliente(id_cliente,nombre,fecha_nacimiento) VALUES (62,'Gerty Ohms','2002-06-26');
INSERT INTO cliente(id_cliente,nombre,fecha_nacimiento) VALUES (63,'Penny Duddle','2003-01-08');
INSERT INTO cliente(id_cliente,nombre,fecha_nacimiento) VALUES (64,'Demetris Rewan','1985-11-26');
INSERT INTO cliente(id_cliente,nombre,fecha_nacimiento) VALUES (65,'Fenelia Frantzeni','1989-01-20');
INSERT INTO cliente(id_cliente,nombre,fecha_nacimiento) VALUES (66,'Myrah Jahan','2002-06-30');
INSERT INTO cliente(id_cliente,nombre,fecha_nacimiento) VALUES (67,'Percival Harsent','1991-01-15');
INSERT INTO cliente(id_cliente,nombre,fecha_nacimiento) VALUES (68,'Fiona Barrass','1988-01-20');
INSERT INTO cliente(id_cliente,nombre,fecha_nacimiento) VALUES (69,'Bambi Wellbeloved','1960-02-07');
INSERT INTO cliente(id_cliente,nombre,fecha_nacimiento) VALUES (70,'Shannon Knights','1999-09-22');
INSERT INTO cliente(id_cliente,nombre,fecha_nacimiento) VALUES (71,'Adoree Lawling','2002-06-18');
INSERT INTO cliente(id_cliente,nombre,fecha_nacimiento) VALUES (72,'Wally Loalday','1976-10-27');
INSERT INTO cliente(id_cliente,nombre,fecha_nacimiento) VALUES (73,'Cedric Yatman','2002-06-16');
INSERT INTO cliente(id_cliente,nombre,fecha_nacimiento) VALUES (74,'Josee Pirnie','1972-05-08');
INSERT INTO cliente(id_cliente,nombre,fecha_nacimiento) VALUES (75,'Fonz Goby','1974-09-19');
INSERT INTO cliente(id_cliente,nombre,fecha_nacimiento) VALUES (76,'Evelyn Roots','1961-04-05');
INSERT INTO cliente(id_cliente,nombre,fecha_nacimiento) VALUES (77,'Archibald Bortolozzi','1997-12-27');
INSERT INTO cliente(id_cliente,nombre,fecha_nacimiento) VALUES (78,'Richart Rosle','2002-06-16');
INSERT INTO cliente(id_cliente,nombre,fecha_nacimiento) VALUES (79,'Sisile Vernau','1998-05-19');
INSERT INTO cliente(id_cliente,nombre,fecha_nacimiento) VALUES (80,'Andrej Halmkin','1991-10-31');
INSERT INTO cliente(id_cliente,nombre,fecha_nacimiento) VALUES (81,'Xenos Sprules','1997-03-28');
INSERT INTO cliente(id_cliente,nombre,fecha_nacimiento) VALUES (82,'Sheffy Tomasoni','1981-11-13');
INSERT INTO cliente(id_cliente,nombre,fecha_nacimiento) VALUES (83,'Ring Garm','1995-05-08');
INSERT INTO cliente(id_cliente,nombre,fecha_nacimiento) VALUES (84,'Norine Synke','1964-08-13');
INSERT INTO cliente(id_cliente,nombre,fecha_nacimiento) VALUES (85,'Jillayne Leeburne','1974-07-30');
INSERT INTO cliente(id_cliente,nombre,fecha_nacimiento) VALUES (86,'Ansel Gandley','1983-06-08');
INSERT INTO cliente(id_cliente,nombre,fecha_nacimiento) VALUES (87,'Roselia Shapira','2002-08-06');
INSERT INTO cliente(id_cliente,nombre,fecha_nacimiento) VALUES (88,'Marigold Pashen','1994-12-30');
INSERT INTO cliente(id_cliente,nombre,fecha_nacimiento) VALUES (89,'Stephi Renn','1991-06-18');
INSERT INTO cliente(id_cliente,nombre,fecha_nacimiento) VALUES (90,'Zach Manns','1963-04-07');
INSERT INTO cliente(id_cliente,nombre,fecha_nacimiento) VALUES (91,'Emerson Clarkin','1974-01-24');
INSERT INTO cliente(id_cliente,nombre,fecha_nacimiento) VALUES (92,'Rivy Kubacki','1974-01-07');
INSERT INTO cliente(id_cliente,nombre,fecha_nacimiento) VALUES (93,'Charmion Grosvener','1973-02-07');
INSERT INTO cliente(id_cliente,nombre,fecha_nacimiento) VALUES (94,'Spenser Hazelgrove','1997-03-14');
INSERT INTO cliente(id_cliente,nombre,fecha_nacimiento) VALUES (95,'Damiano Cicerone','1973-07-14');
INSERT INTO cliente(id_cliente,nombre,fecha_nacimiento) VALUES (96,'Joan Saw','1990-11-16');
INSERT INTO cliente(id_cliente,nombre,fecha_nacimiento) VALUES (97,'Paige Hardi','1991-07-25');
INSERT INTO cliente(id_cliente,nombre,fecha_nacimiento) VALUES (98,'Tallulah Itzcovich','1965-04-28');
INSERT INTO cliente(id_cliente,nombre,fecha_nacimiento) VALUES (99,'Golda Campkin','1996-06-04');
INSERT INTO cliente(id_cliente,nombre,fecha_nacimiento) VALUES (100,'Lorrie Sperrett','2002-06-12');

INSERT INTO correo_electronico_cliente(id_cliente,correo_electronico_cliente) VALUES (46,'glebourn0@drupal.org');
INSERT INTO correo_electronico_cliente(id_cliente,correo_electronico_cliente) VALUES (12,'fjerok1@java.com');
INSERT INTO correo_electronico_cliente(id_cliente,correo_electronico_cliente) VALUES (52,'prolse2@springer.com');
INSERT INTO correo_electronico_cliente(id_cliente,correo_electronico_cliente) VALUES (34,'veslemont3@senate.gov');
INSERT INTO correo_electronico_cliente(id_cliente,correo_electronico_cliente) VALUES (2,'qsafe4@wix.com');
INSERT INTO correo_electronico_cliente(id_cliente,correo_electronico_cliente) VALUES (40,'cdelia5@bbb.org');
INSERT INTO correo_electronico_cliente(id_cliente,correo_electronico_cliente) VALUES (87,'mcannell6@msu.edu');
INSERT INTO correo_electronico_cliente(id_cliente,correo_electronico_cliente) VALUES (45,'kcraze7@unc.edu');
INSERT INTO correo_electronico_cliente(id_cliente,correo_electronico_cliente) VALUES (69,'fmacourek8@drupal.org');
INSERT INTO correo_electronico_cliente(id_cliente,correo_electronico_cliente) VALUES (99,'wborris9@vinaora.com');
INSERT INTO correo_electronico_cliente(id_cliente,correo_electronico_cliente) VALUES (61,'afancutta@bandcamp.com');
INSERT INTO correo_electronico_cliente(id_cliente,correo_electronico_cliente) VALUES (30,'tcostanzab@geocities.jp');
INSERT INTO correo_electronico_cliente(id_cliente,correo_electronico_cliente) VALUES (63,'aedgleyc@ucoz.ru');
INSERT INTO correo_electronico_cliente(id_cliente,correo_electronico_cliente) VALUES (60,'mgalierd@naver.com');
INSERT INTO correo_electronico_cliente(id_cliente,correo_electronico_cliente) VALUES (8,'dcasae@alexa.com');
INSERT INTO correo_electronico_cliente(id_cliente,correo_electronico_cliente) VALUES (59,'pbransdonf@123-reg.co.uk');
INSERT INTO correo_electronico_cliente(id_cliente,correo_electronico_cliente) VALUES (72,'nkrolikg@google.pl');
INSERT INTO correo_electronico_cliente(id_cliente,correo_electronico_cliente) VALUES (84,'pmarklinh@e-recht24.de');
INSERT INTO correo_electronico_cliente(id_cliente,correo_electronico_cliente) VALUES (33,'cmurieli@marketwatch.com');
INSERT INTO correo_electronico_cliente(id_cliente,correo_electronico_cliente) VALUES (61,'ejollimanj@reference.com');
INSERT INTO correo_electronico_cliente(id_cliente,correo_electronico_cliente) VALUES (52,'apretoriusk@ifeng.com');
INSERT INTO correo_electronico_cliente(id_cliente,correo_electronico_cliente) VALUES (49,'wadamekl@tumblr.com');
INSERT INTO correo_electronico_cliente(id_cliente,correo_electronico_cliente) VALUES (2,'btearm@umich.edu');
INSERT INTO correo_electronico_cliente(id_cliente,correo_electronico_cliente) VALUES (42,'nbridgelandn@multiply.com');
INSERT INTO correo_electronico_cliente(id_cliente,correo_electronico_cliente) VALUES (99,'mbraideno@about.com');
INSERT INTO correo_electronico_cliente(id_cliente,correo_electronico_cliente) VALUES (17,'csilvermanp@tuttocitta.it');
INSERT INTO correo_electronico_cliente(id_cliente,correo_electronico_cliente) VALUES (76,'mocrevyq@163.com');
INSERT INTO correo_electronico_cliente(id_cliente,correo_electronico_cliente) VALUES (75,'agrovierr@arstechnica.com');
INSERT INTO correo_electronico_cliente(id_cliente,correo_electronico_cliente) VALUES (55,'gsemans@yahoo.com');
INSERT INTO correo_electronico_cliente(id_cliente,correo_electronico_cliente) VALUES (39,'mbourtont@shutterfly.com');
INSERT INTO correo_electronico_cliente(id_cliente,correo_electronico_cliente) VALUES (53,'sdefrancisciu@soundcloud.com');
INSERT INTO correo_electronico_cliente(id_cliente,correo_electronico_cliente) VALUES (7,'sgethynv@chicagotribune.com');
INSERT INTO correo_electronico_cliente(id_cliente,correo_electronico_cliente) VALUES (42,'csahnoww@wikimedia.org');
INSERT INTO correo_electronico_cliente(id_cliente,correo_electronico_cliente) VALUES (20,'mbuffyx@squidoo.com');
INSERT INTO correo_electronico_cliente(id_cliente,correo_electronico_cliente) VALUES (32,'hcreery@discuz.net');
INSERT INTO correo_electronico_cliente(id_cliente,correo_electronico_cliente) VALUES (58,'gcirlosz@cnet.com');
INSERT INTO correo_electronico_cliente(id_cliente,correo_electronico_cliente) VALUES (80,'lheathcoat10@slideshare.net');
INSERT INTO correo_electronico_cliente(id_cliente,correo_electronico_cliente) VALUES (61,'dkleehuhler11@reddit.com');
INSERT INTO correo_electronico_cliente(id_cliente,correo_electronico_cliente) VALUES (18,'eeaster12@shop-pro.jp');
INSERT INTO correo_electronico_cliente(id_cliente,correo_electronico_cliente) VALUES (27,'mcosely13@sitemeter.com');
INSERT INTO correo_electronico_cliente(id_cliente,correo_electronico_cliente) VALUES (46,'cbernholt14@is.gd');
INSERT INTO correo_electronico_cliente(id_cliente,correo_electronico_cliente) VALUES (64,'mdeporte15@omniture.com');
INSERT INTO correo_electronico_cliente(id_cliente,correo_electronico_cliente) VALUES (100,'blawther16@upenn.edu');
INSERT INTO correo_electronico_cliente(id_cliente,correo_electronico_cliente) VALUES (85,'gbilles17@chicagotribune.com');
INSERT INTO correo_electronico_cliente(id_cliente,correo_electronico_cliente) VALUES (67,'mstain18@newyorker.com');
INSERT INTO correo_electronico_cliente(id_cliente,correo_electronico_cliente) VALUES (69,'gthorns19@google.nl');
INSERT INTO correo_electronico_cliente(id_cliente,correo_electronico_cliente) VALUES (4,'asuggitt1a@google.ca');
INSERT INTO correo_electronico_cliente(id_cliente,correo_electronico_cliente) VALUES (70,'iullrich1b@wired.com');
INSERT INTO correo_electronico_cliente(id_cliente,correo_electronico_cliente) VALUES (64,'rchellenham1c@imgur.com');
INSERT INTO correo_electronico_cliente(id_cliente,correo_electronico_cliente) VALUES (7,'motowey1d@howstuffworks.com');
INSERT INTO correo_electronico_cliente(id_cliente,correo_electronico_cliente) VALUES (84,'asimmill1e@dagondesign.com');
INSERT INTO correo_electronico_cliente(id_cliente,correo_electronico_cliente) VALUES (80,'jmcilmorie1f@earthlink.net');
INSERT INTO correo_electronico_cliente(id_cliente,correo_electronico_cliente) VALUES (10,'bsimonini1g@imageshack.us');
INSERT INTO correo_electronico_cliente(id_cliente,correo_electronico_cliente) VALUES (69,'sshier1h@addtoany.com');
INSERT INTO correo_electronico_cliente(id_cliente,correo_electronico_cliente) VALUES (53,'jdermot1i@marketwatch.com');
INSERT INTO correo_electronico_cliente(id_cliente,correo_electronico_cliente) VALUES (6,'cfraschini1j@chronoengine.com');
INSERT INTO correo_electronico_cliente(id_cliente,correo_electronico_cliente) VALUES (86,'ehawkridge1k@businessinsider.com');
INSERT INTO correo_electronico_cliente(id_cliente,correo_electronico_cliente) VALUES (49,'rsperwell1l@unesco.org');
INSERT INTO correo_electronico_cliente(id_cliente,correo_electronico_cliente) VALUES (50,'ebendon1m@infoseek.co.jp');
INSERT INTO correo_electronico_cliente(id_cliente,correo_electronico_cliente) VALUES (79,'cbarson1n@opera.com');
INSERT INTO correo_electronico_cliente(id_cliente,correo_electronico_cliente) VALUES (18,'mconnett1o@icq.com');
INSERT INTO correo_electronico_cliente(id_cliente,correo_electronico_cliente) VALUES (42,'lgaukrodge1p@indiegogo.com');
INSERT INTO correo_electronico_cliente(id_cliente,correo_electronico_cliente) VALUES (19,'aheinig1q@instagram.com');
INSERT INTO correo_electronico_cliente(id_cliente,correo_electronico_cliente) VALUES (49,'vmaddrell1r@spotify.com');
INSERT INTO correo_electronico_cliente(id_cliente,correo_electronico_cliente) VALUES (1,'vanstee1s@acquirethisname.com');
INSERT INTO correo_electronico_cliente(id_cliente,correo_electronico_cliente) VALUES (20,'qcoates1t@vk.com');
INSERT INTO correo_electronico_cliente(id_cliente,correo_electronico_cliente) VALUES (88,'zmacdiarmid1u@census.gov');
INSERT INTO correo_electronico_cliente(id_cliente,correo_electronico_cliente) VALUES (86,'kvonasek1v@google.com');
INSERT INTO correo_electronico_cliente(id_cliente,correo_electronico_cliente) VALUES (75,'cstoacley1w@wikispaces.com');
INSERT INTO correo_electronico_cliente(id_cliente,correo_electronico_cliente) VALUES (78,'bcherry1x@hatena.ne.jp');
INSERT INTO correo_electronico_cliente(id_cliente,correo_electronico_cliente) VALUES (9,'churd1y@nps.gov');
INSERT INTO correo_electronico_cliente(id_cliente,correo_electronico_cliente) VALUES (88,'sjenking1z@hugedomains.com');
INSERT INTO correo_electronico_cliente(id_cliente,correo_electronico_cliente) VALUES (19,'rbarkworth20@va.gov');
INSERT INTO correo_electronico_cliente(id_cliente,correo_electronico_cliente) VALUES (98,'tcrottagh21@scribd.com');
INSERT INTO correo_electronico_cliente(id_cliente,correo_electronico_cliente) VALUES (75,'jbarnett22@unblog.fr');
INSERT INTO correo_electronico_cliente(id_cliente,correo_electronico_cliente) VALUES (83,'roroan23@blog.com');
INSERT INTO correo_electronico_cliente(id_cliente,correo_electronico_cliente) VALUES (22,'sbuttriss24@sciencedirect.com');
INSERT INTO correo_electronico_cliente(id_cliente,correo_electronico_cliente) VALUES (15,'pshepherd25@simplemachines.org');
INSERT INTO correo_electronico_cliente(id_cliente,correo_electronico_cliente) VALUES (61,'dknibbs26@t-online.de');
INSERT INTO correo_electronico_cliente(id_cliente,correo_electronico_cliente) VALUES (76,'pglaze27@kickstarter.com');
INSERT INTO correo_electronico_cliente(id_cliente,correo_electronico_cliente) VALUES (44,'vcrackett28@answers.com');
INSERT INTO correo_electronico_cliente(id_cliente,correo_electronico_cliente) VALUES (14,'cbrute29@nature.com');
INSERT INTO correo_electronico_cliente(id_cliente,correo_electronico_cliente) VALUES (92,'sspinetti2a@cornell.edu');
INSERT INTO correo_electronico_cliente(id_cliente,correo_electronico_cliente) VALUES (42,'wcroysdale2b@google.fr');
INSERT INTO correo_electronico_cliente(id_cliente,correo_electronico_cliente) VALUES (14,'mkennsley2c@patch.com');
INSERT INTO correo_electronico_cliente(id_cliente,correo_electronico_cliente) VALUES (72,'gwittrington2d@msu.edu');
INSERT INTO correo_electronico_cliente(id_cliente,correo_electronico_cliente) VALUES (89,'jvero2e@house.gov');
INSERT INTO correo_electronico_cliente(id_cliente,correo_electronico_cliente) VALUES (77,'bbrisley2f@epa.gov');
INSERT INTO correo_electronico_cliente(id_cliente,correo_electronico_cliente) VALUES (86,'nbottle2g@dot.gov');
INSERT INTO correo_electronico_cliente(id_cliente,correo_electronico_cliente) VALUES (70,'dgerriet2h@imgur.com');
INSERT INTO correo_electronico_cliente(id_cliente,correo_electronico_cliente) VALUES (48,'leary2i@unicef.org');
INSERT INTO correo_electronico_cliente(id_cliente,correo_electronico_cliente) VALUES (72,'iclarridge2j@dell.com');
INSERT INTO correo_electronico_cliente(id_cliente,correo_electronico_cliente) VALUES (24,'obernhardt2k@aol.com');
INSERT INTO correo_electronico_cliente(id_cliente,correo_electronico_cliente) VALUES (65,'stittershill2l@adobe.com');
INSERT INTO correo_electronico_cliente(id_cliente,correo_electronico_cliente) VALUES (96,'achapling2m@cnet.com');
INSERT INTO correo_electronico_cliente(id_cliente,correo_electronico_cliente) VALUES (68,'nfoddy2n@washington.edu');
INSERT INTO correo_electronico_cliente(id_cliente,correo_electronico_cliente) VALUES (23,'wdencs2o@indiegogo.com');
INSERT INTO correo_electronico_cliente(id_cliente,correo_electronico_cliente) VALUES (19,'fhadeke2p@blog.com');
INSERT INTO correo_electronico_cliente(id_cliente,correo_electronico_cliente) VALUES (25,'fhaggett2q@upenn.edu');
INSERT INTO correo_electronico_cliente(id_cliente,correo_electronico_cliente) VALUES (53,'apods2r@whitehouse.gov');

INSERT INTO telefono_cliente(id_cliente,telefono_cliente) VALUES (89,'5503978461');
INSERT INTO telefono_cliente(id_cliente,telefono_cliente) VALUES (77,'5527716720');
INSERT INTO telefono_cliente(id_cliente,telefono_cliente) VALUES (32,'5543655272');
INSERT INTO telefono_cliente(id_cliente,telefono_cliente) VALUES (64,'5533448271');
INSERT INTO telefono_cliente(id_cliente,telefono_cliente) VALUES (92,'5580686534');
INSERT INTO telefono_cliente(id_cliente,telefono_cliente) VALUES (46,'5503584314');
INSERT INTO telefono_cliente(id_cliente,telefono_cliente) VALUES (5,'5557834814');
INSERT INTO telefono_cliente(id_cliente,telefono_cliente) VALUES (76,'5548013646');
INSERT INTO telefono_cliente(id_cliente,telefono_cliente) VALUES (34,'5562123317');
INSERT INTO telefono_cliente(id_cliente,telefono_cliente) VALUES (85,'5576944196');
INSERT INTO telefono_cliente(id_cliente,telefono_cliente) VALUES (89,'5568270703');
INSERT INTO telefono_cliente(id_cliente,telefono_cliente) VALUES (42,'5571518199');
INSERT INTO telefono_cliente(id_cliente,telefono_cliente) VALUES (56,'5557173703');
INSERT INTO telefono_cliente(id_cliente,telefono_cliente) VALUES (62,'5587133123');
INSERT INTO telefono_cliente(id_cliente,telefono_cliente) VALUES (72,'5513428897');
INSERT INTO telefono_cliente(id_cliente,telefono_cliente) VALUES (90,'5561685300');
INSERT INTO telefono_cliente(id_cliente,telefono_cliente) VALUES (15,'5575376358');
INSERT INTO telefono_cliente(id_cliente,telefono_cliente) VALUES (29,'5517069319');
INSERT INTO telefono_cliente(id_cliente,telefono_cliente) VALUES (63,'5526147250');
INSERT INTO telefono_cliente(id_cliente,telefono_cliente) VALUES (19,'5591981270');
INSERT INTO telefono_cliente(id_cliente,telefono_cliente) VALUES (64,'5527384798');
INSERT INTO telefono_cliente(id_cliente,telefono_cliente) VALUES (87,'5556730134');
INSERT INTO telefono_cliente(id_cliente,telefono_cliente) VALUES (62,'5521393886');
INSERT INTO telefono_cliente(id_cliente,telefono_cliente) VALUES (72,'5549375591');
INSERT INTO telefono_cliente(id_cliente,telefono_cliente) VALUES (17,'5523401643');
INSERT INTO telefono_cliente(id_cliente,telefono_cliente) VALUES (80,'5546655236');
INSERT INTO telefono_cliente(id_cliente,telefono_cliente) VALUES (57,'5581961946');
INSERT INTO telefono_cliente(id_cliente,telefono_cliente) VALUES (20,'5529638814');
INSERT INTO telefono_cliente(id_cliente,telefono_cliente) VALUES (52,'5502400299');
INSERT INTO telefono_cliente(id_cliente,telefono_cliente) VALUES (65,'5518944098');
INSERT INTO telefono_cliente(id_cliente,telefono_cliente) VALUES (90,'5557999599');
INSERT INTO telefono_cliente(id_cliente,telefono_cliente) VALUES (53,'5506261901');
INSERT INTO telefono_cliente(id_cliente,telefono_cliente) VALUES (49,'5558243051');
INSERT INTO telefono_cliente(id_cliente,telefono_cliente) VALUES (22,'5537580954');
INSERT INTO telefono_cliente(id_cliente,telefono_cliente) VALUES (95,'5566896619');
INSERT INTO telefono_cliente(id_cliente,telefono_cliente) VALUES (30,'5566687847');
INSERT INTO telefono_cliente(id_cliente,telefono_cliente) VALUES (18,'5504369528');
INSERT INTO telefono_cliente(id_cliente,telefono_cliente) VALUES (81,'5565420671');
INSERT INTO telefono_cliente(id_cliente,telefono_cliente) VALUES (15,'5556708483');
INSERT INTO telefono_cliente(id_cliente,telefono_cliente) VALUES (71,'5556886569');
INSERT INTO telefono_cliente(id_cliente,telefono_cliente) VALUES (28,'5574435277');
INSERT INTO telefono_cliente(id_cliente,telefono_cliente) VALUES (76,'5595680285');
INSERT INTO telefono_cliente(id_cliente,telefono_cliente) VALUES (36,'5579045526');
INSERT INTO telefono_cliente(id_cliente,telefono_cliente) VALUES (77,'5577871727');
INSERT INTO telefono_cliente(id_cliente,telefono_cliente) VALUES (65,'5568719488');
INSERT INTO telefono_cliente(id_cliente,telefono_cliente) VALUES (6,'5572982861');
INSERT INTO telefono_cliente(id_cliente,telefono_cliente) VALUES (67,'5522111638');
INSERT INTO telefono_cliente(id_cliente,telefono_cliente) VALUES (5,'5581326552');
INSERT INTO telefono_cliente(id_cliente,telefono_cliente) VALUES (98,'5540203886');
INSERT INTO telefono_cliente(id_cliente,telefono_cliente) VALUES (78,'5535275929');
INSERT INTO telefono_cliente(id_cliente,telefono_cliente) VALUES (98,'5524173630');
INSERT INTO telefono_cliente(id_cliente,telefono_cliente) VALUES (61,'5539537963');
INSERT INTO telefono_cliente(id_cliente,telefono_cliente) VALUES (24,'5540559461');
INSERT INTO telefono_cliente(id_cliente,telefono_cliente) VALUES (16,'5560235276');
INSERT INTO telefono_cliente(id_cliente,telefono_cliente) VALUES (11,'5596108422');
INSERT INTO telefono_cliente(id_cliente,telefono_cliente) VALUES (23,'5517378811');
INSERT INTO telefono_cliente(id_cliente,telefono_cliente) VALUES (66,'5587509916');
INSERT INTO telefono_cliente(id_cliente,telefono_cliente) VALUES (21,'5550973347');
INSERT INTO telefono_cliente(id_cliente,telefono_cliente) VALUES (48,'5533353291');
INSERT INTO telefono_cliente(id_cliente,telefono_cliente) VALUES (57,'5536872531');
INSERT INTO telefono_cliente(id_cliente,telefono_cliente) VALUES (34,'5598366374');
INSERT INTO telefono_cliente(id_cliente,telefono_cliente) VALUES (84,'5524287686');
INSERT INTO telefono_cliente(id_cliente,telefono_cliente) VALUES (84,'5585541605');
INSERT INTO telefono_cliente(id_cliente,telefono_cliente) VALUES (21,'5590800975');
INSERT INTO telefono_cliente(id_cliente,telefono_cliente) VALUES (36,'5551461349');
INSERT INTO telefono_cliente(id_cliente,telefono_cliente) VALUES (67,'5581467487');
INSERT INTO telefono_cliente(id_cliente,telefono_cliente) VALUES (31,'5539925364');
INSERT INTO telefono_cliente(id_cliente,telefono_cliente) VALUES (100,'5591866375');
INSERT INTO telefono_cliente(id_cliente,telefono_cliente) VALUES (76,'5551495247');
INSERT INTO telefono_cliente(id_cliente,telefono_cliente) VALUES (26,'5542334772');
INSERT INTO telefono_cliente(id_cliente,telefono_cliente) VALUES (41,'5532175284');
INSERT INTO telefono_cliente(id_cliente,telefono_cliente) VALUES (96,'5589451624');
INSERT INTO telefono_cliente(id_cliente,telefono_cliente) VALUES (95,'5504616719');
INSERT INTO telefono_cliente(id_cliente,telefono_cliente) VALUES (34,'5536199576');
INSERT INTO telefono_cliente(id_cliente,telefono_cliente) VALUES (53,'5520544577');
INSERT INTO telefono_cliente(id_cliente,telefono_cliente) VALUES (63,'5562976335');
INSERT INTO telefono_cliente(id_cliente,telefono_cliente) VALUES (79,'5569977374');
INSERT INTO telefono_cliente(id_cliente,telefono_cliente) VALUES (75,'5560424713');
INSERT INTO telefono_cliente(id_cliente,telefono_cliente) VALUES (73,'5576800615');
INSERT INTO telefono_cliente(id_cliente,telefono_cliente) VALUES (42,'5557812041');
INSERT INTO telefono_cliente(id_cliente,telefono_cliente) VALUES (25,'5519003684');
INSERT INTO telefono_cliente(id_cliente,telefono_cliente) VALUES (4,'5570281722');
INSERT INTO telefono_cliente(id_cliente,telefono_cliente) VALUES (88,'5589376847');
INSERT INTO telefono_cliente(id_cliente,telefono_cliente) VALUES (60,'5560322252');
INSERT INTO telefono_cliente(id_cliente,telefono_cliente) VALUES (89,'5593423464');
INSERT INTO telefono_cliente(id_cliente,telefono_cliente) VALUES (50,'5558842924');
INSERT INTO telefono_cliente(id_cliente,telefono_cliente) VALUES (76,'5541746090');
INSERT INTO telefono_cliente(id_cliente,telefono_cliente) VALUES (28,'5555479790');
INSERT INTO telefono_cliente(id_cliente,telefono_cliente) VALUES (40,'5554775437');
INSERT INTO telefono_cliente(id_cliente,telefono_cliente) VALUES (22,'5575762956');
INSERT INTO telefono_cliente(id_cliente,telefono_cliente) VALUES (15,'5503772998');
INSERT INTO telefono_cliente(id_cliente,telefono_cliente) VALUES (70,'5568740135');
INSERT INTO telefono_cliente(id_cliente,telefono_cliente) VALUES (46,'5583975748');
INSERT INTO telefono_cliente(id_cliente,telefono_cliente) VALUES (74,'5565977512');
INSERT INTO telefono_cliente(id_cliente,telefono_cliente) VALUES (32,'5537906008');
INSERT INTO telefono_cliente(id_cliente,telefono_cliente) VALUES (56,'5590081815');
INSERT INTO telefono_cliente(id_cliente,telefono_cliente) VALUES (11,'5564938045');
INSERT INTO telefono_cliente(id_cliente,telefono_cliente) VALUES (96,'5554187393');
INSERT INTO telefono_cliente(id_cliente,telefono_cliente) VALUES (61,'5578024952');
INSERT INTO telefono_cliente(id_cliente,telefono_cliente) VALUES (33,'5580918001');

INSERT INTO c_rol(id_rol,descripcion) VALUES (1,'Gerente de vivero');
INSERT INTO c_rol(id_rol,descripcion) VALUES (2,'Cuidador de plantas');
INSERT INTO c_rol(id_rol,descripcion) VALUES (3,'Encargado de mostrador');
INSERT INTO c_rol(id_rol,descripcion) VALUES (4,'Cajero');

INSERT INTO empleado(id_vivero,id_rol,id_empleado,nombre,fecha_nacimiento,salario,ciudad,estado,cp,calle) VALUES (89,4,1,'Cecilla Wisson','1904-01-07','$13335.95','Fresno','California',93762,'76 Susan Terrace');
INSERT INTO empleado(id_vivero,id_rol,id_empleado,nombre,fecha_nacimiento,salario,ciudad,estado,cp,calle) VALUES (1,2,2,'Olenolin Kernocke','1927-01-07','$27880.64','Springfield','Illinois',62794,'02103 Village Green Court');
INSERT INTO empleado(id_vivero,id_rol,id_empleado,nombre,fecha_nacimiento,salario,ciudad,estado,cp,calle) VALUES (59,1,3,'Dorette Bayley','1978-07-18','$28699.46','Colorado Springs','Colorado',80940,'603 Wayridge Center');
INSERT INTO empleado(id_vivero,id_rol,id_empleado,nombre,fecha_nacimiento,salario,ciudad,estado,cp,calle) VALUES (7,4,4,'Nev Anten','1944-07-09','$15001.13','Amarillo','Texas',79171,'29 Norway Maple Avenue');
INSERT INTO empleado(id_vivero,id_rol,id_empleado,nombre,fecha_nacimiento,salario,ciudad,estado,cp,calle) VALUES (62,2,5,'Ellyn Busson','1934-01-31','$7892.64','Washington','District of Columbia',20057,'2029 Oak Valley Park');
INSERT INTO empleado(id_vivero,id_rol,id_empleado,nombre,fecha_nacimiento,salario,ciudad,estado,cp,calle) VALUES (92,2,6,'Larry McClinton','1909-03-03','$14022.00','Portsmouth','New Hampshire',03804,'81 Texas Parkway');
INSERT INTO empleado(id_vivero,id_rol,id_empleado,nombre,fecha_nacimiento,salario,ciudad,estado,cp,calle) VALUES (78,1,7,'Leeann Salman','1973-06-26','$20720.16','Charleston','West Virginia',25305,'0372 Stang Avenue');
INSERT INTO empleado(id_vivero,id_rol,id_empleado,nombre,fecha_nacimiento,salario,ciudad,estado,cp,calle) VALUES (85,4,8,'Ryon Chipperfield','1920-04-09','$14825.64','Los Angeles','California',90189,'622 Hayes Parkway');
INSERT INTO empleado(id_vivero,id_rol,id_empleado,nombre,fecha_nacimiento,salario,ciudad,estado,cp,calle) VALUES (4,3,9,'Joyce Quade','1951-04-26','$21506.19','Littleton','Colorado',80127,'2716 Canary Pass');
INSERT INTO empleado(id_vivero,id_rol,id_empleado,nombre,fecha_nacimiento,salario,ciudad,estado,cp,calle) VALUES (13,3,10,'Jeniffer Blucher','1905-05-31','$17973.76','Chicago','Illinois',60624,'7 Hoard Crossing');
INSERT INTO empleado(id_vivero,id_rol,id_empleado,nombre,fecha_nacimiento,salario,ciudad,estado,cp,calle) VALUES (25,3,11,'Westbrooke Mouget','1965-08-11','$9932.92','Lansing','Michigan',48912,'39 Reindahl Way');
INSERT INTO empleado(id_vivero,id_rol,id_empleado,nombre,fecha_nacimiento,salario,ciudad,estado,cp,calle) VALUES (13,4,12,'Filip Barkworth','1959-09-03','$11076.19','Tucson','Arizona',85705,'56 Coleman Circle');
INSERT INTO empleado(id_vivero,id_rol,id_empleado,nombre,fecha_nacimiento,salario,ciudad,estado,cp,calle) VALUES (63,3,13,'Cherri Robertelli','1959-07-09','$4945.41','Oklahoma City','Oklahoma',73152,'4222 Anniversary Way');
INSERT INTO empleado(id_vivero,id_rol,id_empleado,nombre,fecha_nacimiento,salario,ciudad,estado,cp,calle) VALUES (30,2,14,'Briana Harriskine','1991-04-15','$15029.98','Springfield','Virginia',22156,'02822 Havey Way');
INSERT INTO empleado(id_vivero,id_rol,id_empleado,nombre,fecha_nacimiento,salario,ciudad,estado,cp,calle) VALUES (53,4,15,'Lynda Collins','1921-12-10','$11875.00','Long Beach','California',90840,'095 Eggendart Parkway');
INSERT INTO empleado(id_vivero,id_rol,id_empleado,nombre,fecha_nacimiento,salario,ciudad,estado,cp,calle) VALUES (34,2,16,'Russ MacKintosh','2000-02-07','$21905.01','Las Vegas','Nevada',89193,'1 Fairview Road');
INSERT INTO empleado(id_vivero,id_rol,id_empleado,nombre,fecha_nacimiento,salario,ciudad,estado,cp,calle) VALUES (73,1,17,'Noellyn Bessant','1943-08-20','$13347.57','Maple Plain','Minnesota',55579,'56 Laurel Place');
INSERT INTO empleado(id_vivero,id_rol,id_empleado,nombre,fecha_nacimiento,salario,ciudad,estado,cp,calle) VALUES (91,2,18,'Garner Kite','2003-07-21','$25785.14','Saint Louis','Missouri',63196,'8 Darwin Hill');
INSERT INTO empleado(id_vivero,id_rol,id_empleado,nombre,fecha_nacimiento,salario,ciudad,estado,cp,calle) VALUES (85,1,19,'Ezra Crohan','1965-04-08','$19971.57','El Paso','Texas',88584,'10233 Del Mar Court');
INSERT INTO empleado(id_vivero,id_rol,id_empleado,nombre,fecha_nacimiento,salario,ciudad,estado,cp,calle) VALUES (15,4,20,'Jens Orwin','1973-09-25','$16591.94','Chicago','Illinois',60652,'104 Parkside Point');
INSERT INTO empleado(id_vivero,id_rol,id_empleado,nombre,fecha_nacimiento,salario,ciudad,estado,cp,calle) VALUES (21,3,21,'Alphonso Spavins','1966-12-29','$5644.15','Kalamazoo','Michigan',49048,'194 Morning Lane');
INSERT INTO empleado(id_vivero,id_rol,id_empleado,nombre,fecha_nacimiento,salario,ciudad,estado,cp,calle) VALUES (58,2,22,'Hamish Zimmerman','1993-08-01','$10857.00','Madison','Wisconsin',53779,'3 Fair Oaks Parkway');
INSERT INTO empleado(id_vivero,id_rol,id_empleado,nombre,fecha_nacimiento,salario,ciudad,estado,cp,calle) VALUES (4,4,23,'Rennie Crosseland','1974-10-25','$27090.73','Pensacola','Florida',32526,'0895 Laurel Point');
INSERT INTO empleado(id_vivero,id_rol,id_empleado,nombre,fecha_nacimiento,salario,ciudad,estado,cp,calle) VALUES (61,3,24,'Letitia Clymo','1930-09-25','$4050.54','Herndon','Virginia',22070,'2233 Anzinger Center');
INSERT INTO empleado(id_vivero,id_rol,id_empleado,nombre,fecha_nacimiento,salario,ciudad,estado,cp,calle) VALUES (66,3,25,'Novelia Antonutti','1945-09-29','$20569.85','Lansing','Michigan',48901,'16153 Marquette Parkway');
INSERT INTO empleado(id_vivero,id_rol,id_empleado,nombre,fecha_nacimiento,salario,ciudad,estado,cp,calle) VALUES (95,4,26,'Kristina Jovovic','1989-01-26','$15814.76','Roanoke','Virginia',24034,'0937 Manitowish Point');
INSERT INTO empleado(id_vivero,id_rol,id_empleado,nombre,fecha_nacimiento,salario,ciudad,estado,cp,calle) VALUES (48,2,27,'Antonio Triplow','1969-05-15','$21664.93','Harrisburg','Pennsylvania',17126,'2 Shelley Circle');
INSERT INTO empleado(id_vivero,id_rol,id_empleado,nombre,fecha_nacimiento,salario,ciudad,estado,cp,calle) VALUES (52,1,28,'Zsa zsa Morey','1900-01-17','$29144.19','Gary','Indiana',46406,'02 Green Ridge Crossing');
INSERT INTO empleado(id_vivero,id_rol,id_empleado,nombre,fecha_nacimiento,salario,ciudad,estado,cp,calle) VALUES (91,1,29,'Mariya Eisak','1969-09-09','$10902.38','Pomona','California',91797,'4700 Tennyson Lane');
INSERT INTO empleado(id_vivero,id_rol,id_empleado,nombre,fecha_nacimiento,salario,ciudad,estado,cp,calle) VALUES (31,1,30,'Theadora Bentley','1908-03-21','$23377.73','Memphis','Tennessee',38119,'6156 Holmberg Alley');
INSERT INTO empleado(id_vivero,id_rol,id_empleado,nombre,fecha_nacimiento,salario,ciudad,estado,cp,calle) VALUES (74,1,31,'Syman Nardi','1920-01-22','$7913.42','Corpus Christi','Texas',78415,'99542 Merrick Parkway');
INSERT INTO empleado(id_vivero,id_rol,id_empleado,nombre,fecha_nacimiento,salario,ciudad,estado,cp,calle) VALUES (70,4,32,'Adrianne Tierney','1921-12-25','$4229.49','Los Angeles','California',90050,'4 Meadow Vale Plaza');
INSERT INTO empleado(id_vivero,id_rol,id_empleado,nombre,fecha_nacimiento,salario,ciudad,estado,cp,calle) VALUES (49,4,33,'Bibbie Baume','1957-11-02','$17884.55','Virginia Beach','Virginia',23459,'44806 Merry Plaza');
INSERT INTO empleado(id_vivero,id_rol,id_empleado,nombre,fecha_nacimiento,salario,ciudad,estado,cp,calle) VALUES (22,2,34,'Katinka Vase','1927-12-13','$23552.04','Palatine','Illinois',60078,'608 Lakewood Lane');
INSERT INTO empleado(id_vivero,id_rol,id_empleado,nombre,fecha_nacimiento,salario,ciudad,estado,cp,calle) VALUES (23,2,35,'Dion Denham','1963-11-02','$17108.89','Houston','Texas',77260,'2 Emmet Court');
INSERT INTO empleado(id_vivero,id_rol,id_empleado,nombre,fecha_nacimiento,salario,ciudad,estado,cp,calle) VALUES (53,4,36,'Felicdad Rampton','1940-05-07','$23221.29','Des Moines','Iowa',50335,'9208 Armistice Pass');
INSERT INTO empleado(id_vivero,id_rol,id_empleado,nombre,fecha_nacimiento,salario,ciudad,estado,cp,calle) VALUES (96,1,37,'Clementius Tevlin','1992-09-06','$22027.27','Washington','District of Columbia',20442,'62033 Dayton Terrace');
INSERT INTO empleado(id_vivero,id_rol,id_empleado,nombre,fecha_nacimiento,salario,ciudad,estado,cp,calle) VALUES (55,4,38,'Marin Loude','1970-01-13','$19240.92','Austin','Texas',78749,'99 Atwood Pass');
INSERT INTO empleado(id_vivero,id_rol,id_empleado,nombre,fecha_nacimiento,salario,ciudad,estado,cp,calle) VALUES (71,4,39,'Julina Langthorne','1919-10-04','$17919.72','El Paso','Texas',88558,'3676 Sachtjen Plaza');
INSERT INTO empleado(id_vivero,id_rol,id_empleado,nombre,fecha_nacimiento,salario,ciudad,estado,cp,calle) VALUES (86,2,40,'Sue Caghy','1903-08-09','$11654.85','Denver','Colorado',80209,'0358 Ohio Drive');
INSERT INTO empleado(id_vivero,id_rol,id_empleado,nombre,fecha_nacimiento,salario,ciudad,estado,cp,calle) VALUES (89,1,41,'Beryle Kermit','1932-04-25','$11671.63','Nashville','Tennessee',37215,'30276 Surrey Street');
INSERT INTO empleado(id_vivero,id_rol,id_empleado,nombre,fecha_nacimiento,salario,ciudad,estado,cp,calle) VALUES (84,1,42,'Giffer Beverley','1914-07-08','$12827.69','Bronx','New York',10459,'9460 Tomscot Plaza');
INSERT INTO empleado(id_vivero,id_rol,id_empleado,nombre,fecha_nacimiento,salario,ciudad,estado,cp,calle) VALUES (16,4,43,'Sig Gremain','1921-03-06','$5017.22','Seminole','Florida',34642,'68223 Heffernan Trail');
INSERT INTO empleado(id_vivero,id_rol,id_empleado,nombre,fecha_nacimiento,salario,ciudad,estado,cp,calle) VALUES (47,4,44,'Ara Lusgdin','1985-02-23','$7700.16','Redwood City','California',94064,'46653 Hudson Street');
INSERT INTO empleado(id_vivero,id_rol,id_empleado,nombre,fecha_nacimiento,salario,ciudad,estado,cp,calle) VALUES (28,1,45,'Lotta Croxon','1900-07-30','$24354.46','Laurel','Maryland',20709,'0363 Jay Drive');
INSERT INTO empleado(id_vivero,id_rol,id_empleado,nombre,fecha_nacimiento,salario,ciudad,estado,cp,calle) VALUES (23,4,46,'Marinna Trimmill','1973-08-04','$8242.61','Tucson','Arizona',85715,'0105 Bartillon Terrace');
INSERT INTO empleado(id_vivero,id_rol,id_empleado,nombre,fecha_nacimiento,salario,ciudad,estado,cp,calle) VALUES (1,2,47,'Virgie Gutridge','1929-12-25','$28590.90','Charleston','West Virginia',25356,'6 David Alley');
INSERT INTO empleado(id_vivero,id_rol,id_empleado,nombre,fecha_nacimiento,salario,ciudad,estado,cp,calle) VALUES (92,1,48,'Freemon Castlake','1903-06-22','$14235.91','Washington','District of Columbia',20525,'3 Coolidge Crossing');
INSERT INTO empleado(id_vivero,id_rol,id_empleado,nombre,fecha_nacimiento,salario,ciudad,estado,cp,calle) VALUES (79,2,49,'Gerladina Monget','1998-10-12','$4408.90','White Plains','New York',10606,'8 Mallory Avenue');
INSERT INTO empleado(id_vivero,id_rol,id_empleado,nombre,fecha_nacimiento,salario,ciudad,estado,cp,calle) VALUES (89,4,50,'Homer Simper','1901-10-18','$27633.21','Columbus','Mississippi',39705,'8280 Granby Junction');
INSERT INTO empleado(id_vivero,id_rol,id_empleado,nombre,fecha_nacimiento,salario,ciudad,estado,cp,calle) VALUES (34,4,51,'Hilario Veazey','2002-01-09','$5191.07','Washington','District of Columbia',20430,'89552 Hovde Hill');
INSERT INTO empleado(id_vivero,id_rol,id_empleado,nombre,fecha_nacimiento,salario,ciudad,estado,cp,calle) VALUES (79,4,52,'Josephine Hoonahan','1952-12-21','$28052.53','Troy','Michigan',48098,'7835 Longview Center');
INSERT INTO empleado(id_vivero,id_rol,id_empleado,nombre,fecha_nacimiento,salario,ciudad,estado,cp,calle) VALUES (18,1,53,'Flossy Delafoy','1956-03-31','$4543.60','Warren','Ohio',44485,'98460 Acker Circle');
INSERT INTO empleado(id_vivero,id_rol,id_empleado,nombre,fecha_nacimiento,salario,ciudad,estado,cp,calle) VALUES (42,1,54,'Samaria Streeton','1982-03-18','$27825.98','Chico','California',95973,'39179 Karstens Pass');
INSERT INTO empleado(id_vivero,id_rol,id_empleado,nombre,fecha_nacimiento,salario,ciudad,estado,cp,calle) VALUES (70,2,55,'Eduardo MacLeod','1986-09-25','$9056.38','Indianapolis','Indiana',46266,'5817 Ryan Alley');
INSERT INTO empleado(id_vivero,id_rol,id_empleado,nombre,fecha_nacimiento,salario,ciudad,estado,cp,calle) VALUES (39,3,56,'Nahum Murison','1954-05-21','$10440.33','Miami','Florida',33129,'5256 Calypso Trail');
INSERT INTO empleado(id_vivero,id_rol,id_empleado,nombre,fecha_nacimiento,salario,ciudad,estado,cp,calle) VALUES (59,3,57,'Tine Blazhevich','1993-06-10','$29155.00','Harrisburg','Pennsylvania',17110,'6542 Lighthouse Bay Circle');
INSERT INTO empleado(id_vivero,id_rol,id_empleado,nombre,fecha_nacimiento,salario,ciudad,estado,cp,calle) VALUES (12,3,58,'Shari Dunnett','1937-07-27','$20522.15','Lancaster','California',93584,'333 Caliangt Plaza');
INSERT INTO empleado(id_vivero,id_rol,id_empleado,nombre,fecha_nacimiento,salario,ciudad,estado,cp,calle) VALUES (43,1,59,'Tammy Mowbray','1903-05-22','$7818.58','Rochester','New York',14639,'0 Elka Junction');
INSERT INTO empleado(id_vivero,id_rol,id_empleado,nombre,fecha_nacimiento,salario,ciudad,estado,cp,calle) VALUES (13,3,60,'Ladonna Fitzpayn','1980-07-15','$23166.61','Lubbock','Texas',79410,'0822 Rusk Avenue');
INSERT INTO empleado(id_vivero,id_rol,id_empleado,nombre,fecha_nacimiento,salario,ciudad,estado,cp,calle) VALUES (62,2,61,'Allis Hanscomb','1920-05-08','$17322.71','Dallas','Texas',75277,'53431 Lukken Way');
INSERT INTO empleado(id_vivero,id_rol,id_empleado,nombre,fecha_nacimiento,salario,ciudad,estado,cp,calle) VALUES (87,1,62,'Tirrell Mullally','1939-10-06','$11776.52','Arlington','Virginia',22244,'3243 School Court');
INSERT INTO empleado(id_vivero,id_rol,id_empleado,nombre,fecha_nacimiento,salario,ciudad,estado,cp,calle) VALUES (61,4,63,'Kylie Firman','1959-05-15','$27382.45','Houston','Texas',77060,'6473 Homewood Pass');
INSERT INTO empleado(id_vivero,id_rol,id_empleado,nombre,fecha_nacimiento,salario,ciudad,estado,cp,calle) VALUES (78,4,64,'Tori Skilling','1938-02-28','$20094.80','Falls Church','Virginia',22047,'18 Oak Valley Parkway');
INSERT INTO empleado(id_vivero,id_rol,id_empleado,nombre,fecha_nacimiento,salario,ciudad,estado,cp,calle) VALUES (98,3,65,'Karim Arcase','1909-06-22','$19475.08','Littleton','Colorado',80161,'5116 Trailsway Circle');
INSERT INTO empleado(id_vivero,id_rol,id_empleado,nombre,fecha_nacimiento,salario,ciudad,estado,cp,calle) VALUES (64,3,66,'Hewet Stiell','1976-01-10','$12282.92','Kansas City','Missouri',64142,'2 Roxbury Court');
INSERT INTO empleado(id_vivero,id_rol,id_empleado,nombre,fecha_nacimiento,salario,ciudad,estado,cp,calle) VALUES (23,1,67,'Giorgia Duffit','1960-12-02','$3659.42','Homestead','Florida',33034,'0225 Red Cloud Park');
INSERT INTO empleado(id_vivero,id_rol,id_empleado,nombre,fecha_nacimiento,salario,ciudad,estado,cp,calle) VALUES (100,2,68,'Bertrando Faraday','1917-06-05','$7260.75','New Orleans','Louisiana',70165,'0741 Northport Pass');
INSERT INTO empleado(id_vivero,id_rol,id_empleado,nombre,fecha_nacimiento,salario,ciudad,estado,cp,calle) VALUES (86,3,69,'Kamila Lehrle','1946-11-30','$3989.20','Roanoke','Virginia',24024,'628 Mayer Trail');
INSERT INTO empleado(id_vivero,id_rol,id_empleado,nombre,fecha_nacimiento,salario,ciudad,estado,cp,calle) VALUES (43,4,70,'Veradis Stuckford','1998-04-06','$19936.05','Minneapolis','Minnesota',55412,'5 Atwood Road');
INSERT INTO empleado(id_vivero,id_rol,id_empleado,nombre,fecha_nacimiento,salario,ciudad,estado,cp,calle) VALUES (40,2,71,'Leisha Behling','1976-09-22','$3895.94','Madison','Wisconsin',53726,'47 Darwin Trail');
INSERT INTO empleado(id_vivero,id_rol,id_empleado,nombre,fecha_nacimiento,salario,ciudad,estado,cp,calle) VALUES (17,3,72,'Armand Pollicott','1918-11-26','$12217.33','Las Vegas','Nevada',89115,'0136 Brickson Park Drive');
INSERT INTO empleado(id_vivero,id_rol,id_empleado,nombre,fecha_nacimiento,salario,ciudad,estado,cp,calle) VALUES (22,4,73,'Debor Rodder','1921-12-01','$6645.81','Boise','Idaho',83757,'872 Gulseth Point');
INSERT INTO empleado(id_vivero,id_rol,id_empleado,nombre,fecha_nacimiento,salario,ciudad,estado,cp,calle) VALUES (39,4,74,'Bendicty Janak','1918-04-12','$18040.16','Kansas City','Missouri',64125,'1943 Meadow Vale Circle');
INSERT INTO empleado(id_vivero,id_rol,id_empleado,nombre,fecha_nacimiento,salario,ciudad,estado,cp,calle) VALUES (58,1,75,'Arlan Humberstone','1979-01-23','$21954.25','Rochester','New York',14614,'8 Holy Cross Alley');
INSERT INTO empleado(id_vivero,id_rol,id_empleado,nombre,fecha_nacimiento,salario,ciudad,estado,cp,calle) VALUES (63,2,76,'Tiphany Delucia','1989-04-04','$10859.52','Lexington','Kentucky',40510,'36889 Garrison Road');
INSERT INTO empleado(id_vivero,id_rol,id_empleado,nombre,fecha_nacimiento,salario,ciudad,estado,cp,calle) VALUES (69,4,77,'Shay Lorking','1979-03-22','$14579.92','Cleveland','Ohio',44185,'9 Marcy Drive');
INSERT INTO empleado(id_vivero,id_rol,id_empleado,nombre,fecha_nacimiento,salario,ciudad,estado,cp,calle) VALUES (44,1,78,'Chanda Jakubowsky','1934-09-01','$14626.41','Winston Salem','North Carolina',27116,'5 Moose Lane');
INSERT INTO empleado(id_vivero,id_rol,id_empleado,nombre,fecha_nacimiento,salario,ciudad,estado,cp,calle) VALUES (64,4,79,'Biron Leathard','1954-05-06','$7621.18','Portland','Oregon',97229,'8 Spaight Place');
INSERT INTO empleado(id_vivero,id_rol,id_empleado,nombre,fecha_nacimiento,salario,ciudad,estado,cp,calle) VALUES (98,1,80,'Teressa Gearing','1944-08-15','$6638.34','Detroit','Michigan',48217,'2198 Summerview Drive');
INSERT INTO empleado(id_vivero,id_rol,id_empleado,nombre,fecha_nacimiento,salario,ciudad,estado,cp,calle) VALUES (63,1,81,'Jessie Draayer','1942-08-11','$9496.60','Cincinnati','Ohio',45213,'750 Clarendon Point');
INSERT INTO empleado(id_vivero,id_rol,id_empleado,nombre,fecha_nacimiento,salario,ciudad,estado,cp,calle) VALUES (32,2,82,'Annabal Bispham','1956-11-20','$19963.92','Phoenix','Arizona',85035,'8 Dorton Circle');
INSERT INTO empleado(id_vivero,id_rol,id_empleado,nombre,fecha_nacimiento,salario,ciudad,estado,cp,calle) VALUES (39,4,83,'Caritta Herety','1982-12-16','$7761.52','Houston','Texas',77293,'46 Ridgeview Road');
INSERT INTO empleado(id_vivero,id_rol,id_empleado,nombre,fecha_nacimiento,salario,ciudad,estado,cp,calle) VALUES (52,3,84,'Cyndy Gyngyll','1952-01-24','$25739.75','Las Vegas','Nevada',89140,'0922 Shoshone Center');
INSERT INTO empleado(id_vivero,id_rol,id_empleado,nombre,fecha_nacimiento,salario,ciudad,estado,cp,calle) VALUES (3,4,85,'Mattias Cratchley','1993-05-21','$27727.57','Denver','Colorado',80270,'609 Comanche Drive');
INSERT INTO empleado(id_vivero,id_rol,id_empleado,nombre,fecha_nacimiento,salario,ciudad,estado,cp,calle) VALUES (70,4,86,'Ario Dossettor','1979-10-15','$10264.44','Rochester','New York',14604,'02627 Corscot Avenue');
INSERT INTO empleado(id_vivero,id_rol,id_empleado,nombre,fecha_nacimiento,salario,ciudad,estado,cp,calle) VALUES (47,2,87,'Agathe Hauger','1903-11-19','$5950.33','Kansas City','Missouri',64187,'1 Corscot Avenue');
INSERT INTO empleado(id_vivero,id_rol,id_empleado,nombre,fecha_nacimiento,salario,ciudad,estado,cp,calle) VALUES (52,3,88,'Kris McGarva','1988-07-17','$16861.46','Worcester','Massachusetts',01605,'5519 Wayridge Hill');
INSERT INTO empleado(id_vivero,id_rol,id_empleado,nombre,fecha_nacimiento,salario,ciudad,estado,cp,calle) VALUES (10,1,89,'Noellyn Gianneschi','1953-06-28','$19024.58','Chicago','Illinois',60604,'8173 Green Trail');
INSERT INTO empleado(id_vivero,id_rol,id_empleado,nombre,fecha_nacimiento,salario,ciudad,estado,cp,calle) VALUES (91,3,90,'Netty Foley','1926-06-17','$12227.41','Peoria','Illinois',61635,'20319 Shasta Crossing');
INSERT INTO empleado(id_vivero,id_rol,id_empleado,nombre,fecha_nacimiento,salario,ciudad,estado,cp,calle) VALUES (86,2,91,'Stewart Wyman','1912-02-29','$4982.61','Oklahoma City','Oklahoma',73167,'3 Derek Pass');
INSERT INTO empleado(id_vivero,id_rol,id_empleado,nombre,fecha_nacimiento,salario,ciudad,estado,cp,calle) VALUES (44,1,92,'Gabrielle Caldayrou','1940-06-24','$5592.38','Philadelphia','Pennsylvania',19109,'36737 Mcbride Drive');
INSERT INTO empleado(id_vivero,id_rol,id_empleado,nombre,fecha_nacimiento,salario,ciudad,estado,cp,calle) VALUES (49,4,93,'Bethina Richardin','1949-08-09','$6315.20','San Jose','California',95155,'4031 Hagan Avenue');
INSERT INTO empleado(id_vivero,id_rol,id_empleado,nombre,fecha_nacimiento,salario,ciudad,estado,cp,calle) VALUES (23,3,94,'Jackelyn Queyos','1996-12-09','$20592.62','Charlotte','North Carolina',28225,'1 Charing Cross Center');
INSERT INTO empleado(id_vivero,id_rol,id_empleado,nombre,fecha_nacimiento,salario,ciudad,estado,cp,calle) VALUES (68,4,95,'Cora Veal','1964-11-27','$18323.12','Panama City','Florida',32412,'097 Sachs Alley');
INSERT INTO empleado(id_vivero,id_rol,id_empleado,nombre,fecha_nacimiento,salario,ciudad,estado,cp,calle) VALUES (67,4,96,'Milli Choake','1941-10-18','$15474.60','Littleton','Colorado',80127,'4523 Hallows Trail');
INSERT INTO empleado(id_vivero,id_rol,id_empleado,nombre,fecha_nacimiento,salario,ciudad,estado,cp,calle) VALUES (17,2,97,'Barr Killock','1968-10-22','$17052.19','Reno','Nevada',89519,'03858 Tennyson Plaza');
INSERT INTO empleado(id_vivero,id_rol,id_empleado,nombre,fecha_nacimiento,salario,ciudad,estado,cp,calle) VALUES (20,1,98,'Dodie Morfield','1923-08-19','$14861.52','Phoenix','Arizona',85025,'01927 Myrtle Point');
INSERT INTO empleado(id_vivero,id_rol,id_empleado,nombre,fecha_nacimiento,salario,ciudad,estado,cp,calle) VALUES (2,4,99,'Faulkner Brammar','1975-03-19','$22058.53','Atlanta','Georgia',31196,'5 Portage Court');
INSERT INTO empleado(id_vivero,id_rol,id_empleado,nombre,fecha_nacimiento,salario,ciudad,estado,cp,calle) VALUES (19,1,100,'Giorgio Summergill','1979-09-18','$16839.86','El Paso','Texas',88579,'8176 Transport Way');

INSERT INTO telefono_empleado(id_vivero,id_rol,id_empleado,telefono_empleado) VALUES (86,3,69,4278634629);
INSERT INTO telefono_empleado(id_vivero,id_rol,id_empleado,telefono_empleado) VALUES (53,4,36,6034251153);
INSERT INTO telefono_empleado(id_vivero,id_rol,id_empleado,telefono_empleado) VALUES (7,4,4,5836832308);
INSERT INTO telefono_empleado(id_vivero,id_rol,id_empleado,telefono_empleado) VALUES (53,4,36,7755741653);
INSERT INTO telefono_empleado(id_vivero,id_rol,id_empleado,telefono_empleado) VALUES (63,2,76,3224613964);
INSERT INTO telefono_empleado(id_vivero,id_rol,id_empleado,telefono_empleado) VALUES (66,3,25,5593076903);
INSERT INTO telefono_empleado(id_vivero,id_rol,id_empleado,telefono_empleado) VALUES (98,1,80,1821678318);
INSERT INTO telefono_empleado(id_vivero,id_rol,id_empleado,telefono_empleado) VALUES (96,1,37,7368470919);
INSERT INTO telefono_empleado(id_vivero,id_rol,id_empleado,telefono_empleado) VALUES (84,1,42,1616946390);
INSERT INTO telefono_empleado(id_vivero,id_rol,id_empleado,telefono_empleado) VALUES (42,1,54,7895082162);
INSERT INTO telefono_empleado(id_vivero,id_rol,id_empleado,telefono_empleado) VALUES (52,3,84,5808449518);
INSERT INTO telefono_empleado(id_vivero,id_rol,id_empleado,telefono_empleado) VALUES (44,1,78,3812010696);
INSERT INTO telefono_empleado(id_vivero,id_rol,id_empleado,telefono_empleado) VALUES (47,4,44,5355344207);
INSERT INTO telefono_empleado(id_vivero,id_rol,id_empleado,telefono_empleado) VALUES (100,2,68,4893697469);
INSERT INTO telefono_empleado(id_vivero,id_rol,id_empleado,telefono_empleado) VALUES (22,2,34,9206026084);
INSERT INTO telefono_empleado(id_vivero,id_rol,id_empleado,telefono_empleado) VALUES (21,3,21,1422242597);
INSERT INTO telefono_empleado(id_vivero,id_rol,id_empleado,telefono_empleado) VALUES (85,1,19,3218810553);
INSERT INTO telefono_empleado(id_vivero,id_rol,id_empleado,telefono_empleado) VALUES (52,3,88,4826767653);
INSERT INTO telefono_empleado(id_vivero,id_rol,id_empleado,telefono_empleado) VALUES (59,3,57,8028350410);
INSERT INTO telefono_empleado(id_vivero,id_rol,id_empleado,telefono_empleado) VALUES (89,4,1,8716006296);
INSERT INTO telefono_empleado(id_vivero,id_rol,id_empleado,telefono_empleado) VALUES (15,4,20,5091007149);
INSERT INTO telefono_empleado(id_vivero,id_rol,id_empleado,telefono_empleado) VALUES (23,4,46,6809886488);
INSERT INTO telefono_empleado(id_vivero,id_rol,id_empleado,telefono_empleado) VALUES (89,4,1,5331090892);
INSERT INTO telefono_empleado(id_vivero,id_rol,id_empleado,telefono_empleado) VALUES (61,3,24,9182183395);
INSERT INTO telefono_empleado(id_vivero,id_rol,id_empleado,telefono_empleado) VALUES (70,4,86,1065561371);
INSERT INTO telefono_empleado(id_vivero,id_rol,id_empleado,telefono_empleado) VALUES (48,2,27,4197218162);
INSERT INTO telefono_empleado(id_vivero,id_rol,id_empleado,telefono_empleado) VALUES (79,2,49,3142326651);
INSERT INTO telefono_empleado(id_vivero,id_rol,id_empleado,telefono_empleado) VALUES (49,4,93,6138340801);
INSERT INTO telefono_empleado(id_vivero,id_rol,id_empleado,telefono_empleado) VALUES (61,3,24,1131051390);
INSERT INTO telefono_empleado(id_vivero,id_rol,id_empleado,telefono_empleado) VALUES (55,4,38,2161866828);
INSERT INTO telefono_empleado(id_vivero,id_rol,id_empleado,telefono_empleado) VALUES (17,2,97,2028411009);
INSERT INTO telefono_empleado(id_vivero,id_rol,id_empleado,telefono_empleado) VALUES (73,1,17,1788142292);
INSERT INTO telefono_empleado(id_vivero,id_rol,id_empleado,telefono_empleado) VALUES (98,1,80,3822668839);
INSERT INTO telefono_empleado(id_vivero,id_rol,id_empleado,telefono_empleado) VALUES (39,4,83,4892867725);
INSERT INTO telefono_empleado(id_vivero,id_rol,id_empleado,telefono_empleado) VALUES (53,4,15,5681430398);
INSERT INTO telefono_empleado(id_vivero,id_rol,id_empleado,telefono_empleado) VALUES (44,1,92,3261591872);
INSERT INTO telefono_empleado(id_vivero,id_rol,id_empleado,telefono_empleado) VALUES (61,4,63,5827912643);
INSERT INTO telefono_empleado(id_vivero,id_rol,id_empleado,telefono_empleado) VALUES (39,4,74,7828770854);
INSERT INTO telefono_empleado(id_vivero,id_rol,id_empleado,telefono_empleado) VALUES (52,3,84,5906567138);
INSERT INTO telefono_empleado(id_vivero,id_rol,id_empleado,telefono_empleado) VALUES (61,3,24,4098223864);
INSERT INTO telefono_empleado(id_vivero,id_rol,id_empleado,telefono_empleado) VALUES (62,2,61,5209451166);
INSERT INTO telefono_empleado(id_vivero,id_rol,id_empleado,telefono_empleado) VALUES (49,4,33,5201649096);
INSERT INTO telefono_empleado(id_vivero,id_rol,id_empleado,telefono_empleado) VALUES (79,4,52,4163036917);
INSERT INTO telefono_empleado(id_vivero,id_rol,id_empleado,telefono_empleado) VALUES (64,4,79,2798655276);
INSERT INTO telefono_empleado(id_vivero,id_rol,id_empleado,telefono_empleado) VALUES (86,2,40,7079889183);
INSERT INTO telefono_empleado(id_vivero,id_rol,id_empleado,telefono_empleado) VALUES (63,2,76,2452125296);
INSERT INTO telefono_empleado(id_vivero,id_rol,id_empleado,telefono_empleado) VALUES (63,1,81,9827434364);
INSERT INTO telefono_empleado(id_vivero,id_rol,id_empleado,telefono_empleado) VALUES (52,3,84,8984449349);
INSERT INTO telefono_empleado(id_vivero,id_rol,id_empleado,telefono_empleado) VALUES (49,4,93,2492386006);
INSERT INTO telefono_empleado(id_vivero,id_rol,id_empleado,telefono_empleado) VALUES (53,4,36,4768532350);
INSERT INTO telefono_empleado(id_vivero,id_rol,id_empleado,telefono_empleado) VALUES (3,4,85,1577010835);
INSERT INTO telefono_empleado(id_vivero,id_rol,id_empleado,telefono_empleado) VALUES (23,4,46,6418456456);
INSERT INTO telefono_empleado(id_vivero,id_rol,id_empleado,telefono_empleado) VALUES (44,1,92,2867522661);
INSERT INTO telefono_empleado(id_vivero,id_rol,id_empleado,telefono_empleado) VALUES (58,1,75,1745226950);
INSERT INTO telefono_empleado(id_vivero,id_rol,id_empleado,telefono_empleado) VALUES (30,2,14,3677868203);
INSERT INTO telefono_empleado(id_vivero,id_rol,id_empleado,telefono_empleado) VALUES (79,4,52,8549287958);
INSERT INTO telefono_empleado(id_vivero,id_rol,id_empleado,telefono_empleado) VALUES (91,3,90,9527336068);
INSERT INTO telefono_empleado(id_vivero,id_rol,id_empleado,telefono_empleado) VALUES (22,4,73,2626051126);
INSERT INTO telefono_empleado(id_vivero,id_rol,id_empleado,telefono_empleado) VALUES (18,1,53,9778633481);
INSERT INTO telefono_empleado(id_vivero,id_rol,id_empleado,telefono_empleado) VALUES (43,1,59,5675894654);
INSERT INTO telefono_empleado(id_vivero,id_rol,id_empleado,telefono_empleado) VALUES (85,1,19,1873279287);
INSERT INTO telefono_empleado(id_vivero,id_rol,id_empleado,telefono_empleado) VALUES (18,1,53,5417688362);
INSERT INTO telefono_empleado(id_vivero,id_rol,id_empleado,telefono_empleado) VALUES (79,2,49,6125333129);
INSERT INTO telefono_empleado(id_vivero,id_rol,id_empleado,telefono_empleado) VALUES (61,3,24,6557611738);
INSERT INTO telefono_empleado(id_vivero,id_rol,id_empleado,telefono_empleado) VALUES (31,1,30,2256038566);
INSERT INTO telefono_empleado(id_vivero,id_rol,id_empleado,telefono_empleado) VALUES (85,1,19,7988344235);
INSERT INTO telefono_empleado(id_vivero,id_rol,id_empleado,telefono_empleado) VALUES (70,2,55,7785575568);
INSERT INTO telefono_empleado(id_vivero,id_rol,id_empleado,telefono_empleado) VALUES (15,4,20,7197873826);
INSERT INTO telefono_empleado(id_vivero,id_rol,id_empleado,telefono_empleado) VALUES (67,4,96,1306064026);
INSERT INTO telefono_empleado(id_vivero,id_rol,id_empleado,telefono_empleado) VALUES (91,3,90,7492025442);
INSERT INTO telefono_empleado(id_vivero,id_rol,id_empleado,telefono_empleado) VALUES (43,1,59,5126893374);
INSERT INTO telefono_empleado(id_vivero,id_rol,id_empleado,telefono_empleado) VALUES (28,1,45,9249648712);
INSERT INTO telefono_empleado(id_vivero,id_rol,id_empleado,telefono_empleado) VALUES (23,4,46,3346330140);
INSERT INTO telefono_empleado(id_vivero,id_rol,id_empleado,telefono_empleado) VALUES (23,2,35,3473255207);
INSERT INTO telefono_empleado(id_vivero,id_rol,id_empleado,telefono_empleado) VALUES (59,3,57,6051676574);
INSERT INTO telefono_empleado(id_vivero,id_rol,id_empleado,telefono_empleado) VALUES (87,1,62,1306089239);
INSERT INTO telefono_empleado(id_vivero,id_rol,id_empleado,telefono_empleado) VALUES (91,3,90,1261716633);
INSERT INTO telefono_empleado(id_vivero,id_rol,id_empleado,telefono_empleado) VALUES (31,1,30,2847648895);
INSERT INTO telefono_empleado(id_vivero,id_rol,id_empleado,telefono_empleado) VALUES (52,3,88,8066207351);
INSERT INTO telefono_empleado(id_vivero,id_rol,id_empleado,telefono_empleado) VALUES (58,1,75,4959491774);
INSERT INTO telefono_empleado(id_vivero,id_rol,id_empleado,telefono_empleado) VALUES (59,3,57,8923565670);
INSERT INTO telefono_empleado(id_vivero,id_rol,id_empleado,telefono_empleado) VALUES (86,3,69,6444924752);
INSERT INTO telefono_empleado(id_vivero,id_rol,id_empleado,telefono_empleado) VALUES (7,4,4,3343119007);
INSERT INTO telefono_empleado(id_vivero,id_rol,id_empleado,telefono_empleado) VALUES (66,3,25,8437185121);
INSERT INTO telefono_empleado(id_vivero,id_rol,id_empleado,telefono_empleado) VALUES (4,3,9,1629568929);
INSERT INTO telefono_empleado(id_vivero,id_rol,id_empleado,telefono_empleado) VALUES (70,4,86,6842086646);
INSERT INTO telefono_empleado(id_vivero,id_rol,id_empleado,telefono_empleado) VALUES (89,4,50,1857824598);
INSERT INTO telefono_empleado(id_vivero,id_rol,id_empleado,telefono_empleado) VALUES (4,4,23,2675532859);
INSERT INTO telefono_empleado(id_vivero,id_rol,id_empleado,telefono_empleado) VALUES (10,1,89,4238987220);
INSERT INTO telefono_empleado(id_vivero,id_rol,id_empleado,telefono_empleado) VALUES (67,4,96,7971196572);
INSERT INTO telefono_empleado(id_vivero,id_rol,id_empleado,telefono_empleado) VALUES (49,4,93,5542931339);
INSERT INTO telefono_empleado(id_vivero,id_rol,id_empleado,telefono_empleado) VALUES (39,3,56,2756803257);
INSERT INTO telefono_empleado(id_vivero,id_rol,id_empleado,telefono_empleado) VALUES (98,1,80,7612353617);
INSERT INTO telefono_empleado(id_vivero,id_rol,id_empleado,telefono_empleado) VALUES (84,1,42,4637112568);
INSERT INTO telefono_empleado(id_vivero,id_rol,id_empleado,telefono_empleado) VALUES (89,1,41,9206484697);
INSERT INTO telefono_empleado(id_vivero,id_rol,id_empleado,telefono_empleado) VALUES (79,4,52,8478985840);
INSERT INTO telefono_empleado(id_vivero,id_rol,id_empleado,telefono_empleado) VALUES (39,4,83,6107097530);
INSERT INTO telefono_empleado(id_vivero,id_rol,id_empleado,telefono_empleado) VALUES (3,4,85,5503223960);
INSERT INTO telefono_empleado(id_vivero,id_rol,id_empleado,telefono_empleado) VALUES (1,2,2,4937472523);
INSERT INTO telefono_empleado(id_vivero,id_rol,id_empleado,telefono_empleado) VALUES (63,1,81,6452102168);

INSERT INTO correo_electronico_empl(id_vivero,id_rol,id_empleado,correo_electronico_empl) VALUES (4,4,23,'nyurenev0@lycos.com');
INSERT INTO correo_electronico_empl(id_vivero,id_rol,id_empleado,correo_electronico_empl) VALUES (70,4,86,'kdiggar1@google.es');
INSERT INTO correo_electronico_empl(id_vivero,id_rol,id_empleado,correo_electronico_empl) VALUES (91,3,90,'rshirtcliffe2@reuters.com');
INSERT INTO correo_electronico_empl(id_vivero,id_rol,id_empleado,correo_electronico_empl) VALUES (73,1,17,'dmcwhirter3@indiegogo.com');
INSERT INTO correo_electronico_empl(id_vivero,id_rol,id_empleado,correo_electronico_empl) VALUES (67,4,96,'vrigglesford4@4shared.com');
INSERT INTO correo_electronico_empl(id_vivero,id_rol,id_empleado,correo_electronico_empl) VALUES (58,1,75,'abillows5@tinyurl.com');
INSERT INTO correo_electronico_empl(id_vivero,id_rol,id_empleado,correo_electronico_empl) VALUES (42,1,54,'jforrester6@taobao.com');
INSERT INTO correo_electronico_empl(id_vivero,id_rol,id_empleado,correo_electronico_empl) VALUES (84,1,42,'mdevall7@forbes.com');
INSERT INTO correo_electronico_empl(id_vivero,id_rol,id_empleado,correo_electronico_empl) VALUES (1,2,47,'dreedshaw8@homestead.com');
INSERT INTO correo_electronico_empl(id_vivero,id_rol,id_empleado,correo_electronico_empl) VALUES (89,1,41,'lhartwell9@netscape.com');
INSERT INTO correo_electronico_empl(id_vivero,id_rol,id_empleado,correo_electronico_empl) VALUES (49,4,93,'gduchennea@bloomberg.com');
INSERT INTO correo_electronico_empl(id_vivero,id_rol,id_empleado,correo_electronico_empl) VALUES (19,1,100,'yhubbucksb@reddit.com');
INSERT INTO correo_electronico_empl(id_vivero,id_rol,id_empleado,correo_electronico_empl) VALUES (73,1,17,'rbeldhamc@sfgate.com');
INSERT INTO correo_electronico_empl(id_vivero,id_rol,id_empleado,correo_electronico_empl) VALUES (61,3,24,'agromleyd@nasa.gov');
INSERT INTO correo_electronico_empl(id_vivero,id_rol,id_empleado,correo_electronico_empl) VALUES (53,4,15,'mromanettie@google.com.au');
INSERT INTO correo_electronico_empl(id_vivero,id_rol,id_empleado,correo_electronico_empl) VALUES (79,2,49,'cdearnessf@alexa.com');
INSERT INTO correo_electronico_empl(id_vivero,id_rol,id_empleado,correo_electronico_empl) VALUES (98,1,80,'oseawellg@pcworld.com');
INSERT INTO correo_electronico_empl(id_vivero,id_rol,id_empleado,correo_electronico_empl) VALUES (68,4,95,'skirtonh@joomla.org');
INSERT INTO correo_electronico_empl(id_vivero,id_rol,id_empleado,correo_electronico_empl) VALUES (49,4,93,'kburgessi@prnewswire.com');
INSERT INTO correo_electronico_empl(id_vivero,id_rol,id_empleado,correo_electronico_empl) VALUES (13,3,60,'tspositoj@wp.com');
INSERT INTO correo_electronico_empl(id_vivero,id_rol,id_empleado,correo_electronico_empl) VALUES (86,2,40,'dhastyk@godaddy.com');
INSERT INTO correo_electronico_empl(id_vivero,id_rol,id_empleado,correo_electronico_empl) VALUES (13,4,12,'fklaessonl@tinyurl.com');
INSERT INTO correo_electronico_empl(id_vivero,id_rol,id_empleado,correo_electronico_empl) VALUES (42,1,54,'vconahym@bigcartel.com');
INSERT INTO correo_electronico_empl(id_vivero,id_rol,id_empleado,correo_electronico_empl) VALUES (79,2,49,'kgirardonin@blogspot.com');
INSERT INTO correo_electronico_empl(id_vivero,id_rol,id_empleado,correo_electronico_empl) VALUES (4,4,23,'dlandeo@live.com');
INSERT INTO correo_electronico_empl(id_vivero,id_rol,id_empleado,correo_electronico_empl) VALUES (48,2,27,'wbannonp@1688.com');
INSERT INTO correo_electronico_empl(id_vivero,id_rol,id_empleado,correo_electronico_empl) VALUES (59,1,3,'bmcgrottyq@sciencedaily.com');
INSERT INTO correo_electronico_empl(id_vivero,id_rol,id_empleado,correo_electronico_empl) VALUES (20,1,98,'jskittr@shutterfly.com');
INSERT INTO correo_electronico_empl(id_vivero,id_rol,id_empleado,correo_electronico_empl) VALUES (21,3,21,'tmoreings@dyndns.org');
INSERT INTO correo_electronico_empl(id_vivero,id_rol,id_empleado,correo_electronico_empl) VALUES (40,2,71,'jallont@live.com');
INSERT INTO correo_electronico_empl(id_vivero,id_rol,id_empleado,correo_electronico_empl) VALUES (89,4,50,'hhitzschkeu@hhs.gov');
INSERT INTO correo_electronico_empl(id_vivero,id_rol,id_empleado,correo_electronico_empl) VALUES (91,1,29,'mdelorenzov@seattletimes.com');
INSERT INTO correo_electronico_empl(id_vivero,id_rol,id_empleado,correo_electronico_empl) VALUES (63,1,81,'tschimmangw@usnews.com');
INSERT INTO correo_electronico_empl(id_vivero,id_rol,id_empleado,correo_electronico_empl) VALUES (12,3,58,'spheaseyx@sphinn.com');
INSERT INTO correo_electronico_empl(id_vivero,id_rol,id_empleado,correo_electronico_empl) VALUES (12,3,58,'rivashiny@netlog.com');
INSERT INTO correo_electronico_empl(id_vivero,id_rol,id_empleado,correo_electronico_empl) VALUES (52,1,28,'csacasez@nasa.gov');
INSERT INTO correo_electronico_empl(id_vivero,id_rol,id_empleado,correo_electronico_empl) VALUES (95,4,26,'nmccarl10@wikipedia.org');
INSERT INTO correo_electronico_empl(id_vivero,id_rol,id_empleado,correo_electronico_empl) VALUES (86,3,69,'rolyonov11@joomla.org');
INSERT INTO correo_electronico_empl(id_vivero,id_rol,id_empleado,correo_electronico_empl) VALUES (69,4,77,'hcastano12@webmd.com');
INSERT INTO correo_electronico_empl(id_vivero,id_rol,id_empleado,correo_electronico_empl) VALUES (44,1,92,'wchasmer13@addtoany.com');
INSERT INTO correo_electronico_empl(id_vivero,id_rol,id_empleado,correo_electronico_empl) VALUES (31,1,30,'clegrand14@harvard.edu');
INSERT INTO correo_electronico_empl(id_vivero,id_rol,id_empleado,correo_electronico_empl) VALUES (21,3,21,'latto15@prlog.org');
INSERT INTO correo_electronico_empl(id_vivero,id_rol,id_empleado,correo_electronico_empl) VALUES (1,2,2,'hcasella16@sbwire.com');
INSERT INTO correo_electronico_empl(id_vivero,id_rol,id_empleado,correo_electronico_empl) VALUES (85,4,8,'bmeindl17@imgur.com');
INSERT INTO correo_electronico_empl(id_vivero,id_rol,id_empleado,correo_electronico_empl) VALUES (13,4,12,'bkinnaird18@thetimes.co.uk');
INSERT INTO correo_electronico_empl(id_vivero,id_rol,id_empleado,correo_electronico_empl) VALUES (71,4,39,'kschlagtmans19@angelfire.com');
INSERT INTO correo_electronico_empl(id_vivero,id_rol,id_empleado,correo_electronico_empl) VALUES (49,4,93,'jjeaffreson1a@nsw.gov.au');
INSERT INTO correo_electronico_empl(id_vivero,id_rol,id_empleado,correo_electronico_empl) VALUES (55,4,38,'msturror1b@netscape.com');
INSERT INTO correo_electronico_empl(id_vivero,id_rol,id_empleado,correo_electronico_empl) VALUES (67,4,96,'calwen1c@baidu.com');
INSERT INTO correo_electronico_empl(id_vivero,id_rol,id_empleado,correo_electronico_empl) VALUES (22,2,34,'adovermann1d@paypal.com');
INSERT INTO correo_electronico_empl(id_vivero,id_rol,id_empleado,correo_electronico_empl) VALUES (32,2,82,'jaxel1e@usnews.com');
INSERT INTO correo_electronico_empl(id_vivero,id_rol,id_empleado,correo_electronico_empl) VALUES (74,1,31,'sgilham1f@seesaa.net');
INSERT INTO correo_electronico_empl(id_vivero,id_rol,id_empleado,correo_electronico_empl) VALUES (12,3,58,'awalewicz1g@behance.net');
INSERT INTO correo_electronico_empl(id_vivero,id_rol,id_empleado,correo_electronico_empl) VALUES (74,1,31,'fdehooch1h@sciencedaily.com');
INSERT INTO correo_electronico_empl(id_vivero,id_rol,id_empleado,correo_electronico_empl) VALUES (61,4,63,'eoldall1i@joomla.org');
INSERT INTO correo_electronico_empl(id_vivero,id_rol,id_empleado,correo_electronico_empl) VALUES (18,1,53,'hburnip1j@jiathis.com');
INSERT INTO correo_electronico_empl(id_vivero,id_rol,id_empleado,correo_electronico_empl) VALUES (42,1,54,'ekenlin1k@independent.co.uk');
INSERT INTO correo_electronico_empl(id_vivero,id_rol,id_empleado,correo_electronico_empl) VALUES (13,3,10,'wmarusic1l@reverbnation.com');
INSERT INTO correo_electronico_empl(id_vivero,id_rol,id_empleado,correo_electronico_empl) VALUES (91,1,29,'kgraben1m@slideshare.net');
INSERT INTO correo_electronico_empl(id_vivero,id_rol,id_empleado,correo_electronico_empl) VALUES (23,1,67,'ibottjer1n@studiopress.com');
INSERT INTO correo_electronico_empl(id_vivero,id_rol,id_empleado,correo_electronico_empl) VALUES (34,4,51,'dbennough1o@google.com.hk');
INSERT INTO correo_electronico_empl(id_vivero,id_rol,id_empleado,correo_electronico_empl) VALUES (64,4,79,'cnigh1p@theglobeandmail.com');
INSERT INTO correo_electronico_empl(id_vivero,id_rol,id_empleado,correo_electronico_empl) VALUES (67,4,96,'wbostock1q@delicious.com');
INSERT INTO correo_electronico_empl(id_vivero,id_rol,id_empleado,correo_electronico_empl) VALUES (39,4,74,'gbunce1r@networkadvertising.org');
INSERT INTO correo_electronico_empl(id_vivero,id_rol,id_empleado,correo_electronico_empl) VALUES (79,2,49,'mgrishagin1s@intel.com');
INSERT INTO correo_electronico_empl(id_vivero,id_rol,id_empleado,correo_electronico_empl) VALUES (89,1,41,'dandrusyak1t@thetimes.co.uk');
INSERT INTO correo_electronico_empl(id_vivero,id_rol,id_empleado,correo_electronico_empl) VALUES (10,1,89,'aliddle1u@indiatimes.com');
INSERT INTO correo_electronico_empl(id_vivero,id_rol,id_empleado,correo_electronico_empl) VALUES (13,3,60,'bmyatt1v@nba.com');
INSERT INTO correo_electronico_empl(id_vivero,id_rol,id_empleado,correo_electronico_empl) VALUES (12,3,58,'fstoyle1w@cam.ac.uk');
INSERT INTO correo_electronico_empl(id_vivero,id_rol,id_empleado,correo_electronico_empl) VALUES (3,4,85,'wtripet1x@mac.com');
INSERT INTO correo_electronico_empl(id_vivero,id_rol,id_empleado,correo_electronico_empl) VALUES (47,2,87,'mbeddis1y@patch.com');
INSERT INTO correo_electronico_empl(id_vivero,id_rol,id_empleado,correo_electronico_empl) VALUES (47,2,87,'srushmere1z@angelfire.com');
INSERT INTO correo_electronico_empl(id_vivero,id_rol,id_empleado,correo_electronico_empl) VALUES (12,3,58,'thamsley20@skype.com');
INSERT INTO correo_electronico_empl(id_vivero,id_rol,id_empleado,correo_electronico_empl) VALUES (62,2,5,'pmarshall21@usda.gov');
INSERT INTO correo_electronico_empl(id_vivero,id_rol,id_empleado,correo_electronico_empl) VALUES (1,2,47,'hwillcock22@pcworld.com');
INSERT INTO correo_electronico_empl(id_vivero,id_rol,id_empleado,correo_electronico_empl) VALUES (79,4,52,'eboagey23@nhs.uk');
INSERT INTO correo_electronico_empl(id_vivero,id_rol,id_empleado,correo_electronico_empl) VALUES (23,1,67,'dbyass24@squidoo.com');
INSERT INTO correo_electronico_empl(id_vivero,id_rol,id_empleado,correo_electronico_empl) VALUES (55,4,38,'mjowsey25@yelp.com');
INSERT INTO correo_electronico_empl(id_vivero,id_rol,id_empleado,correo_electronico_empl) VALUES (4,3,9,'mfuxman26@dot.gov');
INSERT INTO correo_electronico_empl(id_vivero,id_rol,id_empleado,correo_electronico_empl) VALUES (23,2,35,'talyoshin27@comsenz.com');
INSERT INTO correo_electronico_empl(id_vivero,id_rol,id_empleado,correo_electronico_empl) VALUES (85,1,19,'garonoff28@home.pl');
INSERT INTO correo_electronico_empl(id_vivero,id_rol,id_empleado,correo_electronico_empl) VALUES (52,3,88,'fvinten29@spiegel.de');
INSERT INTO correo_electronico_empl(id_vivero,id_rol,id_empleado,correo_electronico_empl) VALUES (25,3,11,'prumford2a@desdev.cn');
INSERT INTO correo_electronico_empl(id_vivero,id_rol,id_empleado,correo_electronico_empl) VALUES (79,4,52,'ssewell2b@nhs.uk');
INSERT INTO correo_electronico_empl(id_vivero,id_rol,id_empleado,correo_electronico_empl) VALUES (34,2,16,'kkeatley2c@techcrunch.com');
INSERT INTO correo_electronico_empl(id_vivero,id_rol,id_empleado,correo_electronico_empl) VALUES (70,4,86,'fbidwell2d@addthis.com');
INSERT INTO correo_electronico_empl(id_vivero,id_rol,id_empleado,correo_electronico_empl) VALUES (49,4,33,'psandwith2e@toplist.cz');
INSERT INTO correo_electronico_empl(id_vivero,id_rol,id_empleado,correo_electronico_empl) VALUES (19,1,100,'ttanti2f@sun.com');
INSERT INTO correo_electronico_empl(id_vivero,id_rol,id_empleado,correo_electronico_empl) VALUES (92,1,48,'ipingstone2g@columbia.edu');
INSERT INTO correo_electronico_empl(id_vivero,id_rol,id_empleado,correo_electronico_empl) VALUES (23,1,67,'ldwire2h@altervista.org');
INSERT INTO correo_electronico_empl(id_vivero,id_rol,id_empleado,correo_electronico_empl) VALUES (17,3,72,'agiven2i@walmart.com');
INSERT INTO correo_electronico_empl(id_vivero,id_rol,id_empleado,correo_electronico_empl) VALUES (63,1,81,'tspargo2j@t-online.de');
INSERT INTO correo_electronico_empl(id_vivero,id_rol,id_empleado,correo_electronico_empl) VALUES (63,3,13,'dbovingdon2k@timesonline.co.uk');
INSERT INTO correo_electronico_empl(id_vivero,id_rol,id_empleado,correo_electronico_empl) VALUES (70,4,86,'ijonsson2l@utexas.edu');
INSERT INTO correo_electronico_empl(id_vivero,id_rol,id_empleado,correo_electronico_empl) VALUES (58,2,22,'lpardoe2m@theatlantic.com');
INSERT INTO correo_electronico_empl(id_vivero,id_rol,id_empleado,correo_electronico_empl) VALUES (1,2,2,'zolesen2n@blogspot.com');
INSERT INTO correo_electronico_empl(id_vivero,id_rol,id_empleado,correo_electronico_empl) VALUES (30,2,14,'hduce2o@wsj.com');
INSERT INTO correo_electronico_empl(id_vivero,id_rol,id_empleado,correo_electronico_empl) VALUES (22,4,73,'tmcilmorie2p@51.la');
INSERT INTO correo_electronico_empl(id_vivero,id_rol,id_empleado,correo_electronico_empl) VALUES (91,3,90,'jgreaterex2q@arizona.edu');
INSERT INTO correo_electronico_empl(id_vivero,id_rol,id_empleado,correo_electronico_empl) VALUES (4,3,9,'gmaha2r@photobucket.com');

INSERT INTO c_forma_de_pago(id_forma_pago,descripcion) VALUES (1,'TarjetaCredito');
INSERT INTO c_forma_de_pago(id_forma_pago,descripcion) VALUES (2,'TarjetaDebito');
INSERT INTO c_forma_de_pago(id_forma_pago,descripcion) VALUES (3,'Mixo');

INSERT INTO venta_linea(id_venta_linea,id_vivero,id_planta,id_cliente,id_forma_pago,fecha_pedido,num_segu_envio,direc_envio,monto) VALUES (1,65,229062,45,3,'2022-01-15',1,'324 Jana Court',382);
INSERT INTO venta_linea(id_venta_linea,id_vivero,id_planta,id_cliente,id_forma_pago,fecha_pedido,num_segu_envio,direc_envio,monto) VALUES (2,64,124769,73,3,'2022-04-15',2,'37087 Farmco Place',90);
INSERT INTO venta_linea(id_venta_linea,id_vivero,id_planta,id_cliente,id_forma_pago,fecha_pedido,num_segu_envio,direc_envio,monto) VALUES (3,38,732665,61,2,'2021-05-14',3,'20 Pennsylvania Center',220);
INSERT INTO venta_linea(id_venta_linea,id_vivero,id_planta,id_cliente,id_forma_pago,fecha_pedido,num_segu_envio,direc_envio,monto) VALUES (4,69,678151,23,3,'2022-07-31',4,'0 Sutteridge Road',121);
INSERT INTO venta_linea(id_venta_linea,id_vivero,id_planta,id_cliente,id_forma_pago,fecha_pedido,num_segu_envio,direc_envio,monto) VALUES (5,44,252412,1,1,'2021-05-24',5,'43181 Vidon Court',425);
INSERT INTO venta_linea(id_venta_linea,id_vivero,id_planta,id_cliente,id_forma_pago,fecha_pedido,num_segu_envio,direc_envio,monto) VALUES (6,26,640246,90,2,'2022-05-07',6,'59229 Hallows Avenue',415);
INSERT INTO venta_linea(id_venta_linea,id_vivero,id_planta,id_cliente,id_forma_pago,fecha_pedido,num_segu_envio,direc_envio,monto) VALUES (7,40,465628,47,1,'2022-03-11',7,'823 Shelley Court',342);
INSERT INTO venta_linea(id_venta_linea,id_vivero,id_planta,id_cliente,id_forma_pago,fecha_pedido,num_segu_envio,direc_envio,monto) VALUES (8,43,987430,92,1,'2022-07-21',8,'3293 Talisman Lane',311);
INSERT INTO venta_linea(id_venta_linea,id_vivero,id_planta,id_cliente,id_forma_pago,fecha_pedido,num_segu_envio,direc_envio,monto) VALUES (9,69,30761,88,3,'2022-04-24',9,'091 Wayridge Plaza',395);
INSERT INTO venta_linea(id_venta_linea,id_vivero,id_planta,id_cliente,id_forma_pago,fecha_pedido,num_segu_envio,direc_envio,monto) VALUES (10,71,711707,2,1,'2022-05-25',10,'0319 Caliangt Point',528);
INSERT INTO venta_linea(id_venta_linea,id_vivero,id_planta,id_cliente,id_forma_pago,fecha_pedido,num_segu_envio,direc_envio,monto) VALUES (11,20,404541,13,2,'2022-09-22',11,'66 Eastlawn Alley',415);
INSERT INTO venta_linea(id_venta_linea,id_vivero,id_planta,id_cliente,id_forma_pago,fecha_pedido,num_segu_envio,direc_envio,monto) VALUES (12,98,575030,13,2,'2022-09-13',12,'8 Johnson Trail',379);
INSERT INTO venta_linea(id_venta_linea,id_vivero,id_planta,id_cliente,id_forma_pago,fecha_pedido,num_segu_envio,direc_envio,monto) VALUES (13,81,836322,92,1,'2022-02-15',13,'6790 Vidon Plaza',234);
INSERT INTO venta_linea(id_venta_linea,id_vivero,id_planta,id_cliente,id_forma_pago,fecha_pedido,num_segu_envio,direc_envio,monto) VALUES (14,7,317330,56,1,'2022-04-10',14,'51 Jenifer Trail',462);
INSERT INTO venta_linea(id_venta_linea,id_vivero,id_planta,id_cliente,id_forma_pago,fecha_pedido,num_segu_envio,direc_envio,monto) VALUES (15,76,236138,42,1,'2022-10-08',15,'955 Gateway Terrace',211);
INSERT INTO venta_linea(id_venta_linea,id_vivero,id_planta,id_cliente,id_forma_pago,fecha_pedido,num_segu_envio,direc_envio,monto) VALUES (16,33,741542,70,3,'2021-06-19',16,'49 Talmadge Parkway',325);
INSERT INTO venta_linea(id_venta_linea,id_vivero,id_planta,id_cliente,id_forma_pago,fecha_pedido,num_segu_envio,direc_envio,monto) VALUES (17,72,441922,40,2,'2021-11-12',17,'202 Myrtle Alley',378);
INSERT INTO venta_linea(id_venta_linea,id_vivero,id_planta,id_cliente,id_forma_pago,fecha_pedido,num_segu_envio,direc_envio,monto) VALUES (18,69,476403,27,1,'2022-02-08',18,'74 Rusk Terrace',690);
INSERT INTO venta_linea(id_venta_linea,id_vivero,id_planta,id_cliente,id_forma_pago,fecha_pedido,num_segu_envio,direc_envio,monto) VALUES (19,12,724464,33,3,'2022-11-14',19,'2881 Autumn Leaf Parkway',381);
INSERT INTO venta_linea(id_venta_linea,id_vivero,id_planta,id_cliente,id_forma_pago,fecha_pedido,num_segu_envio,direc_envio,monto) VALUES (20,18,396763,75,3,'2022-11-14',20,'15495 Grasskamp Circle',447);
INSERT INTO venta_linea(id_venta_linea,id_vivero,id_planta,id_cliente,id_forma_pago,fecha_pedido,num_segu_envio,direc_envio,monto) VALUES (21,46,450836,3,3,'2022-08-24',21,'1230 Becker Park',569);
INSERT INTO venta_linea(id_venta_linea,id_vivero,id_planta,id_cliente,id_forma_pago,fecha_pedido,num_segu_envio,direc_envio,monto) VALUES (22,21,335574,92,1,'2022-10-27',22,'113 Westend Alley',575);
INSERT INTO venta_linea(id_venta_linea,id_vivero,id_planta,id_cliente,id_forma_pago,fecha_pedido,num_segu_envio,direc_envio,monto) VALUES (23,83,404541,11,3,'2022-07-02',23,'50 Shelley Street',128);
INSERT INTO venta_linea(id_venta_linea,id_vivero,id_planta,id_cliente,id_forma_pago,fecha_pedido,num_segu_envio,direc_envio,monto) VALUES (24,69,842964,56,3,'2022-10-07',24,'6115 Anderson Terrace',636);
INSERT INTO venta_linea(id_venta_linea,id_vivero,id_planta,id_cliente,id_forma_pago,fecha_pedido,num_segu_envio,direc_envio,monto) VALUES (25,23,465628,20,3,'2022-03-28',25,'74790 Westport Park',167);
INSERT INTO venta_linea(id_venta_linea,id_vivero,id_planta,id_cliente,id_forma_pago,fecha_pedido,num_segu_envio,direc_envio,monto) VALUES (26,45,730021,38,3,'2021-07-01',26,'49 Armistice Center',537);
INSERT INTO venta_linea(id_venta_linea,id_vivero,id_planta,id_cliente,id_forma_pago,fecha_pedido,num_segu_envio,direc_envio,monto) VALUES (27,95,317330,32,2,'2021-05-14',27,'97070 Village Green Avenue',293);
INSERT INTO venta_linea(id_venta_linea,id_vivero,id_planta,id_cliente,id_forma_pago,fecha_pedido,num_segu_envio,direc_envio,monto) VALUES (28,60,183010,76,2,'2022-03-20',28,'8 Basil Road',102);
INSERT INTO venta_linea(id_venta_linea,id_vivero,id_planta,id_cliente,id_forma_pago,fecha_pedido,num_segu_envio,direc_envio,monto) VALUES (29,56,784880,43,2,'2021-08-11',29,'86 Carberry Center',393);
INSERT INTO venta_linea(id_venta_linea,id_vivero,id_planta,id_cliente,id_forma_pago,fecha_pedido,num_segu_envio,direc_envio,monto) VALUES (30,20,863226,22,2,'2022-02-12',30,'08868 Hoard Plaza',379);
INSERT INTO venta_linea(id_venta_linea,id_vivero,id_planta,id_cliente,id_forma_pago,fecha_pedido,num_segu_envio,direc_envio,monto) VALUES (31,57,627047,30,2,'2021-09-06',31,'4494 Bobwhite Terrace',120);
INSERT INTO venta_linea(id_venta_linea,id_vivero,id_planta,id_cliente,id_forma_pago,fecha_pedido,num_segu_envio,direc_envio,monto) VALUES (32,43,75717,73,2,'2022-03-27',32,'467 Browning Road',696);
INSERT INTO venta_linea(id_venta_linea,id_vivero,id_planta,id_cliente,id_forma_pago,fecha_pedido,num_segu_envio,direc_envio,monto) VALUES (33,66,236138,60,1,'2021-09-24',33,'91 Evergreen Alley',219);
INSERT INTO venta_linea(id_venta_linea,id_vivero,id_planta,id_cliente,id_forma_pago,fecha_pedido,num_segu_envio,direc_envio,monto) VALUES (34,35,344357,89,1,'2021-05-06',34,'29934 Spenser Avenue',443);
INSERT INTO venta_linea(id_venta_linea,id_vivero,id_planta,id_cliente,id_forma_pago,fecha_pedido,num_segu_envio,direc_envio,monto) VALUES (35,45,927302,48,2,'2022-06-01',35,'66017 East Plaza',329);
INSERT INTO venta_linea(id_venta_linea,id_vivero,id_planta,id_cliente,id_forma_pago,fecha_pedido,num_segu_envio,direc_envio,monto) VALUES (36,1,640246,8,2,'2022-10-30',36,'187 Schurz Way',133);
INSERT INTO venta_linea(id_venta_linea,id_vivero,id_planta,id_cliente,id_forma_pago,fecha_pedido,num_segu_envio,direc_envio,monto) VALUES (37,22,241101,69,3,'2021-06-10',37,'85789 Harbort Avenue',648);
INSERT INTO venta_linea(id_venta_linea,id_vivero,id_planta,id_cliente,id_forma_pago,fecha_pedido,num_segu_envio,direc_envio,monto) VALUES (38,45,410781,2,3,'2021-06-25',38,'07 Village Green Pass',475);
INSERT INTO venta_linea(id_venta_linea,id_vivero,id_planta,id_cliente,id_forma_pago,fecha_pedido,num_segu_envio,direc_envio,monto) VALUES (39,60,516175,56,3,'2022-04-28',39,'80 Caliangt Place',314);
INSERT INTO venta_linea(id_venta_linea,id_vivero,id_planta,id_cliente,id_forma_pago,fecha_pedido,num_segu_envio,direc_envio,monto) VALUES (40,95,742892,47,3,'2022-09-07',40,'5 Beilfuss Crossing',113);
INSERT INTO venta_linea(id_venta_linea,id_vivero,id_planta,id_cliente,id_forma_pago,fecha_pedido,num_segu_envio,direc_envio,monto) VALUES (41,57,193361,91,2,'2021-07-20',41,'308 Waywood Plaza',683);
INSERT INTO venta_linea(id_venta_linea,id_vivero,id_planta,id_cliente,id_forma_pago,fecha_pedido,num_segu_envio,direc_envio,monto) VALUES (42,42,742892,64,3,'2021-06-29',42,'28 Randy Hill',106);
INSERT INTO venta_linea(id_venta_linea,id_vivero,id_planta,id_cliente,id_forma_pago,fecha_pedido,num_segu_envio,direc_envio,monto) VALUES (43,90,401015,53,3,'2022-08-28',43,'56 Cordelia Hill',567);
INSERT INTO venta_linea(id_venta_linea,id_vivero,id_planta,id_cliente,id_forma_pago,fecha_pedido,num_segu_envio,direc_envio,monto) VALUES (44,47,259007,88,2,'2022-02-09',44,'620 Merchant Circle',332);
INSERT INTO venta_linea(id_venta_linea,id_vivero,id_planta,id_cliente,id_forma_pago,fecha_pedido,num_segu_envio,direc_envio,monto) VALUES (45,32,627047,18,2,'2021-12-22',45,'8 Bluestem Drive',486);
INSERT INTO venta_linea(id_venta_linea,id_vivero,id_planta,id_cliente,id_forma_pago,fecha_pedido,num_segu_envio,direc_envio,monto) VALUES (46,17,617755,92,2,'2022-11-06',46,'291 Logan Point',118);
INSERT INTO venta_linea(id_venta_linea,id_vivero,id_planta,id_cliente,id_forma_pago,fecha_pedido,num_segu_envio,direc_envio,monto) VALUES (47,88,784880,4,2,'2022-02-05',47,'35739 Shopko Trail',651);
INSERT INTO venta_linea(id_venta_linea,id_vivero,id_planta,id_cliente,id_forma_pago,fecha_pedido,num_segu_envio,direc_envio,monto) VALUES (48,13,822679,8,1,'2022-04-27',48,'18 Dwight Park',344);
INSERT INTO venta_linea(id_venta_linea,id_vivero,id_planta,id_cliente,id_forma_pago,fecha_pedido,num_segu_envio,direc_envio,monto) VALUES (49,66,5001,39,2,'2022-11-08',49,'0865 Barnett Center',471);
INSERT INTO venta_linea(id_venta_linea,id_vivero,id_planta,id_cliente,id_forma_pago,fecha_pedido,num_segu_envio,direc_envio,monto) VALUES (50,13,206370,23,3,'2021-11-28',50,'5 Trailsway Avenue',580);
INSERT INTO venta_linea(id_venta_linea,id_vivero,id_planta,id_cliente,id_forma_pago,fecha_pedido,num_segu_envio,direc_envio,monto) VALUES (51,45,613867,88,2,'2021-11-26',51,'34812 Bunker Hill Way',681);
INSERT INTO venta_linea(id_venta_linea,id_vivero,id_planta,id_cliente,id_forma_pago,fecha_pedido,num_segu_envio,direc_envio,monto) VALUES (52,25,309917,51,2,'2021-08-25',52,'5 Dorton Drive',114);
INSERT INTO venta_linea(id_venta_linea,id_vivero,id_planta,id_cliente,id_forma_pago,fecha_pedido,num_segu_envio,direc_envio,monto) VALUES (53,82,521167,76,2,'2021-11-08',53,'286 2nd Circle',343);
INSERT INTO venta_linea(id_venta_linea,id_vivero,id_planta,id_cliente,id_forma_pago,fecha_pedido,num_segu_envio,direc_envio,monto) VALUES (54,77,863226,95,2,'2021-06-03',54,'2 Warbler Hill',582);
INSERT INTO venta_linea(id_venta_linea,id_vivero,id_planta,id_cliente,id_forma_pago,fecha_pedido,num_segu_envio,direc_envio,monto) VALUES (55,66,958968,86,3,'2021-07-18',55,'20 Bluejay Terrace',294);
INSERT INTO venta_linea(id_venta_linea,id_vivero,id_planta,id_cliente,id_forma_pago,fecha_pedido,num_segu_envio,direc_envio,monto) VALUES (56,22,198011,92,1,'2022-01-31',56,'2 Carpenter Pass',463);
INSERT INTO venta_linea(id_venta_linea,id_vivero,id_planta,id_cliente,id_forma_pago,fecha_pedido,num_segu_envio,direc_envio,monto) VALUES (57,85,727820,91,3,'2022-09-13',57,'38 Eastwood Alley',659);
INSERT INTO venta_linea(id_venta_linea,id_vivero,id_planta,id_cliente,id_forma_pago,fecha_pedido,num_segu_envio,direc_envio,monto) VALUES (58,45,449100,5,3,'2021-08-23',58,'7268 Mccormick Point',246);
INSERT INTO venta_linea(id_venta_linea,id_vivero,id_planta,id_cliente,id_forma_pago,fecha_pedido,num_segu_envio,direc_envio,monto) VALUES (59,16,987430,38,1,'2022-08-29',59,'5929 Waywood Alley',142);
INSERT INTO venta_linea(id_venta_linea,id_vivero,id_planta,id_cliente,id_forma_pago,fecha_pedido,num_segu_envio,direc_envio,monto) VALUES (60,82,444918,5,2,'2022-01-01',60,'6 Morningstar Point',197);
INSERT INTO venta_linea(id_venta_linea,id_vivero,id_planta,id_cliente,id_forma_pago,fecha_pedido,num_segu_envio,direc_envio,monto) VALUES (61,72,229062,9,2,'2022-05-05',61,'5 Sachs Plaza',178);
INSERT INTO venta_linea(id_venta_linea,id_vivero,id_planta,id_cliente,id_forma_pago,fecha_pedido,num_segu_envio,direc_envio,monto) VALUES (62,46,208894,67,3,'2022-10-13',62,'62 Rutledge Pass',435);
INSERT INTO venta_linea(id_venta_linea,id_vivero,id_planta,id_cliente,id_forma_pago,fecha_pedido,num_segu_envio,direc_envio,monto) VALUES (63,88,396763,53,3,'2022-02-21',63,'01490 Ilene Circle',147);
INSERT INTO venta_linea(id_venta_linea,id_vivero,id_planta,id_cliente,id_forma_pago,fecha_pedido,num_segu_envio,direc_envio,monto) VALUES (64,75,446020,93,2,'2022-08-02',64,'84264 Farragut Avenue',98);
INSERT INTO venta_linea(id_venta_linea,id_vivero,id_planta,id_cliente,id_forma_pago,fecha_pedido,num_segu_envio,direc_envio,monto) VALUES (65,59,217267,57,1,'2021-08-05',65,'3 Roxbury Crossing',289);
INSERT INTO venta_linea(id_venta_linea,id_vivero,id_planta,id_cliente,id_forma_pago,fecha_pedido,num_segu_envio,direc_envio,monto) VALUES (66,10,512916,85,1,'2022-04-10',66,'684 Dapin Way',694);
INSERT INTO venta_linea(id_venta_linea,id_vivero,id_planta,id_cliente,id_forma_pago,fecha_pedido,num_segu_envio,direc_envio,monto) VALUES (67,64,441922,47,2,'2022-06-13',67,'3 Farmco Alley',617);
INSERT INTO venta_linea(id_venta_linea,id_vivero,id_planta,id_cliente,id_forma_pago,fecha_pedido,num_segu_envio,direc_envio,monto) VALUES (68,78,335574,49,2,'2021-09-07',68,'14506 Merchant Circle',250);
INSERT INTO venta_linea(id_venta_linea,id_vivero,id_planta,id_cliente,id_forma_pago,fecha_pedido,num_segu_envio,direc_envio,monto) VALUES (69,95,434499,8,2,'2021-10-17',69,'3 Valley Edge Park',73);
INSERT INTO venta_linea(id_venta_linea,id_vivero,id_planta,id_cliente,id_forma_pago,fecha_pedido,num_segu_envio,direc_envio,monto) VALUES (70,45,630436,82,2,'2022-10-05',70,'8 Talmadge Point',339);
INSERT INTO venta_linea(id_venta_linea,id_vivero,id_planta,id_cliente,id_forma_pago,fecha_pedido,num_segu_envio,direc_envio,monto) VALUES (71,75,741542,75,3,'2022-03-25',71,'03 Chive Drive',382);
INSERT INTO venta_linea(id_venta_linea,id_vivero,id_planta,id_cliente,id_forma_pago,fecha_pedido,num_segu_envio,direc_envio,monto) VALUES (72,7,69579,14,1,'2022-05-24',72,'3 Donald Hill',401);
INSERT INTO venta_linea(id_venta_linea,id_vivero,id_planta,id_cliente,id_forma_pago,fecha_pedido,num_segu_envio,direc_envio,monto) VALUES (73,70,404541,16,3,'2022-04-10',73,'037 Fisk Avenue',237);
INSERT INTO venta_linea(id_venta_linea,id_vivero,id_planta,id_cliente,id_forma_pago,fecha_pedido,num_segu_envio,direc_envio,monto) VALUES (74,25,445771,8,2,'2021-07-29',74,'41364 Buell Way',528);
INSERT INTO venta_linea(id_venta_linea,id_vivero,id_planta,id_cliente,id_forma_pago,fecha_pedido,num_segu_envio,direc_envio,monto) VALUES (75,11,236138,1,2,'2022-04-21',75,'1 Starling Road',485);
INSERT INTO venta_linea(id_venta_linea,id_vivero,id_planta,id_cliente,id_forma_pago,fecha_pedido,num_segu_envio,direc_envio,monto) VALUES (76,83,678151,94,2,'2021-08-24',76,'1821 Brickson Park Lane',490);
INSERT INTO venta_linea(id_venta_linea,id_vivero,id_planta,id_cliente,id_forma_pago,fecha_pedido,num_segu_envio,direc_envio,monto) VALUES (77,4,987430,36,1,'2021-07-02',77,'2 Bartelt Drive',474);
INSERT INTO venta_linea(id_venta_linea,id_vivero,id_planta,id_cliente,id_forma_pago,fecha_pedido,num_segu_envio,direc_envio,monto) VALUES (78,55,13246,60,2,'2021-12-08',78,'496 Pine View Parkway',691);
INSERT INTO venta_linea(id_venta_linea,id_vivero,id_planta,id_cliente,id_forma_pago,fecha_pedido,num_segu_envio,direc_envio,monto) VALUES (79,89,630436,50,1,'2022-04-05',79,'380 Carberry Parkway',434);
INSERT INTO venta_linea(id_venta_linea,id_vivero,id_planta,id_cliente,id_forma_pago,fecha_pedido,num_segu_envio,direc_envio,monto) VALUES (80,65,137087,17,3,'2021-07-19',80,'57 Moose Trail',543);
INSERT INTO venta_linea(id_venta_linea,id_vivero,id_planta,id_cliente,id_forma_pago,fecha_pedido,num_segu_envio,direc_envio,monto) VALUES (81,26,711496,57,2,'2021-07-24',81,'31 La Follette Court',197);
INSERT INTO venta_linea(id_venta_linea,id_vivero,id_planta,id_cliente,id_forma_pago,fecha_pedido,num_segu_envio,direc_envio,monto) VALUES (82,85,642580,16,1,'2021-11-06',82,'05441 Delaware Park',136);
INSERT INTO venta_linea(id_venta_linea,id_vivero,id_planta,id_cliente,id_forma_pago,fecha_pedido,num_segu_envio,direc_envio,monto) VALUES (83,47,907811,68,1,'2022-05-26',83,'5 Packers Circle',527);
INSERT INTO venta_linea(id_venta_linea,id_vivero,id_planta,id_cliente,id_forma_pago,fecha_pedido,num_segu_envio,direc_envio,monto) VALUES (84,93,721277,43,2,'2022-10-30',84,'99908 Bobwhite Plaza',195);
INSERT INTO venta_linea(id_venta_linea,id_vivero,id_planta,id_cliente,id_forma_pago,fecha_pedido,num_segu_envio,direc_envio,monto) VALUES (85,70,183010,65,3,'2021-12-22',85,'98 Ronald Regan Avenue',327);
INSERT INTO venta_linea(id_venta_linea,id_vivero,id_planta,id_cliente,id_forma_pago,fecha_pedido,num_segu_envio,direc_envio,monto) VALUES (86,81,217267,46,3,'2022-09-21',86,'309 Welch Court',289);
INSERT INTO venta_linea(id_venta_linea,id_vivero,id_planta,id_cliente,id_forma_pago,fecha_pedido,num_segu_envio,direc_envio,monto) VALUES (87,85,619425,77,3,'2022-08-03',87,'625 Twin Pines Hill',695);
INSERT INTO venta_linea(id_venta_linea,id_vivero,id_planta,id_cliente,id_forma_pago,fecha_pedido,num_segu_envio,direc_envio,monto) VALUES (88,37,205719,55,1,'2021-09-02',88,'9 Ludington Court',275);
INSERT INTO venta_linea(id_venta_linea,id_vivero,id_planta,id_cliente,id_forma_pago,fecha_pedido,num_segu_envio,direc_envio,monto) VALUES (89,80,50230,91,3,'2022-06-17',89,'30 Magdeline Circle',591);
INSERT INTO venta_linea(id_venta_linea,id_vivero,id_planta,id_cliente,id_forma_pago,fecha_pedido,num_segu_envio,direc_envio,monto) VALUES (90,4,410781,48,2,'2021-12-18',90,'1996 Oriole Place',534);
INSERT INTO venta_linea(id_venta_linea,id_vivero,id_planta,id_cliente,id_forma_pago,fecha_pedido,num_segu_envio,direc_envio,monto) VALUES (91,69,342496,57,3,'2021-08-16',91,'299 Banding Road',251);
INSERT INTO venta_linea(id_venta_linea,id_vivero,id_planta,id_cliente,id_forma_pago,fecha_pedido,num_segu_envio,direc_envio,monto) VALUES (92,94,714515,19,2,'2021-10-20',92,'1472 Shelley Way',368);
INSERT INTO venta_linea(id_venta_linea,id_vivero,id_planta,id_cliente,id_forma_pago,fecha_pedido,num_segu_envio,direc_envio,monto) VALUES (93,13,465628,14,3,'2021-11-19',93,'133 Luster Park',644);
INSERT INTO venta_linea(id_venta_linea,id_vivero,id_planta,id_cliente,id_forma_pago,fecha_pedido,num_segu_envio,direc_envio,monto) VALUES (94,22,155558,96,3,'2022-01-23',94,'9 Muir Drive',333);
INSERT INTO venta_linea(id_venta_linea,id_vivero,id_planta,id_cliente,id_forma_pago,fecha_pedido,num_segu_envio,direc_envio,monto) VALUES (95,74,30761,71,1,'2022-03-02',95,'9 Elka Junction',684);
INSERT INTO venta_linea(id_venta_linea,id_vivero,id_planta,id_cliente,id_forma_pago,fecha_pedido,num_segu_envio,direc_envio,monto) VALUES (96,65,707710,13,2,'2021-05-29',96,'00 Little Fleur Center',394);
INSERT INTO venta_linea(id_venta_linea,id_vivero,id_planta,id_cliente,id_forma_pago,fecha_pedido,num_segu_envio,direc_envio,monto) VALUES (97,48,116708,3,1,'2022-10-30',97,'31 Warrior Hill',621);
INSERT INTO venta_linea(id_venta_linea,id_vivero,id_planta,id_cliente,id_forma_pago,fecha_pedido,num_segu_envio,direc_envio,monto) VALUES (98,81,309917,23,2,'2022-02-21',98,'81 Main Center',698);
INSERT INTO venta_linea(id_venta_linea,id_vivero,id_planta,id_cliente,id_forma_pago,fecha_pedido,num_segu_envio,direc_envio,monto) VALUES (99,4,967412,5,2,'2022-09-16',99,'96124 Green Ridge Court',517);
INSERT INTO venta_linea(id_venta_linea,id_vivero,id_planta,id_cliente,id_forma_pago,fecha_pedido,num_segu_envio,direc_envio,monto) VALUES (100,93,512916,84,1,'2021-12-29',100,'708 Manitowish Court',367);


INSERT INTO venta_fisica(id_venta_fisica,id_vivero,id_empleado_ayudar,id_rol_ayudar,id_empleado_cobrar,id_rol_cobrar,id_planta,monto) VALUES (1,61,63,4,63,4,729420,214);
INSERT INTO venta_fisica(id_venta_fisica,id_vivero,id_empleado_ayudar,id_rol_ayudar,id_empleado_cobrar,id_rol_cobrar,id_planta,monto) VALUES (2,55,38,4,38,4,108971,232);
INSERT INTO venta_fisica(id_venta_fisica,id_vivero,id_empleado_ayudar,id_rol_ayudar,id_empleado_cobrar,id_rol_cobrar,id_planta,monto) VALUES (3,30,14,2,14,2,732665,260);
INSERT INTO venta_fisica(id_venta_fisica,id_vivero,id_empleado_ayudar,id_rol_ayudar,id_empleado_cobrar,id_rol_cobrar,id_planta,monto) VALUES (4,23,46,4,46,4,147613,467);
INSERT INTO venta_fisica(id_venta_fisica,id_vivero,id_empleado_ayudar,id_rol_ayudar,id_empleado_cobrar,id_rol_cobrar,id_planta,monto) VALUES (5,34,51,4,51,4,822679,70);
INSERT INTO venta_fisica(id_venta_fisica,id_vivero,id_empleado_ayudar,id_rol_ayudar,id_empleado_cobrar,id_rol_cobrar,id_planta,monto) VALUES (6,85,8,4,8,4,706531,316);
INSERT INTO venta_fisica(id_venta_fisica,id_vivero,id_empleado_ayudar,id_rol_ayudar,id_empleado_cobrar,id_rol_cobrar,id_planta,monto) VALUES (7,67,96,4,96,4,145691,573);
INSERT INTO venta_fisica(id_venta_fisica,id_vivero,id_empleado_ayudar,id_rol_ayudar,id_empleado_cobrar,id_rol_cobrar,id_planta,monto) VALUES (8,20,98,1,98,1,653070,612);
INSERT INTO venta_fisica(id_venta_fisica,id_vivero,id_empleado_ayudar,id_rol_ayudar,id_empleado_cobrar,id_rol_cobrar,id_planta,monto) VALUES (9,78,7,1,7,1,224041,280);
INSERT INTO venta_fisica(id_venta_fisica,id_vivero,id_empleado_ayudar,id_rol_ayudar,id_empleado_cobrar,id_rol_cobrar,id_planta,monto) VALUES (10,67,96,4,96,4,512916,546);
INSERT INTO venta_fisica(id_venta_fisica,id_vivero,id_empleado_ayudar,id_rol_ayudar,id_empleado_cobrar,id_rol_cobrar,id_planta,monto) VALUES (11,59,57,3,57,3,173833,474);
INSERT INTO venta_fisica(id_venta_fisica,id_vivero,id_empleado_ayudar,id_rol_ayudar,id_empleado_cobrar,id_rol_cobrar,id_planta,monto) VALUES (12,62,61,2,61,2,478892,443);
INSERT INTO venta_fisica(id_venta_fisica,id_vivero,id_empleado_ayudar,id_rol_ayudar,id_empleado_cobrar,id_rol_cobrar,id_planta,monto) VALUES (13,13,10,3,10,3,788353,102);
INSERT INTO venta_fisica(id_venta_fisica,id_vivero,id_empleado_ayudar,id_rol_ayudar,id_empleado_cobrar,id_rol_cobrar,id_planta,monto) VALUES (14,85,8,4,8,4,325673,98);
INSERT INTO venta_fisica(id_venta_fisica,id_vivero,id_empleado_ayudar,id_rol_ayudar,id_empleado_cobrar,id_rol_cobrar,id_planta,monto) VALUES (15,89,50,4,50,4,392522,398);
INSERT INTO venta_fisica(id_venta_fisica,id_vivero,id_empleado_ayudar,id_rol_ayudar,id_empleado_cobrar,id_rol_cobrar,id_planta,monto) VALUES (16,62,5,2,5,2,642580,328);
INSERT INTO venta_fisica(id_venta_fisica,id_vivero,id_empleado_ayudar,id_rol_ayudar,id_empleado_cobrar,id_rol_cobrar,id_planta,monto) VALUES (17,71,39,4,39,4,907656,174);
INSERT INTO venta_fisica(id_venta_fisica,id_vivero,id_empleado_ayudar,id_rol_ayudar,id_empleado_cobrar,id_rol_cobrar,id_planta,monto) VALUES (18,78,64,4,64,4,476403,150);
INSERT INTO venta_fisica(id_venta_fisica,id_vivero,id_empleado_ayudar,id_rol_ayudar,id_empleado_cobrar,id_rol_cobrar,id_planta,monto) VALUES (19,86,69,3,69,3,730021,531);
INSERT INTO venta_fisica(id_venta_fisica,id_vivero,id_empleado_ayudar,id_rol_ayudar,id_empleado_cobrar,id_rol_cobrar,id_planta,monto) VALUES (20,44,78,1,78,1,975262,330);
INSERT INTO venta_fisica(id_venta_fisica,id_vivero,id_empleado_ayudar,id_rol_ayudar,id_empleado_cobrar,id_rol_cobrar,id_planta,monto) VALUES (21,42,54,1,54,1,747743,408);
INSERT INTO venta_fisica(id_venta_fisica,id_vivero,id_empleado_ayudar,id_rol_ayudar,id_empleado_cobrar,id_rol_cobrar,id_planta,monto) VALUES (22,85,19,1,19,1,630436,91);
INSERT INTO venta_fisica(id_venta_fisica,id_vivero,id_empleado_ayudar,id_rol_ayudar,id_empleado_cobrar,id_rol_cobrar,id_planta,monto) VALUES (23,34,51,4,51,4,317330,624);
INSERT INTO venta_fisica(id_venta_fisica,id_vivero,id_empleado_ayudar,id_rol_ayudar,id_empleado_cobrar,id_rol_cobrar,id_planta,monto) VALUES (24,44,78,1,78,1,927302,500);
INSERT INTO venta_fisica(id_venta_fisica,id_vivero,id_empleado_ayudar,id_rol_ayudar,id_empleado_cobrar,id_rol_cobrar,id_planta,monto) VALUES (25,3,85,4,85,4,251781,346);
INSERT INTO venta_fisica(id_venta_fisica,id_vivero,id_empleado_ayudar,id_rol_ayudar,id_empleado_cobrar,id_rol_cobrar,id_planta,monto) VALUES (26,73,17,1,17,1,401015,367);
INSERT INTO venta_fisica(id_venta_fisica,id_vivero,id_empleado_ayudar,id_rol_ayudar,id_empleado_cobrar,id_rol_cobrar,id_planta,monto) VALUES (27,15,20,4,20,4,730021,353);
INSERT INTO venta_fisica(id_venta_fisica,id_vivero,id_empleado_ayudar,id_rol_ayudar,id_empleado_cobrar,id_rol_cobrar,id_planta,monto) VALUES (28,61,63,4,63,4,653070,548);
INSERT INTO venta_fisica(id_venta_fisica,id_vivero,id_empleado_ayudar,id_rol_ayudar,id_empleado_cobrar,id_rol_cobrar,id_planta,monto) VALUES (29,20,98,1,98,1,617755,168);
INSERT INTO venta_fisica(id_venta_fisica,id_vivero,id_empleado_ayudar,id_rol_ayudar,id_empleado_cobrar,id_rol_cobrar,id_planta,monto) VALUES (30,22,34,2,34,2,574873,106);
INSERT INTO venta_fisica(id_venta_fisica,id_vivero,id_empleado_ayudar,id_rol_ayudar,id_empleado_cobrar,id_rol_cobrar,id_planta,monto) VALUES (31,13,60,3,60,3,410781,393);
INSERT INTO venta_fisica(id_venta_fisica,id_vivero,id_empleado_ayudar,id_rol_ayudar,id_empleado_cobrar,id_rol_cobrar,id_planta,monto) VALUES (32,86,40,2,40,2,342496,461);
INSERT INTO venta_fisica(id_venta_fisica,id_vivero,id_empleado_ayudar,id_rol_ayudar,id_empleado_cobrar,id_rol_cobrar,id_planta,monto) VALUES (33,59,3,1,3,1,630436,693);
INSERT INTO venta_fisica(id_venta_fisica,id_vivero,id_empleado_ayudar,id_rol_ayudar,id_empleado_cobrar,id_rol_cobrar,id_planta,monto) VALUES (34,31,30,1,30,1,251781,229);
INSERT INTO venta_fisica(id_venta_fisica,id_vivero,id_empleado_ayudar,id_rol_ayudar,id_empleado_cobrar,id_rol_cobrar,id_planta,monto) VALUES (35,13,12,4,12,4,11197,314);
INSERT INTO venta_fisica(id_venta_fisica,id_vivero,id_empleado_ayudar,id_rol_ayudar,id_empleado_cobrar,id_rol_cobrar,id_planta,monto) VALUES (36,23,67,1,67,1,108971,369);
INSERT INTO venta_fisica(id_venta_fisica,id_vivero,id_empleado_ayudar,id_rol_ayudar,id_empleado_cobrar,id_rol_cobrar,id_planta,monto) VALUES (37,43,59,1,59,1,424731,309);
INSERT INTO venta_fisica(id_venta_fisica,id_vivero,id_empleado_ayudar,id_rol_ayudar,id_empleado_cobrar,id_rol_cobrar,id_planta,monto) VALUES (38,63,13,3,13,3,152909,294);
INSERT INTO venta_fisica(id_venta_fisica,id_vivero,id_empleado_ayudar,id_rol_ayudar,id_empleado_cobrar,id_rol_cobrar,id_planta,monto) VALUES (39,44,78,1,78,1,610303,375);
INSERT INTO venta_fisica(id_venta_fisica,id_vivero,id_empleado_ayudar,id_rol_ayudar,id_empleado_cobrar,id_rol_cobrar,id_planta,monto) VALUES (40,17,97,2,97,2,335574,94);
INSERT INTO venta_fisica(id_venta_fisica,id_vivero,id_empleado_ayudar,id_rol_ayudar,id_empleado_cobrar,id_rol_cobrar,id_planta,monto) VALUES (41,98,65,3,65,3,173833,460);
INSERT INTO venta_fisica(id_venta_fisica,id_vivero,id_empleado_ayudar,id_rol_ayudar,id_empleado_cobrar,id_rol_cobrar,id_planta,monto) VALUES (42,31,30,1,30,1,137087,134);
INSERT INTO venta_fisica(id_venta_fisica,id_vivero,id_empleado_ayudar,id_rol_ayudar,id_empleado_cobrar,id_rol_cobrar,id_planta,monto) VALUES (43,3,85,4,85,4,711707,347);
INSERT INTO venta_fisica(id_venta_fisica,id_vivero,id_empleado_ayudar,id_rol_ayudar,id_empleado_cobrar,id_rol_cobrar,id_planta,monto) VALUES (44,13,12,4,12,4,224041,179);
INSERT INTO venta_fisica(id_venta_fisica,id_vivero,id_empleado_ayudar,id_rol_ayudar,id_empleado_cobrar,id_rol_cobrar,id_planta,monto) VALUES (45,47,87,2,87,2,729420,636);
INSERT INTO venta_fisica(id_venta_fisica,id_vivero,id_empleado_ayudar,id_rol_ayudar,id_empleado_cobrar,id_rol_cobrar,id_planta,monto) VALUES (46,10,89,1,89,1,298493,645);
INSERT INTO venta_fisica(id_venta_fisica,id_vivero,id_empleado_ayudar,id_rol_ayudar,id_empleado_cobrar,id_rol_cobrar,id_planta,monto) VALUES (47,91,29,1,29,1,707710,349);
INSERT INTO venta_fisica(id_venta_fisica,id_vivero,id_empleado_ayudar,id_rol_ayudar,id_empleado_cobrar,id_rol_cobrar,id_planta,monto) VALUES (48,16,43,4,43,4,678151,359);
INSERT INTO venta_fisica(id_venta_fisica,id_vivero,id_empleado_ayudar,id_rol_ayudar,id_empleado_cobrar,id_rol_cobrar,id_planta,monto) VALUES (49,91,18,2,18,2,828841,206);
INSERT INTO venta_fisica(id_venta_fisica,id_vivero,id_empleado_ayudar,id_rol_ayudar,id_empleado_cobrar,id_rol_cobrar,id_planta,monto) VALUES (50,13,60,3,60,3,574873,107);
INSERT INTO venta_fisica(id_venta_fisica,id_vivero,id_empleado_ayudar,id_rol_ayudar,id_empleado_cobrar,id_rol_cobrar,id_planta,monto) VALUES (51,22,73,4,73,4,729420,445);
INSERT INTO venta_fisica(id_venta_fisica,id_vivero,id_empleado_ayudar,id_rol_ayudar,id_empleado_cobrar,id_rol_cobrar,id_planta,monto) VALUES (52,39,83,4,83,4,727536,123);
INSERT INTO venta_fisica(id_venta_fisica,id_vivero,id_empleado_ayudar,id_rol_ayudar,id_empleado_cobrar,id_rol_cobrar,id_planta,monto) VALUES (53,43,59,1,59,1,741542,337);
INSERT INTO venta_fisica(id_venta_fisica,id_vivero,id_empleado_ayudar,id_rol_ayudar,id_empleado_cobrar,id_rol_cobrar,id_planta,monto) VALUES (54,78,64,4,64,4,512923,177);
INSERT INTO venta_fisica(id_venta_fisica,id_vivero,id_empleado_ayudar,id_rol_ayudar,id_empleado_cobrar,id_rol_cobrar,id_planta,monto) VALUES (55,52,28,1,28,1,211005,576);
INSERT INTO venta_fisica(id_venta_fisica,id_vivero,id_empleado_ayudar,id_rol_ayudar,id_empleado_cobrar,id_rol_cobrar,id_planta,monto) VALUES (56,98,80,1,80,1,918966,449);
INSERT INTO venta_fisica(id_venta_fisica,id_vivero,id_empleado_ayudar,id_rol_ayudar,id_empleado_cobrar,id_rol_cobrar,id_planta,monto) VALUES (57,95,26,4,26,4,335574,224);
INSERT INTO venta_fisica(id_venta_fisica,id_vivero,id_empleado_ayudar,id_rol_ayudar,id_empleado_cobrar,id_rol_cobrar,id_planta,monto) VALUES (58,42,54,1,54,1,627047,412);
INSERT INTO venta_fisica(id_venta_fisica,id_vivero,id_empleado_ayudar,id_rol_ayudar,id_empleado_cobrar,id_rol_cobrar,id_planta,monto) VALUES (59,79,52,4,52,4,613867,494);
INSERT INTO venta_fisica(id_venta_fisica,id_vivero,id_empleado_ayudar,id_rol_ayudar,id_empleado_cobrar,id_rol_cobrar,id_planta,monto) VALUES (60,62,61,2,61,2,836322,191);
INSERT INTO venta_fisica(id_venta_fisica,id_vivero,id_empleado_ayudar,id_rol_ayudar,id_empleado_cobrar,id_rol_cobrar,id_planta,monto) VALUES (61,85,19,1,19,1,512923,643);
INSERT INTO venta_fisica(id_venta_fisica,id_vivero,id_empleado_ayudar,id_rol_ayudar,id_empleado_cobrar,id_rol_cobrar,id_planta,monto) VALUES (62,23,46,4,35,2,449100,300);
INSERT INTO venta_fisica(id_venta_fisica,id_vivero,id_empleado_ayudar,id_rol_ayudar,id_empleado_cobrar,id_rol_cobrar,id_planta,monto) VALUES (63,92,48,1,6,2,50230,160);
INSERT INTO venta_fisica(id_venta_fisica,id_vivero,id_empleado_ayudar,id_rol_ayudar,id_empleado_cobrar,id_rol_cobrar,id_planta,monto) VALUES (64,13,10,3,12,4,465628,468);
INSERT INTO venta_fisica(id_venta_fisica,id_vivero,id_empleado_ayudar,id_rol_ayudar,id_empleado_cobrar,id_rol_cobrar,id_planta,monto) VALUES (65,25,11,3,11,3,727820,544);
INSERT INTO venta_fisica(id_venta_fisica,id_vivero,id_empleado_ayudar,id_rol_ayudar,id_empleado_cobrar,id_rol_cobrar,id_planta,monto) VALUES (66,15,20,4,20,4,147613,219);
INSERT INTO venta_fisica(id_venta_fisica,id_vivero,id_empleado_ayudar,id_rol_ayudar,id_empleado_cobrar,id_rol_cobrar,id_planta,monto) VALUES (67,62,5,2,5,2,43411,112);
INSERT INTO venta_fisica(id_venta_fisica,id_vivero,id_empleado_ayudar,id_rol_ayudar,id_empleado_cobrar,id_rol_cobrar,id_planta,monto) VALUES (68,44,78,1,78,1,206370,476);
INSERT INTO venta_fisica(id_venta_fisica,id_vivero,id_empleado_ayudar,id_rol_ayudar,id_empleado_cobrar,id_rol_cobrar,id_planta,monto) VALUES (69,34,51,4,51,4,704316,247);
INSERT INTO venta_fisica(id_venta_fisica,id_vivero,id_empleado_ayudar,id_rol_ayudar,id_empleado_cobrar,id_rol_cobrar,id_planta,monto) VALUES (70,55,38,4,38,4,217267,131);
INSERT INTO venta_fisica(id_venta_fisica,id_vivero,id_empleado_ayudar,id_rol_ayudar,id_empleado_cobrar,id_rol_cobrar,id_planta,monto) VALUES (71,63,13,3,13,3,9244,396);
INSERT INTO venta_fisica(id_venta_fisica,id_vivero,id_empleado_ayudar,id_rol_ayudar,id_empleado_cobrar,id_rol_cobrar,id_planta,monto) VALUES (72,69,77,4,77,4,741542,98);
INSERT INTO venta_fisica(id_venta_fisica,id_vivero,id_empleado_ayudar,id_rol_ayudar,id_empleado_cobrar,id_rol_cobrar,id_planta,monto) VALUES (73,49,93,4,93,4,853857,568);
INSERT INTO venta_fisica(id_venta_fisica,id_vivero,id_empleado_ayudar,id_rol_ayudar,id_empleado_cobrar,id_rol_cobrar,id_planta,monto) VALUES (74,68,95,4,95,4,321019,333);
INSERT INTO venta_fisica(id_venta_fisica,id_vivero,id_empleado_ayudar,id_rol_ayudar,id_empleado_cobrar,id_rol_cobrar,id_planta,monto) VALUES (75,63,76,2,76,2,653070,176);
INSERT INTO venta_fisica(id_venta_fisica,id_vivero,id_empleado_ayudar,id_rol_ayudar,id_empleado_cobrar,id_rol_cobrar,id_planta,monto) VALUES (76,31,30,1,30,1,630316,348);
INSERT INTO venta_fisica(id_venta_fisica,id_vivero,id_empleado_ayudar,id_rol_ayudar,id_empleado_cobrar,id_rol_cobrar,id_planta,monto) VALUES (77,32,82,2,82,2,75717,326);
INSERT INTO venta_fisica(id_venta_fisica,id_vivero,id_empleado_ayudar,id_rol_ayudar,id_empleado_cobrar,id_rol_cobrar,id_planta,monto) VALUES (78,78,64,4,64,4,853646,288);
INSERT INTO venta_fisica(id_venta_fisica,id_vivero,id_empleado_ayudar,id_rol_ayudar,id_empleado_cobrar,id_rol_cobrar,id_planta,monto) VALUES (79,47,44,4,44,4,75717,141);
INSERT INTO venta_fisica(id_venta_fisica,id_vivero,id_empleado_ayudar,id_rol_ayudar,id_empleado_cobrar,id_rol_cobrar,id_planta,monto) VALUES (80,89,1,4,1,4,241101,438);
INSERT INTO venta_fisica(id_venta_fisica,id_vivero,id_empleado_ayudar,id_rol_ayudar,id_empleado_cobrar,id_rol_cobrar,id_planta,monto) VALUES (81,58,75,1,22,2,721277,654);
INSERT INTO venta_fisica(id_venta_fisica,id_vivero,id_empleado_ayudar,id_rol_ayudar,id_empleado_cobrar,id_rol_cobrar,id_planta,monto) VALUES (82,89,50,4,41,1,130696,606);
INSERT INTO venta_fisica(id_venta_fisica,id_vivero,id_empleado_ayudar,id_rol_ayudar,id_empleado_cobrar,id_rol_cobrar,id_planta,monto) VALUES (83,2,99,4,99,4,445771,160);
INSERT INTO venta_fisica(id_venta_fisica,id_vivero,id_empleado_ayudar,id_rol_ayudar,id_empleado_cobrar,id_rol_cobrar,id_planta,monto) VALUES (84,70,32,4,32,4,724464,177);
INSERT INTO venta_fisica(id_venta_fisica,id_vivero,id_empleado_ayudar,id_rol_ayudar,id_empleado_cobrar,id_rol_cobrar,id_planta,monto) VALUES (85,70,32,4,32,4,211005,576);
INSERT INTO venta_fisica(id_venta_fisica,id_vivero,id_empleado_ayudar,id_rol_ayudar,id_empleado_cobrar,id_rol_cobrar,id_planta,monto) VALUES (86,49,93,4,93,4,3724,310);
INSERT INTO venta_fisica(id_venta_fisica,id_vivero,id_empleado_ayudar,id_rol_ayudar,id_empleado_cobrar,id_rol_cobrar,id_planta,monto) VALUES (87,98,80,1,80,1,325673,354);
INSERT INTO venta_fisica(id_venta_fisica,id_vivero,id_empleado_ayudar,id_rol_ayudar,id_empleado_cobrar,id_rol_cobrar,id_planta,monto) VALUES (88,89,41,1,41,1,69579,278);
INSERT INTO venta_fisica(id_venta_fisica,id_vivero,id_empleado_ayudar,id_rol_ayudar,id_empleado_cobrar,id_rol_cobrar,id_planta,monto) VALUES (89,23,46,4,46,4,404541,244);
INSERT INTO venta_fisica(id_venta_fisica,id_vivero,id_empleado_ayudar,id_rol_ayudar,id_empleado_cobrar,id_rol_cobrar,id_planta,monto) VALUES (90,84,42,1,42,1,675254,315);
INSERT INTO venta_fisica(id_venta_fisica,id_vivero,id_empleado_ayudar,id_rol_ayudar,id_empleado_cobrar,id_rol_cobrar,id_planta,monto) VALUES (91,17,72,3,97,2,967412,256);
INSERT INTO venta_fisica(id_venta_fisica,id_vivero,id_empleado_ayudar,id_rol_ayudar,id_empleado_cobrar,id_rol_cobrar,id_planta,monto) VALUES (92,2,99,4,99,4,450836,646);
INSERT INTO venta_fisica(id_venta_fisica,id_vivero,id_empleado_ayudar,id_rol_ayudar,id_empleado_cobrar,id_rol_cobrar,id_planta,monto) VALUES (93,39,83,4,83,4,3724,175);
INSERT INTO venta_fisica(id_venta_fisica,id_vivero,id_empleado_ayudar,id_rol_ayudar,id_empleado_cobrar,id_rol_cobrar,id_planta,monto) VALUES (94,3,85,4,85,4,711496,200);
INSERT INTO venta_fisica(id_venta_fisica,id_vivero,id_empleado_ayudar,id_rol_ayudar,id_empleado_cobrar,id_rol_cobrar,id_planta,monto) VALUES (95,52,88,3,88,3,468347,259);
INSERT INTO venta_fisica(id_venta_fisica,id_vivero,id_empleado_ayudar,id_rol_ayudar,id_empleado_cobrar,id_rol_cobrar,id_planta,monto) VALUES (96,62,61,2,61,2,934543,276);
INSERT INTO venta_fisica(id_venta_fisica,id_vivero,id_empleado_ayudar,id_rol_ayudar,id_empleado_cobrar,id_rol_cobrar,id_planta,monto) VALUES (97,4,23,4,9,3,206370,118);
INSERT INTO venta_fisica(id_venta_fisica,id_vivero,id_empleado_ayudar,id_rol_ayudar,id_empleado_cobrar,id_rol_cobrar,id_planta,monto) VALUES (98,69,77,4,77,4,30761,217);
INSERT INTO venta_fisica(id_venta_fisica,id_vivero,id_empleado_ayudar,id_rol_ayudar,id_empleado_cobrar,id_rol_cobrar,id_planta,monto) VALUES (99,47,44,4,44,4,155558,460);
INSERT INTO venta_fisica(id_venta_fisica,id_vivero,id_empleado_ayudar,id_rol_ayudar,id_empleado_cobrar,id_rol_cobrar,id_planta,monto) VALUES (100,34,16,2,16,2,863226,669);


